match_no,innings,player,date,stage,venue,team,opponent,runs,balls_faced,fours,sixes,dismissed,dot_balls,pp_runs,pp_balls,mid_runs,mid_balls,death_runs,death_balls,not_out,high_score,ducks
1,1,Abhishek Sharma,"Mar 28, 2026",League stage,"M.Chinnaswamy Stadium, Bengaluru",Sunrisers Hyderabad,Royal Challengers Bengaluru,7,8,0,1,1,6,7,8,0,0,0,0,0,7,0
1,1,Aniket Verma,"Mar 28, 2026",League stage,"M.Chinnaswamy Stadium, Bengaluru",Sunrisers Hyderabad,Royal Challengers Bengaluru,43,18,3,4,1,5,0,0,5,3,38,15,0,43,0
1,1,David Payne,"Mar 28, 2026",League stage,"M.Chinnaswamy Stadium, Bengaluru",Sunrisers Hyderabad,Royal Challengers Bengaluru,6,5,0,0,0,1,0,0,0,0,6,5,1,6,0
1,1,Harsh Dubey,"Mar 28, 2026",League stage,"M.Chinnaswamy Stadium, Bengaluru",Sunrisers Hyderabad,Royal Challengers Bengaluru,3,3,0,0,1,1,0,0,0,0,3,3,0,3,0
1,1,Harshal Patel,"Mar 28, 2026",League stage,"M.Chinnaswamy Stadium, Bengaluru",Sunrisers Hyderabad,Royal Challengers Bengaluru,0,2,0,0,1,2,0,0,0,0,0,2,0,0,1
1,1,Heinrich Klaasen,"Mar 28, 2026",League stage,"M.Chinnaswamy Stadium, Bengaluru",Sunrisers Hyderabad,Royal Challengers Bengaluru,31,22,2,1,1,5,3,3,28,19,0,0,0,31,0
1,1,Ishan Kishan,"Mar 28, 2026",League stage,"M.Chinnaswamy Stadium, Bengaluru",Sunrisers Hyderabad,Royal Challengers Bengaluru,81,39,8,5,1,9,23,10,52,27,6,2,0,81,0
1,1,Jaydev Unadkat,"Mar 28, 2026",League stage,"M.Chinnaswamy Stadium, Bengaluru",Sunrisers Hyderabad,Royal Challengers Bengaluru,4,3,0,0,0,1,0,0,0,0,4,3,1,4,0
1,1,Nitish Reddy,"Mar 28, 2026",League stage,"M.Chinnaswamy Stadium, Bengaluru",Sunrisers Hyderabad,Royal Challengers Bengaluru,1,6,0,0,1,5,1,6,0,0,0,0,0,1,0
1,1,Salil Arora,"Mar 28, 2026",League stage,"M.Chinnaswamy Stadium, Bengaluru",Sunrisers Hyderabad,Royal Challengers Bengaluru,9,6,0,1,1,2,0,0,9,6,0,0,0,9,0
1,1,Travis Head,"Mar 28, 2026",League stage,"M.Chinnaswamy Stadium, Bengaluru",Sunrisers Hyderabad,Royal Challengers Bengaluru,11,9,2,0,1,4,11,9,0,0,0,0,0,11,0
1,2,Devdutt Padikkal,"Mar 28, 2026",League stage,"M.Chinnaswamy Stadium, Bengaluru",Royal Challengers Bengaluru,Sunrisers Hyderabad,61,26,7,4,1,6,41,17,20,9,0,0,0,61,0
1,2,Jitesh Sharma,"Mar 28, 2026",League stage,"M.Chinnaswamy Stadium, Bengaluru",Royal Challengers Bengaluru,Sunrisers Hyderabad,0,1,0,0,1,1,0,0,0,1,0,0,0,0,1
1,2,Phil Salt,"Mar 28, 2026",League stage,"M.Chinnaswamy Stadium, Bengaluru",Royal Challengers Bengaluru,Sunrisers Hyderabad,8,7,2,0,1,5,8,7,0,0,0,0,0,8,0
1,2,Rajat Patidar,"Mar 28, 2026",League stage,"M.Chinnaswamy Stadium, Bengaluru",Royal Challengers Bengaluru,Sunrisers Hyderabad,31,12,2,3,1,2,0,0,31,12,0,0,0,31,0
1,2,Tim David,"Mar 28, 2026",League stage,"M.Chinnaswamy Stadium, Bengaluru",Royal Challengers Bengaluru,Sunrisers Hyderabad,16,10,1,1,0,2,0,0,16,10,0,0,1,16,0
1,2,Virat Kohli,"Mar 28, 2026",League stage,"M.Chinnaswamy Stadium, Bengaluru",Royal Challengers Bengaluru,Sunrisers Hyderabad,69,39,5,5,0,11,20,12,31,23,18,4,1,69,0
2,1,Ajinkya Rahane,"Mar 29, 2026",League stage,"Wankhede Stadium, Mumbai",Kolkata Knight Riders,Mumbai Indians,67,40,3,5,1,12,36,18,31,22,0,0,0,67,0
2,1,Angkrish Raghuvanshi,"Mar 29, 2026",League stage,"Wankhede Stadium, Mumbai",Kolkata Knight Riders,Mumbai Indians,51,29,6,2,1,8,0,0,31,19,20,10,0,51,0
2,1,Cameron Green,"Mar 29, 2026",League stage,"Wankhede Stadium, Mumbai",Kolkata Knight Riders,Mumbai Indians,18,10,1,1,1,1,1,1,17,9,0,0,0,18,0
2,1,Finn Allen,"Mar 29, 2026",League stage,"Wankhede Stadium, Mumbai",Kolkata Knight Riders,Mumbai Indians,37,17,6,2,1,8,37,17,0,0,0,0,0,37,0
2,1,Ramandeep Singh,"Mar 29, 2026",League stage,"Wankhede Stadium, Mumbai",Kolkata Knight Riders,Mumbai Indians,4,4,0,0,0,1,0,0,0,0,4,4,1,4,0
2,1,Rinku Singh,"Mar 29, 2026",League stage,"Wankhede Stadium, Mumbai",Kolkata Knight Riders,Mumbai Indians,33,21,4,0,0,2,0,0,8,4,25,17,1,33,0
2,2,Hardik Pandya,"Mar 29, 2026",League stage,"Wankhede Stadium, Mumbai",Mumbai Indians,Kolkata Knight Riders,18,11,3,0,0,2,0,0,0,0,18,11,1,18,0
2,2,Naman Dhir,"Mar 29, 2026",League stage,"Wankhede Stadium, Mumbai",Mumbai Indians,Kolkata Knight Riders,5,2,1,0,0,0,0,0,0,0,5,2,1,5,0
2,2,Rohit Sharma,"Mar 29, 2026",League stage,"Wankhede Stadium, Mumbai",Mumbai Indians,Kolkata Knight Riders,78,38,6,6,1,10,51,23,27,15,0,0,0,78,0
2,2,Ryan Rickelton,"Mar 29, 2026",League stage,"Wankhede Stadium, Mumbai",Mumbai Indians,Kolkata Knight Riders,81,43,4,8,1,16,28,13,52,28,1,2,0,81,0
2,2,Suryakumar Yadav,"Mar 29, 2026",League stage,"Wankhede Stadium, Mumbai",Mumbai Indians,Kolkata Knight Riders,16,8,3,0,1,1,0,0,16,8,0,0,0,16,0
2,2,Tilak Varma,"Mar 29, 2026",League stage,"Wankhede Stadium, Mumbai",Mumbai Indians,Kolkata Knight Riders,20,14,4,0,1,6,0,0,4,4,16,10,0,20,0
3,1,Anshul Kamboj,"Mar 30, 2026",League stage,"Barsapara Cricket Stadium, Guwahati",Chennai Super Kings,Rajasthan Royals,8,10,1,0,0,5,0,0,0,0,8,10,1,8,0
3,1,Ayush Mhatre,"Mar 30, 2026",League stage,"Barsapara Cricket Stadium, Guwahati",Chennai Super Kings,Rajasthan Royals,0,1,0,0,1,1,0,1,0,0,0,0,0,0,1
3,1,Jamie Overton,"Mar 30, 2026",League stage,"Barsapara Cricket Stadium, Guwahati",Chennai Super Kings,Rajasthan Royals,43,36,2,2,1,13,0,0,20,19,23,17,0,43,0
3,1,Kartik Sharma,"Mar 30, 2026",League stage,"Barsapara Cricket Stadium, Guwahati",Chennai Super Kings,Rajasthan Royals,18,15,0,1,1,5,3,2,15,13,0,0,0,18,0
3,1,Matt Henry,"Mar 30, 2026",League stage,"Barsapara Cricket Stadium, Guwahati",Chennai Super Kings,Rajasthan Royals,5,7,1,0,1,5,0,0,5,5,0,2,0,5,0
3,1,Matthew Short,"Mar 30, 2026",League stage,"Barsapara Cricket Stadium, Guwahati",Chennai Super Kings,Rajasthan Royals,2,7,0,0,1,5,2,7,0,0,0,0,0,2,0
3,1,Noor Ahmad,"Mar 30, 2026",League stage,"Barsapara Cricket Stadium, Guwahati",Chennai Super Kings,Rajasthan Royals,1,9,0,0,1,8,0,0,1,9,0,0,0,1,0
3,1,Ruturaj Gaikwad,"Mar 30, 2026",League stage,"Barsapara Cricket Stadium, Guwahati",Chennai Super Kings,Rajasthan Royals,6,11,1,0,1,8,6,11,0,0,0,0,0,6,0
3,1,Sanju Samson,"Mar 30, 2026",League stage,"Barsapara Cricket Stadium, Guwahati",Chennai Super Kings,Rajasthan Royals,6,7,1,0,1,4,6,7,0,0,0,0,0,6,0
3,1,Sarfaraz Khan,"Mar 30, 2026",League stage,"Barsapara Cricket Stadium, Guwahati",Chennai Super Kings,Rajasthan Royals,17,12,2,1,1,6,15,8,2,4,0,0,0,17,0
3,1,Shivam Dube,"Mar 30, 2026",League stage,"Barsapara Cricket Stadium, Guwahati",Chennai Super Kings,Rajasthan Royals,6,4,0,1,1,3,0,0,6,4,0,0,0,6,0
3,2,Dhruv Jurel,"Mar 30, 2026",League stage,"Barsapara Cricket Stadium, Guwahati",Rajasthan Royals,Chennai Super Kings,18,9,4,0,1,3,0,0,18,9,0,0,0,18,0
3,2,Riyan Parag,"Mar 30, 2026",League stage,"Barsapara Cricket Stadium, Guwahati",Rajasthan Royals,Chennai Super Kings,14,11,1,1,0,5,0,0,14,11,0,0,1,14,0
3,2,Vaibhav Sooryavanshi,"Mar 30, 2026",League stage,"Barsapara Cricket Stadium, Guwahati",Rajasthan Royals,Chennai Super Kings,52,17,4,5,1,3,52,16,0,1,0,0,0,52,0
3,2,Yashasvi Jaiswal,"Mar 30, 2026",League stage,"Barsapara Cricket Stadium, Guwahati",Rajasthan Royals,Chennai Super Kings,38,36,3,1,0,14,17,20,21,16,0,0,1,38,0
4,1,Glenn Phillips,"Mar 31, 2026",League stage,"Maharaja Yadavindra Singh International Cricket Stadium, Mullanpur, New Chandigarh",Gujarat Titans,Punjab Kings,25,17,1,1,1,3,0,0,25,17,0,0,0,25,0
4,1,Jos Buttler,"Mar 31, 2026",League stage,"Maharaja Yadavindra Singh International Cricket Stadium, Mullanpur, New Chandigarh",Gujarat Titans,Punjab Kings,38,33,3,2,1,14,11,9,27,21,0,3,0,38,0
4,1,Rahul Tewatia,"Mar 31, 2026",League stage,"Maharaja Yadavindra Singh International Cricket Stadium, Mullanpur, New Chandigarh",Gujarat Titans,Punjab Kings,11,10,1,0,0,4,0,0,0,0,11,10,1,11,0
4,1,Rashid Khan,"Mar 31, 2026",League stage,"Maharaja Yadavindra Singh International Cricket Stadium, Mullanpur, New Chandigarh",Gujarat Titans,Punjab Kings,0,1,0,0,0,1,0,0,0,0,0,1,1,0,0
4,1,Sai Sudharsan,"Mar 31, 2026",League stage,"Maharaja Yadavindra Singh International Cricket Stadium, Mullanpur, New Chandigarh",Gujarat Titans,Punjab Kings,13,11,2,0,1,4,13,11,0,0,0,0,0,13,0
4,1,Shahrukh Khan,"Mar 31, 2026",League stage,"Maharaja Yadavindra Singh International Cricket Stadium, Mullanpur, New Chandigarh",Gujarat Titans,Punjab Kings,4,6,0,0,1,2,0,0,0,0,4,6,0,4,0
4,1,Shubman Gill,"Mar 31, 2026",League stage,"Maharaja Yadavindra Singh International Cricket Stadium, Mullanpur, New Chandigarh",Gujarat Titans,Punjab Kings,39,27,6,0,1,9,28,16,11,11,0,0,0,39,0
4,1,Washington Sundar,"Mar 31, 2026",League stage,"Maharaja Yadavindra Singh International Cricket Stadium, Mullanpur, New Chandigarh",Gujarat Titans,Punjab Kings,18,16,2,0,1,6,0,0,7,5,11,11,0,18,0
4,2,Cooper Connolly,"Mar 31, 2026",League stage,"Maharaja Yadavindra Singh International Cricket Stadium, Mullanpur, New Chandigarh",Punjab Kings,Gujarat Titans,72,44,5,5,0,14,27,16,22,17,23,11,1,72,0
4,2,Marco Jansen,"Mar 31, 2026",League stage,"Maharaja Yadavindra Singh International Cricket Stadium, Mullanpur, New Chandigarh",Punjab Kings,Gujarat Titans,9,10,0,1,1,6,0,0,1,1,8,9,0,9,0
4,2,Marcus Stoinis,"Mar 31, 2026",League stage,"Maharaja Yadavindra Singh International Cricket Stadium, Mullanpur, New Chandigarh",Punjab Kings,Gujarat Titans,0,2,0,0,1,2,0,0,0,2,0,0,0,0,1
4,2,Nehal Wadhera,"Mar 31, 2026",League stage,"Maharaja Yadavindra Singh International Cricket Stadium, Mullanpur, New Chandigarh",Punjab Kings,Gujarat Titans,3,6,0,0,1,4,0,0,3,6,0,0,0,3,0
4,2,Prabhsimran Singh,"Mar 31, 2026",League stage,"Maharaja Yadavindra Singh International Cricket Stadium, Mullanpur, New Chandigarh",Punjab Kings,Gujarat Titans,37,24,1,4,1,10,20,12,17,12,0,0,0,37,0
4,2,Priyansh Arya,"Mar 31, 2026",League stage,"Maharaja Yadavindra Singh International Cricket Stadium, Mullanpur, New Chandigarh",Punjab Kings,Gujarat Titans,7,8,0,1,1,6,7,8,0,0,0,0,0,7,0
4,2,Shashank Singh,"Mar 31, 2026",League stage,"Maharaja Yadavindra Singh International Cricket Stadium, Mullanpur, New Chandigarh",Punjab Kings,Gujarat Titans,4,5,0,0,1,2,0,0,4,5,0,0,0,4,0
4,2,Shreyas Iyer,"Mar 31, 2026",League stage,"Maharaja Yadavindra Singh International Cricket Stadium, Mullanpur, New Chandigarh",Punjab Kings,Gujarat Titans,18,11,0,2,1,4,0,0,18,11,0,0,0,18,0
4,2,Xavier Bartlett,"Mar 31, 2026",League stage,"Maharaja Yadavindra Singh International Cricket Stadium, Mullanpur, New Chandigarh",Punjab Kings,Gujarat Titans,11,5,0,1,0,0,0,0,0,0,11,5,1,11,0
5,1,Abdul Samad,"Apr 1, 2026",League stage,"Bharat Ratna Shri Atal Bihari Vajpayee Ekana Cricket Stadium, Lucknow",Lucknow Super Giants,Delhi Capitals,36,25,3,1,1,7,0,0,29,18,7,7,0,36,0
5,1,Aiden Markram,"Apr 1, 2026",League stage,"Bharat Ratna Shri Atal Bihari Vajpayee Ekana Cricket Stadium, Lucknow",Lucknow Super Giants,Delhi Capitals,11,8,1,1,1,5,11,8,0,0,0,0,0,11,0
5,1,Anrich Nortje,"Apr 1, 2026",League stage,"Bharat Ratna Shri Atal Bihari Vajpayee Ekana Cricket Stadium, Lucknow",Lucknow Super Giants,Delhi Capitals,0,1,0,0,1,1,0,0,0,0,0,1,0,0,1
5,1,Ayush Badoni,"Apr 1, 2026",League stage,"Bharat Ratna Shri Atal Bihari Vajpayee Ekana Cricket Stadium, Lucknow",Lucknow Super Giants,Delhi Capitals,0,3,0,0,1,3,0,1,0,2,0,0,0,0,1
5,1,Mitchell Marsh,"Apr 1, 2026",League stage,"Bharat Ratna Shri Atal Bihari Vajpayee Ekana Cricket Stadium, Lucknow",Lucknow Super Giants,Delhi Capitals,35,28,2,3,1,14,20,18,15,10,0,0,0,35,0
5,1,Mohammed Shami,"Apr 1, 2026",League stage,"Bharat Ratna Shri Atal Bihari Vajpayee Ekana Cricket Stadium, Lucknow",Lucknow Super Giants,Delhi Capitals,1,2,0,0,1,1,0,0,0,0,1,2,0,1,0
5,1,Mohsin Khan,"Apr 1, 2026",League stage,"Bharat Ratna Shri Atal Bihari Vajpayee Ekana Cricket Stadium, Lucknow",Lucknow Super Giants,Delhi Capitals,0,1,0,0,1,1,0,0,0,0,0,1,0,0,1
5,1,Mukul Choudhary,"Apr 1, 2026",League stage,"Bharat Ratna Shri Atal Bihari Vajpayee Ekana Cricket Stadium, Lucknow",Lucknow Super Giants,Delhi Capitals,14,11,2,0,1,3,0,0,14,11,0,0,0,14,0
5,1,Nicholas Pooran,"Apr 1, 2026",League stage,"Bharat Ratna Shri Atal Bihari Vajpayee Ekana Cricket Stadium, Lucknow",Lucknow Super Giants,Delhi Capitals,8,8,1,0,1,3,0,0,8,8,0,0,0,8,0
5,1,Rishabh Pant,"Apr 1, 2026",League stage,"Bharat Ratna Shri Atal Bihari Vajpayee Ekana Cricket Stadium, Lucknow",Lucknow Super Giants,Delhi Capitals,7,9,1,0,0,5,7,9,0,0,0,0,1,7,0
5,1,Shahbaz Ahmed,"Apr 1, 2026",League stage,"Bharat Ratna Shri Atal Bihari Vajpayee Ekana Cricket Stadium, Lucknow",Lucknow Super Giants,Delhi Capitals,15,16,1,0,0,4,0,0,3,5,12,11,1,15,0
5,2,Axar Patel,"Apr 1, 2026",League stage,"Bharat Ratna Shri Atal Bihari Vajpayee Ekana Cricket Stadium, Lucknow",Delhi Capitals,Lucknow Super Giants,0,1,0,0,1,1,0,1,0,0,0,0,0,0,1
5,2,Nitish Rana,"Apr 1, 2026",League stage,"Bharat Ratna Shri Atal Bihari Vajpayee Ekana Cricket Stadium, Lucknow",Delhi Capitals,Lucknow Super Giants,15,17,2,1,1,13,15,17,0,0,0,0,0,15,0
5,2,Pathum Nissanka,"Apr 1, 2026",League stage,"Bharat Ratna Shri Atal Bihari Vajpayee Ekana Cricket Stadium, Lucknow",Delhi Capitals,Lucknow Super Giants,1,5,0,0,1,4,1,5,0,0,0,0,0,1,0
5,2,Rahul,"Apr 1, 2026",League stage,"Bharat Ratna Shri Atal Bihari Vajpayee Ekana Cricket Stadium, Lucknow",Delhi Capitals,Lucknow Super Giants,0,1,0,0,1,1,0,1,0,0,0,0,0,0,1
5,2,Sameer Rizvi,"Apr 1, 2026",League stage,"Bharat Ratna Shri Atal Bihari Vajpayee Ekana Cricket Stadium, Lucknow",Delhi Capitals,Lucknow Super Giants,70,47,5,4,0,18,0,7,52,33,18,7,1,70,0
5,2,Tristan Stubbs,"Apr 1, 2026",League stage,"Bharat Ratna Shri Atal Bihari Vajpayee Ekana Cricket Stadium, Lucknow",Delhi Capitals,Lucknow Super Giants,39,32,3,1,0,9,6,5,24,21,9,6,1,39,0
6,1,Abhishek Sharma,"Apr 2, 2026",League stage,"Eden Gardens, Kolkata",Sunrisers Hyderabad,Kolkata Knight Riders,48,21,4,4,1,6,34,14,14,7,0,0,0,48,0
6,1,Aniket Verma,"Apr 2, 2026",League stage,"Eden Gardens, Kolkata",Sunrisers Hyderabad,Kolkata Knight Riders,1,4,0,0,1,3,0,0,1,4,0,0,0,1,0
6,1,Harsh Dubey,"Apr 2, 2026",League stage,"Eden Gardens, Kolkata",Sunrisers Hyderabad,Kolkata Knight Riders,9,3,2,0,0,0,0,0,0,0,9,3,1,9,0
6,1,Heinrich Klaasen,"Apr 2, 2026",League stage,"Eden Gardens, Kolkata",Sunrisers Hyderabad,Kolkata Knight Riders,52,35,4,1,1,6,0,0,29,21,23,14,0,52,0
6,1,Ishan Kishan,"Apr 2, 2026",League stage,"Eden Gardens, Kolkata",Sunrisers Hyderabad,Kolkata Knight Riders,14,9,3,0,1,4,1,1,13,8,0,0,0,14,0
6,1,Nitish Reddy,"Apr 2, 2026",League stage,"Eden Gardens, Kolkata",Sunrisers Hyderabad,Kolkata Knight Riders,39,24,4,1,1,3,0,0,20,14,19,10,0,39,0
6,1,Salil Arora,"Apr 2, 2026",League stage,"Eden Gardens, Kolkata",Sunrisers Hyderabad,Kolkata Knight Riders,0,1,0,0,1,1,0,0,0,0,0,1,0,0,1
6,1,Shivang Kumar,"Apr 2, 2026",League stage,"Eden Gardens, Kolkata",Sunrisers Hyderabad,Kolkata Knight Riders,4,2,1,0,1,1,0,0,0,0,4,2,0,4,0
6,1,Travis Head,"Apr 2, 2026",League stage,"Eden Gardens, Kolkata",Sunrisers Hyderabad,Kolkata Knight Riders,46,21,6,3,1,9,46,21,0,0,0,0,0,46,0
6,2,Ajinkya Rahane,"Apr 2, 2026",League stage,"Eden Gardens, Kolkata",Kolkata Knight Riders,Sunrisers Hyderabad,8,10,0,0,1,2,8,10,0,0,0,0,0,8,0
6,2,Angkrish Raghuvanshi,"Apr 2, 2026",League stage,"Eden Gardens, Kolkata",Kolkata Knight Riders,Sunrisers Hyderabad,52,29,6,2,0,8,31,17,21,12,0,0,1,52,0
6,2,Anukul Roy,"Apr 2, 2026",League stage,"Eden Gardens, Kolkata",Kolkata Knight Riders,Sunrisers Hyderabad,0,2,0,0,1,2,0,0,0,2,0,0,0,0,1
6,2,Cameron Green,"Apr 2, 2026",League stage,"Eden Gardens, Kolkata",Kolkata Knight Riders,Sunrisers Hyderabad,2,2,0,0,0,0,2,2,0,0,0,0,1,2,0
6,2,Finn Allen,"Apr 2, 2026",League stage,"Eden Gardens, Kolkata",Kolkata Knight Riders,Sunrisers Hyderabad,28,7,4,2,1,1,28,7,0,0,0,0,0,28,0
6,2,Kartik Tyagi,"Apr 2, 2026",League stage,"Eden Gardens, Kolkata",Kolkata Knight Riders,Sunrisers Hyderabad,5,5,1,0,1,3,0,0,4,2,1,3,0,5,0
6,2,Ramandeep Singh,"Apr 2, 2026",League stage,"Eden Gardens, Kolkata",Kolkata Knight Riders,Sunrisers Hyderabad,10,9,1,0,1,2,0,0,10,9,0,0,0,10,0
6,2,Rinku Singh,"Apr 2, 2026",League stage,"Eden Gardens, Kolkata",Kolkata Knight Riders,Sunrisers Hyderabad,35,25,4,1,1,8,0,0,35,25,0,0,0,35,0
6,2,Sunil Narine,"Apr 2, 2026",League stage,"Eden Gardens, Kolkata",Kolkata Knight Riders,Sunrisers Hyderabad,12,4,0,2,1,2,0,0,12,4,0,0,0,12,0
6,2,Vaibhav Arora,"Apr 2, 2026",League stage,"Eden Gardens, Kolkata",Kolkata Knight Riders,Sunrisers Hyderabad,1,2,0,0,0,1,0,0,0,0,1,2,1,1,0
6,2,Varun Chakaravarthy,"Apr 2, 2026",League stage,"Eden Gardens, Kolkata",Kolkata Knight Riders,Sunrisers Hyderabad,0,1,0,0,1,1,0,0,0,0,0,1,0,0,1
7,1,Ayush Mhatre,"Apr 3, 2026",League stage,"MA Chidambaram Stadium, Chennai",Chennai Super Kings,Punjab Kings,73,43,6,5,1,17,29,19,44,24,0,0,0,73,0
7,1,Kartik Sharma,"Apr 3, 2026",League stage,"MA Chidambaram Stadium, Chennai",Chennai Super Kings,Punjab Kings,1,3,0,0,1,2,0,0,1,3,0,0,0,1,0
7,1,Prashant Veer,"Apr 3, 2026",League stage,"MA Chidambaram Stadium, Chennai",Chennai Super Kings,Punjab Kings,6,7,1,0,0,4,0,0,0,0,6,7,1,6,0
7,1,Ruturaj Gaikwad,"Apr 3, 2026",League stage,"MA Chidambaram Stadium, Chennai",Chennai Super Kings,Punjab Kings,28,22,2,0,1,3,14,10,14,12,0,0,0,28,0
7,1,Sanju Samson,"Apr 3, 2026",League stage,"MA Chidambaram Stadium, Chennai",Chennai Super Kings,Punjab Kings,7,7,1,0,1,5,7,7,0,0,0,0,0,7,0
7,1,Sarfaraz Khan,"Apr 3, 2026",League stage,"MA Chidambaram Stadium, Chennai",Chennai Super Kings,Punjab Kings,32,12,6,1,1,3,0,0,13,6,19,6,0,32,0
7,1,Shivam Dube,"Apr 3, 2026",League stage,"MA Chidambaram Stadium, Chennai",Chennai Super Kings,Punjab Kings,45,27,5,1,0,6,0,0,11,10,34,17,1,45,0
7,2,Cooper Connolly,"Apr 3, 2026",League stage,"MA Chidambaram Stadium, Chennai",Punjab Kings,Chennai Super Kings,36,22,6,0,1,5,0,2,36,20,0,0,0,36,0
7,2,Marcus Stoinis,"Apr 3, 2026",League stage,"MA Chidambaram Stadium, Chennai",Punjab Kings,Chennai Super Kings,9,3,2,0,0,0,0,0,0,0,9,3,1,9,0
7,2,Nehal Wadhera,"Apr 3, 2026",League stage,"MA Chidambaram Stadium, Chennai",Punjab Kings,Chennai Super Kings,10,9,0,1,1,4,0,0,3,5,7,4,0,10,0
7,2,Prabhsimran Singh,"Apr 3, 2026",League stage,"MA Chidambaram Stadium, Chennai",Punjab Kings,Chennai Super Kings,43,34,6,1,1,16,25,23,18,11,0,0,0,43,0
7,2,Priyansh Arya,"Apr 3, 2026",League stage,"MA Chidambaram Stadium, Chennai",Punjab Kings,Chennai Super Kings,39,11,3,4,1,1,39,11,0,0,0,0,0,39,0
7,2,Shashank Singh,"Apr 3, 2026",League stage,"MA Chidambaram Stadium, Chennai",Punjab Kings,Chennai Super Kings,14,6,2,0,0,0,0,0,0,0,14,6,1,14,0
7,2,Shreyas Iyer,"Apr 3, 2026",League stage,"MA Chidambaram Stadium, Chennai",Punjab Kings,Chennai Super Kings,50,29,4,3,1,8,0,0,36,19,14,10,0,50,0
8,1,Corbin Bosch,"Apr 4, 2026",League stage,"Arun Jaitley Stadium, Delhi",Mumbai Indians,Delhi Capitals,11,4,2,0,0,0,0,0,0,0,11,4,1,11,0
8,1,Mitchell Santner,"Apr 4, 2026",League stage,"Arun Jaitley Stadium, Delhi",Mumbai Indians,Delhi Capitals,18,13,2,0,0,2,0,0,0,0,18,13,1,18,0
8,1,Naman Dhir,"Apr 4, 2026",League stage,"Arun Jaitley Stadium, Delhi",Mumbai Indians,Delhi Capitals,28,21,2,1,1,5,0,0,18,11,10,10,0,28,0
8,1,Rohit Sharma,"Apr 4, 2026",League stage,"Arun Jaitley Stadium, Delhi",Mumbai Indians,Delhi Capitals,35,26,5,1,1,11,20,14,15,12,0,0,0,35,0
8,1,Ryan Rickelton,"Apr 4, 2026",League stage,"Arun Jaitley Stadium, Delhi",Mumbai Indians,Delhi Capitals,9,11,2,0,1,8,9,11,0,0,0,0,0,9,0
8,1,Sherfane Rutherford,"Apr 4, 2026",League stage,"Arun Jaitley Stadium, Delhi",Mumbai Indians,Delhi Capitals,5,7,1,0,1,5,0,0,5,7,0,0,0,5,0
8,1,Suryakumar Yadav,"Apr 4, 2026",League stage,"Arun Jaitley Stadium, Delhi",Mumbai Indians,Delhi Capitals,51,36,3,2,1,8,11,9,36,24,4,3,0,51,0
8,1,Tilak Varma,"Apr 4, 2026",League stage,"Arun Jaitley Stadium, Delhi",Mumbai Indians,Delhi Capitals,0,2,0,0,1,2,0,2,0,0,0,0,0,0,1
8,2,David Miller,"Apr 4, 2026",League stage,"Arun Jaitley Stadium, Delhi",Delhi Capitals,Mumbai Indians,21,18,4,0,0,9,0,0,2,6,19,12,1,21,0
8,2,Nitish Rana,"Apr 4, 2026",League stage,"Arun Jaitley Stadium, Delhi",Delhi Capitals,Mumbai Indians,0,3,0,0,1,3,0,3,0,0,0,0,0,0,1
8,2,Pathum Nissanka,"Apr 4, 2026",League stage,"Arun Jaitley Stadium, Delhi",Delhi Capitals,Mumbai Indians,44,30,6,1,1,9,38,23,6,7,0,0,0,44,0
8,2,Rahul,"Apr 4, 2026",League stage,"Arun Jaitley Stadium, Delhi",Delhi Capitals,Mumbai Indians,1,3,0,0,1,2,1,3,0,0,0,0,0,1,0
8,2,Sameer Rizvi,"Apr 4, 2026",League stage,"Arun Jaitley Stadium, Delhi",Delhi Capitals,Mumbai Indians,90,51,7,7,1,19,3,7,84,41,3,3,0,90,0
8,2,Tristan Stubbs,"Apr 4, 2026",League stage,"Arun Jaitley Stadium, Delhi",Delhi Capitals,Mumbai Indians,3,4,0,0,0,1,0,0,0,0,3,4,1,3,0
9,1,Dhruv Jurel,"Apr 4, 2026",League stage,"Narendra Modi Stadium, Ahmedabad",Rajasthan Royals,Gujarat Titans,75,42,5,5,1,11,0,0,41,26,34,16,0,75,0
9,1,Donovan Ferreira,"Apr 4, 2026",League stage,"Narendra Modi Stadium, Ahmedabad",Rajasthan Royals,Gujarat Titans,1,3,0,0,1,2,0,0,0,0,1,3,0,1,0
9,1,Jofra Archer,"Apr 4, 2026",League stage,"Narendra Modi Stadium, Ahmedabad",Rajasthan Royals,Gujarat Titans,1,2,0,0,0,1,0,0,0,0,1,2,1,1,0
9,1,Ravindra Jadeja,"Apr 4, 2026",League stage,"Narendra Modi Stadium, Ahmedabad",Rajasthan Royals,Gujarat Titans,7,7,1,0,0,3,0,0,0,0,7,7,1,7,0
9,1,Riyan Parag,"Apr 4, 2026",League stage,"Narendra Modi Stadium, Ahmedabad",Rajasthan Royals,Gujarat Titans,8,4,0,1,1,2,0,0,8,4,0,0,0,8,0
9,1,Shimron Hetmyer,"Apr 4, 2026",League stage,"Narendra Modi Stadium, Ahmedabad",Rajasthan Royals,Gujarat Titans,18,8,1,2,1,3,0,0,14,6,4,2,0,18,0
9,1,Vaibhav Sooryavanshi,"Apr 4, 2026",League stage,"Narendra Modi Stadium, Ahmedabad",Rajasthan Royals,Gujarat Titans,31,18,5,1,1,7,31,17,0,1,0,0,0,31,0
9,1,Yashasvi Jaiswal,"Apr 4, 2026",League stage,"Narendra Modi Stadium, Ahmedabad",Rajasthan Royals,Gujarat Titans,55,36,6,3,1,16,35,19,20,17,0,0,0,55,0
9,2,Ashok Sharma,"Apr 4, 2026",League stage,"Narendra Modi Stadium, Ahmedabad",Gujarat Titans,Rajasthan Royals,0,1,0,0,0,1,0,0,0,0,0,1,1,0,0
9,2,Glenn Phillips,"Apr 4, 2026",League stage,"Narendra Modi Stadium, Ahmedabad",Gujarat Titans,Rajasthan Royals,3,4,0,0,1,1,0,0,3,4,0,0,0,3,0
9,2,Jos Buttler,"Apr 4, 2026",League stage,"Narendra Modi Stadium, Ahmedabad",Gujarat Titans,Rajasthan Royals,26,14,5,0,1,3,0,0,26,14,0,0,0,26,0
9,2,Kagiso Rabada,"Apr 4, 2026",League stage,"Narendra Modi Stadium, Ahmedabad",Gujarat Titans,Rajasthan Royals,23,16,1,2,0,6,0,0,0,1,23,15,1,23,0
9,2,Kumar Kushagra,"Apr 4, 2026",League stage,"Narendra Modi Stadium, Ahmedabad",Gujarat Titans,Rajasthan Royals,18,14,3,0,1,6,17,12,1,2,0,0,0,18,0
9,2,Rahul Tewatia,"Apr 4, 2026",League stage,"Narendra Modi Stadium, Ahmedabad",Gujarat Titans,Rajasthan Royals,12,6,1,1,1,2,0,0,12,6,0,0,0,12,0
9,2,Rashid Khan,"Apr 4, 2026",League stage,"Narendra Modi Stadium, Ahmedabad",Gujarat Titans,Rajasthan Royals,24,16,3,0,1,3,0,0,6,2,18,14,0,24,0
9,2,Sai Sudharsan,"Apr 4, 2026",League stage,"Narendra Modi Stadium, Ahmedabad",Gujarat Titans,Rajasthan Royals,73,44,9,3,1,17,33,24,40,20,0,0,0,73,0
9,2,Shahrukh Khan,"Apr 4, 2026",League stage,"Narendra Modi Stadium, Ahmedabad",Gujarat Titans,Rajasthan Royals,11,4,1,1,0,1,0,0,11,4,0,0,1,11,0
9,2,Washington Sundar,"Apr 4, 2026",League stage,"Narendra Modi Stadium, Ahmedabad",Gujarat Titans,Rajasthan Royals,4,2,1,0,1,1,0,0,4,2,0,0,0,4,0
10,1,Abhishek Sharma,"Apr 5, 2026",League stage,"Rajiv Gandhi International Stadium, Hyderabad",Sunrisers Hyderabad,Lucknow Super Giants,0,2,0,0,1,2,0,2,0,0,0,0,0,0,1
10,1,Aniket Verma,"Apr 5, 2026",League stage,"Rajiv Gandhi International Stadium, Hyderabad",Sunrisers Hyderabad,Lucknow Super Giants,2,5,0,0,0,3,0,0,0,0,2,5,1,2,0
10,1,Harsh Dubey,"Apr 5, 2026",League stage,"Rajiv Gandhi International Stadium, Hyderabad",Sunrisers Hyderabad,Lucknow Super Giants,0,1,0,0,1,1,0,0,0,0,0,1,0,0,1
10,1,Harshal Patel,"Apr 5, 2026",League stage,"Rajiv Gandhi International Stadium, Hyderabad",Sunrisers Hyderabad,Lucknow Super Giants,4,2,1,0,0,1,0,0,0,0,4,2,1,4,0
10,1,Heinrich Klaasen,"Apr 5, 2026",League stage,"Rajiv Gandhi International Stadium, Hyderabad",Sunrisers Hyderabad,Lucknow Super Giants,62,41,5,2,1,10,1,6,41,23,20,12,0,62,0
10,1,Ishan Kishan,"Apr 5, 2026",League stage,"Rajiv Gandhi International Stadium, Hyderabad",Sunrisers Hyderabad,Lucknow Super Giants,1,4,0,0,1,3,1,4,0,0,0,0,0,1,0
10,1,Liam Livingstone,"Apr 5, 2026",League stage,"Rajiv Gandhi International Stadium, Hyderabad",Sunrisers Hyderabad,Lucknow Super Giants,14,20,0,1,1,13,12,16,2,4,0,0,0,14,0
10,1,Nitish Reddy,"Apr 5, 2026",League stage,"Rajiv Gandhi International Stadium, Hyderabad",Sunrisers Hyderabad,Lucknow Super Giants,56,33,3,5,1,12,0,0,48,27,8,6,0,56,0
10,1,Shivang Kumar,"Apr 5, 2026",League stage,"Rajiv Gandhi International Stadium, Hyderabad",Sunrisers Hyderabad,Lucknow Super Giants,5,4,1,0,1,2,0,0,0,0,5,4,0,5,0
10,1,Travis Head,"Apr 5, 2026",League stage,"Rajiv Gandhi International Stadium, Hyderabad",Sunrisers Hyderabad,Lucknow Super Giants,7,8,1,0,1,4,7,8,0,0,0,0,0,7,0
10,2,Abdul Samad,"Apr 5, 2026",League stage,"Rajiv Gandhi International Stadium, Hyderabad",Lucknow Super Giants,Sunrisers Hyderabad,16,12,2,0,1,3,0,0,6,6,10,6,0,16,0
10,2,Aiden Markram,"Apr 5, 2026",League stage,"Rajiv Gandhi International Stadium, Hyderabad",Lucknow Super Giants,Sunrisers Hyderabad,45,27,6,2,1,10,37,21,8,6,0,0,0,45,0
10,2,Ayush Badoni,"Apr 5, 2026",League stage,"Rajiv Gandhi International Stadium, Hyderabad",Lucknow Super Giants,Sunrisers Hyderabad,12,9,1,0,1,1,0,0,12,9,0,0,0,12,0
10,2,Mitchell Marsh,"Apr 5, 2026",League stage,"Rajiv Gandhi International Stadium, Hyderabad",Lucknow Super Giants,Sunrisers Hyderabad,14,12,2,0,1,4,14,12,0,0,0,0,0,14,0
10,2,Mukul Choudhary,"Apr 5, 2026",League stage,"Rajiv Gandhi International Stadium, Hyderabad",Lucknow Super Giants,Sunrisers Hyderabad,2,5,0,0,0,3,0,0,0,0,2,5,1,2,0
10,2,Nicholas Pooran,"Apr 5, 2026",League stage,"Rajiv Gandhi International Stadium, Hyderabad",Lucknow Super Giants,Sunrisers Hyderabad,1,4,0,0,1,3,0,0,1,4,0,0,0,1,0
10,2,Rishabh Pant,"Apr 5, 2026",League stage,"Rajiv Gandhi International Stadium, Hyderabad",Lucknow Super Giants,Sunrisers Hyderabad,68,51,9,0,0,16,2,3,32,29,34,19,1,68,0
11,1,Devdutt Padikkal,"Apr 5, 2026",League stage,"M.Chinnaswamy Stadium, Bengaluru",Royal Challengers Bengaluru,Chennai Super Kings,50,29,5,2,1,7,2,3,48,26,0,0,0,50,0
11,1,Phil Salt,"Apr 5, 2026",League stage,"M.Chinnaswamy Stadium, Bengaluru",Royal Challengers Bengaluru,Chennai Super Kings,46,30,3,2,1,8,20,15,26,15,0,0,0,46,0
11,1,Rajat Patidar,"Apr 5, 2026",League stage,"M.Chinnaswamy Stadium, Bengaluru",Royal Challengers Bengaluru,Chennai Super Kings,48,19,1,6,0,4,0,0,23,9,25,10,1,48,0
11,1,Tim David,"Apr 5, 2026",League stage,"M.Chinnaswamy Stadium, Bengaluru",Royal Challengers Bengaluru,Chennai Super Kings,70,25,3,8,0,5,0,0,1,4,69,21,1,70,0
11,1,Virat Kohli,"Apr 5, 2026",League stage,"M.Chinnaswamy Stadium, Bengaluru",Royal Challengers Bengaluru,Chennai Super Kings,28,18,2,1,1,6,28,18,0,0,0,0,0,28,0
11,2,Anshul Kamboj,"Apr 5, 2026",League stage,"M.Chinnaswamy Stadium, Bengaluru",Chennai Super Kings,Royal Challengers Bengaluru,19,12,1,1,0,1,0,0,0,0,19,12,1,19,0
11,2,Ayush Mhatre,"Apr 5, 2026",League stage,"M.Chinnaswamy Stadium, Bengaluru",Chennai Super Kings,Royal Challengers Bengaluru,1,3,0,0,1,2,1,3,0,0,0,0,0,1,0
11,2,Jamie Overton,"Apr 5, 2026",League stage,"M.Chinnaswamy Stadium, Bengaluru",Chennai Super Kings,Royal Challengers Bengaluru,37,16,4,2,1,1,0,0,27,11,10,5,0,37,0
11,2,Kartik Sharma,"Apr 5, 2026",League stage,"M.Chinnaswamy Stadium, Bengaluru",Chennai Super Kings,Royal Challengers Bengaluru,6,3,0,1,1,2,6,2,0,1,0,0,0,6,0
11,2,Matt Henry,"Apr 5, 2026",League stage,"M.Chinnaswamy Stadium, Bengaluru",Chennai Super Kings,Royal Challengers Bengaluru,2,3,0,0,1,1,0,0,0,0,2,3,0,2,0
11,2,Noor Ahmad,"Apr 5, 2026",League stage,"M.Chinnaswamy Stadium, Bengaluru",Chennai Super Kings,Royal Challengers Bengaluru,8,8,0,1,1,5,0,0,0,0,8,8,0,8,0
11,2,Prashant Veer,"Apr 5, 2026",League stage,"M.Chinnaswamy Stadium, Bengaluru",Chennai Super Kings,Royal Challengers Bengaluru,43,29,6,1,1,9,0,0,43,28,0,1,0,43,0
11,2,Ruturaj Gaikwad,"Apr 5, 2026",League stage,"M.Chinnaswamy Stadium, Bengaluru",Chennai Super Kings,Royal Challengers Bengaluru,7,3,0,1,1,1,7,3,0,0,0,0,0,7,0
11,2,Sanju Samson,"Apr 5, 2026",League stage,"M.Chinnaswamy Stadium, Bengaluru",Chennai Super Kings,Royal Challengers Bengaluru,9,5,0,1,1,1,9,5,0,0,0,0,0,9,0
11,2,Sarfaraz Khan,"Apr 5, 2026",League stage,"M.Chinnaswamy Stadium, Bengaluru",Chennai Super Kings,Royal Challengers Bengaluru,50,25,8,2,1,11,50,24,0,1,0,0,0,50,0
11,2,Shivam Dube,"Apr 5, 2026",League stage,"M.Chinnaswamy Stadium, Bengaluru",Chennai Super Kings,Royal Challengers Bengaluru,18,13,2,1,1,6,0,0,18,13,0,0,0,18,0
12,1,Ajinkya Rahane,"Apr 6, 2026",League stage,"Eden Gardens, Kolkata",Kolkata Knight Riders,Punjab Kings,8,6,1,0,0,1,8,6,0,0,0,0,1,8,0
12,1,Angkrish Raghuvanshi,"Apr 6, 2026",League stage,"Eden Gardens, Kolkata",Kolkata Knight Riders,Punjab Kings,7,7,0,0,0,4,7,7,0,0,0,0,1,7,0
12,1,Cameron Green,"Apr 6, 2026",League stage,"Eden Gardens, Kolkata",Kolkata Knight Riders,Punjab Kings,4,2,1,0,1,1,4,2,0,0,0,0,0,4,0
12,1,Finn Allen,"Apr 6, 2026",League stage,"Eden Gardens, Kolkata",Kolkata Knight Riders,Punjab Kings,6,7,1,0,1,4,6,7,0,0,0,0,0,6,0
13,1,Dhruv Jurel,"Apr 7, 2026",League stage,"Barsapara Cricket Stadium, Guwahati",Rajasthan Royals,Mumbai Indians,2,3,0,0,1,2,2,3,0,0,0,0,0,2,0
13,1,Riyan Parag,"Apr 7, 2026",League stage,"Barsapara Cricket Stadium, Guwahati",Rajasthan Royals,Mumbai Indians,20,10,1,2,1,3,1,1,19,9,0,0,0,20,0
13,1,Shimron Hetmyer,"Apr 7, 2026",League stage,"Barsapara Cricket Stadium, Guwahati",Rajasthan Royals,Mumbai Indians,6,7,0,0,0,2,0,0,6,7,0,0,1,6,0
13,1,Vaibhav Sooryavanshi,"Apr 7, 2026",League stage,"Barsapara Cricket Stadium, Guwahati",Rajasthan Royals,Mumbai Indians,39,14,1,5,1,3,39,14,0,0,0,0,0,39,0
13,1,Yashasvi Jaiswal,"Apr 7, 2026",League stage,"Barsapara Cricket Stadium, Guwahati",Rajasthan Royals,Mumbai Indians,77,32,10,4,0,5,45,18,32,14,0,0,1,77,0
13,2,Deepak Chahar,"Apr 7, 2026",League stage,"Barsapara Cricket Stadium, Guwahati",Mumbai Indians,Rajasthan Royals,6,5,1,0,0,2,0,0,6,5,0,0,1,6,0
13,2,Hardik Pandya,"Apr 7, 2026",League stage,"Barsapara Cricket Stadium, Guwahati",Mumbai Indians,Rajasthan Royals,9,6,2,0,1,3,9,6,0,0,0,0,0,9,0
13,2,Jasprit Bumrah,"Apr 7, 2026",League stage,"Barsapara Cricket Stadium, Guwahati",Mumbai Indians,Rajasthan Royals,5,2,1,0,0,0,0,0,5,2,0,0,1,5,0
13,2,Naman Dhir,"Apr 7, 2026",League stage,"Barsapara Cricket Stadium, Guwahati",Mumbai Indians,Rajasthan Royals,25,13,3,1,1,4,15,7,10,6,0,0,0,25,0
13,2,Rohit Sharma,"Apr 7, 2026",League stage,"Barsapara Cricket Stadium, Guwahati",Mumbai Indians,Rajasthan Royals,5,6,0,0,1,3,5,6,0,0,0,0,0,5,0
13,2,Ryan Rickelton,"Apr 7, 2026",League stage,"Barsapara Cricket Stadium, Guwahati",Mumbai Indians,Rajasthan Royals,8,4,0,1,1,1,8,4,0,0,0,0,0,8,0
13,2,Shardul Thakur,"Apr 7, 2026",League stage,"Barsapara Cricket Stadium, Guwahati",Mumbai Indians,Rajasthan Royals,8,7,1,0,1,3,0,0,8,7,0,0,0,8,0
13,2,Sherfane Rutherford,"Apr 7, 2026",League stage,"Barsapara Cricket Stadium, Guwahati",Mumbai Indians,Rajasthan Royals,25,8,2,2,1,1,0,0,25,8,0,0,0,25,0
13,2,Suryakumar Yadav,"Apr 7, 2026",League stage,"Barsapara Cricket Stadium, Guwahati",Mumbai Indians,Rajasthan Royals,6,3,0,1,1,2,6,3,0,0,0,0,0,6,0
13,2,Tilak Varma,"Apr 7, 2026",League stage,"Barsapara Cricket Stadium, Guwahati",Mumbai Indians,Rajasthan Royals,14,10,2,0,1,3,14,10,0,0,0,0,0,14,0
13,2,Trent Boult,"Apr 7, 2026",League stage,"Barsapara Cricket Stadium, Guwahati",Mumbai Indians,Rajasthan Royals,1,2,0,0,1,1,0,0,1,2,0,0,0,1,0
14,1,Glenn Phillips,"Apr 8, 2026",League stage,"Arun Jaitley Stadium, Delhi",Gujarat Titans,Delhi Capitals,14,9,1,1,0,3,0,0,0,0,14,9,1,14,0
14,1,Jos Buttler,"Apr 8, 2026",League stage,"Arun Jaitley Stadium, Delhi",Gujarat Titans,Delhi Capitals,52,27,3,5,1,10,47,22,5,5,0,0,0,52,0
14,1,Rahul Tewatia,"Apr 8, 2026",League stage,"Arun Jaitley Stadium, Delhi",Gujarat Titans,Delhi Capitals,1,1,0,0,0,0,0,0,0,0,1,1,1,1,0
14,1,Sai Sudharsan,"Apr 8, 2026",League stage,"Arun Jaitley Stadium, Delhi",Gujarat Titans,Delhi Capitals,12,7,2,0,1,1,12,7,0,0,0,0,0,12,0
14,1,Shubman Gill,"Apr 8, 2026",League stage,"Arun Jaitley Stadium, Delhi",Gujarat Titans,Delhi Capitals,70,45,4,5,1,12,7,7,44,27,19,11,0,70,0
14,1,Washington Sundar,"Apr 8, 2026",League stage,"Arun Jaitley Stadium, Delhi",Gujarat Titans,Delhi Capitals,55,32,6,2,1,5,0,0,41,23,14,9,0,55,0
14,2,Axar Patel,"Apr 8, 2026",League stage,"Arun Jaitley Stadium, Delhi",Delhi Capitals,Gujarat Titans,2,3,0,0,1,1,0,0,2,3,0,0,0,2,0
14,2,David Miller,"Apr 8, 2026",League stage,"Arun Jaitley Stadium, Delhi",Delhi Capitals,Gujarat Titans,41,20,3,3,0,5,0,0,12,10,29,10,1,41,0
14,2,Kuldeep Yadav,"Apr 8, 2026",League stage,"Arun Jaitley Stadium, Delhi",Delhi Capitals,Gujarat Titans,1,1,0,0,0,0,0,0,0,0,1,1,1,1,0
14,2,Nitish Rana,"Apr 8, 2026",League stage,"Arun Jaitley Stadium, Delhi",Delhi Capitals,Gujarat Titans,5,6,1,0,1,4,0,0,5,6,0,0,0,5,0
14,2,Pathum Nissanka,"Apr 8, 2026",League stage,"Arun Jaitley Stadium, Delhi",Delhi Capitals,Gujarat Titans,41,24,6,1,1,7,35,16,6,8,0,0,0,41,0
14,2,Rahul,"Apr 8, 2026",League stage,"Arun Jaitley Stadium, Delhi",Delhi Capitals,Gujarat Titans,92,52,11,4,1,14,26,20,51,23,15,9,0,92,0
14,2,Sameer Rizvi,"Apr 8, 2026",League stage,"Arun Jaitley Stadium, Delhi",Delhi Capitals,Gujarat Titans,0,1,0,0,1,1,0,0,0,1,0,0,0,0,1
14,2,Tristan Stubbs,"Apr 8, 2026",League stage,"Arun Jaitley Stadium, Delhi",Delhi Capitals,Gujarat Titans,7,6,0,0,0,3,0,0,1,3,6,3,1,7,0
14,2,Vipraj Nigam,"Apr 8, 2026",League stage,"Arun Jaitley Stadium, Delhi",Delhi Capitals,Gujarat Titans,12,7,2,0,1,2,0,0,0,0,12,7,0,12,0
15,1,Ajinkya Rahane,"Apr 9, 2026",League stage,"Eden Gardens, Kolkata",Kolkata Knight Riders,Lucknow Super Giants,41,24,4,2,1,6,23,13,18,11,0,0,0,41,0
15,1,Angkrish Raghuvanshi,"Apr 9, 2026",League stage,"Eden Gardens, Kolkata",Kolkata Knight Riders,Lucknow Super Giants,45,33,5,2,1,15,20,15,25,18,0,0,0,45,0
15,1,Cameron Green,"Apr 9, 2026",League stage,"Eden Gardens, Kolkata",Kolkata Knight Riders,Lucknow Super Giants,32,24,3,1,0,6,0,0,7,12,25,12,1,32,0
15,1,Finn Allen,"Apr 9, 2026",League stage,"Eden Gardens, Kolkata",Kolkata Knight Riders,Lucknow Super Giants,9,8,2,0,1,5,9,8,0,0,0,0,0,9,0
15,1,Rinku Singh,"Apr 9, 2026",League stage,"Eden Gardens, Kolkata",Kolkata Knight Riders,Lucknow Super Giants,4,7,0,0,1,3,0,0,4,7,0,0,0,4,0
15,1,Rovman Powell,"Apr 9, 2026",League stage,"Eden Gardens, Kolkata",Kolkata Knight Riders,Lucknow Super Giants,39,24,4,2,0,8,0,0,3,6,36,18,1,39,0
15,2,Abdul Samad,"Apr 9, 2026",League stage,"Eden Gardens, Kolkata",Lucknow Super Giants,Kolkata Knight Riders,2,4,0,0,1,2,0,0,2,4,0,0,0,2,0
15,2,Aiden Markram,"Apr 9, 2026",League stage,"Eden Gardens, Kolkata",Lucknow Super Giants,Kolkata Knight Riders,22,15,2,1,1,5,22,15,0,0,0,0,0,22,0
15,2,Avesh Khan,"Apr 9, 2026",League stage,"Eden Gardens, Kolkata",Lucknow Super Giants,Kolkata Knight Riders,1,3,0,0,0,2,0,0,0,0,1,3,1,1,0
15,2,Ayush Badoni,"Apr 9, 2026",League stage,"Eden Gardens, Kolkata",Lucknow Super Giants,Kolkata Knight Riders,54,34,7,2,1,12,13,8,41,26,0,0,0,54,0
15,2,Mitchell Marsh,"Apr 9, 2026",League stage,"Eden Gardens, Kolkata",Lucknow Super Giants,Kolkata Knight Riders,15,11,1,1,1,4,15,11,0,0,0,0,0,15,0
15,2,Mohammed Shami,"Apr 9, 2026",League stage,"Eden Gardens, Kolkata",Lucknow Super Giants,Kolkata Knight Riders,1,3,0,0,1,2,0,0,1,1,0,2,0,1,0
15,2,Mukul Choudhary,"Apr 9, 2026",League stage,"Eden Gardens, Kolkata",Lucknow Super Giants,Kolkata Knight Riders,54,27,2,7,0,14,0,0,1,2,53,25,1,54,0
15,2,Nicholas Pooran,"Apr 9, 2026",League stage,"Eden Gardens, Kolkata",Lucknow Super Giants,Kolkata Knight Riders,13,15,0,1,1,8,0,0,13,15,0,0,0,13,0
15,2,Rishabh Pant,"Apr 9, 2026",League stage,"Eden Gardens, Kolkata",Lucknow Super Giants,Kolkata Knight Riders,10,9,1,0,1,2,2,2,8,7,0,0,0,10,0
16,1,Bhuvneshwar Kumar,"Apr 10, 2026",League stage,"Barsapara Cricket Stadium, Guwahati",Royal Challengers Bengaluru,Rajasthan Royals,9,7,1,0,0,2,0,0,0,0,9,7,1,9,0
16,1,Devdutt Padikkal,"Apr 10, 2026",League stage,"Barsapara Cricket Stadium, Guwahati",Royal Challengers Bengaluru,Rajasthan Royals,14,7,3,0,1,2,14,7,0,0,0,0,0,14,0
16,1,Jitesh Sharma,"Apr 10, 2026",League stage,"Barsapara Cricket Stadium, Guwahati",Royal Challengers Bengaluru,Rajasthan Royals,6,9,0,0,1,3,0,0,6,9,0,0,0,6,0
16,1,Krunal Pandya,"Apr 10, 2026",League stage,"Barsapara Cricket Stadium, Guwahati",Royal Challengers Bengaluru,Rajasthan Royals,1,6,0,0,1,5,1,5,0,1,0,0,0,1,0
16,1,Phil Salt,"Apr 10, 2026",League stage,"Barsapara Cricket Stadium, Guwahati",Royal Challengers Bengaluru,Rajasthan Royals,0,1,0,0,1,1,0,1,0,0,0,0,0,0,1
16,1,Rajat Patidar,"Apr 10, 2026",League stage,"Barsapara Cricket Stadium, Guwahati",Royal Challengers Bengaluru,Rajasthan Royals,62,39,4,4,1,10,4,7,35,23,23,9,0,62,0
16,1,Romario Shepherd,"Apr 10, 2026",League stage,"Barsapara Cricket Stadium, Guwahati",Royal Challengers Bengaluru,Rajasthan Royals,22,11,2,1,1,1,0,0,22,11,0,0,0,22,0
16,1,Tim David,"Apr 10, 2026",League stage,"Barsapara Cricket Stadium, Guwahati",Royal Challengers Bengaluru,Rajasthan Royals,13,9,2,0,1,3,0,0,13,9,0,0,0,13,0
16,1,Venkatesh Iyer,"Apr 10, 2026",League stage,"Barsapara Cricket Stadium, Guwahati",Royal Challengers Bengaluru,Rajasthan Royals,29,15,1,2,0,2,0,0,1,1,28,14,1,29,0
16,1,Virat Kohli,"Apr 10, 2026",League stage,"Barsapara Cricket Stadium, Guwahati",Royal Challengers Bengaluru,Rajasthan Royals,32,16,7,0,1,5,32,16,0,0,0,0,0,32,0
16,2,Dhruv Jurel,"Apr 10, 2026",League stage,"Barsapara Cricket Stadium, Guwahati",Rajasthan Royals,Royal Challengers Bengaluru,81,43,8,3,0,5,27,10,34,20,20,13,1,81,0
16,2,Ravindra Jadeja,"Apr 10, 2026",League stage,"Barsapara Cricket Stadium, Guwahati",Rajasthan Royals,Royal Challengers Bengaluru,24,25,1,0,0,7,0,0,19,20,5,5,1,24,0
16,2,Riyan Parag,"Apr 10, 2026",League stage,"Barsapara Cricket Stadium, Guwahati",Rajasthan Royals,Royal Challengers Bengaluru,3,5,0,0,1,2,0,0,3,5,0,0,0,3,0
16,2,Shimron Hetmyer,"Apr 10, 2026",League stage,"Barsapara Cricket Stadium, Guwahati",Rajasthan Royals,Royal Challengers Bengaluru,0,1,0,0,1,1,0,0,0,1,0,0,0,0,1
16,2,Vaibhav Sooryavanshi,"Apr 10, 2026",League stage,"Barsapara Cricket Stadium, Guwahati",Rajasthan Royals,Royal Challengers Bengaluru,78,26,8,7,1,7,57,18,21,8,0,0,0,78,0
16,2,Yashasvi Jaiswal,"Apr 10, 2026",League stage,"Barsapara Cricket Stadium, Guwahati",Rajasthan Royals,Royal Challengers Bengaluru,13,8,0,2,1,5,13,8,0,0,0,0,0,13,0
17,1,Abhishek Sharma,"Apr 11, 2026",League stage,"Maharaja Yadavindra Singh International Cricket Stadium, Mullanpur, New Chandigarh",Sunrisers Hyderabad,Punjab Kings,74,28,5,8,1,9,66,22,8,6,0,0,0,74,0
17,1,Aniket Verma,"Apr 11, 2026",League stage,"Maharaja Yadavindra Singh International Cricket Stadium, Mullanpur, New Chandigarh",Sunrisers Hyderabad,Punjab Kings,18,9,1,1,1,0,0,0,2,2,16,7,0,18,0
17,1,Harsh Dubey,"Apr 11, 2026",League stage,"Maharaja Yadavindra Singh International Cricket Stadium, Mullanpur, New Chandigarh",Sunrisers Hyderabad,Punjab Kings,1,2,0,0,0,1,0,0,0,0,1,2,1,1,0
17,1,Heinrich Klaasen,"Apr 11, 2026",League stage,"Maharaja Yadavindra Singh International Cricket Stadium, Mullanpur, New Chandigarh",Sunrisers Hyderabad,Punjab Kings,39,33,1,1,1,7,0,0,23,21,16,12,0,39,0
17,1,Ishan Kishan,"Apr 11, 2026",League stage,"Maharaja Yadavindra Singh International Cricket Stadium, Mullanpur, New Chandigarh",Sunrisers Hyderabad,Punjab Kings,27,17,3,1,1,4,0,0,27,17,0,0,0,27,0
17,1,Nitish Reddy,"Apr 11, 2026",League stage,"Maharaja Yadavindra Singh International Cricket Stadium, Mullanpur, New Chandigarh",Sunrisers Hyderabad,Punjab Kings,0,1,0,0,0,1,0,0,0,0,0,1,1,0,0
17,1,Salil Arora,"Apr 11, 2026",League stage,"Maharaja Yadavindra Singh International Cricket Stadium, Mullanpur, New Chandigarh",Sunrisers Hyderabad,Punjab Kings,9,8,0,1,1,4,0,0,0,0,9,8,0,9,0
17,1,Travis Head,"Apr 11, 2026",League stage,"Maharaja Yadavindra Singh International Cricket Stadium, Mullanpur, New Chandigarh",Sunrisers Hyderabad,Punjab Kings,38,23,5,1,1,7,31,15,7,8,0,0,0,38,0
17,2,Cooper Connolly,"Apr 11, 2026",League stage,"Maharaja Yadavindra Singh International Cricket Stadium, Mullanpur, New Chandigarh",Punjab Kings,Sunrisers Hyderabad,11,12,1,0,1,4,0,0,11,12,0,0,0,11,0
17,2,Nehal Wadhera,"Apr 11, 2026",League stage,"Maharaja Yadavindra Singh International Cricket Stadium, Mullanpur, New Chandigarh",Punjab Kings,Sunrisers Hyderabad,14,14,0,1,1,5,0,0,13,11,1,3,0,14,0
17,2,Prabhsimran Singh,"Apr 11, 2026",League stage,"Maharaja Yadavindra Singh International Cricket Stadium, Mullanpur, New Chandigarh",Punjab Kings,Sunrisers Hyderabad,51,25,4,4,1,7,41,18,10,7,0,0,0,51,0
17,2,Priyansh Arya,"Apr 11, 2026",League stage,"Maharaja Yadavindra Singh International Cricket Stadium, Mullanpur, New Chandigarh",Punjab Kings,Sunrisers Hyderabad,57,20,5,5,1,5,51,18,6,2,0,0,0,57,0
17,2,Shashank Singh,"Apr 11, 2026",League stage,"Maharaja Yadavindra Singh International Cricket Stadium, Mullanpur, New Chandigarh",Punjab Kings,Sunrisers Hyderabad,16,9,1,1,0,1,0,0,0,0,16,9,1,16,0
17,2,Shreyas Iyer,"Apr 11, 2026",League stage,"Maharaja Yadavindra Singh International Cricket Stadium, Mullanpur, New Chandigarh",Punjab Kings,Sunrisers Hyderabad,69,33,5,5,0,5,0,0,43,22,26,11,1,69,0
18,1,Ayush Mhatre,"Apr 11, 2026",League stage,"MA Chidambaram Stadium, Chennai",Chennai Super Kings,Delhi Capitals,59,36,3,4,0,6,0,0,53,29,6,7,1,59,0
18,1,Ruturaj Gaikwad,"Apr 11, 2026",League stage,"MA Chidambaram Stadium, Chennai",Chennai Super Kings,Delhi Capitals,15,18,1,0,1,8,15,17,0,1,0,0,0,15,0
18,1,Sanju Samson,"Apr 11, 2026",League stage,"MA Chidambaram Stadium, Chennai",Chennai Super Kings,Delhi Capitals,115,56,15,4,0,10,45,19,45,24,25,13,1,115,0
18,1,Shivam Dube,"Apr 11, 2026",League stage,"MA Chidambaram Stadium, Chennai",Chennai Super Kings,Delhi Capitals,20,10,2,1,0,2,0,0,0,0,20,10,1,20,0
18,2,Ashutosh Sharma,"Apr 11, 2026",League stage,"MA Chidambaram Stadium, Chennai",Delhi Capitals,Chennai Super Kings,19,10,1,2,1,4,0,0,19,10,0,0,0,19,0
18,2,Auqib Nabi,"Apr 11, 2026",League stage,"MA Chidambaram Stadium, Chennai",Delhi Capitals,Chennai Super Kings,4,2,1,0,1,1,0,0,4,1,0,1,0,4,0
18,2,Axar Patel,"Apr 11, 2026",League stage,"MA Chidambaram Stadium, Chennai",Delhi Capitals,Chennai Super Kings,1,2,0,0,1,1,1,1,0,1,0,0,0,1,0
18,2,David Miller,"Apr 11, 2026",League stage,"MA Chidambaram Stadium, Chennai",Delhi Capitals,Chennai Super Kings,17,14,1,1,1,5,0,0,17,14,0,0,0,17,0
18,2,Kuldeep Yadav,"Apr 11, 2026",League stage,"MA Chidambaram Stadium, Chennai",Delhi Capitals,Chennai Super Kings,4,7,0,0,1,3,0,0,0,0,4,7,0,4,0
18,2,Lungi Ngidi,"Apr 11, 2026",League stage,"MA Chidambaram Stadium, Chennai",Delhi Capitals,Chennai Super Kings,3,5,0,0,1,2,0,0,0,0,3,5,0,3,0
18,2,Natarajan,"Apr 11, 2026",League stage,"MA Chidambaram Stadium, Chennai",Delhi Capitals,Chennai Super Kings,1,2,0,0,0,1,0,0,0,0,1,2,1,1,0
18,2,Pathum Nissanka,"Apr 11, 2026",League stage,"MA Chidambaram Stadium, Chennai",Delhi Capitals,Chennai Super Kings,40,24,5,2,1,9,40,24,0,0,0,0,0,40,0
18,2,Rahul,"Apr 11, 2026",League stage,"MA Chidambaram Stadium, Chennai",Delhi Capitals,Chennai Super Kings,18,10,2,1,1,3,18,10,0,0,0,0,0,18,0
18,2,Sameer Rizvi,"Apr 11, 2026",League stage,"MA Chidambaram Stadium, Chennai",Delhi Capitals,Chennai Super Kings,6,9,1,0,1,6,4,3,2,6,0,0,0,6,0
18,2,Tristan Stubbs,"Apr 11, 2026",League stage,"MA Chidambaram Stadium, Chennai",Delhi Capitals,Chennai Super Kings,60,38,4,3,1,10,0,0,35,22,25,16,0,60,0
19,1,Abdul Samad,"Apr 12, 2026",League stage,"Bharat Ratna Shri Atal Bihari Vajpayee Ekana Cricket Stadium, Lucknow",Lucknow Super Giants,Gujarat Titans,18,22,2,0,1,12,0,0,17,20,1,2,0,18,0
19,1,Aiden Markram,"Apr 12, 2026",League stage,"Bharat Ratna Shri Atal Bihari Vajpayee Ekana Cricket Stadium, Lucknow",Lucknow Super Giants,Gujarat Titans,30,21,5,1,1,12,22,16,8,5,0,0,0,30,0
19,1,Avesh Khan,"Apr 12, 2026",League stage,"Bharat Ratna Shri Atal Bihari Vajpayee Ekana Cricket Stadium, Lucknow",Lucknow Super Giants,Gujarat Titans,4,1,1,0,0,0,0,0,0,0,4,1,1,4,0
19,1,Ayush Badoni,"Apr 12, 2026",League stage,"Bharat Ratna Shri Atal Bihari Vajpayee Ekana Cricket Stadium, Lucknow",Lucknow Super Giants,Gujarat Titans,9,11,1,0,1,5,5,5,4,6,0,0,0,9,0
19,1,George Linde,"Apr 12, 2026",League stage,"Bharat Ratna Shri Atal Bihari Vajpayee Ekana Cricket Stadium, Lucknow",Lucknow Super Giants,Gujarat Titans,16,10,3,0,1,4,0,0,0,0,16,10,0,16,0
19,1,Mitchell Marsh,"Apr 12, 2026",League stage,"Bharat Ratna Shri Atal Bihari Vajpayee Ekana Cricket Stadium, Lucknow",Lucknow Super Giants,Gujarat Titans,11,4,1,1,1,1,11,4,0,0,0,0,0,11,0
19,1,Mohammed Shami,"Apr 12, 2026",League stage,"Bharat Ratna Shri Atal Bihari Vajpayee Ekana Cricket Stadium, Lucknow",Lucknow Super Giants,Gujarat Titans,12,5,1,1,0,1,0,0,0,0,12,5,1,12,0
19,1,Mukul Choudhary,"Apr 12, 2026",League stage,"Bharat Ratna Shri Atal Bihari Vajpayee Ekana Cricket Stadium, Lucknow",Lucknow Super Giants,Gujarat Titans,18,14,1,1,1,5,0,0,1,2,17,12,0,18,0
19,1,Nicholas Pooran,"Apr 12, 2026",League stage,"Bharat Ratna Shri Atal Bihari Vajpayee Ekana Cricket Stadium, Lucknow",Lucknow Super Giants,Gujarat Titans,19,21,0,2,1,12,0,0,19,21,0,0,0,19,0
19,1,Rishabh Pant,"Apr 12, 2026",League stage,"Bharat Ratna Shri Atal Bihari Vajpayee Ekana Cricket Stadium, Lucknow",Lucknow Super Giants,Gujarat Titans,18,11,2,1,1,4,18,11,0,0,0,0,0,18,0
19,2,Jos Buttler,"Apr 12, 2026",League stage,"Bharat Ratna Shri Atal Bihari Vajpayee Ekana Cricket Stadium, Lucknow",Gujarat Titans,Lucknow Super Giants,60,37,11,0,1,12,6,4,50,31,4,2,0,60,0
19,2,Rahul Tewatia,"Apr 12, 2026",League stage,"Bharat Ratna Shri Atal Bihari Vajpayee Ekana Cricket Stadium, Lucknow",Gujarat Titans,Lucknow Super Giants,10,8,1,0,0,1,0,0,0,0,10,8,1,10,0
19,2,Sai Sudharsan,"Apr 12, 2026",League stage,"Bharat Ratna Shri Atal Bihari Vajpayee Ekana Cricket Stadium, Lucknow",Gujarat Titans,Lucknow Super Giants,15,14,3,0,1,8,15,14,0,0,0,0,0,15,0
19,2,Shubman Gill,"Apr 12, 2026",League stage,"Bharat Ratna Shri Atal Bihari Vajpayee Ekana Cricket Stadium, Lucknow",Gujarat Titans,Lucknow Super Giants,56,40,6,1,1,12,31,18,25,22,0,0,0,56,0
19,2,Washington Sundar,"Apr 12, 2026",League stage,"Bharat Ratna Shri Atal Bihari Vajpayee Ekana Cricket Stadium, Lucknow",Gujarat Titans,Lucknow Super Giants,21,13,2,1,0,4,0,0,1,1,20,12,1,21,0
20,1,Jitesh Sharma,"Apr 12, 2026",League stage,"Wankhede Stadium, Mumbai",Royal Challengers Bengaluru,Mumbai Indians,10,9,1,0,1,4,0,0,0,0,10,9,0,10,0
20,1,Phil Salt,"Apr 12, 2026",League stage,"Wankhede Stadium, Mumbai",Royal Challengers Bengaluru,Mumbai Indians,78,36,6,6,1,10,47,22,31,14,0,0,0,78,0
20,1,Rajat Patidar,"Apr 12, 2026",League stage,"Wankhede Stadium, Mumbai",Royal Challengers Bengaluru,Mumbai Indians,53,20,4,5,1,4,0,0,48,15,5,5,0,53,0
20,1,Romario Shepherd,"Apr 12, 2026",League stage,"Wankhede Stadium, Mumbai",Royal Challengers Bengaluru,Mumbai Indians,2,2,0,0,0,0,0,0,0,0,2,2,1,2,0
20,1,Tim David,"Apr 12, 2026",League stage,"Wankhede Stadium, Mumbai",Royal Challengers Bengaluru,Mumbai Indians,34,16,2,3,0,2,0,0,1,1,33,15,1,34,0
20,1,Virat Kohli,"Apr 12, 2026",League stage,"Wankhede Stadium, Mumbai",Royal Challengers Bengaluru,Mumbai Indians,50,38,5,1,1,12,22,14,28,24,0,0,0,50,0
20,2,Hardik Pandya,"Apr 12, 2026",League stage,"Wankhede Stadium, Mumbai",Mumbai Indians,Royal Challengers Bengaluru,40,22,6,1,1,6,0,0,40,22,0,0,0,40,0
20,2,Mitchell Santner,"Apr 12, 2026",League stage,"Wankhede Stadium, Mumbai",Mumbai Indians,Royal Challengers Bengaluru,8,6,1,0,0,1,0,0,0,0,8,6,1,8,0
20,2,Naman Dhir,"Apr 12, 2026",League stage,"Wankhede Stadium, Mumbai",Mumbai Indians,Royal Challengers Bengaluru,1,2,0,0,1,1,0,0,1,1,0,1,0,1,0
20,2,Rohit Sharma,"Apr 12, 2026",League stage,"Wankhede Stadium, Mumbai",Mumbai Indians,Royal Challengers Bengaluru,19,13,2,1,1,5,19,13,0,0,0,0,0,19,0
20,2,Ryan Rickelton,"Apr 12, 2026",League stage,"Wankhede Stadium, Mumbai",Mumbai Indians,Royal Challengers Bengaluru,37,22,3,3,1,9,36,19,1,3,0,0,0,37,0
20,2,Sherfane Rutherford,"Apr 12, 2026",League stage,"Wankhede Stadium, Mumbai",Mumbai Indians,Royal Challengers Bengaluru,71,31,1,9,0,8,0,0,11,7,60,24,1,71,0
20,2,Suryakumar Yadav,"Apr 12, 2026",League stage,"Wankhede Stadium, Mumbai",Mumbai Indians,Royal Challengers Bengaluru,33,22,5,0,1,7,5,4,28,18,0,0,0,33,0
20,2,Tilak Varma,"Apr 12, 2026",League stage,"Wankhede Stadium, Mumbai",Mumbai Indians,Royal Challengers Bengaluru,1,3,0,0,1,2,0,0,1,3,0,0,0,1,0
21,1,Abhishek Sharma,"Apr 13, 2026",League stage,"Rajiv Gandhi International Stadium, Hyderabad",Sunrisers Hyderabad,Rajasthan Royals,0,1,0,0,1,1,0,1,0,0,0,0,0,0,1
21,1,Aniket Verma,"Apr 13, 2026",League stage,"Rajiv Gandhi International Stadium, Hyderabad",Sunrisers Hyderabad,Rajasthan Royals,6,5,1,0,0,2,0,0,0,0,6,5,1,6,0
21,1,Heinrich Klaasen,"Apr 13, 2026",League stage,"Rajiv Gandhi International Stadium, Hyderabad",Sunrisers Hyderabad,Rajasthan Royals,40,26,1,3,1,6,0,0,39,23,1,3,0,40,0
21,1,Ishan Kishan,"Apr 13, 2026",League stage,"Rajiv Gandhi International Stadium, Hyderabad",Sunrisers Hyderabad,Rajasthan Royals,91,44,8,6,1,12,35,20,56,24,0,0,0,91,0
21,1,Nitish Reddy,"Apr 13, 2026",League stage,"Rajiv Gandhi International Stadium, Hyderabad",Sunrisers Hyderabad,Rajasthan Royals,28,13,0,4,1,5,0,0,2,4,26,9,0,28,0
21,1,Salil Arora,"Apr 13, 2026",League stage,"Rajiv Gandhi International Stadium, Hyderabad",Sunrisers Hyderabad,Rajasthan Royals,24,13,2,2,0,5,0,0,0,0,24,13,1,24,0
21,1,Travis Head,"Apr 13, 2026",League stage,"Rajiv Gandhi International Stadium, Hyderabad",Sunrisers Hyderabad,Rajasthan Royals,18,18,3,0,1,9,16,15,2,3,0,0,0,18,0
21,2,Dhruv Jurel,"Apr 13, 2026",League stage,"Rajiv Gandhi International Stadium, Hyderabad",Rajasthan Royals,Sunrisers Hyderabad,0,2,0,0,1,2,0,2,0,0,0,0,0,0,1
21,2,Donovan Ferreira,"Apr 13, 2026",League stage,"Rajiv Gandhi International Stadium, Hyderabad",Rajasthan Royals,Sunrisers Hyderabad,69,44,8,3,1,17,14,11,55,33,0,0,0,69,0
21,2,Jofra Archer,"Apr 13, 2026",League stage,"Rajiv Gandhi International Stadium, Hyderabad",Rajasthan Royals,Sunrisers Hyderabad,2,5,0,0,1,3,0,0,0,0,2,5,0,2,0
21,2,Lhuan-dre Pretorius,"Apr 13, 2026",League stage,"Rajiv Gandhi International Stadium, Hyderabad",Rajasthan Royals,Sunrisers Hyderabad,0,2,0,0,1,2,0,2,0,0,0,0,0,0,1
21,2,Nandre Burger,"Apr 13, 2026",League stage,"Rajiv Gandhi International Stadium, Hyderabad",Rajasthan Royals,Sunrisers Hyderabad,3,5,0,0,0,2,0,0,0,0,3,5,1,3,0
21,2,Ravi Bishnoi,"Apr 13, 2026",League stage,"Rajiv Gandhi International Stadium, Hyderabad",Rajasthan Royals,Sunrisers Hyderabad,0,1,0,0,1,1,0,0,0,0,0,1,0,0,1
21,2,Ravindra Jadeja,"Apr 13, 2026",League stage,"Rajiv Gandhi International Stadium, Hyderabad",Rajasthan Royals,Sunrisers Hyderabad,45,32,5,0,1,7,17,9,27,21,1,2,0,45,0
21,2,Riyan Parag,"Apr 13, 2026",League stage,"Rajiv Gandhi International Stadium, Hyderabad",Rajasthan Royals,Sunrisers Hyderabad,4,6,1,0,1,5,4,6,0,0,0,0,0,4,0
21,2,Tushar Deshpande,"Apr 13, 2026",League stage,"Rajiv Gandhi International Stadium, Hyderabad",Rajasthan Royals,Sunrisers Hyderabad,25,11,0,3,1,3,0,0,0,0,25,11,0,25,0
21,2,Vaibhav Sooryavanshi,"Apr 13, 2026",League stage,"Rajiv Gandhi International Stadium, Hyderabad",Rajasthan Royals,Sunrisers Hyderabad,0,1,0,0,1,1,0,1,0,0,0,0,0,0,1
21,2,Yashasvi Jaiswal,"Apr 13, 2026",League stage,"Rajiv Gandhi International Stadium, Hyderabad",Rajasthan Royals,Sunrisers Hyderabad,1,5,0,0,1,4,1,5,0,0,0,0,0,1,0
22,1,Ayush Mhatre,"Apr 14, 2026",League stage,"MA Chidambaram Stadium, Chennai",Chennai Super Kings,Kolkata Knight Riders,38,17,6,2,1,7,38,17,0,0,0,0,0,38,0
22,1,Dewald Brevis,"Apr 14, 2026",League stage,"MA Chidambaram Stadium, Chennai",Chennai Super Kings,Kolkata Knight Riders,41,29,4,2,1,11,0,0,26,21,15,8,0,41,0
22,1,Jamie Overton,"Apr 14, 2026",League stage,"MA Chidambaram Stadium, Chennai",Chennai Super Kings,Kolkata Knight Riders,7,6,1,0,0,2,0,0,0,0,7,6,1,7,0
22,1,Ruturaj Gaikwad,"Apr 14, 2026",League stage,"MA Chidambaram Stadium, Chennai",Chennai Super Kings,Kolkata Knight Riders,7,6,1,0,1,2,7,6,0,0,0,0,0,7,0
22,1,Sanju Samson,"Apr 14, 2026",League stage,"MA Chidambaram Stadium, Chennai",Chennai Super Kings,Kolkata Knight Riders,48,32,4,3,1,11,23,13,25,19,0,0,0,48,0
22,1,Sarfaraz Khan,"Apr 14, 2026",League stage,"MA Chidambaram Stadium, Chennai",Chennai Super Kings,Kolkata Knight Riders,23,18,1,2,1,8,0,0,15,14,8,4,0,23,0
22,1,Shivam Dube,"Apr 14, 2026",League stage,"MA Chidambaram Stadium, Chennai",Chennai Super Kings,Kolkata Knight Riders,13,12,1,0,0,4,0,0,0,0,13,12,1,13,0
22,2,Ajinkya Rahane,"Apr 14, 2026",League stage,"MA Chidambaram Stadium, Chennai",Kolkata Knight Riders,Chennai Super Kings,28,22,0,2,1,5,5,8,23,14,0,0,0,28,0
22,2,Angkrish Raghuvanshi,"Apr 14, 2026",League stage,"MA Chidambaram Stadium, Chennai",Kolkata Knight Riders,Chennai Super Kings,27,19,3,1,1,7,5,8,22,11,0,0,0,27,0
22,2,Anukul Roy,"Apr 14, 2026",League stage,"MA Chidambaram Stadium, Chennai",Kolkata Knight Riders,Chennai Super Kings,1,1,0,0,0,0,0,0,0,0,1,1,1,1,0
22,2,Cameron Green,"Apr 14, 2026",League stage,"MA Chidambaram Stadium, Chennai",Kolkata Knight Riders,Chennai Super Kings,0,1,0,0,1,1,0,0,0,1,0,0,0,0,1
22,2,Finn Allen,"Apr 14, 2026",League stage,"MA Chidambaram Stadium, Chennai",Kolkata Knight Riders,Chennai Super Kings,1,3,0,0,1,2,1,3,0,0,0,0,0,1,0
22,2,Ramandeep Singh,"Apr 14, 2026",League stage,"MA Chidambaram Stadium, Chennai",Kolkata Knight Riders,Chennai Super Kings,35,23,4,1,1,6,0,0,5,7,30,16,0,35,0
22,2,Rinku Singh,"Apr 14, 2026",League stage,"MA Chidambaram Stadium, Chennai",Kolkata Knight Riders,Chennai Super Kings,6,12,0,0,1,6,0,0,6,12,0,0,0,6,0
22,2,Rovman Powell,"Apr 14, 2026",League stage,"MA Chidambaram Stadium, Chennai",Kolkata Knight Riders,Chennai Super Kings,31,22,1,2,0,6,0,0,13,9,18,13,1,31,0
22,2,Sunil Narine,"Apr 14, 2026",League stage,"MA Chidambaram Stadium, Chennai",Kolkata Knight Riders,Chennai Super Kings,24,17,2,2,1,10,24,17,0,0,0,0,0,24,0
23,1,Abdul Samad,"Apr 15, 2026",League stage,"M.Chinnaswamy Stadium, Bengaluru",Lucknow Super Giants,Royal Challengers Bengaluru,0,2,0,0,1,2,0,0,0,2,0,0,0,0,1
23,1,Aiden Markram,"Apr 15, 2026",League stage,"M.Chinnaswamy Stadium, Bengaluru",Lucknow Super Giants,Royal Challengers Bengaluru,12,8,0,1,1,1,12,8,0,0,0,0,0,12,0
23,1,Avesh Khan,"Apr 15, 2026",League stage,"M.Chinnaswamy Stadium, Bengaluru",Lucknow Super Giants,Royal Challengers Bengaluru,1,2,0,0,1,1,0,0,0,0,1,2,0,1,0
23,1,Ayush Badoni,"Apr 15, 2026",League stage,"M.Chinnaswamy Stadium, Bengaluru",Lucknow Super Giants,Royal Challengers Bengaluru,38,24,4,1,1,6,0,0,33,21,5,3,0,38,0
23,1,Digvesh Singh Rathi,"Apr 15, 2026",League stage,"M.Chinnaswamy Stadium, Bengaluru",Lucknow Super Giants,Royal Challengers Bengaluru,0,3,0,0,0,3,0,0,0,0,0,3,1,0,0
23,1,George Linde,"Apr 15, 2026",League stage,"M.Chinnaswamy Stadium, Bengaluru",Lucknow Super Giants,Royal Challengers Bengaluru,7,7,1,0,1,4,0,0,0,0,7,7,0,7,0
23,1,Mitchell Marsh,"Apr 15, 2026",League stage,"M.Chinnaswamy Stadium, Bengaluru",Lucknow Super Giants,Royal Challengers Bengaluru,40,32,3,2,1,12,22,19,18,13,0,0,0,40,0
23,1,Mohammed Shami,"Apr 15, 2026",League stage,"M.Chinnaswamy Stadium, Bengaluru",Lucknow Super Giants,Royal Challengers Bengaluru,0,1,0,0,1,1,0,0,0,0,0,1,0,0,1
23,1,Mukul Choudhary,"Apr 15, 2026",League stage,"M.Chinnaswamy Stadium, Bengaluru",Lucknow Super Giants,Royal Challengers Bengaluru,39,28,3,2,1,10,0,0,23,17,16,11,0,39,0
23,1,Nicholas Pooran,"Apr 15, 2026",League stage,"M.Chinnaswamy Stadium, Bengaluru",Lucknow Super Giants,Royal Challengers Bengaluru,1,7,0,0,1,6,1,6,0,1,0,0,0,1,0
23,1,Rishabh Pant,"Apr 15, 2026",League stage,"M.Chinnaswamy Stadium, Bengaluru",Lucknow Super Giants,Royal Challengers Bengaluru,1,6,0,0,1,5,0,3,0,0,1,3,0,1,0
23,2,Devdutt Padikkal,"Apr 15, 2026",League stage,"M.Chinnaswamy Stadium, Bengaluru",Royal Challengers Bengaluru,Lucknow Super Giants,10,11,1,0,1,4,8,8,2,3,0,0,0,10,0
23,2,Jitesh Sharma,"Apr 15, 2026",League stage,"M.Chinnaswamy Stadium, Bengaluru",Royal Challengers Bengaluru,Lucknow Super Giants,23,9,2,2,1,3,0,0,23,9,0,0,0,23,0
23,2,Phil Salt,"Apr 15, 2026",League stage,"M.Chinnaswamy Stadium, Bengaluru",Royal Challengers Bengaluru,Lucknow Super Giants,7,8,1,0,1,5,7,8,0,0,0,0,0,7,0
23,2,Rajat Patidar,"Apr 15, 2026",League stage,"M.Chinnaswamy Stadium, Bengaluru",Royal Challengers Bengaluru,Lucknow Super Giants,27,13,1,3,1,4,0,0,27,13,0,0,0,27,0
23,2,Romario Shepherd,"Apr 15, 2026",League stage,"M.Chinnaswamy Stadium, Bengaluru",Royal Challengers Bengaluru,Lucknow Super Giants,14,8,1,1,0,2,0,0,10,7,4,1,1,14,0
23,2,Tim David,"Apr 15, 2026",League stage,"M.Chinnaswamy Stadium, Bengaluru",Royal Challengers Bengaluru,Lucknow Super Giants,14,8,1,1,0,3,0,0,14,8,0,0,1,14,0
23,2,Virat Kohli,"Apr 15, 2026",League stage,"M.Chinnaswamy Stadium, Bengaluru",Royal Challengers Bengaluru,Lucknow Super Giants,49,34,6,1,1,9,40,20,9,14,0,0,0,49,0
24,1,Hardik Pandya,"Apr 16, 2026",League stage,"Wankhede Stadium, Mumbai",Mumbai Indians,Punjab Kings,14,12,0,1,1,3,0,0,3,3,11,9,0,14,0
24,1,Naman Dhir,"Apr 16, 2026",League stage,"Wankhede Stadium, Mumbai",Mumbai Indians,Punjab Kings,50,31,3,3,1,7,27,16,23,15,0,0,0,50,0
24,1,Quinton de Kock,"Apr 16, 2026",League stage,"Wankhede Stadium, Mumbai",Mumbai Indians,Punjab Kings,112,60,8,7,0,12,15,11,67,36,30,13,1,112,0
24,1,Ryan Rickelton,"Apr 16, 2026",League stage,"Wankhede Stadium, Mumbai",Mumbai Indians,Punjab Kings,2,8,0,0,1,6,2,8,0,0,0,0,0,2,0
24,1,Sherfane Rutherford,"Apr 16, 2026",League stage,"Wankhede Stadium, Mumbai",Mumbai Indians,Punjab Kings,1,5,0,0,1,4,0,0,0,0,1,5,0,1,0
24,1,Suryakumar Yadav,"Apr 16, 2026",League stage,"Wankhede Stadium, Mumbai",Mumbai Indians,Punjab Kings,0,1,0,0,1,1,0,1,0,0,0,0,0,0,1
24,1,Tilak Varma,"Apr 16, 2026",League stage,"Wankhede Stadium, Mumbai",Mumbai Indians,Punjab Kings,8,3,2,0,1,1,0,0,0,0,8,3,0,8,0
24,2,Cooper Connolly,"Apr 16, 2026",League stage,"Wankhede Stadium, Mumbai",Punjab Kings,Mumbai Indians,17,12,1,2,1,8,17,12,0,0,0,0,0,17,0
24,2,Marcus Stoinis,"Apr 16, 2026",League stage,"Wankhede Stadium, Mumbai",Punjab Kings,Mumbai Indians,10,5,2,0,0,1,0,0,0,0,10,5,1,10,0
24,2,Prabhsimran Singh,"Apr 16, 2026",League stage,"Wankhede Stadium, Mumbai",Punjab Kings,Mumbai Indians,80,39,11,2,0,4,16,9,63,29,1,1,1,80,0
24,2,Priyansh Arya,"Apr 16, 2026",League stage,"Wankhede Stadium, Mumbai",Punjab Kings,Mumbai Indians,15,9,2,1,1,5,15,9,0,0,0,0,0,15,0
24,2,Shreyas Iyer,"Apr 16, 2026",League stage,"Wankhede Stadium, Mumbai",Punjab Kings,Mumbai Indians,66,35,5,4,1,6,12,6,42,26,12,3,0,66,0
25,1,Ajinkya Rahane,"Apr 17, 2026",League stage,"Narendra Modi Stadium, Ahmedabad",Kolkata Knight Riders,Gujarat Titans,0,1,0,0,1,1,0,1,0,0,0,0,0,0,1
25,1,Angkrish Raghuvanshi,"Apr 17, 2026",League stage,"Narendra Modi Stadium, Ahmedabad",Kolkata Knight Riders,Gujarat Titans,8,4,2,0,1,2,8,4,0,0,0,0,0,8,0
25,1,Anukul Roy,"Apr 17, 2026",League stage,"Narendra Modi Stadium, Ahmedabad",Kolkata Knight Riders,Gujarat Titans,9,7,1,0,1,2,0,0,9,7,0,0,0,9,0
25,1,Cameron Green,"Apr 17, 2026",League stage,"Narendra Modi Stadium, Ahmedabad",Kolkata Knight Riders,Gujarat Titans,79,55,7,4,1,22,6,12,69,32,4,11,0,79,0
25,1,Kartik Tyagi,"Apr 17, 2026",League stage,"Narendra Modi Stadium, Ahmedabad",Kolkata Knight Riders,Gujarat Titans,6,4,0,1,1,3,0,0,0,0,6,4,0,6,0
25,1,Ramandeep Singh,"Apr 17, 2026",League stage,"Narendra Modi Stadium, Ahmedabad",Kolkata Knight Riders,Gujarat Titans,17,8,2,1,1,3,0,0,0,0,17,8,0,17,0
25,1,Rinku Singh,"Apr 17, 2026",League stage,"Narendra Modi Stadium, Ahmedabad",Kolkata Knight Riders,Gujarat Titans,1,2,0,0,1,1,0,0,1,1,0,1,0,1,0
25,1,Rovman Powell,"Apr 17, 2026",League stage,"Narendra Modi Stadium, Ahmedabad",Kolkata Knight Riders,Gujarat Titans,27,20,2,2,1,10,2,5,25,15,0,0,0,27,0
25,1,Sunil Narine,"Apr 17, 2026",League stage,"Narendra Modi Stadium, Ahmedabad",Kolkata Knight Riders,Gujarat Titans,0,5,0,0,1,5,0,0,0,0,0,5,0,0,1
25,1,Tim Seifert,"Apr 17, 2026",League stage,"Narendra Modi Stadium, Ahmedabad",Kolkata Knight Riders,Gujarat Titans,19,14,2,1,1,6,19,14,0,0,0,0,0,19,0
25,1,Vaibhav Arora,"Apr 17, 2026",League stage,"Narendra Modi Stadium, Ahmedabad",Kolkata Knight Riders,Gujarat Titans,0,1,0,0,0,1,0,0,0,0,0,1,1,0,0
25,2,Glenn Phillips,"Apr 17, 2026",League stage,"Narendra Modi Stadium, Ahmedabad",Gujarat Titans,Kolkata Knight Riders,19,16,2,0,1,4,0,0,2,2,17,14,0,19,0
25,2,Jos Buttler,"Apr 17, 2026",League stage,"Narendra Modi Stadium, Ahmedabad",Gujarat Titans,Kolkata Knight Riders,25,15,2,2,1,6,14,5,11,10,0,0,0,25,0
25,2,Rahul Tewatia,"Apr 17, 2026",League stage,"Narendra Modi Stadium, Ahmedabad",Gujarat Titans,Kolkata Knight Riders,7,6,0,0,0,0,0,0,0,0,7,6,1,7,0
25,2,Sai Sudharsan,"Apr 17, 2026",League stage,"Narendra Modi Stadium, Ahmedabad",Gujarat Titans,Kolkata Knight Riders,22,16,1,2,1,9,22,16,0,0,0,0,0,22,0
25,2,Shahrukh Khan,"Apr 17, 2026",League stage,"Narendra Modi Stadium, Ahmedabad",Gujarat Titans,Kolkata Knight Riders,3,2,0,0,0,0,0,0,0,0,3,2,1,3,0
25,2,Shubman Gill,"Apr 17, 2026",League stage,"Narendra Modi Stadium, Ahmedabad",Gujarat Titans,Kolkata Knight Riders,86,50,8,4,1,12,34,15,45,29,7,6,0,86,0
25,2,Washington Sundar,"Apr 17, 2026",League stage,"Narendra Modi Stadium, Ahmedabad",Gujarat Titans,Kolkata Knight Riders,13,13,1,0,1,4,0,0,13,13,0,0,0,13,0
26,1,Bhuvneshwar Kumar,"Apr 18, 2026",League stage,"M.Chinnaswamy Stadium, Bengaluru",Royal Challengers Bengaluru,Delhi Capitals,3,2,0,0,0,0,0,0,0,0,3,2,1,3,0
26,1,Devdutt Padikkal,"Apr 18, 2026",League stage,"M.Chinnaswamy Stadium, Bengaluru",Royal Challengers Bengaluru,Delhi Capitals,18,13,1,1,1,4,1,1,17,12,0,0,0,18,0
26,1,Jitesh Sharma,"Apr 18, 2026",League stage,"M.Chinnaswamy Stadium, Bengaluru",Royal Challengers Bengaluru,Delhi Capitals,14,20,1,0,1,9,0,0,3,8,11,12,0,14,0
26,1,Krunal Pandya,"Apr 18, 2026",League stage,"M.Chinnaswamy Stadium, Bengaluru",Royal Challengers Bengaluru,Delhi Capitals,12,10,0,1,0,3,0,0,0,0,12,10,1,12,0
26,1,Phil Salt,"Apr 18, 2026",League stage,"M.Chinnaswamy Stadium, Bengaluru",Royal Challengers Bengaluru,Delhi Capitals,63,38,4,3,1,9,36,22,27,16,0,0,0,63,0
26,1,Rajat Patidar,"Apr 18, 2026",League stage,"M.Chinnaswamy Stadium, Bengaluru",Royal Challengers Bengaluru,Delhi Capitals,8,4,0,1,1,1,0,0,8,4,0,0,0,8,0
26,1,Romario Shepherd,"Apr 18, 2026",League stage,"M.Chinnaswamy Stadium, Bengaluru",Royal Challengers Bengaluru,Delhi Capitals,1,4,0,0,1,3,0,0,0,0,1,4,0,1,0
26,1,Tim David,"Apr 18, 2026",League stage,"M.Chinnaswamy Stadium, Bengaluru",Royal Challengers Bengaluru,Delhi Capitals,26,17,3,1,1,5,0,0,26,15,0,2,0,26,0
26,1,Virat Kohli,"Apr 18, 2026",League stage,"M.Chinnaswamy Stadium, Bengaluru",Royal Challengers Bengaluru,Delhi Capitals,19,13,3,0,1,3,19,13,0,0,0,0,0,19,0
26,2,Axar Patel,"Apr 18, 2026",League stage,"M.Chinnaswamy Stadium, Bengaluru",Delhi Capitals,Royal Challengers Bengaluru,26,19,3,0,0,4,0,0,24,16,2,3,1,26,0
26,2,David Miller,"Apr 18, 2026",League stage,"M.Chinnaswamy Stadium, Bengaluru",Delhi Capitals,Royal Challengers Bengaluru,22,10,1,2,0,1,0,0,0,0,22,10,1,22,0
26,2,Karun Nair,"Apr 18, 2026",League stage,"M.Chinnaswamy Stadium, Bengaluru",Delhi Capitals,Royal Challengers Bengaluru,5,5,1,0,1,3,5,5,0,0,0,0,0,5,0
26,2,Pathum Nissanka,"Apr 18, 2026",League stage,"M.Chinnaswamy Stadium, Bengaluru",Delhi Capitals,Royal Challengers Bengaluru,1,2,0,0,1,1,1,2,0,0,0,0,0,1,0
26,2,Rahul,"Apr 18, 2026",League stage,"M.Chinnaswamy Stadium, Bengaluru",Delhi Capitals,Royal Challengers Bengaluru,57,34,6,2,1,8,31,18,26,16,0,0,0,57,0
26,2,Sameer Rizvi,"Apr 18, 2026",League stage,"M.Chinnaswamy Stadium, Bengaluru",Delhi Capitals,Royal Challengers Bengaluru,2,3,0,0,1,2,2,3,0,0,0,0,0,2,0
26,2,Tristan Stubbs,"Apr 18, 2026",League stage,"M.Chinnaswamy Stadium, Bengaluru",Delhi Capitals,Royal Challengers Bengaluru,60,47,4,1,0,10,9,8,27,23,24,16,1,60,0
27,1,Abhishek Sharma,"Apr 18, 2026",League stage,"Rajiv Gandhi International Stadium, Hyderabad",Sunrisers Hyderabad,Chennai Super Kings,59,22,6,4,1,3,50,15,9,7,0,0,0,59,0
27,1,Aniket Verma,"Apr 18, 2026",League stage,"Rajiv Gandhi International Stadium, Hyderabad",Sunrisers Hyderabad,Chennai Super Kings,2,4,0,0,1,2,0,0,2,4,0,0,0,2,0
27,1,Heinrich Klaasen,"Apr 18, 2026",League stage,"Rajiv Gandhi International Stadium, Hyderabad",Sunrisers Hyderabad,Chennai Super Kings,59,39,6,2,1,12,0,0,43,30,16,9,0,59,0
27,1,Ishan Kishan,"Apr 18, 2026",League stage,"Rajiv Gandhi International Stadium, Hyderabad",Sunrisers Hyderabad,Chennai Super Kings,0,1,0,0,1,1,0,1,0,0,0,0,0,0,1
27,1,Liam Livingstone,"Apr 18, 2026",League stage,"Rajiv Gandhi International Stadium, Hyderabad",Sunrisers Hyderabad,Chennai Super Kings,1,5,0,0,1,4,0,0,0,0,1,5,0,1,0
27,1,Nitish Reddy,"Apr 18, 2026",League stage,"Rajiv Gandhi International Stadium, Hyderabad",Sunrisers Hyderabad,Chennai Super Kings,12,8,0,1,1,2,0,0,12,8,0,0,0,12,0
27,1,Praful Hinge,"Apr 18, 2026",League stage,"Rajiv Gandhi International Stadium, Hyderabad",Sunrisers Hyderabad,Chennai Super Kings,0,1,0,0,0,1,0,0,0,0,0,1,1,0,0
27,1,Salil Arora,"Apr 18, 2026",League stage,"Rajiv Gandhi International Stadium, Hyderabad",Sunrisers Hyderabad,Chennai Super Kings,13,12,2,0,1,5,0,0,6,5,7,7,0,13,0
27,1,Shivang Kumar,"Apr 18, 2026",League stage,"Rajiv Gandhi International Stadium, Hyderabad",Sunrisers Hyderabad,Chennai Super Kings,12,8,1,1,1,4,0,0,0,0,12,8,0,12,0
27,1,Travis Head,"Apr 18, 2026",League stage,"Rajiv Gandhi International Stadium, Hyderabad",Sunrisers Hyderabad,Chennai Super Kings,23,20,3,1,1,11,23,20,0,0,0,0,0,23,0
27,2,Anshul Kamboj,"Apr 18, 2026",League stage,"Rajiv Gandhi International Stadium, Hyderabad",Chennai Super Kings,Sunrisers Hyderabad,13,8,0,1,0,0,0,0,0,0,13,8,1,13,0
27,2,Ayush Mhatre,"Apr 18, 2026",League stage,"Rajiv Gandhi International Stadium, Hyderabad",Chennai Super Kings,Sunrisers Hyderabad,30,13,5,1,1,5,30,13,0,0,0,0,0,30,0
27,2,Dewald Brevis,"Apr 18, 2026",League stage,"Rajiv Gandhi International Stadium, Hyderabad",Chennai Super Kings,Sunrisers Hyderabad,0,4,0,0,1,4,0,0,0,4,0,0,0,0,1
27,2,Jamie Overton,"Apr 18, 2026",League stage,"Rajiv Gandhi International Stadium, Hyderabad",Chennai Super Kings,Sunrisers Hyderabad,16,15,1,0,1,5,0,0,0,0,16,15,0,16,0
27,2,Matthew Short,"Apr 18, 2026",League stage,"Rajiv Gandhi International Stadium, Hyderabad",Chennai Super Kings,Sunrisers Hyderabad,34,30,3,0,1,8,5,4,29,25,0,1,0,34,0
27,2,Noor Ahmad,"Apr 18, 2026",League stage,"Rajiv Gandhi International Stadium, Hyderabad",Chennai Super Kings,Sunrisers Hyderabad,1,1,0,0,0,0,0,0,0,0,1,1,1,1,0
27,2,Ruturaj Gaikwad,"Apr 18, 2026",League stage,"Rajiv Gandhi International Stadium, Hyderabad",Chennai Super Kings,Sunrisers Hyderabad,19,13,3,0,1,5,19,13,0,0,0,0,0,19,0
27,2,Sanju Samson,"Apr 18, 2026",League stage,"Rajiv Gandhi International Stadium, Hyderabad",Chennai Super Kings,Sunrisers Hyderabad,7,3,0,1,1,1,7,3,0,0,0,0,0,7,0
27,2,Sarfaraz Khan,"Apr 18, 2026",League stage,"Rajiv Gandhi International Stadium, Hyderabad",Chennai Super Kings,Sunrisers Hyderabad,25,19,3,0,1,5,4,3,21,16,0,0,0,25,0
27,2,Shivam Dube,"Apr 18, 2026",League stage,"Rajiv Gandhi International Stadium, Hyderabad",Chennai Super Kings,Sunrisers Hyderabad,21,16,1,1,1,4,0,0,13,10,8,6,0,21,0
28,1,Brijesh Sharma,"Apr 19, 2026",League stage,"Eden Gardens, Kolkata",Rajasthan Royals,Kolkata Knight Riders,1,3,0,0,0,2,0,0,0,0,1,3,1,1,0
28,1,Dhruv Jurel,"Apr 19, 2026",League stage,"Eden Gardens, Kolkata",Rajasthan Royals,Kolkata Knight Riders,5,7,0,0,1,3,0,0,5,7,0,0,0,5,0
28,1,Donovan Ferreira,"Apr 19, 2026",League stage,"Eden Gardens, Kolkata",Rajasthan Royals,Kolkata Knight Riders,7,7,0,1,1,5,0,0,1,1,6,6,0,7,0
28,1,Jaiswal,"Apr 19, 2026",League stage,"Eden Gardens, Kolkata",Rajasthan Royals,Kolkata Knight Riders,1,1,0,0,0,0,0,0,1,1,0,0,1,1,0
28,1,Jofra Archer,"Apr 19, 2026",League stage,"Eden Gardens, Kolkata",Rajasthan Royals,Kolkata Knight Riders,8,5,1,0,0,1,0,0,0,0,8,5,1,8,0
28,1,Ravi Bishnoi,"Apr 19, 2026",League stage,"Eden Gardens, Kolkata",Rajasthan Royals,Kolkata Knight Riders,0,2,0,0,1,2,0,0,0,0,0,2,0,0,1
28,1,Ravindra Jadeja,"Apr 19, 2026",League stage,"Eden Gardens, Kolkata",Rajasthan Royals,Kolkata Knight Riders,9,7,1,0,1,2,0,0,0,0,9,7,0,9,0
28,1,Riyan Parag,"Apr 19, 2026",League stage,"Eden Gardens, Kolkata",Rajasthan Royals,Kolkata Knight Riders,12,14,1,0,1,6,0,0,12,14,0,0,0,12,0
28,1,Shimron Hetmyer,"Apr 19, 2026",League stage,"Eden Gardens, Kolkata",Rajasthan Royals,Kolkata Knight Riders,15,18,0,0,1,6,0,0,7,11,8,7,0,15,0
28,1,Vaibhav Sooryavanshi,"Apr 19, 2026",League stage,"Eden Gardens, Kolkata",Rajasthan Royals,Kolkata Knight Riders,46,28,6,2,1,10,38,21,8,7,0,0,0,46,0
28,1,Yashasvi Jaiswal,"Apr 19, 2026",League stage,"Eden Gardens, Kolkata",Rajasthan Royals,Kolkata Knight Riders,38,28,4,2,1,13,21,15,17,13,0,0,0,38,0
28,2,Ajinkya Rahane,"Apr 19, 2026",League stage,"Eden Gardens, Kolkata",Kolkata Knight Riders,Rajasthan Royals,0,2,0,0,1,2,0,2,0,0,0,0,0,0,1
28,2,Angkrish Raghuvanshi,"Apr 19, 2026",League stage,"Eden Gardens, Kolkata",Kolkata Knight Riders,Rajasthan Royals,10,18,1,0,1,11,10,14,0,4,0,0,0,10,0
28,2,Anukul Roy,"Apr 19, 2026",League stage,"Eden Gardens, Kolkata",Kolkata Knight Riders,Rajasthan Royals,29,16,1,2,0,3,0,0,4,5,25,11,1,29,0
28,2,Cameron Green,"Apr 19, 2026",League stage,"Eden Gardens, Kolkata",Kolkata Knight Riders,Rajasthan Royals,27,13,4,1,0,4,27,13,0,0,0,0,1,27,0
28,2,Ramandeep Singh,"Apr 19, 2026",League stage,"Eden Gardens, Kolkata",Kolkata Knight Riders,Rajasthan Royals,10,13,1,0,1,6,0,0,10,13,0,0,0,10,0
28,2,Rinku Singh,"Apr 19, 2026",League stage,"Eden Gardens, Kolkata",Kolkata Knight Riders,Rajasthan Royals,53,34,5,2,0,7,0,0,19,17,34,17,1,53,0
28,2,Rovman Powell,"Apr 19, 2026",League stage,"Eden Gardens, Kolkata",Kolkata Knight Riders,Rajasthan Royals,24,21,2,1,1,8,13,6,11,15,0,0,0,24,0
28,2,Tim Seifert,"Apr 19, 2026",League stage,"Eden Gardens, Kolkata",Kolkata Knight Riders,Rajasthan Royals,0,1,0,0,1,1,0,1,0,0,0,0,0,0,1
29,1,Cooper Connolly,"Apr 19, 2026",League stage,"Maharaja Yadavindra Singh International Cricket Stadium, Mullanpur, New Chandigarh",Punjab Kings,Lucknow Super Giants,87,46,8,7,1,18,19,22,68,24,0,0,0,87,0
29,1,Marco Jansen,"Apr 19, 2026",League stage,"Maharaja Yadavindra Singh International Cricket Stadium, Mullanpur, New Chandigarh",Punjab Kings,Lucknow Super Giants,1,1,0,0,0,0,0,0,0,0,1,1,1,1,0
29,1,Marcus Stoinis,"Apr 19, 2026",League stage,"Maharaja Yadavindra Singh International Cricket Stadium, Mullanpur, New Chandigarh",Punjab Kings,Lucknow Super Giants,29,16,2,2,1,4,0,0,3,2,26,14,0,29,0
29,1,Nehal Wadhera,"Apr 19, 2026",League stage,"Maharaja Yadavindra Singh International Cricket Stadium, Mullanpur, New Chandigarh",Punjab Kings,Lucknow Super Giants,13,7,1,1,1,2,0,0,0,0,13,7,0,13,0
29,1,Prabhsimran Singh,"Apr 19, 2026",League stage,"Maharaja Yadavindra Singh International Cricket Stadium, Mullanpur, New Chandigarh",Punjab Kings,Lucknow Super Giants,0,1,0,0,1,1,0,1,0,0,0,0,0,0,1
29,1,Priyansh Arya,"Apr 19, 2026",League stage,"Maharaja Yadavindra Singh International Cricket Stadium, Mullanpur, New Chandigarh",Punjab Kings,Lucknow Super Giants,93,37,4,9,1,5,40,13,53,24,0,0,0,93,0
29,1,Shashank Singh,"Apr 19, 2026",League stage,"Maharaja Yadavindra Singh International Cricket Stadium, Mullanpur, New Chandigarh",Punjab Kings,Lucknow Super Giants,17,6,1,2,1,2,0,0,0,0,17,6,0,17,0
29,1,Shreyas Iyer,"Apr 19, 2026",League stage,"Maharaja Yadavindra Singh International Cricket Stadium, Mullanpur, New Chandigarh",Punjab Kings,Lucknow Super Giants,5,6,0,0,1,2,0,0,5,4,0,2,0,5,0
29,2,Aiden Markram,"Apr 19, 2026",League stage,"Maharaja Yadavindra Singh International Cricket Stadium, Mullanpur, New Chandigarh",Lucknow Super Giants,Punjab Kings,42,22,3,3,1,3,0,0,6,6,36,16,0,42,0
29,2,Ayush Badoni,"Apr 19, 2026",League stage,"Maharaja Yadavindra Singh International Cricket Stadium, Mullanpur, New Chandigarh",Lucknow Super Giants,Punjab Kings,35,21,5,1,1,8,35,21,0,0,0,0,0,35,0
29,2,Himmat Singh,"Apr 19, 2026",League stage,"Maharaja Yadavindra Singh International Cricket Stadium, Mullanpur, New Chandigarh",Lucknow Super Giants,Punjab Kings,1,1,0,0,0,0,0,0,0,0,1,1,1,1,0
29,2,Mitchell Marsh,"Apr 19, 2026",League stage,"Maharaja Yadavindra Singh International Cricket Stadium, Mullanpur, New Chandigarh",Lucknow Super Giants,Punjab Kings,40,28,3,2,1,9,24,15,16,13,0,0,0,40,0
29,2,Mukul Choudhary,"Apr 19, 2026",League stage,"Maharaja Yadavindra Singh International Cricket Stadium, Mullanpur, New Chandigarh",Lucknow Super Giants,Punjab Kings,21,17,1,1,0,5,0,0,2,3,19,14,1,21,0
29,2,Nicholas Pooran,"Apr 19, 2026",League stage,"Maharaja Yadavindra Singh International Cricket Stadium, Mullanpur, New Chandigarh",Lucknow Super Giants,Punjab Kings,9,9,1,0,1,4,0,0,9,9,0,0,0,9,0
29,2,Rishabh Pant,"Apr 19, 2026",League stage,"Maharaja Yadavindra Singh International Cricket Stadium, Mullanpur, New Chandigarh",Lucknow Super Giants,Punjab Kings,43,23,1,4,1,5,0,0,43,23,0,0,0,43,0
30,1,Danish Malewar,"Apr 20, 2026",League stage,"Narendra Modi Stadium, Ahmedabad",Mumbai Indians,Gujarat Titans,2,4,0,0,1,2,2,4,0,0,0,0,0,2,0
30,1,Hardik Pandya,"Apr 20, 2026",League stage,"Narendra Modi Stadium, Ahmedabad",Mumbai Indians,Gujarat Titans,15,16,1,0,1,7,0,0,4,6,11,10,0,15,0
30,1,Naman Dhir,"Apr 20, 2026",League stage,"Narendra Modi Stadium, Ahmedabad",Mumbai Indians,Gujarat Titans,45,32,6,1,1,13,11,10,34,22,0,0,0,45,0
30,1,Quinton de Kock,"Apr 20, 2026",League stage,"Narendra Modi Stadium, Ahmedabad",Mumbai Indians,Gujarat Titans,13,11,1,1,1,6,13,11,0,0,0,0,0,13,0
30,1,Sherfane Rutherford,"Apr 20, 2026",League stage,"Narendra Modi Stadium, Ahmedabad",Mumbai Indians,Gujarat Titans,1,2,0,0,0,1,0,0,0,0,1,2,1,1,0
30,1,Suryakumar Yadav,"Apr 20, 2026",League stage,"Narendra Modi Stadium, Ahmedabad",Mumbai Indians,Gujarat Titans,15,10,1,1,1,3,15,10,0,0,0,0,0,15,0
30,1,Tilak Varma,"Apr 20, 2026",League stage,"Narendra Modi Stadium, Ahmedabad",Mumbai Indians,Gujarat Titans,101,45,8,7,0,7,2,1,34,26,65,18,1,101,0
30,2,Ashok Sharma,"Apr 20, 2026",League stage,"Narendra Modi Stadium, Ahmedabad",Gujarat Titans,Mumbai Indians,1,3,0,0,0,2,0,0,1,3,0,0,1,1,0
30,2,Glenn Phillips,"Apr 20, 2026",League stage,"Narendra Modi Stadium, Ahmedabad",Gujarat Titans,Mumbai Indians,6,8,0,0,1,3,4,5,2,3,0,0,0,6,0
30,2,Jos Buttler,"Apr 20, 2026",League stage,"Narendra Modi Stadium, Ahmedabad",Gujarat Titans,Mumbai Indians,5,6,1,0,1,4,5,6,0,0,0,0,0,5,0
30,2,Kagiso Rabada,"Apr 20, 2026",League stage,"Narendra Modi Stadium, Ahmedabad",Gujarat Titans,Mumbai Indians,12,14,2,0,1,8,0,0,12,12,0,2,0,12,0
30,2,Mohammed Siraj,"Apr 20, 2026",League stage,"Narendra Modi Stadium, Ahmedabad",Gujarat Titans,Mumbai Indians,0,3,0,0,1,3,0,0,0,0,0,3,0,0,1
30,2,Rahul Tewatia,"Apr 20, 2026",League stage,"Narendra Modi Stadium, Ahmedabad",Gujarat Titans,Mumbai Indians,8,11,1,0,1,6,0,0,8,11,0,0,0,8,0
30,2,Rashid Khan,"Apr 20, 2026",League stage,"Narendra Modi Stadium, Ahmedabad",Gujarat Titans,Mumbai Indians,4,6,0,0,1,3,0,0,4,6,0,0,0,4,0
30,2,Sai Sudharsan,"Apr 20, 2026",League stage,"Narendra Modi Stadium, Ahmedabad",Gujarat Titans,Mumbai Indians,0,1,0,0,1,1,0,1,0,0,0,0,0,0,1
30,2,Shahrukh Khan,"Apr 20, 2026",League stage,"Narendra Modi Stadium, Ahmedabad",Gujarat Titans,Mumbai Indians,17,13,1,1,1,5,0,0,17,13,0,0,0,17,0
30,2,Shubman Gill,"Apr 20, 2026",League stage,"Narendra Modi Stadium, Ahmedabad",Gujarat Titans,Mumbai Indians,14,13,3,0,1,8,14,13,0,0,0,0,0,14,0
30,2,Washington Sundar,"Apr 20, 2026",League stage,"Narendra Modi Stadium, Ahmedabad",Gujarat Titans,Mumbai Indians,26,17,5,0,1,7,19,11,7,6,0,0,0,26,0
31,1,Abhishek Sharma,"Apr 21, 2026",League stage,"Rajiv Gandhi International Stadium, Hyderabad",Sunrisers Hyderabad,Delhi Capitals,135,68,10,10,0,17,42,19,73,32,20,17,1,135,0
31,1,Heinrich Klaasen,"Apr 21, 2026",League stage,"Rajiv Gandhi International Stadium, Hyderabad",Sunrisers Hyderabad,Delhi Capitals,37,13,3,3,0,0,0,0,0,0,37,13,1,37,0
31,1,Ishan Kishan,"Apr 21, 2026",League stage,"Rajiv Gandhi International Stadium, Hyderabad",Sunrisers Hyderabad,Delhi Capitals,25,13,2,1,0,0,0,0,25,13,0,0,1,25,0
31,1,Travis Head,"Apr 21, 2026",League stage,"Rajiv Gandhi International Stadium, Hyderabad",Sunrisers Hyderabad,Delhi Capitals,37,26,2,2,1,9,23,17,14,9,0,0,0,37,0
31,2,Ashutosh Sharma,"Apr 21, 2026",League stage,"Rajiv Gandhi International Stadium, Hyderabad",Delhi Capitals,Sunrisers Hyderabad,14,10,2,0,1,4,0,0,0,0,14,10,0,14,0
31,2,Axar Patel,"Apr 21, 2026",League stage,"Rajiv Gandhi International Stadium, Hyderabad",Delhi Capitals,Sunrisers Hyderabad,2,3,0,0,1,1,0,0,0,0,2,3,0,2,0
31,2,David Miller,"Apr 21, 2026",League stage,"Rajiv Gandhi International Stadium, Hyderabad",Delhi Capitals,Sunrisers Hyderabad,0,1,0,0,1,1,0,0,0,1,0,0,0,0,1
31,2,Kuldeep Yadav,"Apr 21, 2026",League stage,"Rajiv Gandhi International Stadium, Hyderabad",Delhi Capitals,Sunrisers Hyderabad,1,2,0,0,0,1,0,0,0,0,1,2,1,1,0
31,2,Lungi Ngidi,"Apr 21, 2026",League stage,"Rajiv Gandhi International Stadium, Hyderabad",Delhi Capitals,Sunrisers Hyderabad,0,1,0,0,1,1,0,0,0,0,0,1,0,0,1
31,2,Nitish Rana,"Apr 21, 2026",League stage,"Rajiv Gandhi International Stadium, Hyderabad",Delhi Capitals,Sunrisers Hyderabad,57,30,7,3,1,11,27,17,30,13,0,0,0,57,0
31,2,Pathum Nissanka,"Apr 21, 2026",League stage,"Rajiv Gandhi International Stadium, Hyderabad",Delhi Capitals,Sunrisers Hyderabad,8,6,0,1,1,3,8,6,0,0,0,0,0,8,0
31,2,Rahul,"Apr 21, 2026",League stage,"Rajiv Gandhi International Stadium, Hyderabad",Delhi Capitals,Sunrisers Hyderabad,37,23,1,3,1,6,22,13,15,10,0,0,0,37,0
31,2,Sameer Rizvi,"Apr 21, 2026",League stage,"Rajiv Gandhi International Stadium, Hyderabad",Delhi Capitals,Sunrisers Hyderabad,41,28,2,2,1,6,0,0,31,18,10,10,0,41,0
31,2,Tristan Stubbs,"Apr 21, 2026",League stage,"Rajiv Gandhi International Stadium, Hyderabad",Delhi Capitals,Sunrisers Hyderabad,27,16,3,1,1,4,0,0,17,12,10,4,0,27,0
32,1,Dhruv Jurel,"Apr 22, 2026",League stage,"Bharat Ratna Shri Atal Bihari Vajpayee Ekana Cricket Stadium, Lucknow",Rajasthan Royals,Lucknow Super Giants,0,1,0,0,1,1,0,1,0,0,0,0,0,0,1
32,1,Donovan Ferreira,"Apr 22, 2026",League stage,"Bharat Ratna Shri Atal Bihari Vajpayee Ekana Cricket Stadium, Lucknow",Rajasthan Royals,Lucknow Super Giants,20,19,2,0,1,7,0,0,20,17,0,2,0,20,0
32,1,Ravindra Jadeja,"Apr 22, 2026",League stage,"Bharat Ratna Shri Atal Bihari Vajpayee Ekana Cricket Stadium, Lucknow",Rajasthan Royals,Lucknow Super Giants,43,29,2,1,0,6,0,0,11,12,32,17,1,43,0
32,1,Riyan Parag,"Apr 22, 2026",League stage,"Bharat Ratna Shri Atal Bihari Vajpayee Ekana Cricket Stadium, Lucknow",Rajasthan Royals,Lucknow Super Giants,20,19,2,1,1,11,9,9,11,10,0,0,0,20,0
32,1,Shimron Hetmyer,"Apr 22, 2026",League stage,"Bharat Ratna Shri Atal Bihari Vajpayee Ekana Cricket Stadium, Lucknow",Rajasthan Royals,Lucknow Super Giants,22,18,2,1,1,8,2,3,20,15,0,0,0,22,0
32,1,Shubham Dubey,"Apr 22, 2026",League stage,"Bharat Ratna Shri Atal Bihari Vajpayee Ekana Cricket Stadium, Lucknow",Rajasthan Royals,Lucknow Super Giants,19,11,3,0,0,2,0,0,0,0,19,11,1,19,0
32,1,Vaibhav Sooryavanshi,"Apr 22, 2026",League stage,"Bharat Ratna Shri Atal Bihari Vajpayee Ekana Cricket Stadium, Lucknow",Rajasthan Royals,Lucknow Super Giants,8,11,2,0,1,9,8,11,0,0,0,0,0,8,0
32,1,Yashasvi Jaiswal,"Apr 22, 2026",League stage,"Bharat Ratna Shri Atal Bihari Vajpayee Ekana Cricket Stadium, Lucknow",Rajasthan Royals,Lucknow Super Giants,22,12,4,0,1,6,22,12,0,0,0,0,0,22,0
32,2,Aiden Markram,"Apr 22, 2026",League stage,"Bharat Ratna Shri Atal Bihari Vajpayee Ekana Cricket Stadium, Lucknow",Lucknow Super Giants,Rajasthan Royals,0,6,0,0,1,6,0,6,0,0,0,0,0,0,1
32,2,Ayush Badoni,"Apr 22, 2026",League stage,"Bharat Ratna Shri Atal Bihari Vajpayee Ekana Cricket Stadium, Lucknow",Lucknow Super Giants,Rajasthan Royals,0,1,0,0,1,1,0,1,0,0,0,0,0,0,1
32,2,Digvesh Singh Rathi,"Apr 22, 2026",League stage,"Bharat Ratna Shri Atal Bihari Vajpayee Ekana Cricket Stadium, Lucknow",Lucknow Super Giants,Rajasthan Royals,2,2,0,0,0,0,0,0,0,0,2,2,1,2,0
32,2,Himmat Singh,"Apr 22, 2026",League stage,"Bharat Ratna Shri Atal Bihari Vajpayee Ekana Cricket Stadium, Lucknow",Lucknow Super Giants,Rajasthan Royals,15,15,0,1,1,5,0,0,15,15,0,0,0,15,0
32,2,Mayank Yadav,"Apr 22, 2026",League stage,"Bharat Ratna Shri Atal Bihari Vajpayee Ekana Cricket Stadium, Lucknow",Lucknow Super Giants,Rajasthan Royals,5,5,1,0,1,3,0,0,0,0,5,5,0,5,0
32,2,Mitchell Marsh,"Apr 22, 2026",League stage,"Bharat Ratna Shri Atal Bihari Vajpayee Ekana Cricket Stadium, Lucknow",Lucknow Super Giants,Rajasthan Royals,55,41,6,2,1,15,23,16,26,22,6,3,0,55,0
32,2,Mohammed Shami,"Apr 22, 2026",League stage,"Bharat Ratna Shri Atal Bihari Vajpayee Ekana Cricket Stadium, Lucknow",Lucknow Super Giants,Rajasthan Royals,6,4,0,1,1,3,0,0,0,0,6,4,0,6,0
32,2,Mohsin Khan,"Apr 22, 2026",League stage,"Bharat Ratna Shri Atal Bihari Vajpayee Ekana Cricket Stadium, Lucknow",Lucknow Super Giants,Rajasthan Royals,0,3,0,0,1,3,0,0,0,0,0,3,0,0,1
32,2,Mukul Choudhary,"Apr 22, 2026",League stage,"Bharat Ratna Shri Atal Bihari Vajpayee Ekana Cricket Stadium, Lucknow",Lucknow Super Giants,Rajasthan Royals,7,3,0,1,1,1,0,0,7,2,0,1,0,7,0
32,2,Nicholas Pooran,"Apr 22, 2026",League stage,"Bharat Ratna Shri Atal Bihari Vajpayee Ekana Cricket Stadium, Lucknow",Lucknow Super Giants,Rajasthan Royals,22,25,3,0,1,14,6,10,16,15,0,0,0,22,0
32,2,Rishabh Pant,"Apr 22, 2026",League stage,"Bharat Ratna Shri Atal Bihari Vajpayee Ekana Cricket Stadium, Lucknow",Lucknow Super Giants,Rajasthan Royals,0,3,0,0,1,3,0,3,0,0,0,0,0,0,1
33,1,Akeal Hosein,"Apr 23, 2026",League stage,"Wankhede Stadium, Mumbai",Chennai Super Kings,Mumbai Indians,2,2,0,0,0,0,0,0,0,0,2,2,1,2,0
33,1,Dewald Brevis,"Apr 23, 2026",League stage,"Wankhede Stadium, Mumbai",Chennai Super Kings,Mumbai Indians,21,11,1,2,1,3,0,0,21,11,0,0,0,21,0
33,1,Jamie Overton,"Apr 23, 2026",League stage,"Wankhede Stadium, Mumbai",Chennai Super Kings,Mumbai Indians,15,7,2,1,1,3,0,0,0,0,15,7,0,15,0
33,1,Kartik Sharma,"Apr 23, 2026",League stage,"Wankhede Stadium, Mumbai",Chennai Super Kings,Mumbai Indians,18,19,0,2,1,11,0,0,18,15,0,4,0,18,0
33,1,Ruturaj Gaikwad,"Apr 23, 2026",League stage,"Wankhede Stadium, Mumbai",Chennai Super Kings,Mumbai Indians,22,14,3,1,1,7,22,14,0,0,0,0,0,22,0
33,1,Sanju Samson,"Apr 23, 2026",League stage,"Wankhede Stadium, Mumbai",Chennai Super Kings,Mumbai Indians,101,54,10,6,0,12,31,15,31,21,39,18,1,101,0
33,1,Sarfaraz Khan,"Apr 23, 2026",League stage,"Wankhede Stadium, Mumbai",Chennai Super Kings,Mumbai Indians,14,8,3,0,1,3,14,8,0,0,0,0,0,14,0
33,1,Shivam Dube,"Apr 23, 2026",League stage,"Wankhede Stadium, Mumbai",Chennai Super Kings,Mumbai Indians,5,8,0,0,1,3,1,1,4,7,0,0,0,5,0
33,2,Ashwani Kumar,"Apr 23, 2026",League stage,"Wankhede Stadium, Mumbai",Mumbai Indians,Chennai Super Kings,1,6,0,0,0,5,0,0,0,0,1,6,1,1,0
33,2,Danish Malewar,"Apr 23, 2026",League stage,"Wankhede Stadium, Mumbai",Mumbai Indians,Chennai Super Kings,0,1,0,0,1,1,0,1,0,0,0,0,0,0,1
33,2,Hardik Pandya,"Apr 23, 2026",League stage,"Wankhede Stadium, Mumbai",Mumbai Indians,Chennai Super Kings,1,2,0,0,1,1,0,0,1,2,0,0,0,1,0
33,2,Jasprit Bumrah,"Apr 23, 2026",League stage,"Wankhede Stadium, Mumbai",Mumbai Indians,Chennai Super Kings,2,5,0,0,1,3,0,0,0,0,2,5,0,2,0
33,2,Krish Bhagat,"Apr 23, 2026",League stage,"Wankhede Stadium, Mumbai",Mumbai Indians,Chennai Super Kings,7,15,0,0,1,9,0,0,4,8,3,7,0,7,0
33,2,Naman Dhir,"Apr 23, 2026",League stage,"Wankhede Stadium, Mumbai",Mumbai Indians,Chennai Super Kings,0,3,0,0,1,3,0,3,0,0,0,0,0,0,1
33,2,Quinton de Kock,"Apr 23, 2026",League stage,"Wankhede Stadium, Mumbai",Mumbai Indians,Chennai Super Kings,7,10,0,1,1,8,7,10,0,0,0,0,0,7,0
33,2,Shardul Thakur,"Apr 23, 2026",League stage,"Wankhede Stadium, Mumbai",Mumbai Indians,Chennai Super Kings,6,12,0,0,1,6,0,0,3,6,3,6,0,6,0
33,2,Sherfane Rutherford,"Apr 23, 2026",League stage,"Wankhede Stadium, Mumbai",Mumbai Indians,Chennai Super Kings,0,1,0,0,1,1,0,0,0,1,0,0,0,0,1
33,2,Suryakumar Yadav,"Apr 23, 2026",League stage,"Wankhede Stadium, Mumbai",Mumbai Indians,Chennai Super Kings,36,30,5,0,1,12,11,10,25,20,0,0,0,36,0
33,2,Tilak Varma,"Apr 23, 2026",League stage,"Wankhede Stadium, Mumbai",Mumbai Indians,Chennai Super Kings,37,29,5,0,1,8,9,12,28,17,0,0,0,37,0
34,1,Jason Holder,"Apr 24, 2026",League stage,"M.Chinnaswamy Stadium, Bengaluru",Gujarat Titans,Royal Challengers Bengaluru,23,10,1,2,0,2,0,0,0,0,23,10,1,23,0
34,1,Jos Buttler,"Apr 24, 2026",League stage,"M.Chinnaswamy Stadium, Bengaluru",Gujarat Titans,Royal Challengers Bengaluru,25,16,2,1,1,3,0,0,17,9,8,7,0,25,0
34,1,Sai Sudharsan,"Apr 24, 2026",League stage,"M.Chinnaswamy Stadium, Bengaluru",Gujarat Titans,Royal Challengers Bengaluru,100,58,11,5,1,18,46,29,54,28,0,1,0,100,0
34,1,Shubman Gill,"Apr 24, 2026",League stage,"M.Chinnaswamy Stadium, Bengaluru",Gujarat Titans,Royal Challengers Bengaluru,32,24,2,1,1,4,9,7,23,17,0,0,0,32,0
34,1,Washington Sundar,"Apr 24, 2026",League stage,"M.Chinnaswamy Stadium, Bengaluru",Gujarat Titans,Royal Challengers Bengaluru,19,12,1,1,0,2,0,0,0,0,19,12,1,19,0
34,2,Devdutt Padikkal,"Apr 24, 2026",League stage,"M.Chinnaswamy Stadium, Bengaluru",Royal Challengers Bengaluru,Gujarat Titans,55,27,2,6,1,8,20,11,35,16,0,0,0,55,0
34,2,Jacob Bethell,"Apr 24, 2026",League stage,"M.Chinnaswamy Stadium, Bengaluru",Royal Challengers Bengaluru,Gujarat Titans,14,10,3,0,1,5,14,10,0,0,0,0,0,14,0
34,2,Jitesh Sharma,"Apr 24, 2026",League stage,"M.Chinnaswamy Stadium, Bengaluru",Royal Challengers Bengaluru,Gujarat Titans,10,6,1,1,1,4,0,0,10,6,0,0,0,10,0
34,2,Krunal Pandya,"Apr 24, 2026",League stage,"M.Chinnaswamy Stadium, Bengaluru",Royal Challengers Bengaluru,Gujarat Titans,23,12,3,1,0,3,0,0,0,0,23,12,1,23,0
34,2,Rajat Patidar,"Apr 24, 2026",League stage,"M.Chinnaswamy Stadium, Bengaluru",Royal Challengers Bengaluru,Gujarat Titans,8,5,0,1,1,2,0,0,7,3,1,2,0,8,0
34,2,Tim David,"Apr 24, 2026",League stage,"M.Chinnaswamy Stadium, Bengaluru",Royal Challengers Bengaluru,Gujarat Titans,10,9,0,1,0,4,0,0,0,0,10,9,1,10,0
34,2,Virat Kohli,"Apr 24, 2026",League stage,"M.Chinnaswamy Stadium, Bengaluru",Royal Challengers Bengaluru,Gujarat Titans,81,44,8,4,1,10,22,15,59,29,0,0,0,81,0
35,1,David Miller,"Apr 25, 2026",League stage,"Arun Jaitley Stadium, Delhi",Delhi Capitals,Punjab Kings,3,3,0,0,0,0,0,0,0,0,3,3,1,3,0
35,1,Nitish Rana,"Apr 25, 2026",League stage,"Arun Jaitley Stadium, Delhi",Delhi Capitals,Punjab Kings,91,44,11,4,1,8,22,13,50,23,19,8,0,91,0
35,1,Pathum Nissanka,"Apr 25, 2026",League stage,"Arun Jaitley Stadium, Delhi",Delhi Capitals,Punjab Kings,11,7,2,0,1,2,11,7,0,0,0,0,0,11,0
35,1,Rahul,"Apr 25, 2026",League stage,"Arun Jaitley Stadium, Delhi",Delhi Capitals,Punjab Kings,152,67,16,9,0,10,35,16,68,32,49,19,1,152,0
35,2,Cooper Connolly,"Apr 25, 2026",League stage,"Arun Jaitley Stadium, Delhi",Punjab Kings,Delhi Capitals,17,10,1,1,1,2,0,0,17,10,0,0,0,17,0
35,2,Nehal Wadhera,"Apr 25, 2026",League stage,"Arun Jaitley Stadium, Delhi",Punjab Kings,Delhi Capitals,25,15,3,1,1,4,0,0,25,15,0,0,0,25,0
35,2,Prabhsimran Singh,"Apr 25, 2026",League stage,"Arun Jaitley Stadium, Delhi",Punjab Kings,Delhi Capitals,76,26,9,5,1,3,71,23,5,3,0,0,0,76,0
35,2,Priyansh Arya,"Apr 25, 2026",League stage,"Arun Jaitley Stadium, Delhi",Punjab Kings,Delhi Capitals,43,17,2,5,1,5,38,14,5,3,0,0,0,43,0
35,2,Shashank Singh,"Apr 25, 2026",League stage,"Arun Jaitley Stadium, Delhi",Punjab Kings,Delhi Capitals,19,10,2,1,0,2,0,0,1,2,18,8,1,19,0
35,2,Shreyas Iyer,"Apr 25, 2026",League stage,"Arun Jaitley Stadium, Delhi",Punjab Kings,Delhi Capitals,71,36,3,7,0,10,0,0,29,21,42,15,1,71,0
36,1,Dhruv Jurel,"Apr 25, 2026",League stage,"Sawai Mansingh Stadium, Jaipur",Rajasthan Royals,Sunrisers Hyderabad,50,34,8,1,1,14,14,12,36,22,0,0,0,50,0
36,1,Donovan Ferreira,"Apr 25, 2026",League stage,"Sawai Mansingh Stadium, Jaipur",Rajasthan Royals,Sunrisers Hyderabad,33,16,3,3,1,7,0,0,9,4,24,12,0,33,0
36,1,Jofra Archer,"Apr 25, 2026",League stage,"Sawai Mansingh Stadium, Jaipur",Rajasthan Royals,Sunrisers Hyderabad,2,2,0,0,0,1,0,0,0,0,2,2,1,2,0
36,1,Ravindra Jadeja,"Apr 25, 2026",League stage,"Sawai Mansingh Stadium, Jaipur",Rajasthan Royals,Sunrisers Hyderabad,4,3,1,0,0,2,0,0,0,0,4,3,1,4,0
36,1,Riyan Parag,"Apr 25, 2026",League stage,"Sawai Mansingh Stadium, Jaipur",Rajasthan Royals,Sunrisers Hyderabad,7,9,0,0,1,3,0,0,6,6,1,3,0,7,0
36,1,Shimron Hetmyer,"Apr 25, 2026",League stage,"Sawai Mansingh Stadium, Jaipur",Rajasthan Royals,Sunrisers Hyderabad,11,10,1,0,1,4,0,0,0,0,11,10,0,11,0
36,1,Vaibhav Sooryavanshi,"Apr 25, 2026",League stage,"Sawai Mansingh Stadium, Jaipur",Rajasthan Royals,Sunrisers Hyderabad,103,37,5,12,1,10,51,16,52,21,0,0,0,103,0
36,1,Yashasvi Jaiswal,"Apr 25, 2026",League stage,"Sawai Mansingh Stadium, Jaipur",Rajasthan Royals,Sunrisers Hyderabad,10,8,2,0,1,4,10,8,0,0,0,0,0,10,0
36,2,Abhishek Sharma,"Apr 25, 2026",League stage,"Sawai Mansingh Stadium, Jaipur",Sunrisers Hyderabad,Rajasthan Royals,57,29,11,1,1,11,34,17,23,12,0,0,0,57,0
36,2,Aniket Verma,"Apr 25, 2026",League stage,"Sawai Mansingh Stadium, Jaipur",Sunrisers Hyderabad,Rajasthan Royals,1,1,0,0,0,0,0,0,0,0,1,1,1,1,0
36,2,Heinrich Klaasen,"Apr 25, 2026",League stage,"Sawai Mansingh Stadium, Jaipur",Sunrisers Hyderabad,Rajasthan Royals,29,24,3,1,1,11,0,0,14,13,15,11,0,29,0
36,2,Ishan Kishan,"Apr 25, 2026",League stage,"Sawai Mansingh Stadium, Jaipur",Sunrisers Hyderabad,Rajasthan Royals,74,31,11,3,1,8,35,14,39,17,0,0,0,74,0
36,2,Nitish Reddy,"Apr 25, 2026",League stage,"Sawai Mansingh Stadium, Jaipur",Sunrisers Hyderabad,Rajasthan Royals,36,18,2,3,1,5,0,0,20,12,16,6,0,36,0
36,2,Salil Arora,"Apr 25, 2026",League stage,"Sawai Mansingh Stadium, Jaipur",Sunrisers Hyderabad,Rajasthan Royals,8,3,0,1,0,0,0,0,0,0,8,3,1,8,0
36,2,Travis Head,"Apr 25, 2026",League stage,"Sawai Mansingh Stadium, Jaipur",Sunrisers Hyderabad,Rajasthan Royals,6,5,0,1,1,4,6,5,0,0,0,0,0,6,0
37,1,Dewald Brevis,"Apr 26, 2026",League stage,"MA Chidambaram Stadium, Chennai",Chennai Super Kings,Gujarat Titans,2,9,0,0,1,7,1,4,1,5,0,0,0,2,0
37,1,Jamie Overton,"Apr 26, 2026",League stage,"MA Chidambaram Stadium, Chennai",Chennai Super Kings,Gujarat Titans,18,6,3,1,1,2,0,0,0,0,18,6,0,18,0
37,1,Kartik Sharma,"Apr 26, 2026",League stage,"MA Chidambaram Stadium, Chennai",Chennai Super Kings,Gujarat Titans,15,9,3,0,1,4,0,0,0,0,15,9,0,15,0
37,1,Ruturaj Gaikwad,"Apr 26, 2026",League stage,"MA Chidambaram Stadium, Chennai",Chennai Super Kings,Gujarat Titans,74,60,6,4,0,30,12,13,36,35,26,12,1,74,0
37,1,Sanju Samson,"Apr 26, 2026",League stage,"MA Chidambaram Stadium, Chennai",Chennai Super Kings,Gujarat Titans,11,15,2,0,1,11,11,15,0,0,0,0,0,11,0
37,1,Sarfaraz Khan,"Apr 26, 2026",League stage,"MA Chidambaram Stadium, Chennai",Chennai Super Kings,Gujarat Titans,0,1,0,0,1,1,0,1,0,0,0,0,0,0,1
37,1,Shivam Dube,"Apr 26, 2026",League stage,"MA Chidambaram Stadium, Chennai",Chennai Super Kings,Gujarat Titans,22,17,3,1,1,9,0,0,22,14,0,3,0,22,0
37,1,Urvil Patel,"Apr 26, 2026",League stage,"MA Chidambaram Stadium, Chennai",Chennai Super Kings,Gujarat Titans,4,3,1,0,1,2,4,3,0,0,0,0,0,4,0
37,2,Jos Buttler,"Apr 26, 2026",League stage,"MA Chidambaram Stadium, Chennai",Gujarat Titans,Chennai Super Kings,39,30,4,1,0,10,0,0,30,26,9,4,1,39,0
37,2,Sai Sudharsan,"Apr 26, 2026",League stage,"MA Chidambaram Stadium, Chennai",Gujarat Titans,Chennai Super Kings,87,46,4,7,1,8,23,14,50,27,14,5,0,87,0
37,2,Shubman Gill,"Apr 26, 2026",League stage,"MA Chidambaram Stadium, Chennai",Gujarat Titans,Chennai Super Kings,33,23,1,3,0,9,32,22,1,1,0,0,1,33,0
37,2,Washington Sundar,"Apr 26, 2026",League stage,"MA Chidambaram Stadium, Chennai",Gujarat Titans,Chennai Super Kings,1,1,0,0,0,0,0,0,0,0,1,1,1,1,0
38,1,Ajinkya Rahane,"Apr 26, 2026",League stage,"Bharat Ratna Shri Atal Bihari Vajpayee Ekana Cricket Stadium, Lucknow",Kolkata Knight Riders,Lucknow Super Giants,10,15,0,1,1,10,10,15,0,0,0,0,0,10,0
38,1,Angkrish Raghuvanshi,"Apr 26, 2026",League stage,"Bharat Ratna Shri Atal Bihari Vajpayee Ekana Cricket Stadium, Lucknow",Kolkata Knight Riders,Lucknow Super Giants,9,8,1,0,1,2,9,8,0,0,0,0,0,9,0
38,1,Anukul Roy,"Apr 26, 2026",League stage,"Bharat Ratna Shri Atal Bihari Vajpayee Ekana Cricket Stadium, Lucknow",Kolkata Knight Riders,Lucknow Super Giants,0,1,0,0,1,1,0,0,0,1,0,0,0,0,1
38,1,Cameron Green,"Apr 26, 2026",League stage,"Bharat Ratna Shri Atal Bihari Vajpayee Ekana Cricket Stadium, Lucknow",Kolkata Knight Riders,Lucknow Super Giants,34,21,0,3,1,5,8,7,26,14,0,0,0,34,0
38,1,Ramandeep Singh,"Apr 26, 2026",League stage,"Bharat Ratna Shri Atal Bihari Vajpayee Ekana Cricket Stadium, Lucknow",Kolkata Knight Riders,Lucknow Super Giants,6,11,0,0,1,6,0,0,6,11,0,0,0,6,0
38,1,Rinku Singh,"Apr 26, 2026",League stage,"Bharat Ratna Shri Atal Bihari Vajpayee Ekana Cricket Stadium, Lucknow",Kolkata Knight Riders,Lucknow Super Giants,83,51,7,5,0,16,0,0,27,27,56,24,1,83,0
38,1,Rovman Powell,"Apr 26, 2026",League stage,"Bharat Ratna Shri Atal Bihari Vajpayee Ekana Cricket Stadium, Lucknow",Kolkata Knight Riders,Lucknow Super Giants,1,4,0,0,1,3,1,3,0,1,0,0,0,1,0
38,1,Sunil Narine,"Apr 26, 2026",League stage,"Bharat Ratna Shri Atal Bihari Vajpayee Ekana Cricket Stadium, Lucknow",Kolkata Knight Riders,Lucknow Super Giants,4,6,0,0,0,2,0,0,0,0,4,6,1,4,0
38,1,Tim Seifert,"Apr 26, 2026",League stage,"Bharat Ratna Shri Atal Bihari Vajpayee Ekana Cricket Stadium, Lucknow",Kolkata Knight Riders,Lucknow Super Giants,0,3,0,0,1,3,0,3,0,0,0,0,0,0,1
38,2,Aiden Markram,"Apr 26, 2026",League stage,"Bharat Ratna Shri Atal Bihari Vajpayee Ekana Cricket Stadium, Lucknow",Lucknow Super Giants,Kolkata Knight Riders,31,27,2,1,1,8,16,13,15,14,0,0,0,31,0
38,2,Ayush Badoni,"Apr 26, 2026",League stage,"Bharat Ratna Shri Atal Bihari Vajpayee Ekana Cricket Stadium, Lucknow",Lucknow Super Giants,Kolkata Knight Riders,24,19,0,2,1,7,0,0,5,9,19,10,0,24,0
38,2,George Linde,"Apr 26, 2026",League stage,"Bharat Ratna Shri Atal Bihari Vajpayee Ekana Cricket Stadium, Lucknow",Lucknow Super Giants,Kolkata Knight Riders,8,4,2,0,1,2,0,0,0,0,8,4,0,8,0
38,2,Himmat Singh,"Apr 26, 2026",League stage,"Bharat Ratna Shri Atal Bihari Vajpayee Ekana Cricket Stadium, Lucknow",Lucknow Super Giants,Kolkata Knight Riders,19,10,2,1,1,2,0,0,0,0,19,10,0,19,0
38,2,Mitchell Marsh,"Apr 26, 2026",League stage,"Bharat Ratna Shri Atal Bihari Vajpayee Ekana Cricket Stadium, Lucknow",Lucknow Super Giants,Kolkata Knight Riders,2,3,0,0,1,1,2,3,0,0,0,0,0,2,0
38,2,Mohammed Shami,"Apr 26, 2026",League stage,"Bharat Ratna Shri Atal Bihari Vajpayee Ekana Cricket Stadium, Lucknow",Lucknow Super Giants,Kolkata Knight Riders,11,6,1,1,0,3,0,0,0,0,11,6,1,11,0
38,2,Mukul Choudhary,"Apr 26, 2026",League stage,"Bharat Ratna Shri Atal Bihari Vajpayee Ekana Cricket Stadium, Lucknow",Lucknow Super Giants,Kolkata Knight Riders,1,2,0,0,1,1,0,0,1,1,0,1,0,1,0
38,2,Nicholas Pooran,"Apr 26, 2026",League stage,"Bharat Ratna Shri Atal Bihari Vajpayee Ekana Cricket Stadium, Lucknow",Lucknow Super Giants,Kolkata Knight Riders,9,12,0,1,1,8,0,0,9,12,0,0,0,9,0
38,2,Prince Yadav,"Apr 26, 2026",League stage,"Bharat Ratna Shri Atal Bihari Vajpayee Ekana Cricket Stadium, Lucknow",Lucknow Super Giants,Kolkata Knight Riders,0,1,0,0,0,1,0,0,0,0,0,1,1,0,0
38,2,Rishabh Pant,"Apr 26, 2026",League stage,"Bharat Ratna Shri Atal Bihari Vajpayee Ekana Cricket Stadium, Lucknow",Lucknow Super Giants,Kolkata Knight Riders,42,38,4,1,1,15,19,20,23,18,0,0,0,42,0
38,3,Aiden Markram,"Apr 26, 2026",League stage,"Bharat Ratna Shri Atal Bihari Vajpayee Ekana Cricket Stadium, Lucknow",Lucknow Super Giants,Kolkata Knight Riders,0,1,0,0,1,1,0,1,0,0,0,0,0,0,1
38,3,Nicholas Pooran,"Apr 26, 2026",League stage,"Bharat Ratna Shri Atal Bihari Vajpayee Ekana Cricket Stadium, Lucknow",Lucknow Super Giants,Kolkata Knight Riders,0,1,0,0,1,1,0,1,0,0,0,0,0,0,1
38,3,Rishabh Pant,"Apr 26, 2026",League stage,"Bharat Ratna Shri Atal Bihari Vajpayee Ekana Cricket Stadium, Lucknow",Lucknow Super Giants,Kolkata Knight Riders,1,1,0,0,0,0,1,1,0,0,0,0,1,1,0
38,4,Rinku Singh,"Apr 26, 2026",League stage,"Bharat Ratna Shri Atal Bihari Vajpayee Ekana Cricket Stadium, Lucknow",Kolkata Knight Riders,Lucknow Super Giants,4,1,1,0,0,0,4,1,0,0,0,0,1,4,0
39,1,Abishek Porel,"Apr 27, 2026",League stage,"Arun Jaitley Stadium, Delhi",Delhi Capitals,Royal Challengers Bengaluru,30,33,3,0,1,14,1,7,25,23,4,3,0,30,0
39,1,Axar Patel,"Apr 27, 2026",League stage,"Arun Jaitley Stadium, Delhi",Delhi Capitals,Royal Challengers Bengaluru,0,3,0,0,1,3,0,3,0,0,0,0,0,0,1
39,1,David Miller,"Apr 27, 2026",League stage,"Arun Jaitley Stadium, Delhi",Delhi Capitals,Royal Challengers Bengaluru,19,18,3,0,1,9,4,8,15,10,0,0,0,19,0
39,1,Dushmantha Chameera,"Apr 27, 2026",League stage,"Arun Jaitley Stadium, Delhi",Delhi Capitals,Royal Challengers Bengaluru,0,3,0,0,0,3,0,0,0,0,0,3,1,0,0
39,1,Kuldeep Yadav,"Apr 27, 2026",League stage,"Arun Jaitley Stadium, Delhi",Delhi Capitals,Royal Challengers Bengaluru,3,11,0,0,1,8,0,0,3,8,0,3,0,3,0
39,1,Kyle Jamieson,"Apr 27, 2026",League stage,"Arun Jaitley Stadium, Delhi",Delhi Capitals,Royal Challengers Bengaluru,12,13,1,1,1,9,0,0,12,13,0,0,0,12,0
39,1,Nitish Rana,"Apr 27, 2026",League stage,"Arun Jaitley Stadium, Delhi",Delhi Capitals,Royal Challengers Bengaluru,1,9,0,0,1,8,1,9,0,0,0,0,0,1,0
39,1,Rahul,"Apr 27, 2026",League stage,"Arun Jaitley Stadium, Delhi",Delhi Capitals,Royal Challengers Bengaluru,1,3,0,0,1,2,1,3,0,0,0,0,0,1,0
39,1,Sahil Parakh,"Apr 27, 2026",League stage,"Arun Jaitley Stadium, Delhi",Delhi Capitals,Royal Challengers Bengaluru,0,2,0,0,1,2,0,2,0,0,0,0,0,0,1
39,1,Sameer Rizvi,"Apr 27, 2026",League stage,"Arun Jaitley Stadium, Delhi",Delhi Capitals,Royal Challengers Bengaluru,0,1,0,0,1,1,0,1,0,0,0,0,0,0,1
39,1,Tristan Stubbs,"Apr 27, 2026",League stage,"Arun Jaitley Stadium, Delhi",Delhi Capitals,Royal Challengers Bengaluru,5,3,1,0,1,1,5,3,0,0,0,0,0,5,0
39,2,Devdutt Padikkal,"Apr 27, 2026",League stage,"Arun Jaitley Stadium, Delhi",Royal Challengers Bengaluru,Delhi Capitals,34,13,3,3,0,3,34,13,0,0,0,0,1,34,0
39,2,Jacob Bethell,"Apr 27, 2026",League stage,"Arun Jaitley Stadium, Delhi",Royal Challengers Bengaluru,Delhi Capitals,20,11,1,2,1,5,20,11,0,0,0,0,0,20,0
39,2,Virat Kohli,"Apr 27, 2026",League stage,"Arun Jaitley Stadium, Delhi",Royal Challengers Bengaluru,Delhi Capitals,23,15,1,2,0,5,11,12,12,3,0,0,1,23,0
40,1,Cooper Connolly,"Apr 28, 2026",League stage,"Maharaja Yadavindra Singh International Cricket Stadium, Mullanpur, New Chandigarh",Punjab Kings,Rajasthan Royals,30,14,2,3,1,5,6,6,24,8,0,0,0,30,0
40,1,Marcus Stoinis,"Apr 28, 2026",League stage,"Maharaja Yadavindra Singh International Cricket Stadium, Mullanpur, New Chandigarh",Punjab Kings,Rajasthan Royals,62,22,4,6,0,3,0,0,2,3,60,19,1,62,0
40,1,Prabhsimran Singh,"Apr 28, 2026",League stage,"Maharaja Yadavindra Singh International Cricket Stadium, Mullanpur, New Chandigarh",Punjab Kings,Rajasthan Royals,59,44,6,1,1,12,25,19,34,25,0,0,0,59,0
40,1,Priyansh Arya,"Apr 28, 2026",League stage,"Maharaja Yadavindra Singh International Cricket Stadium, Mullanpur, New Chandigarh",Punjab Kings,Rajasthan Royals,29,11,5,1,1,3,29,11,0,0,0,0,0,29,0
40,1,Shreyas Iyer,"Apr 28, 2026",League stage,"Maharaja Yadavindra Singh International Cricket Stadium, Mullanpur, New Chandigarh",Punjab Kings,Rajasthan Royals,30,27,1,1,1,7,0,0,21,18,9,9,0,30,0
40,1,Suryansh Shedge,"Apr 28, 2026",League stage,"Maharaja Yadavindra Singh International Cricket Stadium, Mullanpur, New Chandigarh",Punjab Kings,Rajasthan Royals,3,2,0,0,0,0,0,0,0,0,3,2,1,3,0
40,2,Dhruv Jurel,"Apr 28, 2026",League stage,"Maharaja Yadavindra Singh International Cricket Stadium, Mullanpur, New Chandigarh",Rajasthan Royals,Punjab Kings,16,20,0,1,1,9,9,8,7,12,0,0,0,16,0
40,2,Donovan Ferreira,"Apr 28, 2026",League stage,"Maharaja Yadavindra Singh International Cricket Stadium, Mullanpur, New Chandigarh",Rajasthan Royals,Punjab Kings,52,26,6,3,0,7,0,0,17,10,35,16,1,52,0
40,2,Riyan Parag,"Apr 28, 2026",League stage,"Maharaja Yadavindra Singh International Cricket Stadium, Mullanpur, New Chandigarh",Rajasthan Royals,Punjab Kings,29,16,2,2,1,5,0,0,29,16,0,0,0,29,0
40,2,Shubham Dubey,"Apr 28, 2026",League stage,"Maharaja Yadavindra Singh International Cricket Stadium, Mullanpur, New Chandigarh",Rajasthan Royals,Punjab Kings,31,12,3,2,0,1,0,0,5,2,26,10,1,31,0
40,2,Vaibhav Sooryavanshi,"Apr 28, 2026",League stage,"Maharaja Yadavindra Singh International Cricket Stadium, Mullanpur, New Chandigarh",Rajasthan Royals,Punjab Kings,43,16,3,5,1,7,43,16,0,0,0,0,0,43,0
40,2,Yashasvi Jaiswal,"Apr 28, 2026",League stage,"Maharaja Yadavindra Singh International Cricket Stadium, Mullanpur, New Chandigarh",Rajasthan Royals,Punjab Kings,51,27,7,1,1,3,31,12,20,15,0,0,0,51,0
41,1,Hardik Pandya,"Apr 29, 2026",League stage,"Wankhede Stadium, Mumbai",Mumbai Indians,Sunrisers Hyderabad,31,15,2,2,1,2,0,0,2,2,29,13,0,31,0
41,1,Naman Dhir,"Apr 29, 2026",League stage,"Wankhede Stadium, Mumbai",Mumbai Indians,Sunrisers Hyderabad,22,17,3,0,1,4,0,0,22,17,0,0,0,22,0
41,1,Robin Minz,"Apr 29, 2026",League stage,"Wankhede Stadium, Mumbai",Mumbai Indians,Sunrisers Hyderabad,1,1,0,0,0,0,0,0,0,0,1,1,1,1,0
41,1,Ryan Rickelton,"Apr 29, 2026",League stage,"Wankhede Stadium, Mumbai",Mumbai Indians,Sunrisers Hyderabad,123,55,10,8,0,7,37,18,63,26,23,11,1,123,0
41,1,Suryakumar Yadav,"Apr 29, 2026",League stage,"Wankhede Stadium, Mumbai",Mumbai Indians,Sunrisers Hyderabad,5,5,1,0,1,3,0,0,5,5,0,0,0,5,0
41,1,Tilak Varma,"Apr 29, 2026",League stage,"Wankhede Stadium, Mumbai",Mumbai Indians,Sunrisers Hyderabad,7,5,0,1,1,3,0,0,0,0,7,5,0,7,0
41,1,Will Jacks,"Apr 29, 2026",League stage,"Wankhede Stadium, Mumbai",Mumbai Indians,Sunrisers Hyderabad,46,22,5,3,1,7,38,18,8,4,0,0,0,46,0
41,2,Abhishek Sharma,"Apr 29, 2026",League stage,"Wankhede Stadium, Mumbai",Sunrisers Hyderabad,Mumbai Indians,45,24,4,3,1,7,36,17,9,7,0,0,0,45,0
41,2,Heinrich Klaasen,"Apr 29, 2026",League stage,"Wankhede Stadium, Mumbai",Sunrisers Hyderabad,Mumbai Indians,65,30,7,4,0,6,0,0,44,21,21,9,1,65,0
41,2,Ishan Kishan,"Apr 29, 2026",League stage,"Wankhede Stadium, Mumbai",Sunrisers Hyderabad,Mumbai Indians,0,1,0,0,1,1,0,0,0,1,0,0,0,0,1
41,2,Nitish Reddy,"Apr 29, 2026",League stage,"Wankhede Stadium, Mumbai",Sunrisers Hyderabad,Mumbai Indians,21,17,3,0,1,5,0,0,16,14,5,3,0,21,0
41,2,Salil Arora,"Apr 29, 2026",League stage,"Wankhede Stadium, Mumbai",Sunrisers Hyderabad,Mumbai Indians,30,10,2,3,0,1,0,0,0,0,30,10,1,30,0
41,2,Travis Head,"Apr 29, 2026",League stage,"Wankhede Stadium, Mumbai",Sunrisers Hyderabad,Mumbai Indians,76,30,4,8,1,7,48,19,28,11,0,0,0,76,0
42,1,Bhuvneshwar Kumar,"Apr 30, 2026",League stage,"Narendra Modi Stadium, Ahmedabad",Royal Challengers Bengaluru,Gujarat Titans,15,15,2,0,0,8,0,0,4,3,11,12,1,15,0
42,1,Devdutt Padikkal,"Apr 30, 2026",League stage,"Narendra Modi Stadium, Ahmedabad",Royal Challengers Bengaluru,Gujarat Titans,40,24,5,2,1,9,15,9,25,15,0,0,0,40,0
42,1,Jacob Bethell,"Apr 30, 2026",League stage,"Narendra Modi Stadium, Ahmedabad",Royal Challengers Bengaluru,Gujarat Titans,5,5,1,0,1,3,5,5,0,0,0,0,0,5,0
42,1,Jitesh Sharma,"Apr 30, 2026",League stage,"Narendra Modi Stadium, Ahmedabad",Royal Challengers Bengaluru,Gujarat Titans,1,3,0,0,1,2,0,0,1,3,0,0,0,1,0
42,1,Josh Hazlewood,"Apr 30, 2026",League stage,"Narendra Modi Stadium, Ahmedabad",Royal Challengers Bengaluru,Gujarat Titans,0,1,0,0,1,1,0,0,0,0,0,1,0,0,1
42,1,Krunal Pandya,"Apr 30, 2026",League stage,"Narendra Modi Stadium, Ahmedabad",Royal Challengers Bengaluru,Gujarat Titans,4,4,1,0,1,3,0,0,4,4,0,0,0,4,0
42,1,Rajat Patidar,"Apr 30, 2026",League stage,"Narendra Modi Stadium, Ahmedabad",Royal Challengers Bengaluru,Gujarat Titans,19,15,2,1,1,8,9,9,10,6,0,0,0,19,0
42,1,Romario Shepherd,"Apr 30, 2026",League stage,"Narendra Modi Stadium, Ahmedabad",Royal Challengers Bengaluru,Gujarat Titans,17,15,0,2,1,8,0,0,17,15,0,0,0,17,0
42,1,Tim David,"Apr 30, 2026",League stage,"Narendra Modi Stadium, Ahmedabad",Royal Challengers Bengaluru,Gujarat Titans,9,6,0,1,1,2,0,0,9,6,0,0,0,9,0
42,1,Venkatesh Iyer,"Apr 30, 2026",League stage,"Narendra Modi Stadium, Ahmedabad",Royal Challengers Bengaluru,Gujarat Titans,12,15,1,0,1,7,0,0,2,2,10,13,0,12,0
42,1,Virat Kohli,"Apr 30, 2026",League stage,"Narendra Modi Stadium, Ahmedabad",Royal Challengers Bengaluru,Gujarat Titans,28,13,5,1,1,5,28,13,0,0,0,0,0,28,0
42,2,Jason Holder,"Apr 30, 2026",League stage,"Narendra Modi Stadium, Ahmedabad",Gujarat Titans,Royal Challengers Bengaluru,12,10,0,1,1,4,0,0,12,10,0,0,0,12,0
42,2,Jos Buttler,"Apr 30, 2026",League stage,"Narendra Modi Stadium, Ahmedabad",Gujarat Titans,Royal Challengers Bengaluru,39,19,2,4,1,7,19,12,20,7,0,0,0,39,0
42,2,Rahul Tewatia,"Apr 30, 2026",League stage,"Narendra Modi Stadium, Ahmedabad",Gujarat Titans,Royal Challengers Bengaluru,27,17,4,0,0,3,0,0,20,14,7,3,1,27,0
42,2,Rashid Khan,"Apr 30, 2026",League stage,"Narendra Modi Stadium, Ahmedabad",Gujarat Titans,Royal Challengers Bengaluru,7,6,1,0,0,3,0,0,1,4,6,2,1,7,0
42,2,Sai Sudharsan,"Apr 30, 2026",League stage,"Narendra Modi Stadium, Ahmedabad",Gujarat Titans,Royal Challengers Bengaluru,6,5,1,0,1,2,6,5,0,0,0,0,0,6,0
42,2,Shahrukh Khan,"Apr 30, 2026",League stage,"Narendra Modi Stadium, Ahmedabad",Gujarat Titans,Royal Challengers Bengaluru,8,8,1,0,1,3,0,0,8,8,0,0,0,8,0
42,2,Shubman Gill,"Apr 30, 2026",League stage,"Narendra Modi Stadium, Ahmedabad",Gujarat Titans,Royal Challengers Bengaluru,43,18,4,3,1,6,43,18,0,0,0,0,0,43,0
42,2,Washington Sundar,"Apr 30, 2026",League stage,"Narendra Modi Stadium, Ahmedabad",Gujarat Titans,Royal Challengers Bengaluru,12,12,0,1,1,5,1,1,11,11,0,0,0,12,0
43,1,Dhruv Jurel,"May 1, 2026",League stage,"Sawai Mansingh Stadium, Jaipur",Rajasthan Royals,Delhi Capitals,42,30,4,1,1,7,21,15,21,15,0,0,0,42,0
43,1,Donovan Ferreira,"May 1, 2026",League stage,"Sawai Mansingh Stadium, Jaipur",Rajasthan Royals,Delhi Capitals,47,14,2,6,0,3,0,0,0,0,47,14,1,47,0
43,1,Jofra Archer,"May 1, 2026",League stage,"Sawai Mansingh Stadium, Jaipur",Rajasthan Royals,Delhi Capitals,1,1,0,0,0,0,0,0,0,0,1,1,1,1,0
43,1,Ravindra Jadeja,"May 1, 2026",League stage,"Sawai Mansingh Stadium, Jaipur",Rajasthan Royals,Delhi Capitals,20,14,1,1,1,4,0,0,14,10,6,4,0,20,0
43,1,Riyan Parag,"May 1, 2026",League stage,"Sawai Mansingh Stadium, Jaipur",Rajasthan Royals,Delhi Capitals,90,50,8,5,1,13,25,16,52,29,13,5,0,90,0
43,1,Shubham Dubey,"May 1, 2026",League stage,"Sawai Mansingh Stadium, Jaipur",Rajasthan Royals,Delhi Capitals,6,6,1,0,1,3,0,0,0,0,6,6,0,6,0
43,1,Vaibhav Sooryavanshi,"May 1, 2026",League stage,"Sawai Mansingh Stadium, Jaipur",Rajasthan Royals,Delhi Capitals,4,2,1,0,1,1,4,2,0,0,0,0,0,4,0
43,1,Yashasvi Jaiswal,"May 1, 2026",League stage,"Sawai Mansingh Stadium, Jaipur",Rajasthan Royals,Delhi Capitals,6,3,0,1,1,2,6,3,0,0,0,0,0,6,0
43,2,Ashutosh Sharma,"May 1, 2026",League stage,"Sawai Mansingh Stadium, Jaipur",Delhi Capitals,Rajasthan Royals,25,15,4,0,0,2,0,0,0,0,25,15,1,25,0
43,2,Nitish Rana,"May 1, 2026",League stage,"Sawai Mansingh Stadium, Jaipur",Delhi Capitals,Rajasthan Royals,33,17,3,2,1,4,0,0,33,17,0,0,0,33,0
43,2,Pathum Nissanka,"May 1, 2026",League stage,"Sawai Mansingh Stadium, Jaipur",Delhi Capitals,Rajasthan Royals,62,33,6,3,1,11,50,23,12,10,0,0,0,62,0
43,2,Rahul,"May 1, 2026",League stage,"Sawai Mansingh Stadium, Jaipur",Delhi Capitals,Rajasthan Royals,75,40,6,5,1,12,19,13,52,25,4,2,0,75,0
43,2,Tristan Stubbs,"May 1, 2026",League stage,"Sawai Mansingh Stadium, Jaipur",Delhi Capitals,Rajasthan Royals,18,11,1,1,0,2,0,0,1,2,17,9,1,18,0
44,1,Hardik Pandya,"May 2, 2026",League stage,"MA Chidambaram Stadium, Chennai",Mumbai Indians,Chennai Super Kings,18,23,2,0,1,12,0,0,8,10,10,13,0,18,0
44,1,Krish Bhagat,"May 2, 2026",League stage,"MA Chidambaram Stadium, Chennai",Mumbai Indians,Chennai Super Kings,3,6,0,0,0,3,0,0,0,0,3,6,1,3,0
44,1,Naman Dhir,"May 2, 2026",League stage,"MA Chidambaram Stadium, Chennai",Mumbai Indians,Chennai Super Kings,57,37,4,3,1,11,19,10,27,21,11,6,0,57,0
44,1,Robin Minz,"May 2, 2026",League stage,"MA Chidambaram Stadium, Chennai",Mumbai Indians,Chennai Super Kings,5,3,1,0,1,1,0,0,0,0,5,3,0,5,0
44,1,Ryan Rickelton,"May 2, 2026",League stage,"MA Chidambaram Stadium, Chennai",Mumbai Indians,Chennai Super Kings,37,24,0,5,1,13,36,21,1,3,0,0,0,37,0
44,1,Suryakumar Yadav,"May 2, 2026",League stage,"MA Chidambaram Stadium, Chennai",Mumbai Indians,Chennai Super Kings,21,12,3,1,1,5,0,0,21,12,0,0,0,21,0
44,1,Tilak Varma,"May 2, 2026",League stage,"MA Chidambaram Stadium, Chennai",Mumbai Indians,Chennai Super Kings,5,8,0,0,1,4,0,0,5,8,0,0,0,5,0
44,1,Trent Boult,"May 2, 2026",League stage,"MA Chidambaram Stadium, Chennai",Mumbai Indians,Chennai Super Kings,7,2,0,1,0,0,0,0,0,0,7,2,1,7,0
44,1,Will Jacks,"May 2, 2026",League stage,"MA Chidambaram Stadium, Chennai",Mumbai Indians,Chennai Super Kings,1,5,0,0,1,4,1,5,0,0,0,0,0,1,0
44,2,Kartik Sharma,"May 2, 2026",League stage,"MA Chidambaram Stadium, Chennai",Chennai Super Kings,Mumbai Indians,54,40,4,3,0,14,0,2,31,25,23,13,1,54,0
44,2,Ruturaj Gaikwad,"May 2, 2026",League stage,"MA Chidambaram Stadium, Chennai",Chennai Super Kings,Mumbai Indians,67,48,5,2,0,11,26,13,34,29,7,6,1,67,0
44,2,Sanju Samson,"May 2, 2026",League stage,"MA Chidambaram Stadium, Chennai",Chennai Super Kings,Mumbai Indians,11,9,2,0,1,4,11,9,0,0,0,0,0,11,0
44,2,Urvil Patel,"May 2, 2026",League stage,"MA Chidambaram Stadium, Chennai",Chennai Super Kings,Mumbai Indians,24,12,2,2,1,5,24,12,0,0,0,0,0,24,0
45,1,Abhishek Sharma,"May 3, 2026",League stage,"Rajiv Gandhi International Stadium, Hyderabad",Sunrisers Hyderabad,Kolkata Knight Riders,15,10,1,1,1,3,15,10,0,0,0,0,0,15,0
45,1,Aniket Verma,"May 3, 2026",League stage,"Rajiv Gandhi International Stadium, Hyderabad",Sunrisers Hyderabad,Kolkata Knight Riders,6,8,1,0,1,5,0,0,6,8,0,0,0,6,0
45,1,Eshan Malinga,"May 3, 2026",League stage,"Rajiv Gandhi International Stadium, Hyderabad",Sunrisers Hyderabad,Kolkata Knight Riders,2,6,0,0,0,4,0,0,0,0,2,6,1,2,0
45,1,Harshal Patel,"May 3, 2026",League stage,"Rajiv Gandhi International Stadium, Hyderabad",Sunrisers Hyderabad,Kolkata Knight Riders,6,5,1,0,1,2,0,0,0,0,6,5,0,6,0
45,1,Heinrich Klaasen,"May 3, 2026",League stage,"Rajiv Gandhi International Stadium, Hyderabad",Sunrisers Hyderabad,Kolkata Knight Riders,11,8,1,1,1,5,0,0,11,8,0,0,0,11,0
45,1,Ishan Kishan,"May 3, 2026",League stage,"Rajiv Gandhi International Stadium, Hyderabad",Sunrisers Hyderabad,Kolkata Knight Riders,42,29,4,2,1,9,13,7,23,20,6,2,0,42,0
45,1,Pat Cummins,"May 3, 2026",League stage,"Rajiv Gandhi International Stadium, Hyderabad",Sunrisers Hyderabad,Kolkata Knight Riders,10,8,0,1,1,4,0,0,0,0,10,8,0,10,0
45,1,Salil Arora,"May 3, 2026",League stage,"Rajiv Gandhi International Stadium, Hyderabad",Sunrisers Hyderabad,Kolkata Knight Riders,2,6,0,0,1,4,0,0,2,5,0,1,0,2,0
45,1,Shivang Kumar,"May 3, 2026",League stage,"Rajiv Gandhi International Stadium, Hyderabad",Sunrisers Hyderabad,Kolkata Knight Riders,1,2,0,0,1,1,0,0,0,0,1,2,0,1,0
45,1,Smaran Ravichandran,"May 3, 2026",League stage,"Rajiv Gandhi International Stadium, Hyderabad",Sunrisers Hyderabad,Kolkata Knight Riders,4,4,1,0,1,3,0,0,4,4,0,0,0,4,0
45,1,Travis Head,"May 3, 2026",League stage,"Rajiv Gandhi International Stadium, Hyderabad",Sunrisers Hyderabad,Kolkata Knight Riders,61,28,9,3,1,9,42,19,19,9,0,0,0,61,0
45,2,Ajinkya Rahane,"May 3, 2026",League stage,"Rajiv Gandhi International Stadium, Hyderabad",Kolkata Knight Riders,Sunrisers Hyderabad,43,36,4,1,1,11,21,14,22,22,0,0,0,43,0
45,2,Angkrish Raghuvanshi,"May 3, 2026",League stage,"Rajiv Gandhi International Stadium, Hyderabad",Kolkata Knight Riders,Sunrisers Hyderabad,59,47,5,2,1,14,15,9,37,32,7,6,0,59,0
45,2,Cameron Green,"May 3, 2026",League stage,"Rajiv Gandhi International Stadium, Hyderabad",Kolkata Knight Riders,Sunrisers Hyderabad,3,3,0,0,0,1,0,0,0,0,3,3,1,3,0
45,2,Finn Allen,"May 3, 2026",League stage,"Rajiv Gandhi International Stadium, Hyderabad",Kolkata Knight Riders,Sunrisers Hyderabad,29,13,3,2,1,4,29,13,0,0,0,0,0,29,0
45,2,Rinku Singh,"May 3, 2026",League stage,"Rajiv Gandhi International Stadium, Hyderabad",Kolkata Knight Riders,Sunrisers Hyderabad,22,11,2,1,0,4,0,0,0,0,22,11,1,22,0
46,1,Arshdeep Singh,"May 3, 2026",League stage,"Narendra Modi Stadium, Ahmedabad",Punjab Kings,Gujarat Titans,1,1,0,0,0,0,0,0,0,0,1,1,1,1,0
46,1,Cooper Connolly,"May 3, 2026",League stage,"Narendra Modi Stadium, Ahmedabad",Punjab Kings,Gujarat Titans,0,1,0,0,1,1,0,1,0,0,0,0,0,0,1
46,1,Marco Jansen,"May 3, 2026",League stage,"Narendra Modi Stadium, Ahmedabad",Punjab Kings,Gujarat Titans,20,11,1,1,1,2,0,0,0,0,20,11,0,20,0
46,1,Marcus Stoinis,"May 3, 2026",League stage,"Narendra Modi Stadium, Ahmedabad",Punjab Kings,Gujarat Titans,40,31,5,1,1,11,0,0,28,22,12,9,0,40,0
46,1,Nehal Wadhera,"May 3, 2026",League stage,"Narendra Modi Stadium, Ahmedabad",Punjab Kings,Gujarat Titans,0,6,0,0,1,6,0,4,0,2,0,0,0,0,1
46,1,Prabhsimran Singh,"May 3, 2026",League stage,"Narendra Modi Stadium, Ahmedabad",Punjab Kings,Gujarat Titans,15,14,2,0,1,7,15,14,0,0,0,0,0,15,0
46,1,Priyansh Arya,"May 3, 2026",League stage,"Narendra Modi Stadium, Ahmedabad",Punjab Kings,Gujarat Titans,2,2,0,0,1,1,2,2,0,0,0,0,0,2,0
46,1,Shreyas Iyer,"May 3, 2026",League stage,"Narendra Modi Stadium, Ahmedabad",Punjab Kings,Gujarat Titans,19,21,3,0,1,11,15,15,4,6,0,0,0,19,0
46,1,Suryansh Shedge,"May 3, 2026",League stage,"Narendra Modi Stadium, Ahmedabad",Punjab Kings,Gujarat Titans,57,29,3,5,1,7,0,0,50,24,7,5,0,57,0
46,1,Vijaykumar Vyshak,"May 3, 2026",League stage,"Narendra Modi Stadium, Ahmedabad",Punjab Kings,Gujarat Titans,1,3,0,0,0,2,0,0,0,0,1,3,1,1,0
46,1,Xavier Bartlett,"May 3, 2026",League stage,"Narendra Modi Stadium, Ahmedabad",Punjab Kings,Gujarat Titans,0,1,0,0,1,1,0,0,0,0,0,1,0,0,1
46,2,Arshad Khan,"May 3, 2026",League stage,"Narendra Modi Stadium, Ahmedabad",Gujarat Titans,Punjab Kings,8,5,1,0,0,1,0,0,0,0,8,5,1,8,0
46,2,Jason Holder,"May 3, 2026",League stage,"Narendra Modi Stadium, Ahmedabad",Gujarat Titans,Punjab Kings,5,7,0,0,1,4,0,0,0,0,5,7,0,5,0
46,2,Jos Buttler,"May 3, 2026",League stage,"Narendra Modi Stadium, Ahmedabad",Gujarat Titans,Punjab Kings,26,22,1,2,1,10,21,14,5,8,0,0,0,26,0
46,2,Nishant Sindhu,"May 3, 2026",League stage,"Narendra Modi Stadium, Ahmedabad",Gujarat Titans,Punjab Kings,15,11,0,1,1,3,0,0,15,11,0,0,0,15,0
46,2,Rahul Tewatia,"May 3, 2026",League stage,"Narendra Modi Stadium, Ahmedabad",Gujarat Titans,Punjab Kings,2,6,0,0,1,4,0,0,0,1,2,5,0,2,0
46,2,Sai Sudharsan,"May 3, 2026",League stage,"Narendra Modi Stadium, Ahmedabad",Gujarat Titans,Punjab Kings,57,41,5,1,1,10,26,18,31,23,0,0,0,57,0
46,2,Shubman Gill,"May 3, 2026",League stage,"Narendra Modi Stadium, Ahmedabad",Gujarat Titans,Punjab Kings,5,4,1,0,1,2,5,4,0,0,0,0,0,5,0
46,2,Washington Sundar,"May 3, 2026",League stage,"Narendra Modi Stadium, Ahmedabad",Gujarat Titans,Punjab Kings,40,23,5,1,0,5,0,0,14,11,26,12,1,40,0
47,1,Aiden Markram,"May 4, 2026",League stage,"Wankhede Stadium, Mumbai",Lucknow Super Giants,Mumbai Indians,31,25,1,1,0,4,0,0,14,14,17,11,1,31,0
47,1,Akshat Raghuwanshi,"May 4, 2026",League stage,"Wankhede Stadium, Mumbai",Lucknow Super Giants,Mumbai Indians,11,7,0,1,1,2,0,0,11,7,0,0,0,11,0
47,1,Himmat Singh,"May 4, 2026",League stage,"Wankhede Stadium, Mumbai",Lucknow Super Giants,Mumbai Indians,40,31,2,2,0,9,0,0,6,12,34,19,1,40,0
47,1,Josh Inglis,"May 4, 2026",League stage,"Wankhede Stadium, Mumbai",Lucknow Super Giants,Mumbai Indians,13,5,3,0,1,1,13,5,0,0,0,0,0,13,0
47,1,Mitchell Marsh,"May 4, 2026",League stage,"Wankhede Stadium, Mumbai",Lucknow Super Giants,Mumbai Indians,44,25,4,3,1,8,35,20,9,5,0,0,0,44,0
47,1,Nicholas Pooran,"May 4, 2026",League stage,"Wankhede Stadium, Mumbai",Lucknow Super Giants,Mumbai Indians,63,21,1,8,1,2,39,12,24,9,0,0,0,63,0
47,1,Rishabh Pant,"May 4, 2026",League stage,"Wankhede Stadium, Mumbai",Lucknow Super Giants,Mumbai Indians,15,10,1,1,1,4,0,0,15,10,0,0,0,15,0
47,2,Naman Dhir,"May 4, 2026",League stage,"Wankhede Stadium, Mumbai",Mumbai Indians,Lucknow Super Giants,23,12,3,1,0,3,0,0,0,0,23,12,1,23,0
47,2,Rohit Sharma,"May 4, 2026",League stage,"Wankhede Stadium, Mumbai",Mumbai Indians,Lucknow Super Giants,84,44,6,7,1,14,36,20,48,24,0,0,0,84,0
47,2,Ryan Rickelton,"May 4, 2026",League stage,"Wankhede Stadium, Mumbai",Mumbai Indians,Lucknow Super Giants,83,32,6,8,1,8,34,16,49,16,0,0,0,83,0
47,2,Suryakumar Yadav,"May 4, 2026",League stage,"Wankhede Stadium, Mumbai",Mumbai Indians,Lucknow Super Giants,12,7,2,0,1,1,0,0,6,3,6,4,0,12,0
47,2,Tilak Varma,"May 4, 2026",League stage,"Wankhede Stadium, Mumbai",Mumbai Indians,Lucknow Super Giants,11,13,0,0,1,2,0,0,10,11,1,2,0,11,0
47,2,Will Jacks,"May 4, 2026",League stage,"Wankhede Stadium, Mumbai",Mumbai Indians,Lucknow Super Giants,10,4,0,1,0,0,0,0,0,0,10,4,1,10,0
48,1,Ashutosh Sharma,"May 5, 2026",League stage,"Arun Jaitley Stadium, Delhi",Delhi Capitals,Chennai Super Kings,14,5,0,2,1,1,0,0,0,0,14,5,0,14,0
48,1,Axar Patel,"May 5, 2026",League stage,"Arun Jaitley Stadium, Delhi",Delhi Capitals,Chennai Super Kings,2,6,0,0,1,4,0,0,2,6,0,0,0,2,0
48,1,Karun Nair,"May 5, 2026",League stage,"Arun Jaitley Stadium, Delhi",Delhi Capitals,Chennai Super Kings,13,13,2,0,1,7,1,4,12,9,0,0,0,13,0
48,1,Nitish Rana,"May 5, 2026",League stage,"Arun Jaitley Stadium, Delhi",Delhi Capitals,Chennai Super Kings,15,13,2,0,1,4,5,4,10,9,0,0,0,15,0
48,1,Pathum Nissanka,"May 5, 2026",League stage,"Arun Jaitley Stadium, Delhi",Delhi Capitals,Chennai Super Kings,19,15,3,1,1,10,19,15,0,0,0,0,0,19,0
48,1,Rahul,"May 5, 2026",League stage,"Arun Jaitley Stadium, Delhi",Delhi Capitals,Chennai Super Kings,12,13,2,0,1,7,12,13,0,0,0,0,0,12,0
48,1,Sameer Rizvi,"May 5, 2026",League stage,"Arun Jaitley Stadium, Delhi",Delhi Capitals,Chennai Super Kings,40,24,0,4,0,4,0,0,8,10,32,14,1,40,0
48,1,Tristan Stubbs,"May 5, 2026",League stage,"Arun Jaitley Stadium, Delhi",Delhi Capitals,Chennai Super Kings,38,31,1,2,1,8,0,0,28,20,10,11,0,38,0
48,2,Kartik Sharma,"May 5, 2026",League stage,"Arun Jaitley Stadium, Delhi",Chennai Super Kings,Delhi Capitals,41,31,4,2,0,13,0,0,17,21,24,10,1,41,0
48,2,Ruturaj Gaikwad,"May 5, 2026",League stage,"Arun Jaitley Stadium, Delhi",Chennai Super Kings,Delhi Capitals,6,13,1,0,1,10,6,13,0,0,0,0,0,6,0
48,2,Sanju Samson,"May 5, 2026",League stage,"Arun Jaitley Stadium, Delhi",Chennai Super Kings,Delhi Capitals,85,51,7,6,0,18,14,15,65,32,6,4,1,85,0
48,2,Urvil Patel,"May 5, 2026",League stage,"Arun Jaitley Stadium, Delhi",Chennai Super Kings,Delhi Capitals,17,9,0,2,1,3,17,8,0,1,0,0,0,17,0
49,1,Abhishek Sharma,"May 6, 2026",League stage,"Rajiv Gandhi International Stadium, Hyderabad",Sunrisers Hyderabad,Punjab Kings,35,13,2,4,1,5,35,13,0,0,0,0,0,35,0
49,1,Heinrich Klaasen,"May 6, 2026",League stage,"Rajiv Gandhi International Stadium, Hyderabad",Sunrisers Hyderabad,Punjab Kings,69,43,3,4,1,10,0,0,37,25,32,18,0,69,0
49,1,Ishan Kishan,"May 6, 2026",League stage,"Rajiv Gandhi International Stadium, Hyderabad",Sunrisers Hyderabad,Punjab Kings,55,32,2,4,1,6,7,7,48,25,0,0,0,55,0
49,1,Nitish Reddy,"May 6, 2026",League stage,"Rajiv Gandhi International Stadium, Hyderabad",Sunrisers Hyderabad,Punjab Kings,29,13,2,2,0,0,0,0,1,1,28,12,1,29,0
49,1,Travis Head,"May 6, 2026",League stage,"Rajiv Gandhi International Stadium, Hyderabad",Sunrisers Hyderabad,Punjab Kings,38,19,3,3,1,6,35,16,3,3,0,0,0,38,0
49,2,Cooper Connolly,"May 6, 2026",League stage,"Rajiv Gandhi International Stadium, Hyderabad",Punjab Kings,Sunrisers Hyderabad,107,59,7,8,0,18,22,16,33,26,52,17,1,107,0
49,2,Marco Jansen,"May 6, 2026",League stage,"Rajiv Gandhi International Stadium, Hyderabad",Punjab Kings,Sunrisers Hyderabad,19,16,0,1,1,3,0,0,3,4,16,12,0,19,0
49,2,Marcus Stoinis,"May 6, 2026",League stage,"Rajiv Gandhi International Stadium, Hyderabad",Punjab Kings,Sunrisers Hyderabad,28,14,3,2,1,7,22,10,6,4,0,0,0,28,0
49,2,Prabhsimran Singh,"May 6, 2026",League stage,"Rajiv Gandhi International Stadium, Hyderabad",Punjab Kings,Sunrisers Hyderabad,3,4,0,0,1,2,3,4,0,0,0,0,0,3,0
49,2,Priyansh Arya,"May 6, 2026",League stage,"Rajiv Gandhi International Stadium, Hyderabad",Punjab Kings,Sunrisers Hyderabad,1,3,0,0,1,2,1,3,0,0,0,0,0,1,0
49,2,Shashank Singh,"May 6, 2026",League stage,"Rajiv Gandhi International Stadium, Hyderabad",Punjab Kings,Sunrisers Hyderabad,4,3,1,0,1,2,0,0,4,3,0,0,0,4,0
49,2,Shreyas Iyer,"May 6, 2026",League stage,"Rajiv Gandhi International Stadium, Hyderabad",Punjab Kings,Sunrisers Hyderabad,5,5,1,0,1,3,5,5,0,0,0,0,0,5,0
49,2,Suryansh Shedge,"May 6, 2026",League stage,"Rajiv Gandhi International Stadium, Hyderabad",Punjab Kings,Sunrisers Hyderabad,25,17,1,2,1,5,0,0,25,17,0,0,0,25,0
49,2,Vijaykumar Vyshak,"May 6, 2026",League stage,"Rajiv Gandhi International Stadium, Hyderabad",Punjab Kings,Sunrisers Hyderabad,1,1,0,0,0,0,0,0,0,0,1,1,1,1,0
50,1,Aiden Markram,"May 7, 2026",League stage,"Bharat Ratna Shri Atal Bihari Vajpayee Ekana Cricket Stadium, Lucknow",Lucknow Super Giants,Royal Challengers Bengaluru,1,1,0,0,0,0,0,0,0,0,1,1,1,1,0
50,1,Arshin Kulkarni,"May 7, 2026",League stage,"Bharat Ratna Shri Atal Bihari Vajpayee Ekana Cricket Stadium, Lucknow",Lucknow Super Giants,Royal Challengers Bengaluru,17,24,1,0,1,13,8,12,9,12,0,0,0,17,0
50,1,Mitchell Marsh,"May 7, 2026",League stage,"Bharat Ratna Shri Atal Bihari Vajpayee Ekana Cricket Stadium, Lucknow",Lucknow Super Giants,Royal Challengers Bengaluru,111,56,9,9,1,20,58,24,51,29,2,3,0,111,0
50,1,Nicholas Pooran,"May 7, 2026",League stage,"Bharat Ratna Shri Atal Bihari Vajpayee Ekana Cricket Stadium, Lucknow",Lucknow Super Giants,Royal Challengers Bengaluru,38,23,4,1,1,4,0,0,21,13,17,10,0,38,0
50,1,Rishabh Pant,"May 7, 2026",League stage,"Bharat Ratna Shri Atal Bihari Vajpayee Ekana Cricket Stadium, Lucknow",Lucknow Super Giants,Royal Challengers Bengaluru,32,10,4,2,0,1,0,0,0,0,32,10,1,32,0
50,2,Devdutt Padikkal,"May 7, 2026",League stage,"Bharat Ratna Shri Atal Bihari Vajpayee Ekana Cricket Stadium, Lucknow",Royal Challengers Bengaluru,Lucknow Super Giants,34,25,3,1,1,7,22,15,12,10,0,0,0,34,0
50,2,Jacob Bethell,"May 7, 2026",League stage,"Bharat Ratna Shri Atal Bihari Vajpayee Ekana Cricket Stadium, Lucknow",Royal Challengers Bengaluru,Lucknow Super Giants,4,5,1,0,1,4,4,5,0,0,0,0,0,4,0
50,2,Jitesh Sharma,"May 7, 2026",League stage,"Bharat Ratna Shri Atal Bihari Vajpayee Ekana Cricket Stadium, Lucknow",Royal Challengers Bengaluru,Lucknow Super Giants,1,3,0,0,1,2,0,0,1,3,0,0,0,1,0
50,2,Krunal Pandya,"May 7, 2026",League stage,"Bharat Ratna Shri Atal Bihari Vajpayee Ekana Cricket Stadium, Lucknow",Royal Challengers Bengaluru,Lucknow Super Giants,28,16,2,2,0,4,0,0,9,10,19,6,1,28,0
50,2,Rajat Patidar,"May 7, 2026",League stage,"Bharat Ratna Shri Atal Bihari Vajpayee Ekana Cricket Stadium, Lucknow",Royal Challengers Bengaluru,Lucknow Super Giants,61,31,3,6,1,11,14,14,47,17,0,0,0,61,0
50,2,Romario Shepherd,"May 7, 2026",League stage,"Bharat Ratna Shri Atal Bihari Vajpayee Ekana Cricket Stadium, Lucknow",Royal Challengers Bengaluru,Lucknow Super Giants,23,15,3,1,0,7,0,0,0,0,23,15,1,23,0
50,2,Tim David,"May 7, 2026",League stage,"Bharat Ratna Shri Atal Bihari Vajpayee Ekana Cricket Stadium, Lucknow",Royal Challengers Bengaluru,Lucknow Super Giants,40,17,4,3,1,4,0,0,34,14,6,3,0,40,0
50,2,Virat Kohli,"May 7, 2026",League stage,"Bharat Ratna Shri Atal Bihari Vajpayee Ekana Cricket Stadium, Lucknow",Royal Challengers Bengaluru,Lucknow Super Giants,0,2,0,0,1,2,0,2,0,0,0,0,0,0,1
51,1,Ashutosh Sharma,"May 8, 2026",League stage,"Arun Jaitley Stadium, Delhi",Delhi Capitals,Kolkata Knight Riders,39,28,3,3,1,13,0,0,4,10,35,18,0,39,0
51,1,Axar Patel,"May 8, 2026",League stage,"Arun Jaitley Stadium, Delhi",Delhi Capitals,Kolkata Knight Riders,11,22,0,0,1,11,0,0,6,16,5,6,0,11,0
51,1,Lungi Ngidi,"May 8, 2026",League stage,"Arun Jaitley Stadium, Delhi",Delhi Capitals,Kolkata Knight Riders,1,1,0,0,0,0,0,0,0,0,1,1,1,1,0
51,1,Mitchell Starc,"May 8, 2026",League stage,"Arun Jaitley Stadium, Delhi",Delhi Capitals,Kolkata Knight Riders,0,2,0,0,1,2,0,0,0,0,0,2,0,0,1
51,1,Nitish Rana,"May 8, 2026",League stage,"Arun Jaitley Stadium, Delhi",Delhi Capitals,Kolkata Knight Riders,8,10,1,0,1,5,1,4,7,6,0,0,0,8,0
51,1,Pathum Nissanka,"May 8, 2026",League stage,"Arun Jaitley Stadium, Delhi",Delhi Capitals,Kolkata Knight Riders,50,29,5,3,0,9,31,18,19,11,0,0,1,50,0
51,1,Rahul,"May 8, 2026",League stage,"Arun Jaitley Stadium, Delhi",Delhi Capitals,Kolkata Knight Riders,23,14,4,0,1,3,23,14,0,0,0,0,0,23,0
51,1,Sameer Rizvi,"May 8, 2026",League stage,"Arun Jaitley Stadium, Delhi",Delhi Capitals,Kolkata Knight Riders,3,7,0,0,1,5,0,0,3,7,0,0,0,3,0
51,1,Tristan Stubbs,"May 8, 2026",League stage,"Arun Jaitley Stadium, Delhi",Delhi Capitals,Kolkata Knight Riders,2,4,0,0,1,3,0,0,2,4,0,0,0,2,0
51,1,Vipraj Nigam,"May 8, 2026",League stage,"Arun Jaitley Stadium, Delhi",Delhi Capitals,Kolkata Knight Riders,3,3,0,0,0,0,0,0,0,0,3,3,1,3,0
51,2,Ajinkya Rahane,"May 8, 2026",League stage,"Arun Jaitley Stadium, Delhi",Kolkata Knight Riders,Delhi Capitals,13,9,1,1,0,4,13,9,0,0,0,0,1,13,0
51,2,Angkrish Raghuvanshi,"May 8, 2026",League stage,"Arun Jaitley Stadium, Delhi",Kolkata Knight Riders,Delhi Capitals,1,3,0,0,1,2,1,3,0,0,0,0,0,1,0
51,2,Cameron Green,"May 8, 2026",League stage,"Arun Jaitley Stadium, Delhi",Kolkata Knight Riders,Delhi Capitals,33,27,0,2,0,7,9,7,24,20,0,0,1,33,0
51,2,Finn Allen,"May 8, 2026",League stage,"Arun Jaitley Stadium, Delhi",Kolkata Knight Riders,Delhi Capitals,100,47,5,10,0,13,20,17,80,30,0,0,1,100,0
52,1,Jason Holder,"May 9, 2026",League stage,"Sawai Mansingh Stadium, Jaipur",Gujarat Titans,Rajasthan Royals,7,7,1,0,1,3,0,0,0,0,7,7,0,7,0
52,1,Jos Buttler,"May 9, 2026",League stage,"Sawai Mansingh Stadium, Jaipur",Gujarat Titans,Rajasthan Royals,13,10,1,1,1,5,0,0,13,10,0,0,0,13,0
52,1,Rahul Tewatia,"May 9, 2026",League stage,"Sawai Mansingh Stadium, Jaipur",Gujarat Titans,Rajasthan Royals,14,4,0,2,0,0,0,0,0,0,14,4,1,14,0
52,1,Sai Sudharsan,"May 9, 2026",League stage,"Sawai Mansingh Stadium, Jaipur",Gujarat Titans,Rajasthan Royals,55,36,6,2,1,12,39,22,16,14,0,0,0,55,0
52,1,Shubman Gill,"May 9, 2026",League stage,"Sawai Mansingh Stadium, Jaipur",Gujarat Titans,Rajasthan Royals,84,44,9,3,1,7,32,15,42,24,10,5,0,84,0
52,1,Washington Sundar,"May 9, 2026",League stage,"Sawai Mansingh Stadium, Jaipur",Gujarat Titans,Rajasthan Royals,37,20,2,3,0,6,0,0,9,6,28,14,1,37,0
52,2,Brijesh Sharma,"May 9, 2026",League stage,"Sawai Mansingh Stadium, Jaipur",Rajasthan Royals,Gujarat Titans,1,1,0,0,0,0,0,0,0,0,1,1,1,1,0
52,2,Dasun Shanaka,"May 9, 2026",League stage,"Sawai Mansingh Stadium, Jaipur",Rajasthan Royals,Gujarat Titans,16,11,2,0,1,3,0,0,8,5,8,6,0,16,0
52,2,Dhruv Jurel,"May 9, 2026",League stage,"Sawai Mansingh Stadium, Jaipur",Rajasthan Royals,Gujarat Titans,24,10,1,3,1,4,22,7,2,3,0,0,0,24,0
52,2,Donovan Ferreira,"May 9, 2026",League stage,"Sawai Mansingh Stadium, Jaipur",Rajasthan Royals,Gujarat Titans,4,2,1,0,1,1,0,0,4,2,0,0,0,4,0
52,2,Jofra Archer,"May 9, 2026",League stage,"Sawai Mansingh Stadium, Jaipur",Rajasthan Royals,Gujarat Titans,5,6,1,0,1,4,0,0,5,6,0,0,0,5,0
52,2,Ravindra Jadeja,"May 9, 2026",League stage,"Sawai Mansingh Stadium, Jaipur",Rajasthan Royals,Gujarat Titans,38,25,3,2,1,9,10,2,28,23,0,0,0,38,0
52,2,Shimron Hetmyer,"May 9, 2026",League stage,"Sawai Mansingh Stadium, Jaipur",Rajasthan Royals,Gujarat Titans,6,7,1,0,1,5,6,7,0,0,0,0,0,6,0
52,2,Shubham Dubey,"May 9, 2026",League stage,"Sawai Mansingh Stadium, Jaipur",Rajasthan Royals,Gujarat Titans,15,14,1,1,1,8,0,0,15,14,0,0,0,15,0
52,2,Tushar Deshpande,"May 9, 2026",League stage,"Sawai Mansingh Stadium, Jaipur",Rajasthan Royals,Gujarat Titans,1,3,0,0,1,2,0,0,0,1,1,2,0,1,0
52,2,Vaibhav Sooryavanshi,"May 9, 2026",League stage,"Sawai Mansingh Stadium, Jaipur",Rajasthan Royals,Gujarat Titans,36,16,3,3,1,6,36,16,0,0,0,0,0,36,0
52,2,Yashasvi Jaiswal,"May 9, 2026",League stage,"Sawai Mansingh Stadium, Jaipur",Rajasthan Royals,Gujarat Titans,3,4,0,0,1,2,3,4,0,0,0,0,0,3,0
53,1,Aiden Markram,"May 10, 2026",League stage,"MA Chidambaram Stadium, Chennai",Lucknow Super Giants,Chennai Super Kings,6,7,0,0,0,1,0,0,6,7,0,0,1,6,0
53,1,Akshat Raghuwanshi,"May 10, 2026",League stage,"MA Chidambaram Stadium, Chennai",Lucknow Super Giants,Chennai Super Kings,18,18,1,0,1,5,0,0,18,18,0,0,0,18,0
53,1,Himmat Singh,"May 10, 2026",League stage,"MA Chidambaram Stadium, Chennai",Lucknow Super Giants,Chennai Super Kings,17,12,1,1,1,5,0,0,6,3,11,9,0,17,0
53,1,Josh Inglis,"May 10, 2026",League stage,"MA Chidambaram Stadium, Chennai",Lucknow Super Giants,Chennai Super Kings,81,33,9,6,1,9,73,25,8,8,0,0,0,81,0
53,1,Mitchell Marsh,"May 10, 2026",League stage,"MA Chidambaram Stadium, Chennai",Lucknow Super Giants,Chennai Super Kings,10,10,0,1,1,5,10,10,0,0,0,0,0,10,0
53,1,Mohammed Shami,"May 10, 2026",League stage,"MA Chidambaram Stadium, Chennai",Lucknow Super Giants,Chennai Super Kings,0,1,0,0,1,1,0,0,0,0,0,1,0,0,1
53,1,Nicholas Pooran,"May 10, 2026",League stage,"MA Chidambaram Stadium, Chennai",Lucknow Super Giants,Chennai Super Kings,1,3,0,0,1,2,1,2,0,1,0,0,0,1,0
53,1,Rishabh Pant,"May 10, 2026",League stage,"MA Chidambaram Stadium, Chennai",Lucknow Super Giants,Chennai Super Kings,15,12,2,0,1,6,0,0,15,12,0,0,0,15,0
53,1,Shahbaz Ahmed,"May 10, 2026",League stage,"MA Chidambaram Stadium, Chennai",Lucknow Super Giants,Chennai Super Kings,43,25,3,3,0,8,0,0,6,5,37,20,1,43,0
53,2,Dewald Brevis,"May 10, 2026",League stage,"MA Chidambaram Stadium, Chennai",Chennai Super Kings,Lucknow Super Giants,10,12,1,0,1,6,0,0,7,8,3,4,0,10,0
53,2,Kartik Sharma,"May 10, 2026",League stage,"MA Chidambaram Stadium, Chennai",Chennai Super Kings,Lucknow Super Giants,20,20,1,0,1,5,0,0,19,17,1,3,0,20,0
53,2,Prashant Veer,"May 10, 2026",League stage,"MA Chidambaram Stadium, Chennai",Chennai Super Kings,Lucknow Super Giants,18,12,0,2,0,4,0,0,0,0,18,12,1,18,0
53,2,Ruturaj Gaikwad,"May 10, 2026",League stage,"MA Chidambaram Stadium, Chennai",Chennai Super Kings,Lucknow Super Giants,42,28,3,2,1,7,26,13,16,15,0,0,0,42,0
53,2,Sanju Samson,"May 10, 2026",League stage,"MA Chidambaram Stadium, Chennai",Chennai Super Kings,Lucknow Super Giants,28,14,3,2,1,5,28,14,0,0,0,0,0,28,0
53,2,Shivam Dube,"May 10, 2026",League stage,"MA Chidambaram Stadium, Chennai",Chennai Super Kings,Lucknow Super Giants,15,7,0,2,0,2,0,0,0,0,15,7,1,15,0
53,2,Urvil Patel,"May 10, 2026",League stage,"MA Chidambaram Stadium, Chennai",Chennai Super Kings,Lucknow Super Giants,65,23,2,8,1,5,42,9,23,14,0,0,0,65,0
54,1,Corbin Bosch,"May 10, 2026",League stage,"Shaheed Veer Narayan Singh International Stadium, Raipur",Mumbai Indians,Royal Challengers Bengaluru,5,5,0,0,0,1,0,0,0,0,5,5,1,5,0
54,1,Deepak Chahar,"May 10, 2026",League stage,"Shaheed Veer Narayan Singh International Stadium, Raipur",Mumbai Indians,Royal Challengers Bengaluru,1,2,0,0,0,1,0,0,0,0,1,2,1,1,0
54,1,Naman Dhir,"May 10, 2026",League stage,"Shaheed Veer Narayan Singh International Stadium, Raipur",Mumbai Indians,Royal Challengers Bengaluru,47,32,5,2,1,10,14,12,33,20,0,0,0,47,0
54,1,Raj Bawa,"May 10, 2026",League stage,"Shaheed Veer Narayan Singh International Stadium, Raipur",Mumbai Indians,Royal Challengers Bengaluru,16,14,1,0,1,6,0,0,0,0,16,14,0,16,0
54,1,Rohit Sharma,"May 10, 2026",League stage,"Shaheed Veer Narayan Singh International Stadium, Raipur",Mumbai Indians,Royal Challengers Bengaluru,22,10,2,2,1,4,22,10,0,0,0,0,0,22,0
54,1,Ryan Rickelton,"May 10, 2026",League stage,"Shaheed Veer Narayan Singh International Stadium, Raipur",Mumbai Indians,Royal Challengers Bengaluru,2,4,0,0,1,2,2,4,0,0,0,0,0,2,0
54,1,Suryakumar Yadav,"May 10, 2026",League stage,"Shaheed Veer Narayan Singh International Stadium, Raipur",Mumbai Indians,Royal Challengers Bengaluru,0,1,0,0,1,1,0,1,0,0,0,0,0,0,1
54,1,Tilak Varma,"May 10, 2026",League stage,"Shaheed Veer Narayan Singh International Stadium, Raipur",Mumbai Indians,Royal Challengers Bengaluru,57,42,3,2,1,10,11,9,33,25,13,8,0,57,0
54,1,Will Jacks,"May 10, 2026",League stage,"Shaheed Veer Narayan Singh International Stadium, Raipur",Mumbai Indians,Royal Challengers Bengaluru,10,10,1,0,1,5,0,0,10,9,0,1,0,10,0
54,2,Bhuvneshwar Kumar,"May 10, 2026",League stage,"Shaheed Veer Narayan Singh International Stadium, Raipur",Royal Challengers Bengaluru,Mumbai Indians,7,2,0,1,0,0,0,0,0,0,7,2,1,7,0
54,2,Devdutt Padikkal,"May 10, 2026",League stage,"Shaheed Veer Narayan Singh International Stadium, Raipur",Royal Challengers Bengaluru,Mumbai Indians,12,11,1,1,1,7,12,11,0,0,0,0,0,12,0
54,2,Jacob Bethell,"May 10, 2026",League stage,"Shaheed Veer Narayan Singh International Stadium, Raipur",Royal Challengers Bengaluru,Mumbai Indians,27,27,2,0,1,6,14,11,13,16,0,0,0,27,0
54,2,Jitesh Sharma,"May 10, 2026",League stage,"Shaheed Veer Narayan Singh International Stadium, Raipur",Royal Challengers Bengaluru,Mumbai Indians,18,12,1,2,1,7,0,0,12,10,6,2,0,18,0
54,2,Krunal Pandya,"May 10, 2026",League stage,"Shaheed Veer Narayan Singh International Stadium, Raipur",Royal Challengers Bengaluru,Mumbai Indians,73,46,4,5,1,14,8,5,43,28,22,13,0,73,0
54,2,Rajat Patidar,"May 10, 2026",League stage,"Shaheed Veer Narayan Singh International Stadium, Raipur",Royal Challengers Bengaluru,Mumbai Indians,8,8,1,0,1,3,8,8,0,0,0,0,0,8,0
54,2,Rasikh Salam Dar,"May 10, 2026",League stage,"Shaheed Veer Narayan Singh International Stadium, Raipur",Royal Challengers Bengaluru,Mumbai Indians,3,2,0,0,0,0,0,0,0,0,3,2,1,3,0
54,2,Romario Shepherd,"May 10, 2026",League stage,"Shaheed Veer Narayan Singh International Stadium, Raipur",Royal Challengers Bengaluru,Mumbai Indians,4,11,0,0,1,6,0,0,0,0,4,11,0,4,0
54,2,Tim David,"May 10, 2026",League stage,"Shaheed Veer Narayan Singh International Stadium, Raipur",Royal Challengers Bengaluru,Mumbai Indians,0,1,0,0,1,1,0,0,0,0,0,1,0,0,1
54,2,Virat Kohli,"May 10, 2026",League stage,"Shaheed Veer Narayan Singh International Stadium, Raipur",Royal Challengers Bengaluru,Mumbai Indians,0,1,0,0,1,1,0,1,0,0,0,0,0,0,1
55,1,Cooper Connolly,"May 11, 2026",League stage,"Himachal Pradesh Cricket Association Stadium, Dharamsala",Punjab Kings,Delhi Capitals,38,27,3,2,1,8,0,0,19,18,19,9,0,38,0
55,1,Marcus Stoinis,"May 11, 2026",League stage,"Himachal Pradesh Cricket Association Stadium, Dharamsala",Punjab Kings,Delhi Capitals,1,2,0,0,1,1,0,0,0,0,1,2,0,1,0
55,1,Prabhsimran Singh,"May 11, 2026",League stage,"Himachal Pradesh Cricket Association Stadium, Dharamsala",Punjab Kings,Delhi Capitals,18,15,3,0,1,7,15,11,3,4,0,0,0,18,0
55,1,Priyansh Arya,"May 11, 2026",League stage,"Himachal Pradesh Cricket Association Stadium, Dharamsala",Punjab Kings,Delhi Capitals,56,33,2,6,1,13,50,27,6,6,0,0,0,56,0
55,1,Shashank Singh,"May 11, 2026",League stage,"Himachal Pradesh Cricket Association Stadium, Dharamsala",Punjab Kings,Delhi Capitals,0,1,0,0,1,1,0,0,0,0,0,1,0,0,1
55,1,Shreyas Iyer,"May 11, 2026",League stage,"Himachal Pradesh Cricket Association Stadium, Dharamsala",Punjab Kings,Delhi Capitals,59,36,5,3,0,9,0,0,40,26,19,10,1,59,0
55,1,Suryansh Shedge,"May 11, 2026",League stage,"Himachal Pradesh Cricket Association Stadium, Dharamsala",Punjab Kings,Delhi Capitals,21,8,2,2,0,3,0,0,0,0,21,8,1,21,0
55,2,Abishek Porel,"May 11, 2026",League stage,"Himachal Pradesh Cricket Association Stadium, Dharamsala",Delhi Capitals,Punjab Kings,5,6,1,0,1,4,5,6,0,0,0,0,0,5,0
55,2,Ashutosh Sharma,"May 11, 2026",League stage,"Himachal Pradesh Cricket Association Stadium, Dharamsala",Delhi Capitals,Punjab Kings,24,10,2,2,1,3,0,0,3,3,21,7,0,24,0
55,2,Auqib Nabi,"May 11, 2026",League stage,"Himachal Pradesh Cricket Association Stadium, Dharamsala",Delhi Capitals,Punjab Kings,10,2,1,1,0,0,0,0,0,0,10,2,1,10,0
55,2,Axar Patel,"May 11, 2026",League stage,"Himachal Pradesh Cricket Association Stadium, Dharamsala",Delhi Capitals,Punjab Kings,56,30,8,2,1,9,7,4,49,26,0,0,0,56,0
55,2,David Miller,"May 11, 2026",League stage,"Himachal Pradesh Cricket Association Stadium, Dharamsala",Delhi Capitals,Punjab Kings,51,28,3,4,1,7,0,0,28,20,23,8,0,51,0
55,2,KL Rahul,"May 11, 2026",League stage,"Himachal Pradesh Cricket Association Stadium, Dharamsala",Delhi Capitals,Punjab Kings,0,1,0,0,0,1,0,1,0,0,0,0,1,0,0
55,2,Madhav Tiwari,"May 11, 2026",League stage,"Himachal Pradesh Cricket Association Stadium, Dharamsala",Delhi Capitals,Punjab Kings,18,8,2,1,0,1,0,0,0,0,18,8,1,18,0
55,2,Rahul,"May 11, 2026",League stage,"Himachal Pradesh Cricket Association Stadium, Dharamsala",Delhi Capitals,Punjab Kings,9,7,2,0,1,4,9,7,0,0,0,0,0,9,0
55,2,Sahil Parakh,"May 11, 2026",League stage,"Himachal Pradesh Cricket Association Stadium, Dharamsala",Delhi Capitals,Punjab Kings,13,6,1,1,1,2,13,6,0,0,0,0,0,13,0
55,2,Tristan Stubbs,"May 11, 2026",League stage,"Himachal Pradesh Cricket Association Stadium, Dharamsala",Delhi Capitals,Punjab Kings,12,17,1,0,0,8,8,12,4,5,0,0,1,12,0
56,1,Jason Holder,"May 12, 2026",League stage,"Narendra Modi Stadium, Ahmedabad",Gujarat Titans,Sunrisers Hyderabad,11,10,0,0,0,1,0,0,0,0,11,10,1,11,0
56,1,Jos Buttler,"May 12, 2026",League stage,"Narendra Modi Stadium, Ahmedabad",Gujarat Titans,Sunrisers Hyderabad,7,11,1,0,1,8,7,11,0,0,0,0,0,7,0
56,1,Nishant Sindhu,"May 12, 2026",League stage,"Narendra Modi Stadium, Ahmedabad",Gujarat Titans,Sunrisers Hyderabad,22,14,3,1,1,7,8,5,14,9,0,0,0,22,0
56,1,Rahul Tewatia,"May 12, 2026",League stage,"Narendra Modi Stadium, Ahmedabad",Gujarat Titans,Sunrisers Hyderabad,4,1,1,0,0,0,0,0,0,0,4,1,1,4,0
56,1,Sai Sudharsan,"May 12, 2026",League stage,"Narendra Modi Stadium, Ahmedabad",Gujarat Titans,Sunrisers Hyderabad,61,44,5,2,1,14,12,13,44,28,5,3,0,61,0
56,1,Shubman Gill,"May 12, 2026",League stage,"Narendra Modi Stadium, Ahmedabad",Gujarat Titans,Sunrisers Hyderabad,5,7,1,0,1,5,5,7,0,0,0,0,0,5,0
56,1,Washington Sundar,"May 12, 2026",League stage,"Narendra Modi Stadium, Ahmedabad",Gujarat Titans,Sunrisers Hyderabad,50,33,7,1,1,10,0,0,20,17,30,16,0,50,0
56,2,Abhishek Sharma,"May 12, 2026",League stage,"Narendra Modi Stadium, Ahmedabad",Sunrisers Hyderabad,Gujarat Titans,6,4,0,1,1,3,6,4,0,0,0,0,0,6,0
56,2,Eshan Malinga,"May 12, 2026",League stage,"Narendra Modi Stadium, Ahmedabad",Sunrisers Hyderabad,Gujarat Titans,0,3,0,0,0,3,0,0,0,3,0,0,1,0,0
56,2,Heinrich Klaasen,"May 12, 2026",League stage,"Narendra Modi Stadium, Ahmedabad",Sunrisers Hyderabad,Gujarat Titans,14,16,2,0,1,8,6,5,8,11,0,0,0,14,0
56,2,Ishan Kishan,"May 12, 2026",League stage,"Narendra Modi Stadium, Ahmedabad",Sunrisers Hyderabad,Gujarat Titans,11,7,1,1,1,4,11,7,0,0,0,0,0,11,0
56,2,Nitish Reddy,"May 12, 2026",League stage,"Narendra Modi Stadium, Ahmedabad",Sunrisers Hyderabad,Gujarat Titans,2,4,0,0,1,3,0,0,2,4,0,0,0,2,0
56,2,Pat Cummins,"May 12, 2026",League stage,"Narendra Modi Stadium, Ahmedabad",Sunrisers Hyderabad,Gujarat Titans,19,9,1,2,1,3,0,0,19,9,0,0,0,19,0
56,2,Praful Hinge,"May 12, 2026",League stage,"Narendra Modi Stadium, Ahmedabad",Sunrisers Hyderabad,Gujarat Titans,3,8,0,0,1,6,0,0,3,8,0,0,0,3,0
56,2,Salil Arora,"May 12, 2026",League stage,"Narendra Modi Stadium, Ahmedabad",Sunrisers Hyderabad,Gujarat Titans,16,13,3,0,1,7,2,1,14,12,0,0,0,16,0
56,2,Shivang Kumar,"May 12, 2026",League stage,"Narendra Modi Stadium, Ahmedabad",Sunrisers Hyderabad,Gujarat Titans,4,6,0,0,1,4,0,0,4,6,0,0,0,4,0
56,2,Smaran Ravichandran,"May 12, 2026",League stage,"Narendra Modi Stadium, Ahmedabad",Sunrisers Hyderabad,Gujarat Titans,9,15,1,0,1,9,9,15,0,0,0,0,0,9,0
56,2,Travis Head,"May 12, 2026",League stage,"Narendra Modi Stadium, Ahmedabad",Sunrisers Hyderabad,Gujarat Titans,0,4,0,0,1,4,0,4,0,0,0,0,0,0,1
57,1,Ajinkya Rahane,"May 13, 2026",League stage,"Shaheed Veer Narayan Singh International Stadium, Raipur",Kolkata Knight Riders,Royal Challengers Bengaluru,19,13,3,1,1,8,19,13,0,0,0,0,0,19,0
57,1,Angkrish Raghuvanshi,"May 13, 2026",League stage,"Shaheed Veer Narayan Singh International Stadium, Raipur",Kolkata Knight Riders,Royal Challengers Bengaluru,71,46,7,3,0,13,16,9,41,27,14,10,1,71,0
57,1,Cameron Green,"May 13, 2026",League stage,"Shaheed Veer Narayan Singh International Stadium, Raipur",Kolkata Knight Riders,Royal Challengers Bengaluru,32,24,3,1,1,6,3,6,29,18,0,0,0,32,0
57,1,Finn Allen,"May 13, 2026",League stage,"Shaheed Veer Narayan Singh International Stadium, Raipur",Kolkata Knight Riders,Royal Challengers Bengaluru,18,8,3,1,1,4,18,8,0,0,0,0,0,18,0
57,1,Rinku Singh,"May 13, 2026",League stage,"Shaheed Veer Narayan Singh International Stadium, Raipur",Kolkata Knight Riders,Royal Challengers Bengaluru,49,29,3,2,0,6,0,0,12,9,37,20,1,49,0
57,2,Devdutt Padikkal,"May 13, 2026",League stage,"Shaheed Veer Narayan Singh International Stadium, Raipur",Royal Challengers Bengaluru,Kolkata Knight Riders,39,27,7,0,1,9,16,10,23,17,0,0,0,39,0
57,2,Jacob Bethell,"May 13, 2026",League stage,"Shaheed Veer Narayan Singh International Stadium, Raipur",Royal Challengers Bengaluru,Kolkata Knight Riders,15,12,2,1,1,8,15,12,0,0,0,0,0,15,0
57,2,Jitesh Sharma,"May 13, 2026",League stage,"Shaheed Veer Narayan Singh International Stadium, Raipur",Royal Challengers Bengaluru,Kolkata Knight Riders,8,5,1,0,0,0,0,0,0,0,8,5,1,8,0
57,2,Rajat Patidar,"May 13, 2026",League stage,"Shaheed Veer Narayan Singh International Stadium, Raipur",Royal Challengers Bengaluru,Kolkata Knight Riders,11,8,0,1,1,3,0,0,4,5,7,3,0,11,0
57,2,Tim David,"May 13, 2026",League stage,"Shaheed Veer Narayan Singh International Stadium, Raipur",Royal Challengers Bengaluru,Kolkata Knight Riders,2,3,0,0,1,1,0,0,0,0,2,3,0,2,0
57,2,Virat Kohli,"May 13, 2026",League stage,"Shaheed Veer Narayan Singh International Stadium, Raipur",Royal Challengers Bengaluru,Kolkata Knight Riders,105,60,11,3,0,11,30,14,44,32,31,14,1,105,0
58,1,Azmatullah Omarzai,"May 14, 2026",League stage,"Himachal Pradesh Cricket Association Stadium, Dharamsala",Punjab Kings,Mumbai Indians,38,17,2,4,1,6,0,0,12,7,26,10,0,38,0
58,1,Cooper Connolly,"May 14, 2026",League stage,"Himachal Pradesh Cricket Association Stadium, Dharamsala",Punjab Kings,Mumbai Indians,21,22,2,1,1,12,1,2,20,20,0,0,0,21,0
58,1,Marco Jansen,"May 14, 2026",League stage,"Himachal Pradesh Cricket Association Stadium, Dharamsala",Punjab Kings,Mumbai Indians,2,7,0,0,1,5,0,0,0,2,2,5,0,2,0
58,1,Prabhsimran Singh,"May 14, 2026",League stage,"Himachal Pradesh Cricket Association Stadium, Dharamsala",Punjab Kings,Mumbai Indians,57,32,6,4,1,13,27,17,30,15,0,0,0,57,0
58,1,Priyansh Arya,"May 14, 2026",League stage,"Himachal Pradesh Cricket Association Stadium, Dharamsala",Punjab Kings,Mumbai Indians,22,17,4,0,1,7,22,17,0,0,0,0,0,22,0
58,1,Shashank Singh,"May 14, 2026",League stage,"Himachal Pradesh Cricket Association Stadium, Dharamsala",Punjab Kings,Mumbai Indians,2,3,0,0,1,1,0,0,2,3,0,0,0,2,0
58,1,Shreyas Iyer,"May 14, 2026",League stage,"Himachal Pradesh Cricket Association Stadium, Dharamsala",Punjab Kings,Mumbai Indians,4,2,1,0,1,1,0,0,4,2,0,0,0,4,0
58,1,Suryansh Shedge,"May 14, 2026",League stage,"Himachal Pradesh Cricket Association Stadium, Dharamsala",Punjab Kings,Mumbai Indians,8,5,0,1,1,3,0,0,8,5,0,0,0,8,0
58,1,Vishnu Vinod,"May 14, 2026",League stage,"Himachal Pradesh Cricket Association Stadium, Dharamsala",Punjab Kings,Mumbai Indians,15,8,1,1,0,2,0,0,0,0,15,8,1,15,0
58,1,Xavier Bartlett,"May 14, 2026",League stage,"Himachal Pradesh Cricket Association Stadium, Dharamsala",Punjab Kings,Mumbai Indians,18,7,2,1,0,2,0,0,0,0,18,7,1,18,0
58,2,Naman Dhir,"May 14, 2026",League stage,"Himachal Pradesh Cricket Association Stadium, Dharamsala",Mumbai Indians,Punjab Kings,9,6,0,1,1,2,0,0,9,6,0,0,0,9,0
58,2,Rohit Sharma,"May 14, 2026",League stage,"Himachal Pradesh Cricket Association Stadium, Dharamsala",Mumbai Indians,Punjab Kings,25,26,0,2,1,12,12,15,13,11,0,0,0,25,0
58,2,Ryan Rickelton,"May 14, 2026",League stage,"Himachal Pradesh Cricket Association Stadium, Dharamsala",Mumbai Indians,Punjab Kings,48,23,4,4,1,7,47,21,1,2,0,0,0,48,0
58,2,Sherfane Rutherford,"May 14, 2026",League stage,"Himachal Pradesh Cricket Association Stadium, Dharamsala",Mumbai Indians,Punjab Kings,20,21,1,1,1,9,0,0,13,16,7,5,0,20,0
58,2,Tilak Varma,"May 14, 2026",League stage,"Himachal Pradesh Cricket Association Stadium, Dharamsala",Mumbai Indians,Punjab Kings,75,33,6,6,0,7,0,0,31,19,44,14,1,75,0
58,2,Will Jacks,"May 14, 2026",League stage,"Himachal Pradesh Cricket Association Stadium, Dharamsala",Mumbai Indians,Punjab Kings,25,10,2,2,0,1,0,0,0,0,25,10,1,25,0
59,1,Dewald Brevis,"May 15, 2026",League stage,"Bharat Ratna Shri Atal Bihari Vajpayee Ekana Cricket Stadium, Lucknow",Chennai Super Kings,Lucknow Super Giants,25,16,0,2,1,3,0,0,25,16,0,0,0,25,0
59,1,Kartik Sharma,"May 15, 2026",League stage,"Bharat Ratna Shri Atal Bihari Vajpayee Ekana Cricket Stadium, Lucknow",Chennai Super Kings,Lucknow Super Giants,71,42,6,5,1,15,1,2,56,35,14,5,0,71,0
59,1,Prashant Veer,"May 15, 2026",League stage,"Bharat Ratna Shri Atal Bihari Vajpayee Ekana Cricket Stadium, Lucknow",Chennai Super Kings,Lucknow Super Giants,13,10,1,0,0,2,0,0,0,0,13,10,1,13,0
59,1,Ruturaj Gaikwad,"May 15, 2026",League stage,"Bharat Ratna Shri Atal Bihari Vajpayee Ekana Cricket Stadium, Lucknow",Chennai Super Kings,Lucknow Super Giants,13,9,2,0,1,2,13,9,0,0,0,0,0,13,0
59,1,Sanju Samson,"May 15, 2026",League stage,"Bharat Ratna Shri Atal Bihari Vajpayee Ekana Cricket Stadium, Lucknow",Chennai Super Kings,Lucknow Super Giants,20,20,3,0,1,11,20,20,0,0,0,0,0,20,0
59,1,Shivam Dube,"May 15, 2026",League stage,"Bharat Ratna Shri Atal Bihari Vajpayee Ekana Cricket Stadium, Lucknow",Chennai Super Kings,Lucknow Super Giants,32,16,3,2,0,4,0,0,1,1,31,15,1,32,0
59,1,Urvil Patel,"May 15, 2026",League stage,"Bharat Ratna Shri Atal Bihari Vajpayee Ekana Cricket Stadium, Lucknow",Chennai Super Kings,Lucknow Super Giants,6,7,1,0,1,5,2,5,4,2,0,0,0,6,0
59,2,Abdul Samad,"May 15, 2026",League stage,"Bharat Ratna Shri Atal Bihari Vajpayee Ekana Cricket Stadium, Lucknow",Lucknow Super Giants,Chennai Super Kings,7,3,0,1,1,1,0,0,7,3,0,0,0,7,0
59,2,Josh Inglis,"May 15, 2026",League stage,"Bharat Ratna Shri Atal Bihari Vajpayee Ekana Cricket Stadium, Lucknow",Lucknow Super Giants,Chennai Super Kings,36,32,3,1,1,13,21,14,15,18,0,0,0,36,0
59,2,Mitchell Marsh,"May 15, 2026",League stage,"Bharat Ratna Shri Atal Bihari Vajpayee Ekana Cricket Stadium, Lucknow",Lucknow Super Giants,Chennai Super Kings,90,38,9,7,0,10,56,22,34,16,0,0,1,90,0
59,2,Mukul Choudhary,"May 15, 2026",League stage,"Bharat Ratna Shri Atal Bihari Vajpayee Ekana Cricket Stadium, Lucknow",Lucknow Super Giants,Chennai Super Kings,13,10,2,0,0,4,0,0,6,5,7,5,1,13,0
59,2,Nicholas Pooran,"May 15, 2026",League stage,"Bharat Ratna Shri Atal Bihari Vajpayee Ekana Cricket Stadium, Lucknow",Lucknow Super Giants,Chennai Super Kings,32,17,1,4,0,8,0,0,8,12,24,5,1,32,0
60,1,Ajinkya Rahane,"May 16, 2026",League stage,"Eden Gardens, Kolkata",Kolkata Knight Riders,Gujarat Titans,14,14,1,1,1,8,14,14,0,0,0,0,0,14,0
60,1,Angkrish Raghuvanshi,"May 16, 2026",League stage,"Eden Gardens, Kolkata",Kolkata Knight Riders,Gujarat Titans,82,44,4,7,0,11,7,7,37,23,38,14,1,82,0
60,1,Cameron Green,"May 16, 2026",League stage,"Eden Gardens, Kolkata",Kolkata Knight Riders,Gujarat Titans,52,28,3,4,0,8,0,0,23,12,29,16,1,52,0
60,1,Finn Allen,"May 16, 2026",League stage,"Eden Gardens, Kolkata",Kolkata Knight Riders,Gujarat Titans,93,35,4,10,1,7,31,15,62,20,0,0,0,93,0
60,2,Jos Buttler,"May 16, 2026",League stage,"Eden Gardens, Kolkata",Gujarat Titans,Kolkata Knight Riders,57,35,5,2,1,8,3,4,34,23,20,8,0,57,0
60,2,Nishant Sindhu,"May 16, 2026",League stage,"Eden Gardens, Kolkata",Gujarat Titans,Kolkata Knight Riders,1,4,0,0,1,3,1,4,0,0,0,0,0,1,0
60,2,Rahul Tewatia,"May 16, 2026",League stage,"Eden Gardens, Kolkata",Gujarat Titans,Kolkata Knight Riders,2,4,0,0,1,2,0,0,0,0,2,4,0,2,0
60,2,Sai Sudharsan,"May 16, 2026",League stage,"Eden Gardens, Kolkata",Gujarat Titans,Kolkata Knight Riders,53,28,6,3,0,10,23,13,0,0,30,15,1,53,0
60,2,Shubman Gill,"May 16, 2026",League stage,"Eden Gardens, Kolkata",Gujarat Titans,Kolkata Knight Riders,85,49,5,7,1,18,14,15,70,31,1,3,0,85,0
61,1,Devdutt Padikkal,"May 17, 2026",League stage,"Himachal Pradesh Cricket Association Stadium, Dharamsala",Royal Challengers Bengaluru,Punjab Kings,45,25,4,3,1,8,23,14,22,11,0,0,0,45,0
61,1,Jacob Bethell,"May 17, 2026",League stage,"Himachal Pradesh Cricket Association Stadium, Dharamsala",Royal Challengers Bengaluru,Punjab Kings,11,7,2,0,1,2,11,7,0,0,0,0,0,11,0
61,1,Tim David,"May 17, 2026",League stage,"Himachal Pradesh Cricket Association Stadium, Dharamsala",Royal Challengers Bengaluru,Punjab Kings,28,12,2,2,1,1,0,0,0,0,28,12,0,28,0
61,1,Venkatesh Iyer,"May 17, 2026",League stage,"Himachal Pradesh Cricket Association Stadium, Dharamsala",Royal Challengers Bengaluru,Punjab Kings,73,40,8,4,0,12,0,0,38,22,35,18,1,73,0
61,1,Virat Kohli,"May 17, 2026",League stage,"Himachal Pradesh Cricket Association Stadium, Dharamsala",Royal Challengers Bengaluru,Punjab Kings,58,37,4,3,1,7,24,15,34,22,0,0,0,58,0
61,2,Azmatullah Omarzai,"May 17, 2026",League stage,"Himachal Pradesh Cricket Association Stadium, Dharamsala",Punjab Kings,Royal Challengers Bengaluru,14,10,1,1,1,4,0,0,0,0,14,10,0,14,0
61,2,Cooper Connolly,"May 17, 2026",League stage,"Himachal Pradesh Cricket Association Stadium, Dharamsala",Punjab Kings,Royal Challengers Bengaluru,37,22,3,3,1,9,27,16,10,6,0,0,0,37,0
61,2,Harpreet Brar,"May 17, 2026",League stage,"Himachal Pradesh Cricket Association Stadium, Dharamsala",Punjab Kings,Royal Challengers Bengaluru,5,3,1,0,0,1,0,0,0,0,5,3,1,5,0
61,2,Marcus Stoinis,"May 17, 2026",League stage,"Himachal Pradesh Cricket Association Stadium, Dharamsala",Punjab Kings,Royal Challengers Bengaluru,37,25,5,0,1,5,0,0,32,21,5,4,0,37,0
61,2,Prabhsimran Singh,"May 17, 2026",League stage,"Himachal Pradesh Cricket Association Stadium, Dharamsala",Punjab Kings,Royal Challengers Bengaluru,2,5,0,0,1,3,2,5,0,0,0,0,0,2,0
61,2,Priyansh Arya,"May 17, 2026",League stage,"Himachal Pradesh Cricket Association Stadium, Dharamsala",Punjab Kings,Royal Challengers Bengaluru,0,3,0,0,1,3,0,3,0,0,0,0,0,0,1
61,2,Shashank Singh,"May 17, 2026",League stage,"Himachal Pradesh Cricket Association Stadium, Dharamsala",Punjab Kings,Royal Challengers Bengaluru,56,27,4,4,1,5,0,0,33,14,23,13,0,56,0
61,2,Shreyas Iyer,"May 17, 2026",League stage,"Himachal Pradesh Cricket Association Stadium, Dharamsala",Punjab Kings,Royal Challengers Bengaluru,1,3,0,0,1,2,1,3,0,0,0,0,0,1,0
61,2,Suryansh Shedge,"May 17, 2026",League stage,"Himachal Pradesh Cricket Association Stadium, Dharamsala",Punjab Kings,Royal Challengers Bengaluru,35,22,2,2,1,6,16,9,19,13,0,0,0,35,0
62,1,Adam Milne,"May 17, 2026",League stage,"Arun Jaitley Stadium, Delhi",Rajasthan Royals,Delhi Capitals,2,2,0,0,0,1,0,0,0,0,2,2,1,2,0
62,1,Dasun Shanaka,"May 17, 2026",League stage,"Arun Jaitley Stadium, Delhi",Rajasthan Royals,Delhi Capitals,10,8,0,1,1,4,0,0,0,0,10,8,0,10,0
62,1,Dhruv Jurel,"May 17, 2026",League stage,"Arun Jaitley Stadium, Delhi",Rajasthan Royals,Delhi Capitals,53,40,5,2,1,14,19,11,26,19,8,10,0,53,0
62,1,Donovan Ferreira,"May 17, 2026",League stage,"Arun Jaitley Stadium, Delhi",Rajasthan Royals,Delhi Capitals,0,1,0,0,1,1,0,0,0,1,0,0,0,0,1
62,1,Jofra Archer,"May 17, 2026",League stage,"Arun Jaitley Stadium, Delhi",Rajasthan Royals,Delhi Capitals,2,2,0,0,0,0,0,0,0,0,2,2,1,2,0
62,1,Ravi Singh,"May 17, 2026",League stage,"Arun Jaitley Stadium, Delhi",Rajasthan Royals,Delhi Capitals,4,2,1,0,1,1,0,0,4,2,0,0,0,4,0
62,1,Riyan Parag,"May 17, 2026",League stage,"Arun Jaitley Stadium, Delhi",Rajasthan Royals,Delhi Capitals,51,26,3,5,1,9,0,0,51,26,0,0,0,51,0
62,1,Shubham Dubey,"May 17, 2026",League stage,"Arun Jaitley Stadium, Delhi",Rajasthan Royals,Delhi Capitals,5,9,0,0,1,4,0,0,1,1,4,8,0,5,0
62,1,Vaibhav Sooryavanshi,"May 17, 2026",League stage,"Arun Jaitley Stadium, Delhi",Rajasthan Royals,Delhi Capitals,46,21,5,3,1,5,42,16,4,5,0,0,0,46,0
62,1,Yashasvi Jaiswal,"May 17, 2026",League stage,"Arun Jaitley Stadium, Delhi",Rajasthan Royals,Delhi Capitals,12,9,3,0,1,6,12,9,0,0,0,0,0,12,0
62,2,Abishek Porel,"May 17, 2026",League stage,"Arun Jaitley Stadium, Delhi",Delhi Capitals,Rajasthan Royals,51,31,7,1,1,7,38,20,13,11,0,0,0,51,0
62,2,Ashutosh Sharma,"May 17, 2026",League stage,"Arun Jaitley Stadium, Delhi",Delhi Capitals,Rajasthan Royals,18,5,1,2,0,0,0,0,0,0,18,5,1,18,0
62,2,Axar Patel,"May 17, 2026",League stage,"Arun Jaitley Stadium, Delhi",Delhi Capitals,Rajasthan Royals,34,18,2,2,0,2,0,0,14,8,20,10,1,34,0
62,2,David Miller,"May 17, 2026",League stage,"Arun Jaitley Stadium, Delhi",Delhi Capitals,Rajasthan Royals,9,6,0,1,1,2,0,0,0,0,9,6,0,9,0
62,2,Rahul,"May 17, 2026",League stage,"Arun Jaitley Stadium, Delhi",Delhi Capitals,Rajasthan Royals,56,42,1,3,1,10,26,16,30,26,0,0,0,56,0
62,2,Sahil Parakh,"May 17, 2026",League stage,"Arun Jaitley Stadium, Delhi",Delhi Capitals,Rajasthan Royals,9,8,1,0,1,3,0,0,9,8,0,0,0,9,0
62,2,Tristan Stubbs,"May 17, 2026",League stage,"Arun Jaitley Stadium, Delhi",Delhi Capitals,Rajasthan Royals,4,6,0,0,1,2,0,0,1,1,3,5,0,4,0
63,1,Akeal Hosein,"May 18, 2026",League stage,"MA Chidambaram Stadium, Chennai",Chennai Super Kings,Sunrisers Hyderabad,3,1,0,0,0,0,0,0,0,0,3,1,1,3,0
63,1,Dewald Brevis,"May 18, 2026",League stage,"MA Chidambaram Stadium, Chennai",Chennai Super Kings,Sunrisers Hyderabad,44,27,2,4,1,9,0,0,24,18,20,9,0,44,0
63,1,Kartik Sharma,"May 18, 2026",League stage,"MA Chidambaram Stadium, Chennai",Chennai Super Kings,Sunrisers Hyderabad,32,19,3,2,1,6,6,5,26,14,0,0,0,32,0
63,1,Prashant Veer,"May 18, 2026",League stage,"MA Chidambaram Stadium, Chennai",Chennai Super Kings,Sunrisers Hyderabad,11,9,2,0,1,5,0,0,0,0,11,9,0,11,0
63,1,Ruturaj Gaikwad,"May 18, 2026",League stage,"MA Chidambaram Stadium, Chennai",Chennai Super Kings,Sunrisers Hyderabad,15,21,0,0,1,6,9,11,6,10,0,0,0,15,0
63,1,Sanju Samson,"May 18, 2026",League stage,"MA Chidambaram Stadium, Chennai",Chennai Super Kings,Sunrisers Hyderabad,27,13,5,1,1,5,27,13,0,0,0,0,0,27,0
63,1,Shivam Dube,"May 18, 2026",League stage,"MA Chidambaram Stadium, Chennai",Chennai Super Kings,Sunrisers Hyderabad,26,23,3,1,1,11,0,0,16,12,10,11,0,26,0
63,1,Urvil Patel,"May 18, 2026",League stage,"MA Chidambaram Stadium, Chennai",Chennai Super Kings,Sunrisers Hyderabad,13,8,0,2,1,5,13,8,0,0,0,0,0,13,0
63,2,Abhishek Sharma,"May 18, 2026",League stage,"MA Chidambaram Stadium, Chennai",Sunrisers Hyderabad,Chennai Super Kings,26,21,3,1,1,9,18,14,8,7,0,0,0,26,0
63,2,Heinrich Klaasen,"May 18, 2026",League stage,"MA Chidambaram Stadium, Chennai",Sunrisers Hyderabad,Chennai Super Kings,47,26,6,2,1,8,0,0,47,26,0,0,0,47,0
63,2,Ishan Kishan,"May 18, 2026",League stage,"MA Chidambaram Stadium, Chennai",Sunrisers Hyderabad,Chennai Super Kings,71,47,7,3,1,14,21,16,29,18,21,13,0,71,0
63,2,Nitish Reddy,"May 18, 2026",League stage,"MA Chidambaram Stadium, Chennai",Sunrisers Hyderabad,Chennai Super Kings,11,7,1,0,1,2,0,0,6,3,5,4,0,11,0
63,2,Salil Arora,"May 18, 2026",League stage,"MA Chidambaram Stadium, Chennai",Sunrisers Hyderabad,Chennai Super Kings,10,5,0,1,0,0,0,0,0,0,10,5,1,10,0
63,2,Smaran Ravichandran,"May 18, 2026",League stage,"MA Chidambaram Stadium, Chennai",Sunrisers Hyderabad,Chennai Super Kings,5,2,1,0,0,0,0,0,0,0,5,2,1,5,0
63,2,Travis Head,"May 18, 2026",League stage,"MA Chidambaram Stadium, Chennai",Sunrisers Hyderabad,Chennai Super Kings,6,6,1,0,1,4,6,6,0,0,0,0,0,6,0
64,1,Ayush Badoni,"May 19, 2026",League stage,"Sawai Mansingh Stadium, Jaipur",Lucknow Super Giants,Rajasthan Royals,0,1,0,0,1,1,0,0,0,0,0,1,0,0,1
64,1,Josh Inglis,"May 19, 2026",League stage,"Sawai Mansingh Stadium, Jaipur",Lucknow Super Giants,Rajasthan Royals,60,29,7,3,1,8,49,22,11,7,0,0,0,60,0
64,1,Mitchell Marsh,"May 19, 2026",League stage,"Sawai Mansingh Stadium, Jaipur",Lucknow Super Giants,Rajasthan Royals,96,57,11,5,1,21,31,14,41,27,24,16,0,96,0
64,1,Nicholas Pooran,"May 19, 2026",League stage,"Sawai Mansingh Stadium, Jaipur",Lucknow Super Giants,Rajasthan Royals,16,11,0,2,1,6,0,0,16,11,0,0,0,16,0
64,1,Rishabh Pant,"May 19, 2026",League stage,"Sawai Mansingh Stadium, Jaipur",Lucknow Super Giants,Rajasthan Royals,35,23,2,2,0,5,0,0,7,9,28,14,1,35,0
64,2,Dhruv Jurel,"May 19, 2026",League stage,"Sawai Mansingh Stadium, Jaipur",Rajasthan Royals,Lucknow Super Giants,53,38,3,3,0,12,0,0,40,27,13,11,1,53,0
64,2,Donovan Ferreira,"May 19, 2026",League stage,"Sawai Mansingh Stadium, Jaipur",Rajasthan Royals,Lucknow Super Giants,16,10,1,1,0,4,0,0,0,0,16,10,1,16,0
64,2,Lhuan-dre Pretorius,"May 19, 2026",League stage,"Sawai Mansingh Stadium, Jaipur",Rajasthan Royals,Lucknow Super Giants,7,6,0,0,0,1,0,0,2,2,5,4,1,7,0
64,2,Vaibhav Sooryavanshi,"May 19, 2026",League stage,"Sawai Mansingh Stadium, Jaipur",Rajasthan Royals,Lucknow Super Giants,93,38,7,10,1,16,25,16,68,22,0,0,0,93,0
64,2,Yashasvi Jaiswal,"May 19, 2026",League stage,"Sawai Mansingh Stadium, Jaipur",Rajasthan Royals,Lucknow Super Giants,43,23,8,1,1,9,39,20,4,3,0,0,0,43,0
65,1,Corbin Bosch,"May 20, 2026",League stage,"Eden Gardens, Kolkata",Mumbai Indians,Kolkata Knight Riders,32,18,3,2,0,7,0,0,0,0,32,18,1,32,0
65,1,Deepak Chahar,"May 20, 2026",League stage,"Eden Gardens, Kolkata",Mumbai Indians,Kolkata Knight Riders,10,7,2,0,1,4,0,0,0,0,10,7,0,10,0
65,1,Hardik Pandya,"May 20, 2026",League stage,"Eden Gardens, Kolkata",Mumbai Indians,Kolkata Knight Riders,26,27,2,1,1,12,5,3,21,23,0,1,0,26,0
65,1,Naman Dhir,"May 20, 2026",League stage,"Eden Gardens, Kolkata",Mumbai Indians,Kolkata Knight Riders,0,3,0,0,1,3,0,3,0,0,0,0,0,0,1
65,1,Rohit Sharma,"May 20, 2026",League stage,"Eden Gardens, Kolkata",Mumbai Indians,Kolkata Knight Riders,15,13,0,2,1,8,15,13,0,0,0,0,0,15,0
65,1,Ryan Rickelton,"May 20, 2026",League stage,"Eden Gardens, Kolkata",Mumbai Indians,Kolkata Knight Riders,6,7,1,0,1,4,6,7,0,0,0,0,0,6,0
65,1,Suryakumar Yadav,"May 20, 2026",League stage,"Eden Gardens, Kolkata",Mumbai Indians,Kolkata Knight Riders,15,6,2,1,1,2,15,6,0,0,0,0,0,15,0
65,1,Tilak Varma,"May 20, 2026",League stage,"Eden Gardens, Kolkata",Mumbai Indians,Kolkata Knight Riders,20,32,0,1,1,19,2,4,18,28,0,0,0,20,0
65,1,Will Jacks,"May 20, 2026",League stage,"Eden Gardens, Kolkata",Mumbai Indians,Kolkata Knight Riders,14,7,1,1,1,1,0,0,5,3,9,4,0,14,0
65,2,Ajinkya Rahane,"May 20, 2026",League stage,"Eden Gardens, Kolkata",Kolkata Knight Riders,Mumbai Indians,21,17,4,0,1,8,21,17,0,0,0,0,0,21,0
65,2,Anukul Roy,"May 20, 2026",League stage,"Eden Gardens, Kolkata",Kolkata Knight Riders,Mumbai Indians,4,4,0,0,0,2,0,0,0,0,4,4,1,4,0
65,2,Cameron Green,"May 20, 2026",League stage,"Eden Gardens, Kolkata",Kolkata Knight Riders,Mumbai Indians,4,8,0,0,1,5,1,1,3,7,0,0,0,4,0
65,2,Finn Allen,"May 20, 2026",League stage,"Eden Gardens, Kolkata",Kolkata Knight Riders,Mumbai Indians,8,5,2,0,1,3,8,5,0,0,0,0,0,8,0
65,2,Manish Pandey,"May 20, 2026",League stage,"Eden Gardens, Kolkata",Kolkata Knight Riders,Mumbai Indians,45,33,6,0,1,8,18,13,27,20,0,0,0,45,0
65,2,Rinku Singh,"May 20, 2026",League stage,"Eden Gardens, Kolkata",Kolkata Knight Riders,Mumbai Indians,9,5,2,0,0,2,0,0,0,0,9,5,1,9,0
65,2,Rovman Powell,"May 20, 2026",League stage,"Eden Gardens, Kolkata",Kolkata Knight Riders,Mumbai Indians,40,30,4,2,1,11,0,0,34,28,6,2,0,40,0
65,2,Tejasvi Dahiya,"May 20, 2026",League stage,"Eden Gardens, Kolkata",Kolkata Knight Riders,Mumbai Indians,11,12,2,0,1,7,0,0,0,0,11,12,0,11,0
66,1,Jos Buttler,"May 21, 2026",League stage,"Narendra Modi Stadium, Ahmedabad",Gujarat Titans,Chennai Super Kings,57,27,5,4,0,6,0,0,26,11,31,16,1,57,0
66,1,Rahul Tewatia,"May 21, 2026",League stage,"Narendra Modi Stadium, Ahmedabad",Gujarat Titans,Chennai Super Kings,0,1,0,0,1,1,0,0,0,0,0,1,0,0,1
66,1,Sai Sudharsan,"May 21, 2026",League stage,"Narendra Modi Stadium, Ahmedabad",Gujarat Titans,Chennai Super Kings,84,53,7,4,1,13,21,18,36,24,27,11,0,84,0
66,1,Shubman Gill,"May 21, 2026",League stage,"Narendra Modi Stadium, Ahmedabad",Gujarat Titans,Chennai Super Kings,64,37,7,3,1,13,35,18,29,19,0,0,0,64,0
66,1,Washington Sundar,"May 21, 2026",League stage,"Narendra Modi Stadium, Ahmedabad",Gujarat Titans,Chennai Super Kings,7,3,0,1,1,1,0,0,0,0,7,3,0,7,0
66,2,Anshul Kamboj,"May 21, 2026",League stage,"Narendra Modi Stadium, Ahmedabad",Chennai Super Kings,Gujarat Titans,19,8,1,2,1,2,0,0,19,8,0,0,0,19,0
66,2,Dewald Brevis,"May 21, 2026",League stage,"Narendra Modi Stadium, Ahmedabad",Chennai Super Kings,Gujarat Titans,8,10,0,0,1,2,2,2,6,8,0,0,0,8,0
66,2,Kartik Sharma,"May 21, 2026",League stage,"Narendra Modi Stadium, Ahmedabad",Chennai Super Kings,Gujarat Titans,19,15,3,0,1,7,15,10,4,5,0,0,0,19,0
66,2,Matthew Short,"May 21, 2026",League stage,"Narendra Modi Stadium, Ahmedabad",Chennai Super Kings,Gujarat Titans,24,14,3,1,1,6,24,14,0,0,0,0,0,24,0
66,2,Mukesh Choudhary,"May 21, 2026",League stage,"Narendra Modi Stadium, Ahmedabad",Chennai Super Kings,Gujarat Titans,2,2,0,0,0,1,0,0,2,2,0,0,1,2,0
66,2,Noor Ahmad,"May 21, 2026",League stage,"Narendra Modi Stadium, Ahmedabad",Chennai Super Kings,Gujarat Titans,1,5,0,0,1,4,0,0,1,5,0,0,0,1,0
66,2,Ruturaj Gaikwad,"May 21, 2026",League stage,"Narendra Modi Stadium, Ahmedabad",Chennai Super Kings,Gujarat Titans,16,7,1,2,1,4,16,7,0,0,0,0,0,16,0
66,2,Sanju Samson,"May 21, 2026",League stage,"Narendra Modi Stadium, Ahmedabad",Chennai Super Kings,Gujarat Titans,0,1,0,0,1,1,0,1,0,0,0,0,0,0,1
66,2,Shivam Dube,"May 21, 2026",League stage,"Narendra Modi Stadium, Ahmedabad",Chennai Super Kings,Gujarat Titans,47,17,4,4,1,3,0,0,47,17,0,0,0,47,0
66,2,Spencer Johnson,"May 21, 2026",League stage,"Narendra Modi Stadium, Ahmedabad",Chennai Super Kings,Gujarat Titans,0,1,0,0,1,1,0,0,0,1,0,0,0,0,1
66,2,Urvil Patel,"May 21, 2026",League stage,"Narendra Modi Stadium, Ahmedabad",Chennai Super Kings,Gujarat Titans,0,2,0,0,1,2,0,2,0,0,0,0,0,0,1
67,1,Abhishek Sharma,"May 22, 2026",League stage,"Rajiv Gandhi International Stadium, Hyderabad",Sunrisers Hyderabad,Royal Challengers Bengaluru,56,22,4,5,1,5,26,14,30,8,0,0,0,56,0
67,1,Heinrich Klaasen,"May 22, 2026",League stage,"Rajiv Gandhi International Stadium, Hyderabad",Sunrisers Hyderabad,Royal Challengers Bengaluru,51,24,2,5,1,7,0,0,47,21,4,3,0,51,0
67,1,Ishan Kishan,"May 22, 2026",League stage,"Rajiv Gandhi International Stadium, Hyderabad",Sunrisers Hyderabad,Royal Challengers Bengaluru,79,46,8,3,1,9,8,6,42,25,29,15,0,79,0
67,1,Nitish Reddy,"May 22, 2026",League stage,"Rajiv Gandhi International Stadium, Hyderabad",Sunrisers Hyderabad,Royal Challengers Bengaluru,29,12,1,3,0,2,0,0,0,0,29,12,1,29,0
67,1,Travis Head,"May 22, 2026",League stage,"Rajiv Gandhi International Stadium, Hyderabad",Sunrisers Hyderabad,Royal Challengers Bengaluru,26,16,5,0,1,6,26,16,0,0,0,0,0,26,0
67,2,Devdutt Padikkal,"May 22, 2026",League stage,"Rajiv Gandhi International Stadium, Hyderabad",Royal Challengers Bengaluru,Sunrisers Hyderabad,21,14,2,1,1,4,13,5,8,9,0,0,0,21,0
67,2,Krunal Pandya,"May 22, 2026",League stage,"Rajiv Gandhi International Stadium, Hyderabad",Royal Challengers Bengaluru,Sunrisers Hyderabad,41,31,5,0,0,9,0,0,31,20,10,11,1,41,0
67,2,Rajat Patidar,"May 22, 2026",League stage,"Rajiv Gandhi International Stadium, Hyderabad",Royal Challengers Bengaluru,Sunrisers Hyderabad,56,39,6,1,1,8,1,1,31,26,24,12,0,56,0
67,2,Tim David,"May 22, 2026",League stage,"Rajiv Gandhi International Stadium, Hyderabad",Royal Challengers Bengaluru,Sunrisers Hyderabad,15,7,1,1,0,1,0,0,0,0,15,7,1,15,0
67,2,Venkatesh Iyer,"May 22, 2026",League stage,"Rajiv Gandhi International Stadium, Hyderabad",Royal Challengers Bengaluru,Sunrisers Hyderabad,44,19,4,4,1,8,44,19,0,0,0,0,0,44,0
67,2,Virat Kohli,"May 22, 2026",League stage,"Rajiv Gandhi International Stadium, Hyderabad",Royal Challengers Bengaluru,Sunrisers Hyderabad,15,11,2,0,1,3,15,11,0,0,0,0,0,15,0
68,1,Abdul Samad,"May 23, 2026",League stage,"Bharat Ratna Shri Atal Bihari Vajpayee Ekana Cricket Stadium, Lucknow",Lucknow Super Giants,Punjab Kings,37,20,3,3,0,7,0,0,1,2,36,18,1,37,0
68,1,Arjun Tendulkar,"May 23, 2026",League stage,"Bharat Ratna Shri Atal Bihari Vajpayee Ekana Cricket Stadium, Lucknow",Lucknow Super Giants,Punjab Kings,5,5,0,0,0,1,0,0,0,0,5,5,1,5,0
68,1,Arshin Kulkarni,"May 23, 2026",League stage,"Bharat Ratna Shri Atal Bihari Vajpayee Ekana Cricket Stadium, Lucknow",Lucknow Super Giants,Punjab Kings,0,1,0,0,1,1,0,1,0,0,0,0,0,0,1
68,1,Ayush Badoni,"May 23, 2026",League stage,"Bharat Ratna Shri Atal Bihari Vajpayee Ekana Cricket Stadium, Lucknow",Lucknow Super Giants,Punjab Kings,43,18,5,3,1,6,42,16,1,2,0,0,0,43,0
68,1,Josh Inglis,"May 23, 2026",League stage,"Bharat Ratna Shri Atal Bihari Vajpayee Ekana Cricket Stadium, Lucknow",Lucknow Super Giants,Punjab Kings,72,44,9,2,1,11,19,12,50,28,3,4,0,72,0
68,1,Mukul Choudhary,"May 23, 2026",League stage,"Bharat Ratna Shri Atal Bihari Vajpayee Ekana Cricket Stadium, Lucknow",Lucknow Super Giants,Punjab Kings,1,3,0,0,1,2,0,0,0,0,1,3,0,1,0
68,1,Nicholas Pooran,"May 23, 2026",League stage,"Bharat Ratna Shri Atal Bihari Vajpayee Ekana Cricket Stadium, Lucknow",Lucknow Super Giants,Punjab Kings,2,7,0,0,1,5,2,7,0,0,0,0,0,2,0
68,1,Rishabh Pant,"May 23, 2026",League stage,"Bharat Ratna Shri Atal Bihari Vajpayee Ekana Cricket Stadium, Lucknow",Lucknow Super Giants,Punjab Kings,26,22,3,0,1,7,0,0,26,22,0,0,0,26,0
68,2,Cooper Connolly,"May 23, 2026",League stage,"Bharat Ratna Shri Atal Bihari Vajpayee Ekana Cricket Stadium, Lucknow",Punjab Kings,Lucknow Super Giants,18,10,4,0,1,5,18,10,0,0,0,0,0,18,0
68,2,Prabhsimran Singh,"May 23, 2026",League stage,"Bharat Ratna Shri Atal Bihari Vajpayee Ekana Cricket Stadium, Lucknow",Punjab Kings,Lucknow Super Giants,69,39,7,2,1,6,20,12,49,27,0,0,0,69,0
68,2,Priyansh Arya,"May 23, 2026",League stage,"Bharat Ratna Shri Atal Bihari Vajpayee Ekana Cricket Stadium, Lucknow",Punjab Kings,Lucknow Super Giants,0,1,0,0,1,1,0,1,0,0,0,0,0,0,1
68,2,Shreyas Iyer,"May 23, 2026",League stage,"Bharat Ratna Shri Atal Bihari Vajpayee Ekana Cricket Stadium, Lucknow",Punjab Kings,Lucknow Super Giants,101,50,11,5,0,10,24,12,48,27,29,11,1,101,0
68,2,Suryansh Shedge,"May 23, 2026",League stage,"Bharat Ratna Shri Atal Bihari Vajpayee Ekana Cricket Stadium, Lucknow",Punjab Kings,Lucknow Super Giants,9,7,1,0,0,1,0,0,0,0,9,7,1,9,0
69,1,Dasun Shanaka,"May 24, 2026",League stage,"Wankhede Stadium, Mumbai",Rajasthan Royals,Mumbai Indians,29,15,0,3,0,3,0,0,29,15,0,0,1,29,0
69,1,Dhruv Jurel,"May 24, 2026",League stage,"Wankhede Stadium, Mumbai",Rajasthan Royals,Mumbai Indians,38,26,3,2,1,8,7,5,31,21,0,0,0,38,0
69,1,Donovan Ferreira,"May 24, 2026",League stage,"Wankhede Stadium, Mumbai",Rajasthan Royals,Mumbai Indians,18,15,0,2,1,7,0,0,12,13,6,2,0,18,0
69,1,Jofra Archer,"May 24, 2026",League stage,"Wankhede Stadium, Mumbai",Rajasthan Royals,Mumbai Indians,32,15,1,3,1,3,0,0,3,5,29,10,0,32,0
69,1,Nandre Burger,"May 24, 2026",League stage,"Wankhede Stadium, Mumbai",Rajasthan Royals,Mumbai Indians,10,3,0,1,0,0,0,0,0,0,10,3,1,10,0
69,1,Ravindra Jadeja,"May 24, 2026",League stage,"Wankhede Stadium, Mumbai",Rajasthan Royals,Mumbai Indians,19,11,3,0,0,1,0,0,0,0,19,11,1,19,0
69,1,Riyan Parag,"May 24, 2026",League stage,"Wankhede Stadium, Mumbai",Rajasthan Royals,Mumbai Indians,14,8,2,1,1,5,14,8,0,0,0,0,0,14,0
69,1,Shubham Dubey,"May 24, 2026",League stage,"Wankhede Stadium, Mumbai",Rajasthan Royals,Mumbai Indians,5,6,0,0,1,2,0,0,0,0,5,6,0,5,0
69,1,Vaibhav Sooryavanshi,"May 24, 2026",League stage,"Wankhede Stadium, Mumbai",Rajasthan Royals,Mumbai Indians,4,6,0,0,1,2,4,6,0,0,0,0,0,4,0
69,1,Yashasvi Jaiswal,"May 24, 2026",League stage,"Wankhede Stadium, Mumbai",Rajasthan Royals,Mumbai Indians,27,17,1,3,1,8,27,17,0,0,0,0,0,27,0
69,2,AM Ghazanfar,"May 24, 2026",League stage,"Wankhede Stadium, Mumbai",Mumbai Indians,Rajasthan Royals,2,3,0,0,0,1,0,0,0,0,2,3,1,2,0
69,2,Corbin Bosch,"May 24, 2026",League stage,"Wankhede Stadium, Mumbai",Mumbai Indians,Rajasthan Royals,2,4,0,0,1,2,0,0,0,0,2,4,0,2,0
69,2,Deepak Chahar,"May 24, 2026",League stage,"Wankhede Stadium, Mumbai",Mumbai Indians,Rajasthan Royals,8,5,0,1,1,3,0,0,0,0,8,5,0,8,0
69,2,Hardik Pandya,"May 24, 2026",League stage,"Wankhede Stadium, Mumbai",Mumbai Indians,Rajasthan Royals,34,15,3,2,1,2,0,0,33,13,1,2,0,34,0
69,2,Naman Dhir,"May 24, 2026",League stage,"Wankhede Stadium, Mumbai",Mumbai Indians,Rajasthan Royals,6,5,1,0,1,2,6,5,0,0,0,0,0,6,0
69,2,Rohit Sharma,"May 24, 2026",League stage,"Wankhede Stadium, Mumbai",Mumbai Indians,Rajasthan Royals,0,4,0,0,1,4,0,4,0,0,0,0,0,0,1
69,2,Ryan Rickelton,"May 24, 2026",League stage,"Wankhede Stadium, Mumbai",Mumbai Indians,Rajasthan Royals,12,7,1,1,1,3,12,7,0,0,0,0,0,12,0
69,2,Shardul Thakur,"May 24, 2026",League stage,"Wankhede Stadium, Mumbai",Mumbai Indians,Rajasthan Royals,10,11,1,0,0,4,0,0,0,0,10,11,1,10,0
69,2,Suryakumar Yadav,"May 24, 2026",League stage,"Wankhede Stadium, Mumbai",Mumbai Indians,Rajasthan Royals,60,42,3,4,1,13,18,10,39,27,3,5,0,60,0
69,2,Tilak Varma,"May 24, 2026",League stage,"Wankhede Stadium, Mumbai",Mumbai Indians,Rajasthan Royals,3,7,0,0,1,4,3,7,0,0,0,0,0,3,0
69,2,Will Jacks,"May 24, 2026",League stage,"Wankhede Stadium, Mumbai",Mumbai Indians,Rajasthan Royals,33,18,3,2,1,4,9,4,24,14,0,0,0,33,0
70,1,Abishek Porel,"May 24, 2026",League stage,"Eden Gardens, Kolkata",Delhi Capitals,Kolkata Knight Riders,22,18,4,0,1,10,22,18,0,0,0,0,0,22,0
70,1,Ashutosh Sharma,"May 24, 2026",League stage,"Eden Gardens, Kolkata",Delhi Capitals,Kolkata Knight Riders,18,11,2,1,0,3,0,0,0,0,18,11,1,18,0
70,1,Axar Patel,"May 24, 2026",League stage,"Eden Gardens, Kolkata",Delhi Capitals,Kolkata Knight Riders,39,25,3,2,1,7,0,0,23,18,16,7,0,39,0
70,1,David Miller,"May 24, 2026",League stage,"Eden Gardens, Kolkata",Delhi Capitals,Kolkata Knight Riders,28,19,0,3,1,6,0,0,5,7,23,12,0,28,0
70,1,Rahul,"May 24, 2026",League stage,"Eden Gardens, Kolkata",Delhi Capitals,Kolkata Knight Riders,60,30,5,4,1,6,18,12,42,18,0,0,0,60,0
70,1,Sahil Parakh,"May 24, 2026",League stage,"Eden Gardens, Kolkata",Delhi Capitals,Kolkata Knight Riders,24,17,3,1,1,7,11,6,13,11,0,0,0,24,0
70,1,Tristan Stubbs,"May 24, 2026",League stage,"Eden Gardens, Kolkata",Delhi Capitals,Kolkata Knight Riders,0,1,0,0,0,1,0,0,0,0,0,1,1,0,0
70,2,Ajinkya Rahane,"May 24, 2026",League stage,"Eden Gardens, Kolkata",Kolkata Knight Riders,Delhi Capitals,63,39,4,4,1,13,24,16,39,23,0,0,0,63,0
70,2,Anukul Roy,"May 24, 2026",League stage,"Eden Gardens, Kolkata",Kolkata Knight Riders,Delhi Capitals,9,8,1,0,1,2,0,0,2,2,7,6,0,9,0
70,2,Cameron Green,"May 24, 2026",League stage,"Eden Gardens, Kolkata",Kolkata Knight Riders,Delhi Capitals,2,3,0,0,1,1,0,0,2,3,0,0,0,2,0
70,2,Finn Allen,"May 24, 2026",League stage,"Eden Gardens, Kolkata",Kolkata Knight Riders,Delhi Capitals,20,13,3,1,1,7,20,13,0,0,0,0,0,20,0
70,2,Kartik Tyagi,"May 24, 2026",League stage,"Eden Gardens, Kolkata",Kolkata Knight Riders,Delhi Capitals,0,1,0,0,1,1,0,0,0,0,0,1,0,0,1
70,2,Manish Pandey,"May 24, 2026",League stage,"Eden Gardens, Kolkata",Kolkata Knight Riders,Delhi Capitals,25,16,2,2,1,7,11,7,14,9,0,0,0,25,0
70,2,Rinku Singh,"May 24, 2026",League stage,"Eden Gardens, Kolkata",Kolkata Knight Riders,Delhi Capitals,0,1,0,0,1,1,0,0,0,1,0,0,0,0,1
70,2,Rovman Powell,"May 24, 2026",League stage,"Eden Gardens, Kolkata",Kolkata Knight Riders,Delhi Capitals,29,21,3,1,0,7,0,0,17,13,12,8,1,29,0
70,2,Saurabh Dubey,"May 24, 2026",League stage,"Eden Gardens, Kolkata",Kolkata Knight Riders,Delhi Capitals,4,2,1,0,0,1,0,0,0,0,4,2,1,4,0
70,2,Tejasvi Dahiya,"May 24, 2026",League stage,"Eden Gardens, Kolkata",Kolkata Knight Riders,Delhi Capitals,1,3,0,0,1,2,0,0,1,3,0,0,0,1,0
70,2,Varun Chakaravarthy,"May 24, 2026",League stage,"Eden Gardens, Kolkata",Kolkata Knight Riders,Delhi Capitals,5,5,1,0,1,3,0,0,0,0,5,5,0,5,0
71,1,Devdutt Padikkal,"May 26, 2026",Playoffs,"Himachal Pradesh Cricket Association Stadium, Dharamsala",Royal Challengers Bengaluru,Gujarat Titans,30,19,5,0,1,5,23,11,7,8,0,0,0,30,0
71,1,Jitesh Sharma,"May 26, 2026",Playoffs,"Himachal Pradesh Cricket Association Stadium, Dharamsala",Royal Challengers Bengaluru,Gujarat Titans,15,5,1,1,0,1,0,0,0,0,15,5,1,15,0
71,1,Krunal Pandya,"May 26, 2026",Playoffs,"Himachal Pradesh Cricket Association Stadium, Dharamsala",Royal Challengers Bengaluru,Gujarat Titans,43,28,5,2,1,11,0,0,35,24,8,4,0,43,0
71,1,Rajat Patidar,"May 26, 2026",Playoffs,"Himachal Pradesh Cricket Association Stadium, Dharamsala",Royal Challengers Bengaluru,Gujarat Titans,93,33,5,9,0,1,0,0,36,17,57,16,1,93,0
71,1,Tim David,"May 26, 2026",Playoffs,"Himachal Pradesh Cricket Association Stadium, Dharamsala",Royal Challengers Bengaluru,Gujarat Titans,4,5,0,0,1,1,0,0,0,0,4,5,0,4,0
71,1,Venkatesh Iyer,"May 26, 2026",Playoffs,"Himachal Pradesh Cricket Association Stadium, Dharamsala",Royal Challengers Bengaluru,Gujarat Titans,19,7,3,1,1,2,19,7,0,0,0,0,0,19,0
71,1,Virat Kohli,"May 26, 2026",Playoffs,"Himachal Pradesh Cricket Association Stadium, Dharamsala",Royal Challengers Bengaluru,Gujarat Titans,43,25,5,1,1,7,34,18,9,7,0,0,0,43,0
71,2,Jason Holder,"May 26, 2026",Playoffs,"Himachal Pradesh Cricket Association Stadium, Dharamsala",Gujarat Titans,Royal Challengers Bengaluru,0,3,0,0,1,3,0,3,0,0,0,0,0,0,1
71,2,Jos Buttler,"May 26, 2026",Playoffs,"Himachal Pradesh Cricket Association Stadium, Dharamsala",Gujarat Titans,Royal Challengers Bengaluru,29,11,4,2,1,4,29,11,0,0,0,0,0,29,0
71,2,Kagiso Rabada,"May 26, 2026",Playoffs,"Himachal Pradesh Cricket Association Stadium, Dharamsala",Gujarat Titans,Royal Challengers Bengaluru,9,5,2,0,1,2,0,0,9,5,0,0,0,9,0
71,2,Mohammed Siraj,"May 26, 2026",Playoffs,"Himachal Pradesh Cricket Association Stadium, Dharamsala",Gujarat Titans,Royal Challengers Bengaluru,5,13,1,0,1,11,0,0,5,10,0,3,0,5,0
71,2,Nishant Sindhu,"May 26, 2026",Playoffs,"Himachal Pradesh Cricket Association Stadium, Dharamsala",Gujarat Titans,Royal Challengers Bengaluru,5,3,1,0,1,1,5,3,0,0,0,0,0,5,0
71,2,Prasidh Krishna,"May 26, 2026",Playoffs,"Himachal Pradesh Cricket Association Stadium, Dharamsala",Gujarat Titans,Royal Challengers Bengaluru,6,7,1,0,0,4,0,0,0,0,6,7,1,6,0
71,2,Rahul Tewatia,"May 26, 2026",Playoffs,"Himachal Pradesh Cricket Association Stadium, Dharamsala",Gujarat Titans,Royal Challengers Bengaluru,68,43,8,4,1,19,0,2,37,24,31,17,0,68,0
71,2,Rashid Khan,"May 26, 2026",Playoffs,"Himachal Pradesh Cricket Association Stadium, Dharamsala",Gujarat Titans,Royal Challengers Bengaluru,8,9,0,1,1,6,0,0,8,9,0,0,0,8,0
71,2,Sai Sudharsan,"May 26, 2026",Playoffs,"Himachal Pradesh Cricket Association Stadium, Dharamsala",Gujarat Titans,Royal Challengers Bengaluru,14,10,3,0,1,5,14,10,0,0,0,0,0,14,0
71,2,Shubman Gill,"May 26, 2026",Playoffs,"Himachal Pradesh Cricket Association Stadium, Dharamsala",Gujarat Titans,Royal Challengers Bengaluru,2,7,0,0,1,6,2,7,0,0,0,0,0,2,0
71,2,Washington Sundar,"May 26, 2026",Playoffs,"Himachal Pradesh Cricket Association Stadium, Dharamsala",Gujarat Titans,Royal Challengers Bengaluru,8,8,1,0,1,3,0,1,8,7,0,0,0,8,0
72,1,Dasun Shanaka,"May 27, 2026",Playoffs,"Maharaja Yadavindra Singh International Cricket Stadium, Mullanpur, New Chandigarh",Rajasthan Royals,Sunrisers Hyderabad,5,3,1,0,1,1,0,0,0,0,5,3,0,5,0
72,1,Dhruv Jurel,"May 27, 2026",Playoffs,"Maharaja Yadavindra Singh International Cricket Stadium, Mullanpur, New Chandigarh",Rajasthan Royals,Sunrisers Hyderabad,50,21,5,3,1,3,0,0,50,21,0,0,0,50,0
72,1,Donovan Ferreira,"May 27, 2026",Playoffs,"Maharaja Yadavindra Singh International Cricket Stadium, Mullanpur, New Chandigarh",Rajasthan Royals,Sunrisers Hyderabad,12,9,1,0,1,2,0,0,1,2,11,7,0,12,0
72,1,Jofra Archer,"May 27, 2026",Playoffs,"Maharaja Yadavindra Singh International Cricket Stadium, Mullanpur, New Chandigarh",Rajasthan Royals,Sunrisers Hyderabad,4,5,1,0,1,4,0,0,0,0,4,5,0,4,0
72,1,Nandre Burger,"May 27, 2026",Playoffs,"Maharaja Yadavindra Singh International Cricket Stadium, Mullanpur, New Chandigarh",Rajasthan Royals,Sunrisers Hyderabad,1,1,0,0,1,0,0,0,0,0,1,1,0,1,0
72,1,Ravindra Jadeja,"May 27, 2026",Playoffs,"Maharaja Yadavindra Singh International Cricket Stadium, Mullanpur, New Chandigarh",Rajasthan Royals,Sunrisers Hyderabad,12,9,1,0,0,3,0,0,0,0,12,9,1,12,0
72,1,Riyan Parag,"May 27, 2026",Playoffs,"Maharaja Yadavindra Singh International Cricket Stadium, Mullanpur, New Chandigarh",Rajasthan Royals,Sunrisers Hyderabad,26,12,2,2,1,3,0,0,26,10,0,2,0,26,0
72,1,Sushant Mishra,"May 27, 2026",Playoffs,"Maharaja Yadavindra Singh International Cricket Stadium, Mullanpur, New Chandigarh",Rajasthan Royals,Sunrisers Hyderabad,1,3,0,0,0,2,0,0,0,0,1,3,1,1,0
72,1,Vaibhav Sooryavanshi,"May 27, 2026",Playoffs,"Maharaja Yadavindra Singh International Cricket Stadium, Mullanpur, New Chandigarh",Rajasthan Royals,Sunrisers Hyderabad,97,29,5,12,1,7,60,20,37,9,0,0,0,97,0
72,1,Yashasvi Jaiswal,"May 27, 2026",Playoffs,"Maharaja Yadavindra Singh International Cricket Stadium, Mullanpur, New Chandigarh",Rajasthan Royals,Sunrisers Hyderabad,29,29,4,0,1,13,19,16,10,13,0,0,0,29,0
72,2,Abhishek Sharma,"May 27, 2026",Playoffs,"Maharaja Yadavindra Singh International Cricket Stadium, Mullanpur, New Chandigarh",Sunrisers Hyderabad,Rajasthan Royals,0,2,0,0,1,2,0,2,0,0,0,0,0,0,1
72,2,Eshan Malinga,"May 27, 2026",Playoffs,"Maharaja Yadavindra Singh International Cricket Stadium, Mullanpur, New Chandigarh",Sunrisers Hyderabad,Rajasthan Royals,5,8,0,0,1,3,0,0,1,1,4,7,0,5,0
72,2,Heinrich Klaasen,"May 27, 2026",Playoffs,"Maharaja Yadavindra Singh International Cricket Stadium, Mullanpur, New Chandigarh",Sunrisers Hyderabad,Rajasthan Royals,18,10,2,1,1,4,11,7,7,3,0,0,0,18,0
72,2,Ishan Kishan,"May 27, 2026",Playoffs,"Maharaja Yadavindra Singh International Cricket Stadium, Mullanpur, New Chandigarh",Sunrisers Hyderabad,Rajasthan Royals,33,11,3,3,1,3,33,11,0,0,0,0,0,33,0
72,2,Nitish Reddy,"May 27, 2026",Playoffs,"Maharaja Yadavindra Singh International Cricket Stadium, Mullanpur, New Chandigarh",Sunrisers Hyderabad,Rajasthan Royals,38,20,3,2,1,3,3,4,35,16,0,0,0,38,0
72,2,Pat Cummins,"May 27, 2026",Playoffs,"Maharaja Yadavindra Singh International Cricket Stadium, Mullanpur, New Chandigarh",Sunrisers Hyderabad,Rajasthan Royals,1,2,0,0,1,1,0,0,1,2,0,0,0,1,0
72,2,Sakib Hussain,"May 27, 2026",Playoffs,"Maharaja Yadavindra Singh International Cricket Stadium, Mullanpur, New Chandigarh",Sunrisers Hyderabad,Rajasthan Royals,5,7,1,0,0,5,0,0,0,0,5,7,1,5,0
72,2,Salil Arora,"May 27, 2026",Playoffs,"Maharaja Yadavindra Singh International Cricket Stadium, Mullanpur, New Chandigarh",Sunrisers Hyderabad,Rajasthan Royals,35,21,2,2,1,5,0,0,35,21,0,0,0,35,0
72,2,Shivang Kumar,"May 27, 2026",Playoffs,"Maharaja Yadavindra Singh International Cricket Stadium, Mullanpur, New Chandigarh",Sunrisers Hyderabad,Rajasthan Royals,27,24,3,0,1,7,0,0,8,11,19,13,0,27,0
72,2,Smaran Ravichandran,"May 27, 2026",Playoffs,"Maharaja Yadavindra Singh International Cricket Stadium, Mullanpur, New Chandigarh",Sunrisers Hyderabad,Rajasthan Royals,1,4,0,0,1,3,1,4,0,0,0,0,0,1,0
72,2,Travis Head,"May 27, 2026",Playoffs,"Maharaja Yadavindra Singh International Cricket Stadium, Mullanpur, New Chandigarh",Sunrisers Hyderabad,Rajasthan Royals,17,8,2,1,1,3,17,8,0,0,0,0,0,17,0
73,1,Dasun Shanaka,"May 29, 2026",Playoffs,"Maharaja Yadavindra Singh International Cricket Stadium, Mullanpur, New Chandigarh",Rajasthan Royals,Gujarat Titans,3,9,0,0,1,7,0,0,3,9,0,0,0,3,0
73,1,Dhruv Jurel,"May 29, 2026",Playoffs,"Maharaja Yadavindra Singh International Cricket Stadium, Mullanpur, New Chandigarh",Rajasthan Royals,Gujarat Titans,7,6,1,0,1,3,7,6,0,0,0,0,0,7,0
73,1,Donovan Ferreira,"May 29, 2026",Playoffs,"Maharaja Yadavindra Singh International Cricket Stadium, Mullanpur, New Chandigarh",Rajasthan Royals,Gujarat Titans,38,11,2,4,0,1,0,0,0,0,38,11,1,38,0
73,1,Jofra Archer,"May 29, 2026",Playoffs,"Maharaja Yadavindra Singh International Cricket Stadium, Mullanpur, New Chandigarh",Rajasthan Royals,Gujarat Titans,7,4,0,1,1,2,0,0,7,4,0,0,0,7,0
73,1,Ravindra Jadeja,"May 29, 2026",Playoffs,"Maharaja Yadavindra Singh International Cricket Stadium, Mullanpur, New Chandigarh",Rajasthan Royals,Gujarat Titans,45,35,5,1,0,12,26,11,10,15,9,9,1,45,0
73,1,Riyan Parag,"May 29, 2026",Playoffs,"Maharaja Yadavindra Singh International Cricket Stadium, Mullanpur, New Chandigarh",Rajasthan Royals,Gujarat Titans,11,6,1,1,1,3,0,0,11,6,0,0,0,11,0
73,1,Vaibhav Sooryavanshi,"May 29, 2026",Playoffs,"Maharaja Yadavindra Singh International Cricket Stadium, Mullanpur, New Chandigarh",Rajasthan Royals,Gujarat Titans,96,47,8,7,1,14,31,17,36,20,29,10,0,96,0
73,1,Yashasvi Jaiswal,"May 29, 2026",Playoffs,"Maharaja Yadavindra Singh International Cricket Stadium, Mullanpur, New Chandigarh",Rajasthan Royals,Gujarat Titans,1,2,0,0,1,1,1,2,0,0,0,0,0,1,0
73,2,Jos Buttler,"May 29, 2026",Playoffs,"Maharaja Yadavindra Singh International Cricket Stadium, Mullanpur, New Chandigarh",Gujarat Titans,Rajasthan Royals,9,9,0,0,0,1,0,0,6,5,3,4,1,9,0
73,2,Rahul Tewatia,"May 29, 2026",Playoffs,"Maharaja Yadavindra Singh International Cricket Stadium, Mullanpur, New Chandigarh",Gujarat Titans,Rajasthan Royals,17,9,2,1,0,4,0,0,0,0,17,9,1,17,0
73,2,Sai Sudharsan,"May 29, 2026",Playoffs,"Maharaja Yadavindra Singh International Cricket Stadium, Mullanpur, New Chandigarh",Gujarat Titans,Rajasthan Royals,58,32,8,1,1,4,30,17,28,15,0,0,0,58,0
73,2,Shubman Gill,"May 29, 2026",Playoffs,"Maharaja Yadavindra Singh International Cricket Stadium, Mullanpur, New Chandigarh",Gujarat Titans,Rajasthan Royals,104,53,15,3,1,12,29,19,75,34,0,0,0,104,0
73,2,Washington Sundar,"May 29, 2026",Playoffs,"Maharaja Yadavindra Singh International Cricket Stadium, Mullanpur, New Chandigarh",Gujarat Titans,Rajasthan Royals,16,9,2,1,1,4,0,0,0,0,16,9,0,16,0
74,1,Arshad Khan,"May 31, 2026",Final,"Narendra Modi Stadium, Ahmedabad",Gujarat Titans,Royal Challengers Bengaluru,15,6,0,2,1,1,0,0,15,6,0,0,0,15,0
74,1,Jason Holder,"May 31, 2026",Final,"Narendra Modi Stadium, Ahmedabad",Gujarat Titans,Royal Challengers Bengaluru,7,5,1,0,1,1,0,0,0,0,7,5,0,7,0
74,1,Jos Buttler,"May 31, 2026",Final,"Narendra Modi Stadium, Ahmedabad",Gujarat Titans,Royal Challengers Bengaluru,19,23,1,0,1,8,5,5,14,18,0,0,0,19,0
74,1,Kagiso Rabada,"May 31, 2026",Final,"Narendra Modi Stadium, Ahmedabad",Gujarat Titans,Royal Challengers Bengaluru,3,3,0,0,0,1,0,0,0,0,3,3,1,3,0
74,1,Nishant Sindhu,"May 31, 2026",Final,"Narendra Modi Stadium, Ahmedabad",Gujarat Titans,Royal Challengers Bengaluru,20,18,3,0,1,8,15,11,5,7,0,0,0,20,0
74,1,Rahul Tewatia,"May 31, 2026",Final,"Narendra Modi Stadium, Ahmedabad",Gujarat Titans,Royal Challengers Bengaluru,7,5,1,0,1,1,0,0,2,2,5,3,0,7,0
74,1,Rashid Khan,"May 31, 2026",Final,"Narendra Modi Stadium, Ahmedabad",Gujarat Titans,Royal Challengers Bengaluru,7,3,0,1,1,1,0,0,0,0,7,3,0,7,0
74,1,Sai Sudharsan,"May 31, 2026",Final,"Narendra Modi Stadium, Ahmedabad",Gujarat Titans,Royal Challengers Bengaluru,12,12,2,0,1,7,12,12,0,0,0,0,0,12,0
74,1,Shubman Gill,"May 31, 2026",Final,"Narendra Modi Stadium, Ahmedabad",Gujarat Titans,Royal Challengers Bengaluru,10,8,2,0,1,4,10,8,0,0,0,0,0,10,0
74,1,Washington Sundar,"May 31, 2026",Final,"Narendra Modi Stadium, Ahmedabad",Gujarat Titans,Royal Challengers Bengaluru,50,37,5,0,0,7,0,0,23,21,27,16,1,50,0
74,2,Devdutt Padikkal,"May 31, 2026",Final,"Narendra Modi Stadium, Ahmedabad",Royal Challengers Bengaluru,Gujarat Titans,1,4,0,0,1,3,1,4,0,0,0,0,0,1,0
74,2,Jitesh Sharma,"May 31, 2026",Final,"Narendra Modi Stadium, Ahmedabad",Royal Challengers Bengaluru,Gujarat Titans,11,14,1,0,0,7,0,0,6,5,5,9,1,11,0
74,2,Krunal Pandya,"May 31, 2026",Final,"Narendra Modi Stadium, Ahmedabad",Royal Challengers Bengaluru,Gujarat Titans,1,2,0,0,1,1,0,0,1,2,0,0,0,1,0
74,2,Rajat Patidar,"May 31, 2026",Final,"Narendra Modi Stadium, Ahmedabad",Royal Challengers Bengaluru,Gujarat Titans,15,13,1,1,1,7,1,4,14,9,0,0,0,15,0
74,2,Tim David,"May 31, 2026",Final,"Narendra Modi Stadium, Ahmedabad",Royal Challengers Bengaluru,Gujarat Titans,24,17,3,1,1,8,0,0,24,17,0,0,0,24,0
74,2,Venkatesh Iyer,"May 31, 2026",Final,"Narendra Modi Stadium, Ahmedabad",Royal Challengers Bengaluru,Gujarat Titans,32,16,4,2,1,7,32,16,0,0,0,0,0,32,0
74,2,Virat Kohli,"May 31, 2026",Final,"Narendra Modi Stadium, Ahmedabad",Royal Challengers Bengaluru,Gujarat Titans,75,42,9,3,0,10,35,12,23,21,17,9,1,75,0
