player,total_runs,total_matches,total_balls_faced,total_fours,total_sixes,total_dismissed,avg_runs,highest_score,lowest_score,not_out_rate,duck_count,duck_rate,consistency_score,innings_above_30,innings_above_50,innings_above_30_pct,innings_above_50_pct,strike_rate,boundary_rate,six_rate,four_rate,boundary_runs_pct,dot_ball_rate,pp_runs_pct,mid_runs_pct,death_runs_pct,pp_strike_rate,mid_strike_rate,death_strike_rate,dominant_phase,avg_runs_in_wins,avg_runs_in_losses,team,typical_position,avg_position,position_role,batting_role
A Ashish Reddy,280,23,193,16,15,15,12.17,36,2,0.348,0,0.0,8.88,2,0,0.087,0.0,145.08,0.161,0.078,0.083,0.55,0.301,0.018,0.218,0.764,83.33,148.78,146.58,mid,9.8,14.0,Sunrisers Hyderabad,7,7.043478260869565,lower_order,tailender
A Badoni,1076,51,776,86,41,41,21.1,74,0,0.196,3,0.059,18.68,14,7,0.275,0.137,138.66,0.164,0.053,0.111,0.548,0.313,0.044,0.474,0.482,77.05,127.82,164.24,death,19.73,22.14,Lucknow Super Giants,6,5.411764705882353,middle_order,finisher
A Chopra,53,6,71,7,0,6,8.83,24,1,0.0,0,0.0,9.02,0,0,0.0,0.0,74.65,0.099,0.0,0.099,0.528,0.577,0.509,0.472,0.019,69.23,83.33,50.0,mid,10.25,6.0,Kolkata Knight Riders,2,3.1666666666666665,opener,anchor_opener
A Kamboj,42,8,36,4,1,2,5.25,19,0,0.75,1,0.125,5.95,0,0,0.0,0.0,116.67,0.139,0.028,0.111,0.524,0.361,0.0,0.0,1.0,,,116.67,death,4.0,5.43,Chennai Super Kings,9,9.625,tailender,tailender
A Kumble,35,15,47,3,0,3,2.33,8,0,0.8,0,0.0,2.41,0,0,0.0,0.0,74.47,0.064,0.0,0.064,0.343,0.468,0.0,0.029,0.971,,20.0,80.95,death,1.5,2.46,Royal Challengers Bangalore,10,10.352941176470589,tailender,tailender
A Manohar,292,20,235,23,14,19,14.6,43,0,0.05,2,0.1,15.63,4,0,0.2,0.0,124.26,0.157,0.06,0.098,0.603,0.387,0.041,0.452,0.507,66.67,107.32,157.45,death,11.91,17.89,Gujarat Titans,7,5.9,lower_order,tailender
A Mhatre,411,12,227,46,22,12,34.25,94,0,0.0,2,0.167,30.14,8,3,0.667,0.25,181.06,0.3,0.097,0.203,0.769,0.326,0.596,0.382,0.022,185.61,184.71,90.0,pp,32.75,35.0,Chennai Super Kings,3,2.1666666666666665,top_order,top_order_anchor
A Mishra,381,57,419,31,5,32,6.68,31,0,0.439,10,0.175,7.54,2,0,0.035,0.0,90.93,0.086,0.012,0.074,0.404,0.425,0.003,0.315,0.682,20.0,73.17,104.0,death,9.18,6.09,Delhi Daredevils,8,8.543859649122806,lower_order,tailender
A Mithun,34,6,26,4,1,5,5.67,11,0,0.167,1,0.167,4.32,0,0,0.0,0.0,130.77,0.192,0.038,0.154,0.647,0.423,0.0,0.441,0.559,,125.0,135.71,death,3.0,7.0,Royal Challengers Bangalore,8,8.25,lower_order,tailender
A Nehra,41,17,62,3,1,7,2.41,22,0,0.588,5,0.294,5.48,0,0,0.0,0.0,66.13,0.065,0.016,0.048,0.439,0.581,0.0,0.0,1.0,,,66.13,death,0.0,2.73,Delhi Daredevils,10,10.181818181818182,tailender,tailender
A Nortje,49,14,50,6,0,7,3.5,23,0,0.5,3,0.214,5.87,0,0,0.0,0.0,98.0,0.12,0.0,0.12,0.49,0.48,0.0,0.0,1.0,,,98.0,death,2.5,3.67,Delhi Capitals,10,9.944444444444445,tailender,tailender
A Raghuvanshi,645,23,437,66,23,20,28.04,54,1,0.13,0,0.0,17.08,11,4,0.478,0.174,147.6,0.204,0.053,0.151,0.623,0.309,0.336,0.543,0.121,156.12,143.44,144.44,pp,29.89,26.86,Kolkata Knight Riders,4,3.9565217391304346,top_order,top_order_anchor
A Singh,2,5,10,0,0,4,0.4,1,0,0.2,3,0.6,0.55,0,0,0.0,0.0,20.0,0.0,0.0,0.0,0.0,0.8,0.0,0.0,1.0,,0.0,25.0,death,,0.4,Rajasthan Royals,9,9.6,tailender,tailender
A Symonds,974,36,750,74,41,27,27.06,117,1,0.25,0,0.0,22.89,14,6,0.389,0.167,129.87,0.153,0.055,0.099,0.556,0.369,0.074,0.625,0.301,87.8,125.83,159.24,death,27.89,26.22,Deccan Chargers,4,4.666666666666667,top_order,top_order_anchor
A Zampa,15,5,24,1,0,5,3.0,7,0,0.0,1,0.2,2.92,0,0,0.0,0.0,62.5,0.042,0.0,0.042,0.267,0.5,0.0,0.6,0.4,,64.29,60.0,mid,1.0,3.5,Rajasthan Royals,9,9.2,tailender,tailender
AA Bilakhia,69,7,85,5,0,5,9.86,22,1,0.286,0,0.0,7.58,0,0,0.0,0.0,81.18,0.059,0.0,0.059,0.29,0.471,0.333,0.145,0.522,71.88,50.0,109.09,death,9.33,10.25,Deccan Chargers,3,5.142857142857143,top_order,middle_order
AA Jhunjhunwala,217,15,210,19,5,13,14.47,53,0,0.133,1,0.067,15.45,2,1,0.133,0.067,103.33,0.114,0.024,0.09,0.488,0.429,0.111,0.571,0.318,70.59,99.2,135.29,death,16.75,13.64,Rajasthan Royals,4,5.4375,top_order,middle_order
AB Agarkar,179,19,154,13,5,10,9.42,39,0,0.474,1,0.053,9.05,1,0,0.053,0.0,116.23,0.117,0.032,0.084,0.458,0.351,0.112,0.19,0.698,153.85,72.34,132.98,pp,10.5,9.29,Kolkata Knight Riders,8,7.909090909090909,lower_order,tailender
AB Dinda,26,16,48,2,0,10,1.62,7,0,0.375,6,0.375,2.09,0,0,0.0,0.0,54.17,0.042,0.0,0.042,0.308,0.604,0.0,0.231,0.769,,75.0,50.0,mid,,1.62,Pune Warriors,11,10.529411764705882,tailender,tailender
AB McDonald,123,9,100,9,4,5,13.67,33,0,0.444,1,0.111,11.43,2,0,0.222,0.0,123.0,0.13,0.04,0.09,0.488,0.35,0.244,0.106,0.65,157.89,81.25,123.08,pp,17.5,10.6,Delhi Daredevils,6,5.555555555555555,middle_order,middle_order
AB de Villiers,5181,170,3411,414,253,130,30.48,133,0,0.235,10,0.059,27.63,66,44,0.388,0.259,151.89,0.196,0.074,0.121,0.613,0.305,0.143,0.496,0.361,120.68,131.29,222.91,death,40.09,23.06,Royal Challengers Bangalore,4,3.866279069767442,top_order,top_order_anchor
AC Blizzard,120,7,90,21,2,7,17.14,51,0,0.0,1,0.143,19.47,2,1,0.286,0.143,133.33,0.256,0.022,0.233,0.8,0.522,0.825,0.175,0.0,130.26,150.0,,mid,31.33,6.5,Mumbai Indians,1,1.1428571428571428,opener,aggressive_opener
AC Gilchrist,2069,80,1495,239,92,76,25.86,109,0,0.05,7,0.088,24.65,26,13,0.325,0.162,138.39,0.221,0.062,0.16,0.729,0.453,0.669,0.3,0.03,134.08,144.42,196.88,death,32.11,20.75,Deccan Chargers,1,1.25,opener,aggressive_opener
AC Voges,181,7,143,15,3,4,25.86,45,8,0.429,0,0.0,12.72,2,0,0.286,0.0,126.57,0.126,0.021,0.105,0.431,0.308,0.039,0.492,0.47,77.78,114.1,151.79,death,34.0,19.75,Rajasthan Royals,5,5.571428571428571,middle_order,finisher
AD Hales,148,6,118,13,6,6,24.67,45,2,0.0,0,0.0,19.97,3,0,0.5,0.0,125.42,0.161,0.051,0.11,0.595,0.398,0.77,0.23,0.0,140.74,91.89,,pp,27.25,19.5,Sunrisers Hyderabad,1,1.3333333333333333,opener,aggressive_opener
AD Mascarenhas,79,11,78,5,1,9,7.18,27,0,0.182,2,0.182,7.37,0,0,0.0,0.0,101.28,0.077,0.013,0.064,0.329,0.359,0.051,0.329,0.62,200.0,72.22,122.5,pp,4.5,7.78,Rajasthan Royals,7,6.333333333333333,lower_order,tailender
AD Mathews,724,42,575,44,29,31,17.24,65,0,0.262,3,0.071,14.97,8,1,0.19,0.024,125.91,0.127,0.05,0.077,0.483,0.318,0.014,0.399,0.587,58.82,102.48,153.99,death,20.9,16.09,Pune Warriors,6,5.5476190476190474,middle_order,finisher
AD Nath,90,10,98,7,2,10,9.0,24,0,0.0,1,0.1,7.94,0,0,0.0,0.0,91.84,0.092,0.02,0.071,0.444,0.449,0.122,0.633,0.244,100.0,91.94,88.0,pp,13.0,6.33,Royal Challengers Bangalore,6,5.6,middle_order,middle_order
AD Russell,2655,114,1525,187,223,95,23.29,88,0,0.167,6,0.053,20.69,39,12,0.342,0.105,174.1,0.269,0.146,0.123,0.786,0.397,0.015,0.445,0.539,241.18,152.12,195.9,pp,25.7,21.66,Kolkata Knight Riders,6,5.827586206896552,middle_order,finisher
AF Milne,23,6,29,0,1,4,3.83,15,0,0.333,1,0.167,5.78,0,0,0.0,0.0,79.31,0.034,0.034,0.0,0.261,0.448,0.0,0.261,0.739,,66.67,85.0,death,,3.83,Mumbai Indians,8,8.0,lower_order,tailender
AG Paunikar,49,5,58,9,0,5,9.8,20,0,0.0,1,0.2,7.92,0,0,0.0,0.0,84.48,0.155,0.0,0.155,0.735,0.655,1.0,0.0,0.0,84.48,,,pp,12.5,8.0,Rajasthan Royals,1,1.6,opener,anchor_opener
AJ Finch,2092,90,1635,214,78,84,23.24,88,0,0.067,7,0.078,21.96,27,15,0.3,0.167,127.95,0.179,0.048,0.131,0.633,0.421,0.435,0.43,0.135,114.3,136.42,157.54,death,27.76,20.5,Gujarat Lions,2,2.5934065934065935,opener,anchor_opener
AJ Turner,24,6,28,0,2,5,4.0,16,0,0.167,3,0.5,6.23,0,0,0.0,0.0,85.71,0.071,0.071,0.0,0.5,0.5,0.0,0.708,0.292,,170.0,38.89,mid,2.67,5.33,Rajasthan Royals,5,5.666666666666667,middle_order,middle_order
AJ Tye,91,13,76,6,5,9,7.0,25,0,0.308,2,0.154,8.29,0,0,0.0,0.0,119.74,0.145,0.066,0.079,0.593,0.474,0.0,0.231,0.769,,131.25,116.67,mid,3.0,7.73,Kings XI Punjab,8,8.307692307692308,lower_order,tailender
AK Markram,1560,60,1145,125,63,51,26.0,68,0,0.15,2,0.033,18.83,23,10,0.383,0.167,136.24,0.164,0.055,0.109,0.563,0.309,0.301,0.544,0.155,132.39,129.66,177.94,death,29.44,23.54,Sunrisers Hyderabad,4,3.25,top_order,top_order_anchor
AL Menaria,401,23,356,24,18,21,17.43,40,0,0.087,1,0.043,13.23,5,0,0.217,0.0,112.64,0.118,0.051,0.067,0.509,0.396,0.02,0.738,0.242,100.0,110.45,121.25,death,18.89,16.5,Rajasthan Royals,4,4.695652173913044,top_order,middle_order
AM Nayar,672,50,577,55,20,38,13.44,45,0,0.24,3,0.06,12.26,6,0,0.12,0.0,116.46,0.13,0.035,0.095,0.506,0.386,0.097,0.442,0.461,89.04,96.74,157.36,death,10.8,14.57,Mumbai Indians,6,5.18,middle_order,finisher
AM Rahane,5184,188,4127,523,132,169,27.57,105,0,0.101,13,0.069,23.97,73,36,0.388,0.191,125.61,0.159,0.032,0.127,0.556,0.361,0.509,0.393,0.098,123.28,122.4,157.59,death,31.07,24.37,Rajasthan Royals,1,1.9734042553191489,opener,aggressive_opener
AN Ahmed,36,6,26,4,1,1,6.0,18,1,0.833,0,0.0,6.03,0,0,0.0,0.0,138.46,0.192,0.038,0.154,0.611,0.385,0.0,0.0,1.0,,,138.46,death,4.5,6.75,Royal Challengers Bangalore,9,9.0,tailender,tailender
AP Tare,339,27,273,40,11,24,12.56,59,0,0.111,5,0.185,13.08,2,1,0.074,0.037,124.18,0.187,0.04,0.147,0.667,0.476,0.667,0.215,0.118,111.88,162.22,153.85,mid,17.0,9.94,Mumbai Indians,2,3.5,opener,anchor_opener
AR Patel,1919,126,1436,130,94,90,15.23,66,0,0.286,8,0.063,13.64,19,3,0.151,0.024,133.64,0.156,0.065,0.091,0.565,0.329,0.038,0.459,0.504,110.77,118.28,154.23,death,16.22,14.68,Delhi Capitals,7,6.3858267716535435,lower_order,tailender
AS Joseph,27,5,32,3,0,1,5.4,15,0,0.8,1,0.2,6.02,0,0,0.0,0.0,84.38,0.094,0.0,0.094,0.444,0.5,0.0,0.111,0.889,,100.0,82.76,mid,5.33,5.5,Gujarat Titans,9,9.0,tailender,tailender
AS Rajpoot,26,7,41,2,1,5,3.71,8,1,0.286,0,0.0,2.75,0,0,0.0,0.0,63.41,0.073,0.024,0.049,0.538,0.659,0.0,0.038,0.962,,20.0,69.44,death,,3.71,Kings XI Punjab,11,10.571428571428571,tailender,tailender
AS Raut,194,16,167,13,7,9,12.12,36,0,0.438,1,0.062,11.89,2,0,0.125,0.0,116.17,0.12,0.042,0.078,0.485,0.371,0.036,0.345,0.619,116.67,115.52,116.5,pp,12.33,12.08,Rajasthan Royals,7,6.8125,lower_order,tailender
AS Roy,27,9,28,3,0,5,3.0,13,0,0.444,4,0.444,4.33,0,0,0.0,0.0,96.43,0.107,0.0,0.107,0.444,0.464,0.148,0.0,0.852,80.0,0.0,127.78,death,6.5,2.0,Kolkata Knight Riders,9,7.777777777777778,tailender,tailender
AS Yadav,49,6,39,5,2,5,8.17,16,0,0.167,1,0.167,5.88,0,0,0.0,0.0,125.64,0.179,0.051,0.128,0.653,0.436,0.0,0.204,0.796,,100.0,134.48,death,,8.17,Deccan Chargers,7,7.0,lower_order,tailender
AT Rayudu,4348,187,3409,359,173,155,23.25,100,0,0.171,15,0.08,20.8,60,23,0.321,0.123,127.54,0.156,0.051,0.105,0.569,0.35,0.179,0.55,0.271,106.15,120.87,168.91,death,25.25,20.64,Mumbai Indians,4,4.251336898395722,top_order,finisher
AUK Pathan,39,7,23,5,2,5,5.57,14,0,0.286,2,0.286,5.65,0,0,0.0,0.0,169.57,0.304,0.087,0.217,0.821,0.478,0.359,0.282,0.359,280.0,137.5,140.0,pp,5.33,5.75,Royal Challengers Bangalore,6,5.0,middle_order,middle_order
Abdul Samad,815,56,555,52,51,44,14.55,45,0,0.214,4,0.071,11.96,7,0,0.125,0.0,146.85,0.186,0.092,0.094,0.631,0.344,0.002,0.364,0.633,100.0,120.73,168.08,death,13.44,15.08,Sunrisers Hyderabad,7,6.275862068965517,lower_order,tailender
Abhishek Sharma,1945,79,1174,183,114,72,24.62,141,0,0.089,5,0.063,25.84,31,11,0.392,0.139,165.67,0.253,0.097,0.156,0.728,0.359,0.578,0.331,0.09,164.96,168.59,160.0,mid,33.37,17.66,Sunrisers Hyderabad,1,2.670886075949367,opener,aggressive_opener
Abishek Porel,661,29,441,65,27,26,22.79,65,0,0.103,2,0.069,18.89,12,3,0.414,0.103,149.89,0.209,0.061,0.147,0.638,0.322,0.478,0.434,0.088,151.92,143.5,175.76,death,30.8,18.58,Delhi Capitals,3,3.6206896551724137,top_order,top_order_aggressor
Akash Deep,25,5,14,2,2,3,5.0,17,0,0.4,2,0.4,7.14,0,0,0.0,0.0,178.57,0.286,0.143,0.143,0.8,0.357,0.0,0.2,0.8,,250.0,166.67,mid,0.0,6.25,Royal Challengers Bangalore,9,9.6,tailender,lower_order_hitter
Aman Hakim Khan,115,10,104,8,6,9,11.5,51,0,0.1,1,0.1,15.03,1,1,0.1,0.1,110.58,0.135,0.058,0.077,0.591,0.481,0.035,0.452,0.513,80.0,89.66,143.9,death,18.33,8.57,Delhi Capitals,7,7.4,lower_order,tailender
Aniket Verma,306,17,183,17,25,13,18.0,74,1,0.235,0,0.0,18.66,3,1,0.176,0.059,167.21,0.23,0.137,0.093,0.712,0.355,0.056,0.48,0.464,106.25,161.54,186.84,death,10.86,23.0,Sunrisers Hyderabad,5,5.823529411764706,middle_order,finisher
Ankit Sharma,87,10,67,7,4,7,8.7,30,0,0.3,1,0.1,10.9,1,0,0.1,0.0,129.85,0.164,0.06,0.104,0.598,0.403,0.31,0.138,0.552,117.39,120.0,141.18,death,,8.7,Rajasthan Royals,10,7.9,tailender,tailender
Anmolpreet Singh,139,9,115,19,3,9,15.44,36,0,0.0,1,0.111,14.12,3,0,0.333,0.0,120.87,0.191,0.026,0.165,0.676,0.461,0.835,0.165,0.0,127.47,95.83,,pp,19.0,14.43,Sunrisers Hyderabad,1,2.0,opener,aggressive_opener
Anuj Rawat,318,21,267,26,14,16,15.14,66,0,0.238,4,0.19,16.99,2,1,0.095,0.048,119.1,0.15,0.052,0.097,0.591,0.427,0.261,0.292,0.447,94.32,94.9,175.31,death,17.78,13.17,Royal Challengers Bangalore,2,4.476190476190476,opener,anchor_opener
Anureet Singh,36,8,47,2,1,4,4.5,15,0,0.5,2,0.25,5.81,0,0,0.0,0.0,76.6,0.064,0.021,0.043,0.389,0.468,0.0,0.111,0.889,,44.44,84.21,death,,4.5,Kings XI Punjab,9,9.5,tailender,tailender
Arshad Khan,119,10,84,5,9,5,11.9,58,0,0.5,1,0.1,18.2,1,1,0.1,0.1,141.67,0.167,0.107,0.06,0.622,0.393,0.0,0.328,0.672,,130.0,148.15,death,0.5,14.75,Gujarat Titans,9,7.818181818181818,tailender,tailender
Arshdeep Singh,31,13,46,4,0,6,2.38,10,0,0.538,3,0.231,3.36,0,0,0.0,0.0,67.39,0.087,0.0,0.087,0.516,0.674,0.0,0.129,0.871,,133.33,62.79,mid,1.0,2.5,Punjab Kings,11,10.785714285714286,tailender,tailender
Ashutosh Sharma,412,19,250,25,30,15,21.68,66,1,0.211,0,0.0,19.48,7,2,0.368,0.105,164.8,0.22,0.12,0.1,0.68,0.32,0.0,0.34,0.66,,134.62,186.3,death,28.75,19.8,Delhi Capitals,7,7.2631578947368425,lower_order,lower_order_hitter
Atharva Taide,260,10,177,30,8,10,26.0,66,0,0.0,1,0.1,22.41,3,2,0.3,0.2,146.89,0.215,0.045,0.169,0.646,0.356,0.604,0.396,0.0,152.43,139.19,,pp,13.75,34.17,Punjab Kings,1,2.0,opener,aggressive_opener
Avesh Khan,68,16,43,7,4,4,4.25,19,0,0.75,1,0.062,5.11,0,0,0.0,0.0,158.14,0.256,0.093,0.163,0.765,0.442,0.0,0.176,0.824,,300.0,143.59,mid,1.25,5.25,Lucknow Super Giants,10,9.823529411764707,tailender,lower_order_hitter
Azhar Mahmood,388,21,303,39,13,19,18.48,80,0,0.095,2,0.095,20.58,5,2,0.238,0.095,128.05,0.172,0.043,0.129,0.603,0.383,0.057,0.626,0.317,91.67,129.26,135.16,death,21.27,15.4,Kings XI Punjab,3,5.333333333333333,top_order,middle_order
Azmatullah Omarzai,99,9,74,8,5,8,11.0,21,1,0.111,0,0.0,8.02,0,0,0.0,0.0,133.78,0.176,0.068,0.108,0.626,0.365,0.0,0.707,0.293,,125.0,161.11,death,16.75,6.4,Punjab Kings,4,6.111111111111111,top_order,finisher
B Akhil,76,11,55,5,5,6,6.91,27,0,0.455,2,0.182,7.75,0,0,0.0,0.0,138.18,0.182,0.091,0.091,0.658,0.436,0.0,0.355,0.645,,128.57,144.12,death,9.0,5.17,Royal Challengers Bangalore,7,7.363636363636363,lower_order,tailender
B Chipli,280,21,251,28,7,15,13.33,61,1,0.286,0,0.0,15.22,2,1,0.095,0.048,111.55,0.139,0.028,0.112,0.55,0.418,0.196,0.446,0.357,72.37,105.04,178.57,death,15.83,12.33,Deccan Chargers,3,4.333333333333333,top_order,finisher
B Kumar,329,72,358,32,3,38,4.57,27,0,0.472,6,0.083,5.4,0,0,0.0,0.0,91.9,0.098,0.008,0.089,0.444,0.461,0.0,0.103,0.897,,70.83,95.16,death,1.8,5.02,Sunrisers Hyderabad,9,9.013333333333334,tailender,tailender
B Lee,124,19,97,8,8,10,6.53,25,0,0.474,1,0.053,6.92,0,0,0.0,0.0,127.84,0.165,0.082,0.082,0.645,0.423,0.0,0.097,0.903,,120.0,128.74,death,6.67,6.46,Kings XI Punjab,8,8.263157894736842,lower_order,tailender
B Sai Sudharsan,1906,44,1305,199,56,40,43.32,108,5,0.091,0,0.0,27.34,30,15,0.682,0.341,146.05,0.195,0.043,0.152,0.594,0.291,0.392,0.486,0.122,135.82,144.62,203.51,death,42.7,44.0,Gujarat Titans,1,2.0454545454545454,opener,aggressive_opener
BA Stokes,935,43,698,81,32,38,21.74,107,0,0.116,3,0.07,23.64,11,4,0.256,0.093,133.95,0.162,0.046,0.116,0.552,0.334,0.257,0.522,0.221,132.6,125.45,161.72,death,25.75,18.26,Rajasthan Royals,5,3.8863636363636362,middle_order,finisher
BB McCullum,2882,109,2190,293,130,104,26.44,158,0,0.046,6,0.055,26.79,44,15,0.404,0.138,131.6,0.193,0.059,0.134,0.677,0.432,0.54,0.397,0.063,127.21,131.65,186.6,death,32.73,20.04,Kolkata Knight Riders,2,1.837837837837838,opener,aggressive_opener
BB Samantray,125,8,113,13,2,5,15.62,55,0,0.375,1,0.125,19.89,2,1,0.25,0.125,110.62,0.133,0.018,0.115,0.512,0.398,0.12,0.544,0.336,71.43,109.68,140.0,death,18.17,8.0,Sunrisers Hyderabad,5,6.0,middle_order,middle_order
BB Sran,10,7,14,0,0,1,1.43,3,0,0.857,0,0.0,0.98,0,0,0.0,0.0,71.43,0.0,0.0,0.0,0.0,0.357,0.0,0.0,1.0,,,71.43,death,0.5,1.8,Kings XI Punjab,9,9.11111111111111,tailender,tailender
BCJ Cutting,238,17,141,15,19,11,14.0,39,0,0.353,1,0.059,11.15,2,0,0.118,0.0,168.79,0.241,0.135,0.106,0.731,0.376,0.0,0.092,0.908,,110.0,178.51,death,13.22,14.88,Mumbai Indians,6,6.294117647058823,middle_order,finisher
BJ Hodge,1400,63,1118,122,43,42,22.22,73,0,0.333,3,0.048,19.18,21,6,0.333,0.095,125.22,0.148,0.038,0.109,0.533,0.361,0.106,0.461,0.433,91.36,110.81,162.47,death,23.41,21.33,Rajasthan Royals,5,4.396825396825397,middle_order,finisher
BJ Rohrer,193,8,141,21,5,7,24.12,64,4,0.125,0,0.0,22.02,3,1,0.375,0.125,136.88,0.184,0.035,0.149,0.591,0.369,0.0,0.591,0.409,0.0,108.57,225.71,death,11.5,28.33,Delhi Daredevils,5,4.888888888888889,middle_order,finisher
Basil Thampi,32,7,35,1,1,1,4.57,13,0,0.857,0,0.0,5.19,0,0,0.0,0.0,91.43,0.057,0.029,0.029,0.312,0.4,0.0,0.094,0.906,,60.0,96.67,death,3.0,4.83,Gujarat Lions,9,9.375,tailender,tailender
Bipul Sharma,187,17,123,11,9,8,11.0,35,1,0.529,0,0.0,9.77,1,0,0.059,0.0,152.03,0.163,0.073,0.089,0.524,0.268,0.0,0.08,0.92,,107.14,157.8,death,11.83,10.55,Kings XI Punjab,8,7.529411764705882,lower_order,lower_order_hitter
C Green,763,33,499,67,34,21,23.12,100,0,0.364,1,0.03,23.2,13,3,0.394,0.091,152.91,0.202,0.068,0.134,0.619,0.283,0.266,0.434,0.3,162.4,127.8,199.13,death,30.13,17.28,Mumbai Indians,3,4.181818181818182,top_order,top_order_aggressor
C Munro,177,12,141,19,8,12,14.75,40,0,0.0,2,0.167,13.74,2,0,0.167,0.0,125.53,0.191,0.057,0.135,0.701,0.461,0.74,0.237,0.023,143.96,93.33,80.0,pp,19.4,11.43,Delhi Daredevils,3,2.9166666666666665,top_order,middle_order
C Sakariya,20,7,31,3,0,6,2.86,7,0,0.143,1,0.143,2.85,0,0,0.0,0.0,64.52,0.097,0.0,0.097,0.6,0.677,0.0,0.05,0.95,,25.0,70.37,death,7.0,2.17,Rajasthan Royals,10,9.75,tailender,tailender
C de Grandhomme,303,21,225,18,18,16,14.43,40,0,0.238,3,0.143,14.33,5,0,0.238,0.0,134.67,0.16,0.08,0.08,0.594,0.364,0.003,0.469,0.528,50.0,129.09,141.59,death,12.62,15.54,Royal Challengers Bangalore,6,6.0,middle_order,middle_order
CA Ingram,205,15,180,22,5,12,13.67,47,1,0.2,0,0.0,13.4,2,0,0.133,0.0,113.89,0.15,0.028,0.122,0.576,0.417,0.068,0.624,0.307,77.78,106.67,150.0,death,18.29,9.62,Delhi Capitals,5,4.666666666666667,middle_order,finisher
CA Lynn,1329,42,945,132,66,39,31.64,93,0,0.071,3,0.071,25.32,20,10,0.476,0.238,140.63,0.21,0.07,0.14,0.695,0.41,0.586,0.387,0.027,144.26,138.54,105.88,pp,32.38,30.9,Kolkata Knight Riders,1,1.7857142857142858,opener,aggressive_opener
CA Pujara,390,22,391,50,4,19,17.73,51,0,0.136,1,0.045,14.23,4,1,0.182,0.045,99.74,0.138,0.01,0.128,0.574,0.481,0.551,0.328,0.121,93.89,105.79,114.63,death,18.17,17.2,Royal Challengers Bangalore,1,2.9545454545454546,opener,anchor_opener
CH Gayle,4997,141,3346,408,359,126,35.44,175,0,0.106,8,0.057,33.14,62,38,0.44,0.27,149.34,0.229,0.107,0.122,0.758,0.438,0.481,0.402,0.116,135.57,156.13,204.58,death,47.21,25.08,Royal Challengers Bangalore,1,1.6896551724137931,opener,aggressive_opener
CH Morris,618,49,398,41,35,28,12.61,82,0,0.429,9,0.184,16.06,6,2,0.122,0.041,155.28,0.191,0.088,0.103,0.605,0.299,0.028,0.165,0.807,242.86,109.68,167.45,pp,10.36,13.51,Delhi Daredevils,8,7.196078431372549,lower_order,lower_order_hitter
CJ Anderson,538,29,423,40,31,22,18.55,95,0,0.241,2,0.069,21.7,7,3,0.241,0.103,127.19,0.168,0.073,0.095,0.643,0.442,0.097,0.578,0.325,85.25,121.01,166.67,death,26.0,14.63,Mumbai Indians,5,4.862068965517241,middle_order,finisher
CJ Ferguson,98,8,117,9,0,6,12.25,23,3,0.25,0,0.0,6.14,0,0,0.0,0.0,83.76,0.077,0.0,0.077,0.367,0.479,0.173,0.592,0.235,70.83,82.86,100.0,death,9.0,15.5,Pune Warriors,5,5.25,middle_order,middle_order
CJ Jordan,81,12,77,3,3,10,6.75,30,0,0.167,1,0.083,8.01,1,0,0.083,0.0,105.19,0.078,0.039,0.039,0.37,0.442,0.0,0.012,0.988,,16.67,112.68,death,5.5,7.0,Kings XI Punjab,8,7.846153846153846,lower_order,tailender
CL White,971,45,760,76,38,36,21.58,78,0,0.2,4,0.089,22.58,15,6,0.333,0.133,127.76,0.15,0.05,0.1,0.548,0.342,0.11,0.516,0.374,92.24,111.09,188.08,death,19.38,22.79,Deccan Chargers,4,4.217391304347826,top_order,finisher
CM Gautam,169,13,150,17,6,10,13.0,33,1,0.231,0,0.0,11.55,3,0,0.231,0.0,112.67,0.153,0.04,0.113,0.615,0.507,0.402,0.272,0.325,109.68,104.55,125.0,death,21.33,10.5,Mumbai Indians,2,4.538461538461538,opener,anchor_opener
CR Brathwaite,181,14,111,10,16,13,12.93,43,1,0.071,0,0.0,12.54,2,0,0.143,0.0,163.06,0.234,0.144,0.09,0.751,0.396,0.0,0.133,0.867,,75.0,198.73,death,15.75,11.8,Delhi Daredevils,7,6.571428571428571,lower_order,lower_order_hitter
CR Woakes,78,12,77,7,2,6,6.5,18,0,0.5,0,0.0,5.89,0,0,0.0,0.0,101.3,0.117,0.026,0.091,0.513,0.429,0.0,0.192,0.808,,71.43,112.5,death,5.75,6.88,Kolkata Knight Riders,8,7.666666666666667,lower_order,tailender
CV Varun,26,12,48,2,0,5,2.17,10,0,0.583,2,0.167,3.1,0,0,0.0,0.0,54.17,0.042,0.0,0.042,0.308,0.604,0.0,0.0,1.0,,0.0,57.78,death,1.0,2.4,Kolkata Knight Riders,11,10.642857142857142,tailender,tailender
D Brevis,496,17,326,34,35,17,29.18,57,0,0.0,2,0.118,19.4,10,2,0.588,0.118,152.15,0.212,0.107,0.104,0.698,0.377,0.169,0.7,0.131,120.0,152.19,232.14,death,46.75,23.77,Mumbai Indians,3,3.9411764705882355,top_order,top_order_anchor
D Ferreira,79,5,61,8,3,5,15.8,69,1,0.0,0,0.0,29.85,1,1,0.2,0.2,129.51,0.18,0.049,0.131,0.633,0.426,0.177,0.709,0.114,127.27,155.56,64.29,mid,1.0,19.5,Rajasthan Royals,7,7.2,lower_order,tailender
D Padikkal,1941,78,1503,208,62,75,24.88,101,0,0.038,6,0.077,21.78,28,14,0.359,0.179,129.14,0.18,0.041,0.138,0.62,0.389,0.461,0.468,0.071,127.71,128.75,142.27,death,27.69,21.06,Royal Challengers Bangalore,2,2.6538461538461537,opener,aggressive_opener
D Pretorius,44,5,28,3,3,4,8.8,22,0,0.2,1,0.2,9.09,0,0,0.0,0.0,157.14,0.214,0.107,0.107,0.682,0.357,0.0,0.0,1.0,,,157.14,death,22.0,5.5,Chennai Super Kings,8,8.2,lower_order,lower_order_hitter
D Wiese,148,11,101,12,7,5,13.45,47,1,0.545,0,0.0,12.6,1,0,0.091,0.0,146.53,0.188,0.069,0.119,0.608,0.297,0.0,0.155,0.845,,95.83,162.34,death,10.5,14.11,Royal Challengers Bangalore,7,7.0,lower_order,tailender
DA Miller,3156,137,2273,228,142,88,23.04,101,0,0.358,4,0.029,20.08,40,14,0.292,0.102,138.85,0.163,0.062,0.1,0.559,0.313,0.031,0.516,0.453,89.09,121.93,172.79,death,26.94,19.19,Kings XI Punjab,5,4.870503597122302,middle_order,finisher
DA Warner,6567,184,4702,663,236,164,35.69,126,0,0.109,11,0.06,28.97,96,66,0.522,0.359,139.66,0.191,0.05,0.141,0.619,0.367,0.505,0.399,0.096,138.08,134.83,176.9,death,46.96,27.21,Sunrisers Hyderabad,1,1.5668449197860963,opener,aggressive_opener
DB Das,304,22,261,23,16,14,13.82,35,0,0.364,1,0.045,10.45,2,0,0.091,0.0,116.48,0.149,0.061,0.088,0.618,0.452,0.191,0.424,0.385,109.43,116.22,120.62,death,6.33,16.62,Kolkata Knight Riders,6,5.681818181818182,middle_order,middle_order
DB Ravi Teja,375,25,317,35,9,19,15.0,60,0,0.24,1,0.04,14.9,5,1,0.2,0.04,118.3,0.139,0.028,0.11,0.517,0.366,0.141,0.408,0.451,91.38,111.68,138.52,death,14.29,15.28,Deccan Chargers,7,5.96,lower_order,tailender
DH Yagnik,170,17,137,23,2,10,10.0,34,0,0.412,1,0.059,9.48,2,0,0.118,0.0,124.09,0.182,0.015,0.168,0.612,0.416,0.0,0.435,0.565,,119.35,128.0,death,14.75,8.54,Rajasthan Royals,8,6.529411764705882,lower_order,tailender
DJ Bravo,1560,110,1204,120,66,69,14.18,70,0,0.373,5,0.045,15.05,15,5,0.136,0.045,129.57,0.154,0.055,0.1,0.562,0.378,0.079,0.338,0.583,111.82,92.31,174.14,death,14.18,14.18,Chennai Super Kings,6,5.991150442477876,middle_order,finisher
DJ Hooda,1497,101,1173,98,62,85,14.82,64,0,0.158,5,0.05,15.46,14,8,0.139,0.079,127.62,0.136,0.053,0.084,0.51,0.331,0.11,0.579,0.311,100.0,125.83,145.62,death,17.23,12.96,Sunrisers Hyderabad,5,4.911764705882353,middle_order,middle_order
DJ Hussey,1322,61,1075,90,60,49,21.67,71,0,0.197,4,0.066,18.48,19,5,0.311,0.082,122.98,0.14,0.056,0.084,0.545,0.371,0.101,0.589,0.31,116.52,107.02,175.97,death,20.52,22.59,Kings XI Punjab,4,4.459016393442623,top_order,finisher
DJ Jacobs,92,7,98,10,4,7,13.14,32,0,0.0,1,0.143,11.32,1,0,0.143,0.0,93.88,0.143,0.041,0.102,0.696,0.602,0.902,0.098,0.0,91.21,128.57,,mid,16.25,9.0,Mumbai Indians,1,1.1428571428571428,opener,anchor_opener
DJ Mitchell,351,15,267,28,10,13,23.4,63,1,0.133,0,0.0,16.53,4,2,0.267,0.133,131.46,0.142,0.037,0.105,0.49,0.281,0.276,0.593,0.131,124.36,137.75,121.05,mid,26.0,20.43,Chennai Super Kings,3,4.2,top_order,middle_order
DJ Willey,53,5,62,7,0,2,10.6,20,0,0.6,1,0.2,8.65,0,0,0.0,0.0,85.48,0.113,0.0,0.113,0.528,0.548,0.113,0.434,0.453,54.55,79.31,109.09,death,7.33,15.5,Royal Challengers Bangalore,9,7.0,tailender,tailender
DJG Sammy,295,20,241,15,18,15,14.75,60,0,0.25,2,0.1,13.9,1,1,0.05,0.05,122.41,0.137,0.075,0.062,0.569,0.407,0.027,0.512,0.461,160.0,107.86,141.67,pp,9.56,19.0,Sunrisers Hyderabad,5,5.65,middle_order,middle_order
DJM Short,115,7,99,11,5,7,16.43,44,2,0.0,0,0.0,19.04,2,0,0.286,0.0,116.16,0.162,0.051,0.111,0.643,0.455,0.435,0.565,0.0,83.33,166.67,,mid,7.0,23.5,Rajasthan Royals,2,1.7142857142857142,opener,anchor_opener
DL Chahar,123,17,89,6,8,8,7.24,39,0,0.529,4,0.235,10.88,1,0,0.059,0.0,138.2,0.157,0.09,0.067,0.585,0.371,0.0,0.496,0.504,,156.41,124.0,mid,7.71,6.9,Chennai Super Kings,9,8.61111111111111,tailender,tailender
DL Vettori,121,16,113,11,2,8,7.56,29,0,0.5,1,0.062,9.02,0,0,0.0,0.0,107.08,0.115,0.018,0.097,0.463,0.363,0.0,0.388,0.612,,87.04,125.42,death,10.5,6.58,Royal Challengers Bangalore,7,7.470588235294118,lower_order,tailender
DP Conway,1080,28,773,117,34,25,38.57,92,0,0.107,3,0.107,32.17,16,11,0.571,0.393,139.72,0.195,0.044,0.151,0.622,0.345,0.429,0.482,0.089,125.82,152.34,152.38,death,51.07,26.07,Chennai Super Kings,2,1.9285714285714286,opener,aggressive_opener
DPMD Jayawardene,1808,78,1464,200,40,64,23.18,110,0,0.179,2,0.026,22.16,23,11,0.295,0.141,123.5,0.164,0.027,0.137,0.575,0.383,0.338,0.455,0.207,121.96,113.05,159.15,death,25.47,21.41,Kings XI Punjab,5,3.278481012658228,middle_order,finisher
DR Sams,44,13,44,1,3,9,3.38,15,0,0.308,3,0.231,4.23,0,0,0.0,0.0,100.0,0.091,0.068,0.023,0.5,0.5,0.023,0.364,0.614,16.67,114.29,112.5,mid,2.0,4.25,Mumbai Indians,7,6.538461538461538,lower_order,tailender
DR Smith,2385,88,1764,245,117,84,27.1,87,0,0.045,8,0.091,23.22,35,17,0.398,0.193,135.2,0.205,0.066,0.139,0.705,0.45,0.509,0.421,0.07,124.28,148.3,151.35,death,33.61,19.98,Chennai Super Kings,1,2.3707865168539324,opener,aggressive_opener
DS Kulkarni,104,20,108,7,2,9,5.2,28,1,0.55,0,0.0,6.07,0,0,0.0,0.0,96.3,0.083,0.019,0.065,0.385,0.417,0.0,0.048,0.952,,50.0,101.02,death,6.0,5.16,Rajasthan Royals,10,9.565217391304348,tailender,tailender
DT Christian,460,41,398,23,19,31,11.22,39,0,0.244,2,0.049,10.51,2,0,0.049,0.0,115.58,0.106,0.048,0.058,0.448,0.339,0.007,0.322,0.672,37.5,88.62,138.57,death,6.33,14.04,Deccan Chargers,6,5.7560975609756095,middle_order,middle_order
DW Steyn,167,33,160,14,3,22,5.06,19,0,0.333,5,0.152,5.38,0,0,0.0,0.0,104.38,0.106,0.019,0.088,0.443,0.431,0.0,0.024,0.976,,44.44,107.95,death,4.6,5.14,Sunrisers Hyderabad,9,9.243243243243244,tailender,tailender
Dhruv Jurel,856,40,541,68,46,28,21.4,81,0,0.3,4,0.1,22.58,13,6,0.325,0.15,158.23,0.211,0.085,0.126,0.64,0.29,0.061,0.397,0.542,185.71,133.33,179.84,pp,21.42,21.38,Rajasthan Royals,5,5.4,middle_order,finisher
E Lewis,654,26,477,62,36,24,25.15,65,0,0.077,2,0.077,21.74,10,4,0.385,0.154,137.11,0.205,0.075,0.13,0.709,0.444,0.642,0.309,0.049,146.85,118.82,152.38,death,29.0,21.86,Mumbai Indians,2,2.3076923076923075,opener,aggressive_opener
EJG Morgan,1406,75,1148,112,64,62,18.75,68,0,0.173,6,0.08,17.55,19,5,0.253,0.067,122.47,0.153,0.056,0.098,0.592,0.417,0.125,0.508,0.367,91.67,111.21,164.33,death,20.37,17.67,Kolkata Knight Riders,5,4.578947368421052,middle_order,finisher
F du Plessis,4773,147,3515,440,174,136,32.47,96,0,0.075,7,0.048,25.18,68,39,0.463,0.265,135.79,0.175,0.05,0.125,0.587,0.341,0.478,0.403,0.119,136.34,126.08,179.75,death,36.14,28.21,Chennai Super Kings,2,2.238095238095238,opener,aggressive_opener
FH Allen,81,5,42,13,4,5,16.2,37,1,0.0,0,0.0,15.48,1,0,0.2,0.0,192.86,0.405,0.095,0.31,0.938,0.476,1.0,0.0,0.0,192.86,,,pp,,16.2,Kolkata Knight Riders,2,1.8,opener,aggressive_opener
FY Fazal,183,11,173,22,1,10,16.64,45,0,0.091,1,0.091,14.63,3,0,0.273,0.0,105.78,0.133,0.006,0.127,0.514,0.393,0.415,0.377,0.208,96.2,111.29,118.75,death,27.4,7.67,Rajasthan Royals,3,3.5454545454545454,top_order,middle_order
G Coetzee,31,7,33,2,2,6,4.43,12,0,0.143,1,0.143,4.35,0,0,0.0,0.0,93.94,0.121,0.061,0.061,0.645,0.545,0.0,0.258,0.742,,88.89,95.83,death,12.0,3.17,Mumbai Indians,9,8.571428571428571,tailender,tailender
G Gambhir,4217,152,3404,492,59,136,27.74,93,0,0.105,12,0.079,24.18,58,36,0.382,0.237,123.88,0.162,0.017,0.145,0.551,0.363,0.54,0.396,0.064,121.9,123.7,145.16,death,33.4,20.57,Kolkata Knight Riders,2,1.9342105263157894,opener,aggressive_opener
GC Smith,739,29,668,94,9,26,25.48,91,0,0.103,3,0.103,25.82,9,4,0.31,0.138,110.63,0.154,0.013,0.141,0.582,0.445,0.506,0.405,0.089,96.64,124.07,165.0,death,36.47,9.92,Rajasthan Royals,1,1.4482758620689655,opener,anchor_opener
GD Phillips,107,11,85,5,8,9,9.73,25,0,0.182,1,0.091,8.83,0,0,0.0,0.0,125.88,0.153,0.094,0.059,0.636,0.459,0.0,0.449,0.551,0.0,104.35,184.38,death,17.67,6.75,Sunrisers Hyderabad,6,5.181818181818182,middle_order,finisher
GH Vihari,284,23,321,23,1,20,12.35,46,1,0.13,0,0.0,13.98,3,0,0.13,0.0,88.47,0.075,0.003,0.072,0.345,0.424,0.208,0.511,0.282,65.56,90.06,114.29,death,14.36,10.5,Sunrisers Hyderabad,3,4.608695652173913,top_order,middle_order
GJ Bailey,663,36,544,59,19,27,18.42,61,0,0.25,1,0.028,15.46,8,2,0.222,0.056,121.88,0.143,0.035,0.108,0.528,0.366,0.198,0.309,0.493,102.34,89.52,174.87,death,16.88,19.65,Kings XI Punjab,5,4.891891891891892,middle_order,finisher
GJ Maxwell,2820,134,1818,238,161,118,21.04,95,0,0.119,19,0.142,23.39,38,18,0.284,0.134,155.12,0.219,0.089,0.131,0.68,0.36,0.154,0.631,0.215,140.13,152.27,178.53,death,27.69,15.32,Kings XI Punjab,4,4.138686131386861,top_order,top_order_aggressor
Gurkeerat Singh,511,32,422,55,11,24,15.97,65,0,0.25,4,0.125,14.91,3,2,0.094,0.062,121.09,0.156,0.026,0.13,0.56,0.37,0.068,0.44,0.491,94.59,100.9,154.94,death,16.2,15.86,Kings XI Punjab,7,5.78125,lower_order,tailender
H Klaasen,1704,50,1029,111,97,42,34.08,105,0,0.16,1,0.02,24.13,27,11,0.54,0.22,165.6,0.202,0.094,0.108,0.602,0.235,0.055,0.586,0.36,129.17,156.67,191.56,death,36.76,32.14,Sunrisers Hyderabad,5,4.78,middle_order,finisher
HC Brook,190,11,154,23,4,9,17.27,100,0,0.182,3,0.273,28.72,1,1,0.091,0.091,123.38,0.175,0.026,0.149,0.611,0.422,0.505,0.305,0.189,114.29,128.89,144.0,death,37.67,9.62,Sunrisers Hyderabad,1,3.1818181818181817,opener,anchor_opener
HH Gibbs,886,36,807,83,31,32,24.61,69,0,0.111,4,0.111,20.5,11,6,0.306,0.167,109.79,0.141,0.038,0.103,0.585,0.471,0.505,0.414,0.081,107.45,106.38,156.52,death,30.2,20.62,Deccan Chargers,2,2.0555555555555554,opener,anchor_opener
HH Pandya,2839,144,1927,218,152,101,19.72,91,0,0.299,6,0.042,17.56,33,10,0.229,0.069,147.33,0.192,0.079,0.113,0.628,0.331,0.063,0.423,0.514,99.44,134.75,170.44,death,20.34,18.94,Mumbai Indians,6,5.190476190476191,middle_order,finisher
HM Amla,577,16,407,60,21,13,36.06,104,0,0.188,2,0.125,37.49,6,5,0.375,0.312,141.77,0.199,0.052,0.147,0.634,0.342,0.452,0.336,0.211,131.16,124.36,234.62,death,24.14,45.33,Kings XI Punjab,1,1.5625,opener,aggressive_opener
HR Shokeen,66,5,65,9,0,3,13.2,25,0,0.4,0,0.0,10.33,0,0,0.0,0.0,101.54,0.138,0.0,0.138,0.545,0.477,0.015,0.636,0.348,20.0,97.67,135.29,death,9.0,16.0,Mumbai Indians,9,7.833333333333333,tailender,tailender
HV Patel,274,44,233,17,15,31,6.23,36,0,0.295,10,0.227,7.96,2,0,0.045,0.0,117.6,0.137,0.064,0.073,0.577,0.421,0.0,0.245,0.755,,88.16,131.85,death,7.67,5.69,Royal Challengers Bangalore,9,8.25,tailender,tailender
Harbhajan Singh,833,89,604,79,42,55,9.36,64,0,0.382,13,0.146,11.71,6,1,0.067,0.011,137.91,0.2,0.07,0.131,0.682,0.419,0.074,0.176,0.749,121.57,104.26,151.46,death,9.06,9.56,Mumbai Indians,8,7.344444444444444,lower_order,tailender
Harmeet Singh,18,5,12,3,0,4,3.6,14,0,0.2,2,0.4,5.94,0,0,0.0,0.0,150.0,0.25,0.0,0.25,0.667,0.417,0.0,0.0,1.0,,,150.0,death,14.0,1.0,Kings XI Punjab,10,9.833333333333334,tailender,lower_order_hitter
Harpreet Brar,244,26,203,19,10,12,9.38,29,0,0.538,1,0.038,8.41,0,0,0.0,0.0,120.2,0.143,0.049,0.094,0.557,0.404,0.0,0.164,0.836,,74.07,136.91,death,8.25,9.89,Punjab Kings,8,8.153846153846153,lower_order,tailender
Harpreet Singh,123,8,119,10,3,7,15.38,41,1,0.125,0,0.0,12.03,1,0,0.125,0.0,103.36,0.109,0.025,0.084,0.472,0.412,0.244,0.35,0.407,103.45,82.69,131.58,death,31.5,10.0,Punjab Kings,5,5.75,middle_order,middle_order
Harshit Rana,59,10,56,5,3,6,5.9,34,0,0.4,1,0.1,10.34,1,0,0.1,0.0,105.36,0.143,0.054,0.089,0.644,0.571,0.0,0.492,0.508,,131.82,88.24,mid,0.0,7.38,Kolkata Knight Riders,9,9.8,tailender,tailender
I Sharma,57,21,69,4,2,6,2.71,10,0,0.714,1,0.048,2.94,0,0,0.0,0.0,82.61,0.087,0.029,0.058,0.491,0.536,0.0,0.211,0.789,,85.71,81.82,mid,0.5,2.95,Kolkata Knight Riders,10,10.107142857142858,tailender,tailender
IK Pathan,1150,82,950,88,38,53,14.02,60,0,0.354,3,0.037,12.59,10,1,0.122,0.012,121.05,0.133,0.04,0.093,0.504,0.356,0.08,0.343,0.577,133.33,90.39,149.32,death,13.5,14.27,Delhi Daredevils,6,5.845238095238095,middle_order,middle_order
IR Jaggi,76,7,97,6,0,5,10.86,28,2,0.286,0,0.0,11.04,0,0,0.0,0.0,78.35,0.062,0.0,0.062,0.316,0.495,0.329,0.5,0.171,67.57,82.61,92.86,death,7.5,12.2,Deccan Chargers,2,4.142857142857143,opener,anchor_opener
Imran Tahir,33,8,37,5,0,4,4.12,13,0,0.5,0,0.0,3.91,0,0,0.0,0.0,89.19,0.135,0.0,0.135,0.606,0.568,0.0,0.121,0.879,,66.67,93.55,death,2.0,4.43,Delhi Daredevils,10,10.222222222222221,tailender,tailender
Iqbal Abdulla,88,13,84,9,1,2,6.77,33,0,0.846,1,0.077,9.71,1,0,0.077,0.0,104.76,0.119,0.012,0.107,0.477,0.405,0.0,0.205,0.795,,72.0,118.64,death,13.0,4.9,Kolkata Knight Riders,8,9.153846153846153,lower_order,tailender
Ishan Kishan,3211,117,2290,310,146,108,27.44,106,0,0.077,9,0.077,24.78,44,20,0.376,0.171,140.22,0.199,0.064,0.135,0.659,0.375,0.435,0.453,0.112,135.11,136.4,189.47,death,33.19,22.69,Mumbai Indians,2,2.8119658119658117,opener,aggressive_opener
J Botha,409,28,359,39,5,20,14.61,67,1,0.286,0,0.0,15.32,4,1,0.143,0.036,113.93,0.123,0.014,0.109,0.455,0.37,0.11,0.501,0.389,86.54,111.41,129.27,death,20.42,10.25,Rajasthan Royals,6,5.428571428571429,middle_order,middle_order
J Fraser-McGurk,385,15,193,39,30,15,25.67,84,0,0.0,3,0.2,26.74,5,4,0.333,0.267,199.48,0.358,0.155,0.202,0.873,0.43,0.774,0.226,0.0,206.94,177.55,,pp,27.8,21.4,Delhi Capitals,1,1.6,opener,aggressive_opener
J Overton,102,5,65,8,5,2,20.4,43,4,0.6,0,0.0,18.19,2,0,0.4,0.0,156.92,0.2,0.077,0.123,0.608,0.277,0.0,0.461,0.539,,156.67,157.14,death,7.0,23.75,Chennai Super Kings,8,7.6,lower_order,lower_order_hitter
J Suchith,70,9,61,6,3,4,7.78,34,0,0.556,1,0.111,10.87,1,0,0.111,0.0,114.75,0.148,0.049,0.098,0.6,0.475,0.0,0.2,0.8,,46.67,180.65,death,5.0,8.57,Mumbai Indians,8,7.8,lower_order,tailender
J Syed Mohammad,29,5,26,4,0,2,5.8,13,1,0.6,0,0.0,5.07,0,0,0.0,0.0,111.54,0.154,0.0,0.154,0.552,0.385,0.0,0.31,0.69,,81.82,133.33,death,8.5,4.0,Royal Challengers Bangalore,7,8.0,lower_order,tailender
JA Morkel,975,67,687,61,55,40,14.55,73,0,0.403,3,0.045,15.46,7,3,0.104,0.045,141.92,0.169,0.08,0.089,0.589,0.33,0.018,0.328,0.653,138.46,120.3,156.13,death,12.03,16.47,Chennai Super Kings,5,5.869565217391305,middle_order,finisher
JC Archer,265,32,185,14,18,20,8.28,30,0,0.375,5,0.156,9.48,1,0,0.031,0.0,143.24,0.173,0.097,0.076,0.619,0.362,0.0,0.17,0.83,0.0,118.42,153.85,death,9.5,7.88,Rajasthan Royals,8,7.823529411764706,lower_order,tailender
JC Buttler,4297,123,2871,430,192,108,34.93,124,0,0.122,8,0.065,30.7,54,33,0.439,0.268,149.67,0.217,0.067,0.15,0.668,0.364,0.408,0.422,0.171,141.29,144.61,193.92,death,41.9,27.62,Rajasthan Royals,2,2.588709677419355,opener,aggressive_opener
JD Ryder,604,29,458,69,19,28,20.83,86,0,0.034,4,0.138,22.28,8,4,0.276,0.138,131.88,0.192,0.041,0.151,0.646,0.419,0.728,0.197,0.075,134.97,114.42,160.71,death,28.9,16.58,Pune Warriors,1,1.3103448275862069,opener,aggressive_opener
JD Unadkat,201,28,169,16,7,16,7.18,26,0,0.429,2,0.071,7.35,0,0,0.0,0.0,118.93,0.136,0.041,0.095,0.527,0.396,0.0,0.114,0.886,,82.14,126.24,death,4.71,8.0,Rajasthan Royals,10,9.454545454545455,tailender,tailender
JDP Oram,106,11,108,6,5,8,9.64,41,0,0.273,1,0.091,11.62,1,0,0.091,0.0,98.15,0.102,0.046,0.056,0.509,0.444,0.0,0.415,0.585,,75.86,124.0,death,6.83,13.0,Chennai Super Kings,6,5.833333333333333,middle_order,middle_order
JDS Neesham,92,10,93,6,2,9,9.2,22,0,0.1,2,0.2,7.33,0,0,0.0,0.0,98.92,0.086,0.022,0.065,0.391,0.43,0.0,0.543,0.457,,108.7,89.36,mid,6.4,12.0,Kings XI Punjab,7,6.8,lower_order,tailender
JEC Franklin,327,16,301,25,9,11,20.44,79,1,0.312,0,0.0,19.98,3,1,0.188,0.062,108.64,0.113,0.03,0.083,0.471,0.385,0.242,0.462,0.297,84.95,107.86,142.65,death,17.5,25.33,Mumbai Indians,1,3.8125,opener,anchor_opener
JH Kallis,2427,96,2222,255,44,85,25.28,89,0,0.115,9,0.094,22.46,34,17,0.354,0.177,109.23,0.135,0.02,0.115,0.529,0.411,0.427,0.411,0.162,105.5,98.52,172.81,death,28.29,22.27,Kolkata Knight Riders,1,2.3125,opener,anchor_opener
JJ Bumrah,73,29,81,6,1,7,2.52,16,0,0.759,5,0.172,3.52,0,0,0.0,0.0,90.12,0.086,0.012,0.074,0.411,0.444,0.0,0.137,0.863,,142.86,85.14,mid,1.25,2.72,Mumbai Indians,10,10.25,tailender,tailender
JJ Roy,614,21,443,75,21,19,29.24,91,1,0.095,0,0.0,24.07,10,4,0.476,0.19,138.6,0.217,0.047,0.169,0.694,0.406,0.619,0.314,0.067,131.03,148.46,178.26,death,45.86,20.93,Kolkata Knight Riders,1,1.5714285714285714,opener,aggressive_opener
JM Bairstow,1674,52,1146,173,74,48,32.19,114,0,0.077,3,0.058,27.6,24,11,0.462,0.212,146.07,0.216,0.065,0.151,0.679,0.387,0.564,0.391,0.045,151.04,140.56,136.36,pp,44.05,24.16,Sunrisers Hyderabad,2,2.0943396226415096,opener,aggressive_opener
JM Sharma,1029,51,658,80,64,43,20.18,85,0,0.157,3,0.059,15.99,11,1,0.216,0.02,156.38,0.219,0.097,0.122,0.684,0.357,0.013,0.566,0.422,56.52,143.7,188.7,death,20.17,20.18,Punjab Kings,5,5.490196078431373,middle_order,finisher
JO Holder,259,27,211,13,18,21,9.59,47,0,0.222,2,0.074,10.36,1,0,0.037,0.0,122.75,0.147,0.085,0.062,0.618,0.436,0.046,0.282,0.672,66.67,123.73,129.85,death,11.22,8.78,Sunrisers Hyderabad,7,6.962962962962963,lower_order,tailender
JP Duminy,2029,75,1636,126,79,51,27.05,78,0,0.32,1,0.013,20.47,27,14,0.36,0.187,124.02,0.125,0.048,0.077,0.482,0.317,0.116,0.449,0.435,98.33,103.99,169.62,death,28.04,26.5,Delhi Daredevils,5,4.454545454545454,middle_order,finisher
JP Faulkner,527,45,390,36,23,26,11.71,46,1,0.422,0,0.0,11.62,6,0,0.133,0.0,135.13,0.151,0.059,0.092,0.535,0.331,0.027,0.14,0.833,70.0,86.05,154.58,death,12.22,11.37,Rajasthan Royals,7,6.782608695652174,lower_order,tailender
JP Inglis,278,11,171,26,16,9,25.27,73,2,0.182,0,0.0,20.99,5,1,0.455,0.091,162.57,0.246,0.094,0.152,0.719,0.368,0.46,0.439,0.101,166.23,160.53,155.56,pp,27.17,23.0,Punjab Kings,3,3.8181818181818183,top_order,top_order_anchor
JR Hazlewood,19,7,29,1,0,0,2.71,7,0,1.0,0,0.0,3.09,0,0,0.0,0.0,65.52,0.034,0.0,0.034,0.211,0.483,0.0,0.105,0.895,,18.18,94.44,death,1.0,3.0,Royal Challengers Bangalore,11,10.714285714285714,tailender,tailender
JR Hopes,417,19,306,49,11,16,21.95,71,0,0.158,1,0.053,20.6,4,4,0.211,0.211,136.27,0.196,0.036,0.16,0.628,0.366,0.4,0.448,0.151,125.56,146.09,140.0,mid,16.88,25.64,Kings XI Punjab,2,3.5789473684210527,opener,aggressive_opener
JR Philippe,78,5,77,9,1,4,15.6,33,0,0.2,1,0.2,16.13,2,0,0.4,0.0,101.3,0.13,0.013,0.117,0.538,0.455,0.654,0.333,0.013,92.73,130.0,50.0,mid,1.0,19.25,Royal Challengers Bangalore,1,2.4,opener,anchor_opener
Joginder Sharma,36,5,30,1,2,4,7.2,16,0,0.2,2,0.4,8.2,0,0,0.0,0.0,120.0,0.1,0.067,0.033,0.444,0.333,0.0,0.0,1.0,,0.0,128.57,death,,7.2,Chennai Super Kings,8,8.333333333333334,lower_order,tailender
K Goel,218,17,231,17,9,15,12.82,38,0,0.118,2,0.118,11.33,1,0,0.059,0.0,94.37,0.113,0.039,0.074,0.56,0.528,0.734,0.128,0.138,99.38,66.67,107.14,death,9.33,14.73,Kings XI Punjab,2,3.176470588235294,opener,anchor_opener
K Gowtham,247,27,148,15,17,18,9.15,33,0,0.333,2,0.074,8.55,1,0,0.037,0.0,166.89,0.216,0.115,0.101,0.656,0.345,0.032,0.304,0.664,160.0,136.36,186.36,death,10.88,8.42,Rajasthan Royals,8,7.037037037037037,lower_order,lower_order_hitter
K Rabada,238,32,217,17,11,18,7.44,44,0,0.438,4,0.125,9.41,1,0,0.031,0.0,109.68,0.129,0.051,0.078,0.563,0.447,0.004,0.223,0.773,33.33,84.13,121.85,death,3.86,8.44,Delhi Capitals,8,8.941176470588236,lower_order,tailender
KA Jamieson,65,9,60,5,3,4,7.22,16,0,0.556,0,0.0,6.55,0,0,0.0,0.0,108.33,0.133,0.05,0.083,0.585,0.5,0.0,0.185,0.815,,54.55,139.47,death,7.25,7.2,Royal Challengers Bangalore,8,8.11111111111111,lower_order,tailender
KA Pollard,3437,168,2329,221,224,121,20.46,87,0,0.28,5,0.03,18.53,36,16,0.214,0.095,147.57,0.191,0.096,0.095,0.648,0.365,0.015,0.393,0.591,108.16,124.49,170.18,death,23.25,17.39,Mumbai Indians,5,5.388571428571429,middle_order,finisher
KB Arun Karthik,51,8,51,4,1,5,6.38,19,0,0.375,1,0.125,6.28,0,0,0.0,0.0,100.0,0.098,0.02,0.078,0.431,0.431,0.0,0.51,0.49,,118.18,86.21,mid,10.0,5.17,Royal Challengers Bangalore,7,6.625,lower_order,tailender
KC Cariappa,24,5,21,0,2,3,4.8,12,1,0.4,0,0.0,5.31,0,0,0.0,0.0,114.29,0.095,0.095,0.0,0.5,0.381,0.0,0.5,0.5,,150.0,92.31,mid,1.0,5.75,Kings XI Punjab,10,9.6,tailender,tailender
KC Sangakkara,1687,68,1392,195,27,65,24.81,94,0,0.044,4,0.059,21.43,23,10,0.338,0.147,121.19,0.159,0.019,0.14,0.558,0.374,0.309,0.571,0.12,116.0,118.6,155.38,death,34.96,18.12,Kings XI Punjab,3,3.235294117647059,top_order,finisher
KD Karthik,4843,233,3580,466,161,184,20.79,97,0,0.21,18,0.077,18.74,64,22,0.275,0.094,135.28,0.175,0.045,0.13,0.584,0.341,0.082,0.525,0.393,98.02,122.39,173.41,death,20.84,20.73,Kolkata Knight Riders,5,4.851694915254237,middle_order,finisher
KH Pandya,1757,115,1332,153,65,82,15.28,86,0,0.287,7,0.061,15.84,21,2,0.183,0.017,131.91,0.164,0.049,0.115,0.57,0.369,0.044,0.554,0.402,104.0,120.27,157.59,death,17.19,13.4,Mumbai Indians,7,5.882352941176471,lower_order,tailender
KK Ahmed,2,6,9,0,0,5,0.33,1,0,0.167,4,0.667,0.52,0,0,0.0,0.0,22.22,0.0,0.0,0.0,0.0,0.778,0.0,0.0,1.0,,,22.22,death,,0.33,Sunrisers Hyderabad,11,10.857142857142858,tailender,tailender
KK Cooper,116,12,68,9,8,9,9.67,32,0,0.25,1,0.083,9.92,1,0,0.083,0.0,170.59,0.25,0.118,0.132,0.724,0.397,0.06,0.259,0.681,350.0,136.36,179.55,pp,10.0,9.43,Rajasthan Royals,6,6.928571428571429,middle_order,finisher
KK Nair,1694,76,1286,185,49,71,22.29,89,0,0.066,5,0.066,21.47,23,11,0.303,0.145,131.73,0.182,0.038,0.144,0.61,0.382,0.362,0.476,0.162,129.05,122.87,177.42,death,30.13,16.89,Rajasthan Royals,3,3.3552631578947367,top_order,finisher
KL Nagarkoti,22,7,33,1,0,4,3.14,8,0,0.429,2,0.286,3.08,0,0,0.0,0.0,66.67,0.03,0.0,0.03,0.182,0.485,0.0,0.273,0.727,,46.15,80.0,death,3.0,3.25,Kolkata Knight Riders,9,8.571428571428571,tailender,tailender
KL Rahul,5346,140,3914,466,213,119,38.19,132,0,0.15,5,0.036,30.18,68,46,0.486,0.329,136.59,0.173,0.054,0.119,0.588,0.335,0.419,0.421,0.16,126.9,135.44,175.72,death,42.61,34.67,Kings XI Punjab,1,1.951048951048951,opener,aggressive_opener
KM Jadhav,1208,81,981,102,40,54,14.91,69,0,0.333,6,0.074,14.73,11,4,0.136,0.049,123.14,0.145,0.041,0.104,0.536,0.351,0.055,0.477,0.468,82.72,116.84,138.82,death,16.74,14.19,Delhi Daredevils,6,5.45679012345679,middle_order,middle_order
KMA Paul,18,6,24,1,1,5,3.0,7,0,0.167,2,0.333,2.76,0,0,0.0,0.0,75.0,0.083,0.042,0.042,0.556,0.625,0.0,0.0,1.0,,,75.0,death,5.0,1.0,Delhi Capitals,8,7.333333333333333,lower_order,tailender
KP Pietersen,1001,36,743,91,40,28,27.81,103,0,0.222,4,0.111,22.02,15,5,0.417,0.139,134.72,0.176,0.054,0.122,0.603,0.37,0.392,0.486,0.123,133.33,127.89,178.26,death,37.29,21.77,Delhi Daredevils,3,3.0555555555555554,top_order,top_order_anchor
KR Mayers,379,13,263,38,22,13,29.15,73,0,0.0,2,0.154,24.19,5,4,0.385,0.308,144.11,0.228,0.084,0.144,0.749,0.487,0.744,0.256,0.0,137.56,167.24,,mid,32.17,26.57,Lucknow Super Giants,2,1.5384615384615385,opener,aggressive_opener
KS Bharat,199,8,163,12,8,7,24.88,78,0,0.125,1,0.125,25.74,3,1,0.375,0.125,122.09,0.123,0.049,0.074,0.482,0.35,0.327,0.513,0.161,110.17,120.0,168.42,death,38.5,11.25,Royal Challengers Bangalore,3,3.2222222222222223,top_order,finisher
KS Williamson,2132,77,1697,187,64,60,27.69,89,0,0.221,2,0.026,23.59,28,18,0.364,0.234,125.63,0.148,0.038,0.11,0.531,0.345,0.227,0.558,0.216,100.63,126.49,166.06,death,28.24,27.18,Sunrisers Hyderabad,3,3.076923076923077,top_order,top_order_anchor
KV Sharma,352,40,295,20,17,26,8.8,39,0,0.35,1,0.025,9.24,2,0,0.05,0.0,119.32,0.125,0.058,0.068,0.517,0.383,0.02,0.276,0.705,77.78,92.38,137.02,death,6.92,9.61,Sunrisers Hyderabad,8,7.634146341463414,lower_order,tailender
Kamran Akmal,128,6,78,13,8,5,21.33,53,6,0.167,0,0.0,16.63,1,1,0.167,0.167,164.1,0.269,0.103,0.167,0.781,0.423,0.398,0.398,0.203,124.39,255.0,152.94,mid,20.8,24.0,Rajasthan Royals,1,2.6666666666666665,opener,aggressive_opener
Kartik Tyagi,18,7,21,2,0,5,2.57,7,0,0.286,1,0.143,2.51,0,0,0.0,0.0,85.71,0.095,0.0,0.095,0.444,0.476,0.0,0.222,0.778,,200.0,73.68,mid,1.0,2.83,Rajasthan Royals,10,9.625,tailender,tailender
Kuldeep Yadav,206,40,240,18,3,17,5.15,35,0,0.575,5,0.125,6.65,1,0,0.025,0.0,85.83,0.088,0.012,0.075,0.437,0.488,0.0,0.097,0.903,,55.56,91.18,death,3.33,5.47,Delhi Capitals,9,9.475,tailender,tailender
L Balaji,36,14,49,2,1,8,2.57,15,0,0.429,5,0.357,4.31,0,0,0.0,0.0,73.47,0.061,0.02,0.041,0.389,0.571,0.0,0.028,0.972,,25.0,77.78,death,1.6,3.11,Chennai Super Kings,9,9.8,tailender,tailender
L Ronchi,34,5,34,6,1,5,6.8,13,0,0.0,1,0.2,5.63,0,0,0.0,0.0,100.0,0.206,0.029,0.176,0.882,0.676,1.0,0.0,0.0,100.0,,,pp,,6.8,Mumbai Indians,1,1.0,opener,anchor_opener
LA Carseldine,81,5,68,11,0,4,16.2,39,8,0.2,0,0.0,13.14,1,0,0.2,0.0,119.12,0.162,0.0,0.162,0.543,0.412,0.469,0.284,0.247,108.57,115.0,153.85,death,21.33,8.5,Rajasthan Royals,3,4.0,top_order,finisher
LA Pomersbach,302,16,246,25,13,11,18.88,79,1,0.312,0,0.0,19.75,3,1,0.188,0.062,122.76,0.154,0.053,0.102,0.589,0.423,0.344,0.434,0.222,130.0,111.97,136.73,death,20.0,17.0,Kings XI Punjab,3,3.6875,top_order,middle_order
LH Ferguson,72,8,47,7,2,3,9.0,24,0,0.625,1,0.125,9.68,0,0,0.0,0.0,153.19,0.191,0.043,0.149,0.556,0.255,0.0,0.0,1.0,,,153.19,death,0.0,10.29,Kolkata Knight Riders,9,9.272727272727273,tailender,lower_order_hitter
LJ Wright,106,5,60,16,3,5,21.2,44,2,0.0,0,0.0,17.74,2,0,0.4,0.0,176.67,0.317,0.05,0.267,0.774,0.317,0.075,0.132,0.792,100.0,93.33,227.03,death,44.0,15.5,Pune Warriors,4,5.0,top_order,top_order_aggressor
LMP Simmons,1079,29,852,109,44,27,37.21,100,0,0.069,2,0.069,29.24,17,12,0.586,0.414,126.64,0.18,0.052,0.128,0.649,0.441,0.502,0.446,0.052,117.83,135.11,155.56,death,42.16,27.8,Mumbai Indians,1,1.103448275862069,opener,anchor_opener
LR Shukla,405,33,350,33,16,27,12.27,48,0,0.182,3,0.091,12.16,3,0,0.091,0.0,115.71,0.14,0.046,0.094,0.563,0.411,0.005,0.454,0.541,40.0,101.66,133.54,death,12.4,12.22,Kolkata Knight Riders,6,6.323529411764706,middle_order,middle_order
LRPL Taylor,1017,54,822,66,46,40,18.83,81,0,0.259,3,0.056,16.73,11,3,0.204,0.056,123.72,0.136,0.056,0.08,0.531,0.376,0.152,0.541,0.307,128.1,109.56,156.78,death,17.83,19.63,Royal Challengers Bangalore,5,4.62962962962963,middle_order,finisher
LS Livingstone,1065,48,682,70,76,41,22.19,94,0,0.146,3,0.062,23.5,12,7,0.25,0.146,156.16,0.214,0.111,0.103,0.691,0.352,0.168,0.509,0.323,132.59,137.91,223.38,death,24.26,20.83,Punjab Kings,4,4.229166666666667,top_order,top_order_aggressor
Lalit Yadav,305,21,290,27,7,16,14.52,48,0,0.238,1,0.048,13.93,3,0,0.143,0.0,105.17,0.117,0.024,0.093,0.492,0.407,0.082,0.61,0.308,78.12,104.49,117.5,death,18.38,12.15,Delhi Capitals,6,5.9523809523809526,middle_order,middle_order
M Ashwin,35,12,50,2,1,9,2.92,9,0,0.25,2,0.167,3.12,0,0,0.0,0.0,70.0,0.06,0.02,0.04,0.4,0.54,0.0,0.143,0.857,,38.46,81.08,death,2.5,3.0,Mumbai Indians,8,8.384615384615385,lower_order,tailender
M Jansen,150,21,139,8,7,12,7.14,34,0,0.429,3,0.143,9.18,1,0,0.048,0.0,107.91,0.108,0.05,0.058,0.493,0.403,0.0,0.22,0.78,,103.12,109.35,death,8.5,6.6,Sunrisers Hyderabad,8,7.863636363636363,lower_order,tailender
M Kaif,259,22,250,22,6,18,11.77,34,1,0.182,0,0.0,8.94,2,0,0.091,0.0,103.6,0.112,0.024,0.088,0.479,0.448,0.085,0.707,0.208,57.89,109.58,120.0,death,13.43,8.88,Rajasthan Royals,5,4.7727272727272725,middle_order,middle_order
M Kartik,113,14,108,7,1,7,8.07,21,0,0.5,1,0.071,6.51,0,0,0.0,0.0,104.63,0.074,0.009,0.065,0.301,0.287,0.0,0.31,0.69,,109.38,102.63,mid,15.5,6.83,Kolkata Knight Riders,9,9.0625,tailender,tailender
M Manhas,514,38,470,43,10,23,13.53,42,0,0.395,6,0.158,12.11,5,0,0.132,0.0,109.36,0.113,0.021,0.091,0.451,0.385,0.089,0.436,0.475,86.79,96.55,131.89,death,15.18,12.85,Pune Warriors,6,5.7631578947368425,middle_order,middle_order
M Markande,48,10,42,5,1,3,4.8,18,0,0.7,0,0.0,5.22,0,0,0.0,0.0,114.29,0.143,0.024,0.119,0.542,0.429,0.0,0.0,1.0,,0.0,117.07,death,6.5,4.38,Mumbai Indians,9,9.454545454545455,tailender,tailender
M Morkel,126,21,90,11,5,11,6.0,23,0,0.476,5,0.238,6.77,0,0,0.0,0.0,140.0,0.178,0.056,0.122,0.587,0.356,0.0,0.079,0.921,,111.11,143.21,death,7.0,5.95,Delhi Daredevils,9,9.130434782608695,tailender,tailender
M Muralitharan,20,9,30,1,0,6,2.22,6,0,0.333,2,0.222,2.33,0,0,0.0,0.0,66.67,0.033,0.0,0.033,0.2,0.567,0.0,0.0,1.0,,,66.67,death,2.0,2.29,Chennai Super Kings,10,10.333333333333334,tailender,tailender
M Prasidh Krishna,9,7,24,0,0,3,1.29,4,0,0.571,2,0.286,1.5,0,0,0.0,0.0,37.5,0.0,0.0,0.0,0.0,0.625,0.0,0.0,1.0,,,37.5,death,2.0,1.17,Kolkata Knight Riders,11,10.3,tailender,tailender
M Rawat,55,11,69,4,1,5,5.0,23,0,0.545,1,0.091,6.4,0,0,0.0,0.0,79.71,0.072,0.014,0.058,0.4,0.478,0.0,0.273,0.727,0.0,68.18,88.89,death,2.0,6.71,Rajasthan Royals,9,7.583333333333333,tailender,tailender
M Shahrukh Khan,747,50,501,47,51,36,14.94,58,0,0.28,3,0.06,13.76,6,2,0.12,0.04,149.1,0.196,0.102,0.094,0.661,0.353,0.031,0.44,0.529,109.52,135.95,165.97,death,11.48,17.45,Punjab Kings,6,6.078431372549019,middle_order,finisher
M Theekshana,17,6,34,0,1,3,2.83,7,0,0.5,1,0.167,2.64,0,0,0.0,0.0,50.0,0.029,0.029,0.0,0.353,0.647,0.0,0.118,0.882,,16.67,68.18,death,2.0,3.0,Rajasthan Royals,10,9.666666666666666,tailender,tailender
M Vijay,2619,106,2149,247,91,101,24.71,127,0,0.047,5,0.047,24.13,36,15,0.34,0.142,121.87,0.157,0.042,0.115,0.586,0.432,0.601,0.351,0.048,114.47,130.87,176.06,death,29.12,21.05,Chennai Super Kings,1,1.6037735849056605,opener,anchor_opener
M Vohra,1083,51,829,104,43,49,21.24,95,0,0.039,3,0.059,19.54,15,3,0.294,0.059,130.64,0.177,0.052,0.125,0.622,0.433,0.638,0.305,0.057,127.96,126.44,221.43,death,26.15,18.06,Kings XI Punjab,2,2.4313725490196076,opener,aggressive_opener
MA Agarwal,2764,125,2066,275,100,120,22.11,106,0,0.04,7,0.056,21.7,33,14,0.264,0.112,133.79,0.182,0.048,0.133,0.615,0.374,0.513,0.396,0.091,122.45,139.19,206.56,death,20.0,23.52,Kings XI Punjab,2,2.4126984126984126,opener,aggressive_opener
MA Starc,111,21,119,11,0,11,5.29,29,0,0.476,3,0.143,7.11,0,0,0.0,0.0,93.28,0.092,0.0,0.092,0.396,0.42,0.0,0.333,0.667,,105.71,88.1,mid,2.67,6.33,Royal Challengers Bangalore,9,8.478260869565217,tailender,tailender
MC Henriques,1000,54,788,87,28,36,18.52,74,0,0.333,2,0.037,17.09,12,5,0.222,0.093,126.9,0.146,0.036,0.11,0.516,0.344,0.161,0.504,0.335,115.0,113.26,165.02,death,20.32,16.58,Sunrisers Hyderabad,3,4.462962962962963,top_order,finisher
MC Juneja,125,7,128,11,1,7,17.86,49,2,0.0,0,0.0,14.98,1,0,0.143,0.0,97.66,0.094,0.008,0.086,0.4,0.375,0.16,0.704,0.136,111.11,93.62,106.25,pp,,17.86,Delhi Daredevils,4,3.857142857142857,top_order,middle_order
MD Choudhary,127,5,85,8,10,3,25.4,54,2,0.4,0,0.0,20.83,2,1,0.4,0.2,149.41,0.212,0.118,0.094,0.724,0.412,0.0,0.307,0.693,,121.88,166.04,death,28.0,23.67,Lucknow Super Giants,7,7.0,lower_order,tailender
MD Mishra,237,17,208,24,8,16,13.94,41,0,0.059,1,0.059,12.81,2,0,0.118,0.0,113.94,0.154,0.038,0.115,0.608,0.466,0.544,0.342,0.114,104.03,124.62,142.11,death,22.0,8.3,Deccan Chargers,2,3.235294117647059,opener,anchor_opener
MEK Hussey,1977,58,1612,198,52,51,34.09,116,0,0.121,1,0.017,29.16,28,16,0.483,0.276,122.64,0.155,0.032,0.123,0.558,0.377,0.419,0.449,0.132,107.95,125.25,191.91,death,44.03,16.57,Chennai Super Kings,1,1.6724137931034482,opener,anchor_opener
MF Maharoof,177,14,123,12,9,10,12.64,39,0,0.286,2,0.143,11.75,1,0,0.071,0.0,143.9,0.171,0.073,0.098,0.576,0.35,0.0,0.237,0.763,,123.53,151.69,death,13.25,12.4,Delhi Daredevils,7,6.857142857142857,lower_order,tailender
MG Johnson,167,28,164,10,7,13,5.96,16,0,0.536,2,0.071,5.07,0,0,0.0,0.0,101.83,0.104,0.043,0.061,0.491,0.463,0.0,0.06,0.94,,50.0,109.03,death,6.42,5.62,Kings XI Punjab,8,8.2,lower_order,tailender
MJ Clarke,98,6,94,12,0,6,16.33,41,1,0.0,0,0.0,13.2,1,0,0.167,0.0,104.26,0.128,0.0,0.128,0.49,0.436,0.776,0.224,0.0,118.75,73.33,,pp,,16.33,Pune Warriors,2,2.3333333333333335,opener,anchor_opener
MJ Guptill,271,13,197,24,15,12,20.85,50,0,0.077,1,0.077,17.59,5,1,0.385,0.077,137.56,0.198,0.076,0.122,0.686,0.447,0.808,0.192,0.0,139.49,130.0,,pp,31.0,14.5,Kings XI Punjab,1,1.5714285714285714,opener,aggressive_opener
MJ Lumb,278,12,194,45,6,12,23.17,83,0,0.0,3,0.25,25.03,5,1,0.417,0.083,143.3,0.263,0.031,0.232,0.777,0.474,0.809,0.191,0.0,146.1,132.5,,pp,30.57,12.8,Rajasthan Royals,1,1.0833333333333333,opener,aggressive_opener
MJ McClenaghan,85,21,70,5,7,13,4.05,20,0,0.381,6,0.286,5.73,0,0,0.0,0.0,121.43,0.171,0.1,0.071,0.729,0.514,0.0,0.341,0.659,0.0,152.63,112.0,mid,4.25,3.92,Mumbai Indians,9,8.583333333333334,tailender,tailender
MJ Santner,136,21,123,9,6,8,6.48,22,0,0.619,1,0.048,6.86,0,0,0.0,0.0,110.57,0.122,0.049,0.073,0.529,0.407,0.147,0.162,0.691,83.33,73.33,136.23,death,5.5,6.87,Chennai Super Kings,8,7.333333333333333,lower_order,tailender
MK Lomror,527,35,373,33,30,29,15.06,54,0,0.171,3,0.086,15.25,7,1,0.2,0.029,141.29,0.169,0.08,0.088,0.592,0.322,0.059,0.505,0.436,81.58,137.82,161.97,death,13.57,16.05,Royal Challengers Bangalore,5,5.4,middle_order,finisher
MK Pandey,3951,161,3248,340,116,135,24.54,114,0,0.161,14,0.087,22.51,54,23,0.335,0.143,121.64,0.14,0.036,0.105,0.52,0.358,0.287,0.533,0.18,114.21,117.93,151.38,death,25.12,24.07,Kolkata Knight Riders,3,3.3841463414634148,top_order,finisher
MK Tiwary,1695,83,1449,156,40,59,20.42,75,0,0.289,8,0.096,17.95,25,7,0.301,0.084,116.98,0.135,0.028,0.108,0.51,0.366,0.132,0.516,0.352,97.39,108.3,144.9,death,22.11,19.0,Kolkata Knight Riders,4,4.6117647058823525,top_order,middle_order
ML Hayden,1107,32,806,121,44,31,34.59,93,0,0.031,1,0.031,26.46,17,8,0.531,0.25,137.34,0.205,0.055,0.15,0.676,0.414,0.541,0.372,0.087,129.65,140.14,192.0,death,36.5,31.42,Chennai Super Kings,2,2.0,opener,aggressive_opener
MM Ali,1167,59,835,95,67,53,19.78,93,0,0.102,6,0.102,20.08,15,6,0.254,0.102,139.76,0.194,0.08,0.114,0.67,0.392,0.2,0.561,0.239,121.35,135.33,175.47,death,20.12,19.53,Chennai Super Kings,3,4.186440677966102,top_order,finisher
MM Patel,39,12,41,5,0,6,3.25,23,0,0.5,5,0.417,6.54,0,0,0.0,0.0,95.12,0.122,0.0,0.122,0.513,0.439,0.0,0.0,1.0,,0.0,102.63,death,4.0,3.18,Rajasthan Royals,11,10.466666666666667,tailender,tailender
MM Sharma,125,31,136,9,4,18,4.03,21,0,0.419,5,0.161,5.4,0,0,0.0,0.0,91.91,0.096,0.029,0.066,0.48,0.493,0.0,0.288,0.712,,76.6,100.0,death,2.0,4.74,Kings XI Punjab,9,9.393939393939394,tailender,tailender
MN Samuels,161,14,172,9,7,13,11.5,46,0,0.071,1,0.071,15.08,2,0,0.143,0.0,93.6,0.093,0.041,0.052,0.484,0.488,0.056,0.789,0.155,36.0,97.69,147.06,death,17.2,8.33,Pune Warriors,5,4.714285714285714,middle_order,middle_order
MN van Wyk,167,5,132,19,1,3,33.4,74,0,0.4,1,0.2,27.82,3,1,0.6,0.2,126.52,0.152,0.008,0.144,0.491,0.311,0.168,0.437,0.395,112.0,114.06,153.49,death,,33.4,Kolkata Knight Riders,4,3.8,top_order,top_order_anchor
MP Stoinis,2045,102,1410,162,106,73,20.05,124,0,0.284,10,0.098,21.34,23,10,0.225,0.098,145.04,0.19,0.075,0.115,0.628,0.343,0.145,0.427,0.428,123.33,129.14,177.33,death,25.54,15.17,Lucknow Super Giants,5,4.892156862745098,middle_order,finisher
MR Marsh,1407,54,991,113,82,52,26.06,117,0,0.037,7,0.13,26.73,19,10,0.352,0.185,141.98,0.197,0.083,0.114,0.671,0.384,0.426,0.426,0.148,145.28,135.21,154.07,death,32.68,22.46,Delhi Capitals,3,3.5,top_order,top_order_anchor
MS Bisla,798,39,702,93,23,38,20.46,92,0,0.026,3,0.077,22.96,6,4,0.154,0.103,113.68,0.165,0.033,0.132,0.639,0.484,0.594,0.341,0.065,109.22,115.74,157.58,death,23.73,18.42,Kolkata Knight Riders,1,1.8205128205128205,opener,anchor_opener
MS Dhoni,5439,241,3957,375,264,142,22.57,84,0,0.411,6,0.025,18.03,68,24,0.282,0.1,137.45,0.161,0.067,0.095,0.567,0.338,0.011,0.352,0.638,81.94,100.47,174.97,death,24.02,20.96,Chennai Super Kings,5,5.305785123966942,middle_order,finisher
MS Gony,99,16,71,6,8,10,6.19,42,0,0.375,3,0.188,10.58,1,0,0.062,0.0,139.44,0.197,0.113,0.085,0.727,0.479,0.0,0.111,0.889,,64.71,162.96,death,15.5,3.08,Chennai Super Kings,8,7.764705882352941,lower_order,tailender
MS Wade,183,14,177,23,2,14,13.07,35,1,0.0,0,0.0,10.02,2,0,0.143,0.0,103.39,0.141,0.011,0.13,0.568,0.48,0.617,0.383,0.0,115.31,88.61,,pp,12.9,13.5,Gujarat Titans,3,2.5714285714285716,top_order,middle_order
MV Boucher,394,23,309,32,13,14,17.13,50,1,0.391,0,0.0,15.72,6,1,0.261,0.043,127.51,0.146,0.042,0.104,0.523,0.346,0.056,0.348,0.596,91.67,99.28,159.86,death,15.33,18.29,Royal Challengers Bangalore,6,5.75,middle_order,finisher
MW Short,119,7,99,15,4,7,17.0,36,1,0.0,0,0.0,14.99,2,0,0.286,0.0,120.2,0.192,0.04,0.152,0.706,0.505,0.916,0.084,0.0,128.24,71.43,,pp,22.5,14.8,Punjab Kings,3,2.857142857142857,top_order,middle_order
Mandeep Singh,1706,98,1388,176,38,82,17.41,77,0,0.163,15,0.153,17.29,18,6,0.184,0.061,122.91,0.154,0.027,0.127,0.546,0.378,0.371,0.389,0.24,114.26,118.39,149.64,death,21.7,14.45,Kings XI Punjab,2,3.63265306122449,opener,anchor_opener
Misbah-ul-Haq,117,8,81,10,6,7,14.62,47,0,0.125,2,0.25,17.66,2,0,0.25,0.0,144.44,0.198,0.074,0.123,0.65,0.37,0.231,0.41,0.359,142.11,114.29,210.0,death,13.67,15.2,Royal Challengers Bangalore,3,4.125,top_order,top_order_aggressor
Mohammad Hafeez,64,8,83,7,2,7,8.0,16,2,0.125,0,0.0,5.18,0,0,0.0,0.0,77.11,0.108,0.024,0.084,0.625,0.602,0.438,0.406,0.156,77.78,68.42,111.11,death,9.0,7.67,Kolkata Knight Riders,6,4.125,middle_order,middle_order
Mohammad Nabi,221,19,152,18,12,17,11.63,37,0,0.105,1,0.053,9.41,1,0,0.053,0.0,145.39,0.197,0.079,0.118,0.652,0.362,0.118,0.299,0.584,173.33,132.0,148.28,pp,9.5,12.62,Sunrisers Hyderabad,7,6.1,lower_order,tailender
Mohammed Shami,98,31,100,8,3,17,3.16,21,0,0.452,5,0.161,4.45,0,0,0.0,0.0,98.0,0.11,0.03,0.08,0.51,0.47,0.0,0.163,0.837,,106.67,96.47,mid,1.17,3.64,Delhi Daredevils,9,9.484848484848484,tailender,tailender
Mohammed Siraj,112,22,123,10,4,10,5.09,14,0,0.545,2,0.091,4.91,0,0,0.0,0.0,91.06,0.114,0.033,0.081,0.571,0.545,0.0,0.0,1.0,,,91.06,death,0.25,6.17,Royal Challengers Bangalore,10,10.076923076923077,tailender,tailender
Mohsin Khan,25,6,25,2,1,4,4.17,13,0,0.333,2,0.333,5.49,0,0,0.0,0.0,100.0,0.12,0.04,0.08,0.56,0.52,0.0,0.04,0.96,,33.33,109.09,death,7.5,2.5,Lucknow Super Giants,9,9.666666666666666,tailender,tailender
Mujeeb Ur Rahman,12,6,15,2,0,3,2.0,10,0,0.5,2,0.333,3.95,0,0,0.0,0.0,80.0,0.133,0.0,0.133,0.667,0.6,0.0,0.083,0.917,,33.33,91.67,death,0.0,2.4,Kings XI Punjab,11,9.571428571428571,tailender,tailender
Mukesh Kumar,10,5,18,0,0,1,2.0,6,0,0.8,0,0.0,2.55,0,0,0.0,0.0,55.56,0.0,0.0,0.0,0.0,0.444,0.0,0.0,1.0,,,55.56,death,,2.0,Delhi Capitals,11,10.6,tailender,tailender
Mustafizur Rahman,13,7,24,0,1,2,1.86,8,0,0.714,1,0.143,2.91,0,0,0.0,0.0,54.17,0.042,0.042,0.0,0.462,0.667,0.0,0.0,1.0,,,54.17,death,,1.86,Rajasthan Royals,11,11.0,tailender,tailender
N Jagadeesan,162,10,147,21,2,9,16.2,39,0,0.1,2,0.2,16.36,3,0,0.3,0.0,110.2,0.156,0.014,0.143,0.593,0.442,0.395,0.537,0.068,104.92,119.18,84.62,mid,16.5,16.12,Kolkata Knight Riders,2,2.6,opener,anchor_opener
N Pooran,2335,92,1414,159,170,74,25.38,87,0,0.196,8,0.087,22.8,37,14,0.402,0.152,165.13,0.233,0.12,0.112,0.709,0.347,0.077,0.564,0.359,148.76,161.99,174.58,death,29.1,22.52,Lucknow Super Giants,5,4.4361702127659575,middle_order,finisher
N Rana,2873,115,2112,264,142,106,24.98,87,0,0.078,8,0.07,22.56,37,20,0.322,0.174,136.03,0.192,0.067,0.125,0.664,0.398,0.261,0.591,0.149,121.39,134.68,181.7,death,28.77,21.86,Kolkata Knight Riders,4,3.5739130434782607,top_order,finisher
N Saini,140,10,141,16,0,10,14.0,50,1,0.0,0,0.0,15.65,2,1,0.2,0.1,99.29,0.113,0.0,0.113,0.457,0.468,0.571,0.379,0.05,95.24,108.16,87.5,mid,15.33,12.0,Kings XI Punjab,3,2.7,top_order,middle_order
N Wadhera,746,34,532,60,41,30,21.94,70,0,0.118,1,0.029,20.72,10,4,0.294,0.118,140.23,0.19,0.077,0.113,0.651,0.374,0.071,0.74,0.189,115.22,136.97,169.88,death,22.44,21.5,Punjab Kings,5,5.117647058823529,middle_order,finisher
NK Patel,121,6,119,14,1,4,20.17,57,2,0.333,0,0.0,22.98,2,1,0.333,0.167,101.68,0.126,0.008,0.118,0.512,0.471,0.372,0.322,0.306,81.82,92.86,168.18,death,15.33,25.0,Rajasthan Royals,1,4.166666666666667,opener,anchor_opener
NLTC Perera,424,30,309,23,26,22,14.13,40,0,0.267,1,0.033,11.61,5,0,0.167,0.0,137.22,0.159,0.084,0.074,0.585,0.362,0.047,0.323,0.63,125.0,117.09,151.7,death,14.7,13.85,Sunrisers Hyderabad,6,5.870967741935484,middle_order,finisher
NM Coulter-Nile,82,16,72,7,4,11,5.12,24,1,0.312,0,0.0,5.58,0,0,0.0,0.0,113.89,0.153,0.056,0.097,0.634,0.5,0.0,0.11,0.89,,56.25,130.36,death,2.0,5.85,Delhi Daredevils,8,8.176470588235293,lower_order,tailender
NT Ellis,19,5,25,0,1,4,3.8,12,0,0.2,2,0.4,5.22,0,0,0.0,0.0,76.0,0.04,0.04,0.0,0.316,0.52,0.0,0.0,1.0,,0.0,105.56,death,12.0,1.75,Punjab Kings,8,8.8,lower_order,tailender
NV Ojha,1554,94,1313,121,79,75,16.53,94,0,0.202,8,0.085,18.07,11,6,0.117,0.064,118.35,0.152,0.06,0.092,0.616,0.458,0.318,0.418,0.264,102.49,120.86,139.8,death,17.83,15.53,Sunrisers Hyderabad,3,4.223404255319149,top_order,middle_order
Naman Dhir,501,24,286,46,28,18,20.88,62,0,0.25,3,0.125,16.71,6,2,0.25,0.083,175.17,0.259,0.098,0.161,0.703,0.287,0.23,0.248,0.523,157.53,158.97,194.07,death,14.43,23.53,Mumbai Indians,7,5.666666666666667,lower_order,lower_order_hitter
Navdeep Saini,33,7,37,3,0,4,4.71,12,0,0.429,0,0.0,4.42,0,0,0.0,0.0,89.19,0.081,0.0,0.081,0.364,0.432,0.0,0.152,0.848,0.0,55.56,103.7,death,2.0,5.17,Royal Challengers Bangalore,9,8.571428571428571,tailender,tailender
Nithish Kumar Reddy,609,27,442,38,35,21,22.56,76,0,0.222,1,0.037,19.65,9,3,0.333,0.111,137.78,0.165,0.079,0.086,0.594,0.339,0.118,0.631,0.251,90.0,137.63,184.34,death,29.83,16.73,Sunrisers Hyderabad,4,4.925925925925926,top_order,finisher
Noor Ahmad,29,13,52,2,1,10,2.23,8,0,0.231,2,0.154,2.59,0,0,0.0,0.0,55.77,0.058,0.019,0.038,0.483,0.692,0.0,0.069,0.931,,16.67,67.5,death,1.0,2.45,Chennai Super Kings,10,9.8,tailender,tailender
OA Shah,506,22,389,34,23,15,23.0,76,1,0.318,0,0.0,21.59,6,4,0.273,0.182,130.08,0.147,0.059,0.087,0.542,0.342,0.045,0.423,0.532,127.78,107.0,157.31,death,21.75,23.71,Rajasthan Royals,5,4.681818181818182,middle_order,finisher
OF Smith,51,6,44,1,5,3,8.5,25,0,0.5,1,0.167,9.5,0,0,0.0,0.0,115.91,0.136,0.114,0.023,0.667,0.523,0.0,0.059,0.941,,33.33,137.14,death,9.67,7.33,Punjab Kings,7,7.0,lower_order,tailender
P Awana,5,5,14,0,0,2,1.0,4,0,0.6,2,0.4,1.73,0,0,0.0,0.0,35.71,0.0,0.0,0.0,0.0,0.643,0.0,0.0,1.0,,,35.71,death,,1.0,Kings XI Punjab,11,10.571428571428571,tailender,tailender
P Dogra,127,12,138,4,5,11,10.58,41,0,0.083,1,0.083,12.73,1,0,0.083,0.0,92.03,0.065,0.036,0.029,0.362,0.435,0.0,0.425,0.575,,71.05,117.74,death,3.0,16.0,Rajasthan Royals,7,6.416666666666667,lower_order,tailender
P Kumar,340,57,314,22,17,38,5.96,34,0,0.333,9,0.158,6.9,1,0,0.018,0.0,108.28,0.124,0.054,0.07,0.559,0.475,0.018,0.118,0.865,75.0,88.89,112.64,death,6.09,5.93,Royal Challengers Bangalore,9,8.542372881355933,tailender,tailender
P Negi,365,35,289,27,16,26,10.43,36,0,0.257,3,0.086,9.66,3,0,0.086,0.0,126.3,0.149,0.055,0.093,0.559,0.388,0.011,0.285,0.704,66.67,102.97,141.21,death,9.12,10.81,Royal Challengers Bangalore,7,6.6571428571428575,lower_order,tailender
P Simran Singh,1566,56,1009,163,82,54,27.96,103,0,0.036,4,0.071,25.1,21,11,0.375,0.196,155.2,0.243,0.081,0.162,0.731,0.389,0.622,0.328,0.05,150.54,161.32,179.55,death,35.08,21.8,Punjab Kings,2,1.9464285714285714,opener,aggressive_opener
PA Patel,2848,136,2358,365,49,126,20.94,81,0,0.074,13,0.096,17.87,37,13,0.272,0.096,120.78,0.176,0.021,0.155,0.616,0.423,0.669,0.298,0.033,121.66,117.59,133.8,death,21.72,20.19,Mumbai Indians,1,1.8248175182481752,opener,aggressive_opener
PA Reddy,164,10,160,15,2,10,16.4,42,1,0.0,0,0.0,12.98,1,0,0.1,0.0,102.5,0.106,0.012,0.094,0.439,0.406,0.628,0.28,0.091,99.04,90.2,300.0,death,17.17,15.25,Sunrisers Hyderabad,1,2.090909090909091,opener,anchor_opener
PBB Rajapaksa,277,13,191,22,15,13,21.31,50,0,0.0,1,0.077,18.44,5,1,0.385,0.077,145.03,0.194,0.079,0.115,0.643,0.366,0.278,0.7,0.022,160.42,143.7,75.0,pp,26.57,15.17,Punjab Kings,3,3.1538461538461537,top_order,top_order_aggressor
PC Valthaty,505,23,418,61,20,22,21.96,120,0,0.043,1,0.043,28.99,5,3,0.217,0.13,120.81,0.194,0.048,0.146,0.721,0.517,0.618,0.291,0.091,112.23,124.58,209.09,death,39.44,10.71,Kings XI Punjab,2,1.9130434782608696,opener,anchor_opener
PD Collingwood,203,7,156,9,13,5,29.0,75,2,0.286,0,0.0,30.08,3,3,0.429,0.429,130.13,0.141,0.083,0.058,0.562,0.365,0.128,0.473,0.399,136.84,104.35,180.0,death,48.0,14.75,Delhi Daredevils,4,4.714285714285714,top_order,top_order_anchor
PD Salt,1195,39,683,134,64,36,30.64,89,0,0.077,4,0.103,27.52,18,11,0.462,0.282,174.96,0.29,0.094,0.196,0.77,0.365,0.673,0.298,0.029,172.53,179.8,184.21,death,33.07,25.17,Royal Challengers Bengaluru,1,1.3333333333333333,opener,aggressive_opener
PHKD Mendis,92,5,69,7,2,4,18.4,32,0,0.2,1,0.2,16.47,2,0,0.4,0.0,133.33,0.13,0.029,0.101,0.435,0.319,0.054,0.663,0.283,55.56,174.29,104.0,mid,32.0,9.33,Sunrisers Hyderabad,5,6.0,middle_order,middle_order
PJ Cummins,612,48,402,39,41,30,12.75,66,0,0.375,4,0.083,15.28,7,3,0.146,0.062,152.24,0.199,0.102,0.097,0.657,0.383,0.0,0.263,0.737,0.0,123.85,166.42,death,12.43,12.88,Kolkata Knight Riders,8,7.96,lower_order,lower_order_hitter
PJ Sangwan,26,14,44,1,0,8,1.86,6,0,0.429,4,0.286,2.07,0,0,0.0,0.0,59.09,0.023,0.0,0.023,0.154,0.545,0.0,0.154,0.846,,44.44,62.86,death,,1.86,Delhi Daredevils,9,8.733333333333333,tailender,tailender
PK Garg,273,19,241,16,9,18,14.37,51,0,0.053,2,0.105,13.56,2,1,0.105,0.053,113.28,0.104,0.037,0.066,0.432,0.365,0.187,0.575,0.238,100.0,104.67,162.5,death,17.86,12.33,Sunrisers Hyderabad,5,4.157894736842105,middle_order,finisher
PN Mankad,97,5,73,13,2,3,19.4,64,0,0.4,1,0.2,27.0,1,1,0.2,0.2,132.88,0.205,0.027,0.178,0.66,0.411,0.464,0.351,0.186,118.42,141.67,163.64,death,23.5,3.0,Lucknow Super Giants,3,4.333333333333333,top_order,finisher
PP Chawla,624,88,563,56,20,56,7.09,24,0,0.364,16,0.182,6.61,0,0,0.0,0.0,110.83,0.135,0.036,0.099,0.551,0.437,0.024,0.25,0.726,115.38,88.14,121.45,death,8.19,6.63,Kings XI Punjab,8,8.0,lower_order,tailender
PP Ojha,16,20,45,0,0,12,0.8,3,0,0.4,6,0.3,0.83,0,0,0.0,0.0,35.56,0.0,0.0,0.0,0.0,0.667,0.0,0.0,1.0,,0.0,37.21,death,1.0,0.75,Deccan Chargers,10,10.347826086956522,tailender,tailender
PP Shaw,1892,79,1283,238,61,79,23.95,99,0,0.0,7,0.089,23.24,25,14,0.316,0.177,147.47,0.233,0.048,0.186,0.697,0.377,0.712,0.272,0.016,146.57,150.15,142.86,mid,28.08,19.92,Delhi Capitals,1,1.1,opener,aggressive_opener
PR Shah,92,9,91,9,2,8,10.22,29,0,0.111,1,0.111,9.2,0,0,0.0,0.0,101.1,0.121,0.022,0.099,0.522,0.484,0.326,0.38,0.293,96.77,89.74,128.57,death,10.0,10.25,Mumbai Indians,7,6.4,lower_order,tailender
PV Tambe,18,6,39,1,0,2,3.0,7,1,0.667,0,0.0,2.1,0,0,0.0,0.0,46.15,0.026,0.0,0.026,0.222,0.615,0.0,0.333,0.667,,66.67,40.0,mid,,3.0,Rajasthan Royals,11,10.666666666666666,tailender,tailender
PVD Chameera,53,10,42,3,3,4,5.3,17,0,0.6,2,0.2,6.4,0,0,0.0,0.0,126.19,0.143,0.071,0.071,0.566,0.381,0.0,0.019,0.981,,100.0,126.83,death,8.5,4.5,Lucknow Super Giants,8,8.818181818181818,lower_order,tailender
PWH de Silva,81,19,88,7,1,15,4.26,18,0,0.211,5,0.263,4.81,0,0,0.0,0.0,92.05,0.091,0.011,0.08,0.42,0.466,0.0,0.309,0.691,,71.43,105.66,death,4.4,4.21,Royal Challengers Bangalore,8,7.684210526315789,lower_order,tailender
Pankaj Singh,7,5,12,0,0,2,1.4,4,0,0.6,1,0.2,1.52,0,0,0.0,0.0,58.33,0.0,0.0,0.0,0.0,0.5,0.0,0.0,1.0,,,58.33,death,4.0,0.75,Royal Challengers Bangalore,9,9.4,tailender,tailender
Priyansh Arya,663,22,347,70,42,22,30.14,103,0,0.0,1,0.045,27.29,8,5,0.364,0.227,191.07,0.323,0.121,0.202,0.802,0.357,0.748,0.252,0.0,187.88,201.2,,mid,30.64,29.25,Punjab Kings,1,1.0,opener,aggressive_opener
Q de Kock,3424,116,2532,333,141,109,29.52,140,0,0.06,4,0.034,27.85,43,27,0.371,0.233,135.23,0.187,0.056,0.132,0.636,0.383,0.568,0.362,0.07,130.52,133.98,205.13,death,32.67,26.14,Mumbai Indians,1,1.393162393162393,opener,aggressive_opener
R Ashwin,833,94,705,64,29,64,8.86,50,0,0.319,12,0.128,10.32,5,1,0.053,0.011,118.16,0.132,0.041,0.091,0.516,0.365,0.094,0.335,0.571,106.85,101.09,133.71,death,10.48,7.98,Chennai Super Kings,8,7.173469387755102,lower_order,tailender
R Bhatia,342,47,284,24,13,30,7.28,26,0,0.362,3,0.064,6.96,0,0,0.0,0.0,120.42,0.13,0.046,0.085,0.509,0.366,0.0,0.266,0.734,,81.25,145.93,death,6.36,7.56,Kolkata Knight Riders,7,7.489795918367347,lower_order,tailender
R Dhawan,210,22,187,18,7,11,9.55,25,0,0.5,1,0.045,7.81,0,0,0.0,0.0,112.3,0.134,0.037,0.096,0.543,0.449,0.0,0.2,0.8,,76.36,127.27,death,8.88,9.93,Kings XI Punjab,8,7.666666666666667,lower_order,tailender
R Dravid,2174,82,1882,269,28,77,26.51,75,0,0.061,3,0.037,19.52,32,11,0.39,0.134,115.52,0.158,0.015,0.143,0.572,0.416,0.416,0.492,0.092,108.77,114.82,168.07,death,29.51,24.04,Rajasthan Royals,1,2.841463414634146,opener,anchor_opener
R McLaren,159,13,171,14,1,8,12.23,51,0,0.385,1,0.077,16.89,2,1,0.154,0.077,92.98,0.088,0.006,0.082,0.39,0.404,0.075,0.491,0.434,66.67,82.11,118.97,death,13.4,11.5,Mumbai Indians,7,6.923076923076923,lower_order,tailender
R Parag,1619,77,1142,115,91,65,21.03,95,0,0.156,3,0.039,21.05,20,7,0.26,0.091,141.77,0.18,0.08,0.101,0.621,0.346,0.088,0.568,0.344,136.19,133.0,160.98,death,21.25,20.83,Rajasthan Royals,4,5.0256410256410255,top_order,top_order_aggressor
R Powell,435,25,295,27,32,20,17.4,67,0,0.2,2,0.08,17.55,7,1,0.28,0.04,147.46,0.2,0.108,0.092,0.69,0.4,0.0,0.338,0.662,,102.8,189.47,death,18.67,16.69,Delhi Capitals,6,6.2,middle_order,finisher
R Rampaul,51,7,50,3,2,5,7.29,23,0,0.286,3,0.429,8.94,0,0,0.0,0.0,102.0,0.1,0.04,0.06,0.471,0.48,0.0,0.294,0.706,,93.75,105.88,death,0.0,8.5,Royal Challengers Bangalore,6,7.571428571428571,middle_order,middle_order
R Ravindra,413,18,287,40,16,17,22.94,65,0,0.056,2,0.111,21.55,7,2,0.389,0.111,143.9,0.195,0.056,0.139,0.62,0.334,0.666,0.276,0.058,137.5,146.15,266.67,death,35.43,15.0,Chennai Super Kings,1,1.5,opener,aggressive_opener
R Sathish,270,24,231,22,6,17,11.25,27,0,0.292,2,0.083,8.42,0,0,0.0,0.0,116.88,0.121,0.026,0.095,0.459,0.377,0.0,0.393,0.607,0.0,100.0,138.98,death,11.27,11.23,Mumbai Indians,7,6.12,lower_order,tailender
R Sharma,66,20,75,5,3,14,3.3,14,0,0.3,8,0.4,5.02,0,0,0.0,0.0,88.0,0.107,0.04,0.067,0.576,0.613,0.0,0.015,0.985,,50.0,89.04,death,6.0,2.62,Pune Warriors,10,9.3,tailender,tailender
R Shepherd,223,15,108,15,19,8,14.87,53,0,0.467,2,0.133,15.88,2,1,0.133,0.067,206.48,0.315,0.176,0.139,0.78,0.296,0.0,0.251,0.749,,151.35,235.21,death,18.0,12.12,Royal Challengers Bengaluru,7,7.0,lower_order,lower_order_hitter
R Tewatia,1146,81,836,93,55,49,14.15,53,0,0.395,3,0.037,12.82,12,1,0.148,0.012,137.08,0.177,0.066,0.111,0.613,0.358,0.005,0.283,0.712,85.71,96.43,165.52,death,16.06,12.77,Gujarat Titans,6,6.308641975308642,middle_order,finisher
R Vinay Kumar,310,43,274,21,9,28,7.21,26,0,0.349,4,0.093,7.29,0,0,0.0,0.0,113.14,0.109,0.033,0.077,0.445,0.376,0.0,0.155,0.845,,100.0,115.93,death,6.62,7.34,Royal Challengers Bangalore,8,8.521739130434783,lower_order,tailender
RA Jadeja,3336,197,2566,247,117,118,16.93,77,0,0.401,9,0.046,13.33,29,5,0.147,0.025,130.01,0.142,0.046,0.096,0.507,0.314,0.036,0.415,0.549,126.04,110.72,150.08,death,14.26,19.33,Chennai Super Kings,6,5.885572139303482,middle_order,finisher
RA Tripathi,2291,98,1662,229,85,88,23.38,93,0,0.102,4,0.041,21.63,32,12,0.327,0.122,137.85,0.189,0.051,0.138,0.622,0.363,0.442,0.462,0.096,139.53,134.9,145.03,death,30.69,17.89,Sunrisers Hyderabad,3,3.173469387755102,top_order,middle_order
RD Chahar,129,23,124,13,5,16,5.61,25,0,0.304,8,0.348,7.35,0,0,0.0,0.0,104.03,0.145,0.04,0.105,0.636,0.54,0.0,0.031,0.969,,25.0,115.74,death,5.5,5.65,Punjab Kings,9,9.041666666666666,tailender,tailender
RD Gaikwad,2565,75,1880,236,96,67,34.2,108,0,0.107,7,0.093,30.27,38,22,0.507,0.293,136.44,0.177,0.051,0.126,0.593,0.345,0.485,0.412,0.103,126.78,141.5,174.17,death,44.45,23.68,Chennai Super Kings,1,1.5466666666666666,opener,aggressive_opener
RD Rickelton,525,19,345,56,29,18,27.63,81,2,0.053,0,0.0,23.32,7,4,0.368,0.211,152.17,0.246,0.084,0.162,0.758,0.426,0.724,0.274,0.002,152.61,153.19,50.0,mid,43.78,13.1,Mumbai Indians,1,1.3157894736842106,opener,aggressive_opener
RE Levi,83,6,73,10,4,6,13.83,50,0,0.0,2,0.333,20.99,1,1,0.167,0.167,113.7,0.192,0.055,0.137,0.771,0.548,0.747,0.253,0.0,108.77,131.25,,mid,20.5,0.5,Mumbai Indians,1,1.1666666666666667,opener,anchor_opener
RE van der Merwe,159,15,141,11,8,11,10.6,35,1,0.267,0,0.0,11.2,2,0,0.133,0.0,112.77,0.135,0.057,0.078,0.579,0.447,0.226,0.44,0.333,97.3,120.69,115.22,mid,12.33,9.44,Royal Challengers Bangalore,8,6.266666666666667,lower_order,tailender
RG Sharma,7185,271,5420,653,311,241,26.51,109,0,0.111,18,0.066,24.18,100,50,0.369,0.185,132.56,0.178,0.057,0.12,0.623,0.377,0.345,0.442,0.213,126.0,121.82,181.14,death,31.1,21.61,Mumbai Indians,4,2.7773722627737225,top_order,top_order_anchor
RJ Harris,117,21,112,6,3,12,5.57,17,0,0.429,2,0.095,5.63,0,0,0.0,0.0,104.46,0.08,0.027,0.054,0.359,0.411,0.0,0.171,0.829,,80.0,111.49,death,7.0,5.12,Kings XI Punjab,8,8.238095238095237,lower_order,tailender
RJ Peterson,32,5,30,3,1,3,6.4,16,0,0.4,1,0.2,7.5,0,0,0.0,0.0,106.67,0.133,0.033,0.1,0.562,0.433,0.0,0.406,0.594,,92.86,118.75,death,7.5,2.0,Mumbai Indians,7,6.6,lower_order,tailender
RJ Quiney,103,7,102,12,3,7,14.71,51,1,0.0,0,0.0,18.29,1,1,0.143,0.143,100.98,0.147,0.029,0.118,0.641,0.529,0.631,0.359,0.01,91.55,132.14,33.33,mid,27.5,9.6,Rajasthan Royals,1,1.7142857142857142,opener,anchor_opener
RK Singh,1177,55,822,95,57,39,21.4,67,2,0.291,0,0.0,16.41,16,4,0.291,0.073,143.19,0.185,0.069,0.116,0.613,0.332,0.031,0.432,0.538,133.33,111.4,186.73,death,24.39,19.25,Kolkata Knight Riders,6,5.818181818181818,middle_order,finisher
RM Patidar,1333,43,824,88,89,40,31.0,112,0,0.07,1,0.023,22.95,20,12,0.465,0.279,161.77,0.215,0.108,0.107,0.665,0.301,0.158,0.709,0.134,117.32,170.58,195.6,death,32.0,29.47,Royal Challengers Bengaluru,4,3.697674418604651,top_order,top_order_anchor
RN ten Doeschate,326,21,235,26,15,14,15.52,70,0,0.333,3,0.143,17.57,4,1,0.19,0.048,138.72,0.174,0.064,0.111,0.595,0.328,0.018,0.331,0.65,85.71,122.73,151.43,death,10.31,24.0,Kolkata Knight Riders,6,5.909090909090909,middle_order,finisher
RP Singh,52,29,76,2,1,15,1.79,10,0,0.483,5,0.172,2.14,0,0,0.0,0.0,68.42,0.039,0.013,0.026,0.269,0.513,0.0,0.038,0.962,,33.33,71.43,death,3.0,1.65,Deccan Chargers,10,9.6,tailender,tailender
RR Pant,3670,128,2502,334,171,108,28.67,128,0,0.156,6,0.047,25.39,53,22,0.414,0.172,146.68,0.202,0.068,0.133,0.644,0.341,0.128,0.59,0.282,120.51,135.65,200.58,death,29.07,28.33,Delhi Capitals,4,4.0458015267175576,top_order,top_order_anchor
RR Powar,67,9,64,6,1,3,7.44,28,0,0.667,1,0.111,8.34,0,0,0.0,0.0,104.69,0.109,0.016,0.094,0.448,0.422,0.0,0.0,1.0,,0.0,111.67,death,6.5,7.71,Kings XI Punjab,9,9.1,tailender,tailender
RR Raje,20,5,18,1,1,1,4.0,11,1,0.8,0,0.0,4.47,0,0,0.0,0.0,111.11,0.111,0.056,0.056,0.5,0.333,0.0,0.0,1.0,,,111.11,death,3.5,4.33,Mumbai Indians,9,9.0,tailender,tailender
RR Rossouw,473,22,308,45,25,20,21.5,82,0,0.091,4,0.182,22.22,7,2,0.318,0.091,153.57,0.227,0.081,0.146,0.698,0.377,0.294,0.533,0.173,140.4,148.24,210.26,death,32.86,16.2,Delhi Capitals,3,3.6818181818181817,top_order,top_order_aggressor
RS Bopara,531,22,453,39,16,18,24.14,84,0,0.182,2,0.091,23.78,6,3,0.273,0.136,117.22,0.121,0.035,0.086,0.475,0.353,0.245,0.418,0.337,90.28,108.29,172.12,death,19.57,26.27,Kings XI Punjab,1,2.772727272727273,opener,anchor_opener
RT Ponting,91,9,128,5,2,9,10.11,28,0,0.0,3,0.333,10.45,0,0,0.0,0.0,71.09,0.055,0.016,0.039,0.352,0.531,0.495,0.505,0.0,60.0,86.79,,mid,8.0,12.75,Mumbai Indians,1,2.0,opener,anchor_opener
RV Gomez,50,9,51,5,1,5,5.56,26,0,0.444,3,0.333,8.43,0,0,0.0,0.0,98.04,0.118,0.02,0.098,0.52,0.49,0.0,0.0,1.0,0.0,0.0,113.64,death,5.0,5.83,Kochi Tuskers Kerala,7,6.444444444444445,lower_order,tailender
RV Patel,80,7,73,6,2,5,11.43,23,5,0.286,0,0.0,6.7,0,0,0.0,0.0,109.59,0.11,0.027,0.082,0.45,0.356,0.0,0.35,0.65,,90.32,123.81,death,15.33,8.5,Delhi Capitals,6,6.714285714285714,middle_order,middle_order
RV Uthappa,4954,197,3801,481,182,180,25.15,88,0,0.086,8,0.041,21.16,72,27,0.365,0.137,130.33,0.174,0.048,0.127,0.609,0.387,0.411,0.474,0.114,124.36,127.93,173.93,death,29.25,21.77,Kolkata Knight Riders,1,2.6717171717171717,opener,aggressive_opener
Rahmanullah Gurbaz,363,18,269,34,22,17,20.17,81,0,0.056,2,0.111,21.67,4,2,0.222,0.111,134.94,0.208,0.082,0.126,0.738,0.491,0.694,0.306,0.0,129.23,152.05,0.0,mid,23.44,16.89,Kolkata Knight Riders,1,1.5,opener,aggressive_opener
Ramandeep Singh,266,23,173,14,18,13,11.57,35,0,0.435,1,0.043,10.54,2,0,0.087,0.0,153.76,0.185,0.104,0.081,0.617,0.312,0.008,0.41,0.583,66.67,123.86,189.02,death,16.86,9.25,Kolkata Knight Riders,8,7.173913043478261,lower_order,lower_order_hitter
Rashid Khan,609,68,382,44,41,43,8.96,79,0,0.368,16,0.235,13.21,6,1,0.088,0.015,159.42,0.223,0.107,0.115,0.693,0.387,0.0,0.144,0.856,,135.38,164.35,death,8.75,9.07,Gujarat Titans,8,7.614285714285714,lower_order,lower_order_hitter
Rasikh Salam,40,6,40,5,0,5,6.67,10,1,0.167,0,0.0,3.27,0,0,0.0,0.0,100.0,0.125,0.0,0.125,0.5,0.475,0.0,0.275,0.725,,73.33,116.0,death,9.0,6.2,Delhi Capitals,10,9.166666666666666,tailender,tailender
Ravi Bishnoi,45,17,67,2,2,11,2.65,13,0,0.353,3,0.176,3.24,0,0,0.0,0.0,67.16,0.06,0.03,0.03,0.444,0.627,0.0,0.2,0.8,,50.0,73.47,death,1.67,2.86,Lucknow Super Giants,9,9.052631578947368,tailender,tailender
S Anirudha,136,12,113,9,7,8,11.33,64,0,0.333,2,0.167,18.19,1,1,0.083,0.083,120.35,0.142,0.062,0.08,0.574,0.407,0.191,0.25,0.559,92.86,103.03,146.15,death,20.33,2.33,Chennai Super Kings,7,5.3076923076923075,lower_order,tailender
S Aravind,59,11,57,7,0,4,5.36,14,0,0.636,2,0.182,4.76,0,0,0.0,0.0,103.51,0.123,0.0,0.123,0.475,0.421,0.0,0.169,0.831,,83.33,108.89,death,,5.36,Royal Challengers Bangalore,10,9.5,tailender,tailender
S Badree,13,5,23,0,0,5,2.6,8,0,0.0,2,0.4,3.29,0,0,0.0,0.0,56.52,0.0,0.0,0.0,0.0,0.522,0.0,0.385,0.615,,55.56,57.14,death,,2.6,Royal Challengers Bangalore,9,8.6,tailender,tailender
S Badrinath,1441,65,1212,154,28,47,22.17,71,0,0.277,6,0.092,21.1,23,11,0.354,0.169,118.89,0.15,0.023,0.127,0.544,0.38,0.126,0.581,0.293,76.79,120.09,151.8,death,26.39,17.81,Chennai Super Kings,4,4.895522388059701,top_order,finisher
S Dhawan,6769,221,5326,768,153,193,30.63,106,0,0.127,12,0.054,25.38,95,53,0.43,0.24,127.09,0.173,0.029,0.144,0.589,0.372,0.505,0.397,0.099,122.75,126.52,158.67,death,35.54,25.67,Sunrisers Hyderabad,2,1.9864864864864864,opener,aggressive_opener
S Dube,1961,80,1360,118,126,63,24.51,95,0,0.213,3,0.038,19.29,25,10,0.312,0.125,144.19,0.179,0.093,0.087,0.626,0.343,0.018,0.625,0.357,80.0,135.81,169.49,death,30.1,21.16,Chennai Super Kings,4,4.85,top_order,top_order_aggressor
S Gopal,180,22,169,19,2,14,8.18,24,0,0.364,4,0.182,7.99,0,0,0.0,0.0,106.51,0.124,0.012,0.112,0.489,0.396,0.0,0.25,0.75,0.0,73.77,129.81,death,14.0,7.26,Rajasthan Royals,8,8.181818181818182,lower_order,tailender
S Kaul,20,9,36,1,0,4,2.22,7,0,0.556,2,0.222,2.82,0,0,0.0,0.0,55.56,0.028,0.0,0.028,0.2,0.639,0.0,0.0,1.0,,,55.56,death,1.0,2.83,Sunrisers Hyderabad,10,10.166666666666666,tailender,tailender
S Nadeem,39,20,87,2,0,14,1.95,6,0,0.3,6,0.3,2.01,0,0,0.0,0.0,44.83,0.023,0.0,0.023,0.205,0.655,0.0,0.231,0.769,,42.86,45.45,death,,1.95,Delhi Daredevils,9,9.272727272727273,tailender,tailender
S Rana,91,8,81,9,1,4,11.38,19,1,0.5,0,0.0,7.35,0,0,0.0,0.0,112.35,0.123,0.012,0.111,0.462,0.395,0.22,0.033,0.747,90.91,33.33,136.0,death,8.0,12.5,Royal Challengers Bangalore,6,6.0,middle_order,middle_order
S Sohal,368,20,292,34,18,20,18.4,62,0,0.0,3,0.15,19.81,6,2,0.3,0.1,126.03,0.178,0.062,0.116,0.663,0.476,0.758,0.231,0.011,126.82,134.92,44.44,mid,22.2,14.6,Deccan Chargers,1,1.95,opener,aggressive_opener
S Sreesanth,34,12,55,6,0,4,2.83,15,0,0.667,3,0.25,5.15,0,0,0.0,0.0,61.82,0.109,0.0,0.109,0.706,0.745,0.0,0.0,1.0,,,61.82,death,0.5,3.3,Kings XI Punjab,10,9.571428571428571,tailender,tailender
S Vidyut,145,8,109,21,3,8,18.12,54,0,0.0,1,0.125,18.99,2,1,0.25,0.125,133.03,0.22,0.028,0.193,0.703,0.45,0.71,0.29,0.0,135.53,140.0,0.0,mid,18.0,18.2,Chennai Super Kings,1,2.5,opener,aggressive_opener
SA Asnodkar,423,20,339,56,10,20,21.15,60,0,0.0,3,0.15,19.14,7,2,0.35,0.1,124.78,0.195,0.029,0.165,0.671,0.445,0.657,0.343,0.0,133.01,111.54,,pp,28.3,14.0,Rajasthan Royals,2,2.05,opener,aggressive_opener
SA Yadav,4417,156,2971,465,171,129,28.31,103,0,0.173,11,0.071,23.42,64,32,0.41,0.205,148.67,0.214,0.058,0.157,0.653,0.338,0.217,0.596,0.187,139.85,144.17,179.74,death,33.45,23.44,Mumbai Indians,3,3.8797468354430378,top_order,top_order_anchor
SB Bangar,49,8,58,1,3,7,6.12,17,0,0.125,1,0.125,6.27,0,0,0.0,0.0,84.48,0.069,0.052,0.017,0.449,0.483,0.0,0.347,0.653,,48.57,139.13,death,,6.12,Deccan Chargers,7,7.125,lower_order,tailender
SB Dubey,139,11,85,9,10,6,12.64,34,0,0.455,1,0.091,11.06,1,0,0.091,0.0,163.53,0.224,0.118,0.106,0.691,0.318,0.101,0.245,0.655,233.33,106.25,193.62,pp,8.0,13.1,Rajasthan Royals,7,6.7272727272727275,lower_order,lower_order_hitter
SB Jakati,28,5,29,3,0,1,5.6,13,1,0.8,0,0.0,4.98,0,0,0.0,0.0,96.55,0.103,0.0,0.103,0.429,0.379,0.0,0.0,1.0,,,96.55,death,13.0,3.75,Chennai Super Kings,10,9.375,tailender,tailender
SB Styris,131,10,133,10,3,7,13.1,36,1,0.3,0,0.0,11.91,1,0,0.1,0.0,98.5,0.098,0.023,0.075,0.443,0.391,0.061,0.634,0.305,61.54,89.25,148.15,death,18.33,10.86,Deccan Chargers,6,4.8,middle_order,middle_order
SC Ganguly,1349,56,1263,137,42,53,24.09,91,0,0.054,4,0.071,23.22,21,7,0.375,0.125,106.81,0.142,0.033,0.108,0.593,0.474,0.392,0.467,0.141,102.12,98.13,184.47,death,33.9,18.64,Kolkata Knight Riders,3,2.5714285714285716,top_order,finisher
SD Chitnis,99,8,89,10,2,7,12.38,38,3,0.125,0,0.0,11.01,1,0,0.125,0.0,111.24,0.135,0.022,0.112,0.525,0.393,0.01,0.556,0.434,16.67,119.57,116.22,mid,8.5,16.25,Kings XI Punjab,5,6.25,middle_order,middle_order
SD Hope,183,9,122,12,12,8,20.33,41,1,0.111,0,0.0,15.32,3,0,0.333,0.0,150.0,0.197,0.098,0.098,0.656,0.369,0.426,0.514,0.06,130.0,180.77,110.0,mid,19.17,22.67,Delhi Capitals,3,3.7777777777777777,top_order,top_order_aggressor
SE Marsh,2489,69,1871,269,78,63,36.07,115,0,0.087,1,0.014,29.01,37,21,0.536,0.304,133.03,0.185,0.042,0.144,0.62,0.371,0.313,0.582,0.105,105.99,148.97,159.76,death,38.97,33.57,Kings XI Punjab,3,2.4714285714285715,top_order,top_order_anchor
SE Rutherford,499,24,340,29,37,19,20.79,71,0,0.208,1,0.042,17.56,6,1,0.25,0.042,146.76,0.194,0.109,0.085,0.677,0.379,0.008,0.475,0.517,25.0,142.77,163.29,death,19.62,22.18,Gujarat Titans,5,5.333333333333333,middle_order,finisher
SH Johnson,8,5,11,1,0,0,1.6,5,0,1.0,0,0.0,1.95,0,0,0.0,0.0,72.73,0.091,0.0,0.091,0.5,0.545,0.0,0.125,0.875,,50.0,77.78,death,,1.6,Gujarat Titans,10,10.4,tailender,tailender
SK Raina,5536,200,4046,506,204,171,27.68,100,0,0.145,8,0.04,23.22,77,40,0.385,0.2,136.83,0.175,0.05,0.125,0.587,0.332,0.282,0.556,0.162,133.22,131.05,170.59,death,30.16,24.11,Chennai Super Kings,3,3.1791044776119404,top_order,top_order_anchor
SK Rasheed,71,5,63,9,2,5,14.2,27,0,0.0,1,0.2,9.98,0,0,0.0,0.0,112.7,0.175,0.032,0.143,0.676,0.54,0.972,0.028,0.0,115.0,66.67,,pp,27.0,11.0,Chennai Super Kings,1,1.2,opener,anchor_opener
SK Trivedi,42,14,59,3,1,7,3.0,9,0,0.5,1,0.071,2.86,0,0,0.0,0.0,71.19,0.068,0.017,0.051,0.429,0.593,0.0,0.0,1.0,,0.0,72.41,death,5.0,2.67,Rajasthan Royals,11,10.533333333333333,tailender,tailender
SK Warne,198,29,214,14,6,20,6.83,34,0,0.31,7,0.241,8.69,1,0,0.034,0.0,92.52,0.093,0.028,0.065,0.465,0.467,0.0,0.308,0.692,,74.39,103.79,death,6.55,7.0,Rajasthan Royals,8,8.03448275862069,lower_order,tailender
SL Malinga,88,22,99,6,5,16,4.0,17,0,0.273,6,0.273,5.04,0,0,0.0,0.0,88.89,0.111,0.051,0.061,0.614,0.556,0.0,0.023,0.977,,66.67,89.58,death,3.0,4.29,Mumbai Indians,9,9.64,tailender,tailender
SM Curran,997,53,731,85,41,40,18.81,88,0,0.245,4,0.075,19.4,9,6,0.17,0.113,136.39,0.172,0.056,0.116,0.588,0.346,0.147,0.395,0.457,113.08,112.57,181.67,death,20.65,17.7,Punjab Kings,6,5.113207547169812,middle_order,finisher
SM Katich,241,11,186,26,8,10,21.91,75,0,0.091,1,0.091,22.84,3,2,0.273,0.182,129.57,0.183,0.043,0.14,0.631,0.43,0.602,0.315,0.083,134.26,122.58,125.0,pp,29.8,15.33,Kings XI Punjab,2,2.6363636363636362,opener,aggressive_opener
SM Pollock,147,8,111,12,8,8,18.38,33,0,0.0,2,0.25,12.88,2,0,0.25,0.0,132.43,0.18,0.072,0.108,0.653,0.378,0.007,0.449,0.544,16.67,104.76,190.48,death,33.0,16.29,Mumbai Indians,6,5.875,middle_order,finisher
SN Khan,707,40,515,80,20,30,17.68,67,0,0.25,3,0.075,16.37,11,2,0.275,0.05,137.28,0.194,0.039,0.155,0.622,0.351,0.218,0.348,0.434,152.48,105.58,169.61,death,17.43,17.81,Royal Challengers Bangalore,6,5.073170731707317,middle_order,finisher
SN Thakur,333,42,240,31,13,29,7.93,68,0,0.31,8,0.19,11.92,1,1,0.024,0.024,138.75,0.183,0.054,0.129,0.607,0.354,0.0,0.339,0.661,0.0,134.52,144.74,death,11.25,5.88,Chennai Super Kings,8,7.8604651162790695,lower_order,tailender
SO Hetmyer,1512,81,996,95,95,53,18.67,75,0,0.346,4,0.049,16.43,18,5,0.222,0.062,151.81,0.191,0.095,0.095,0.628,0.331,0.044,0.337,0.62,108.2,128.54,173.84,death,21.97,15.74,Rajasthan Royals,5,5.409638554216867,middle_order,finisher
SP Fleming,196,10,165,27,3,9,19.6,45,0,0.1,1,0.1,16.43,3,0,0.3,0.0,118.79,0.182,0.018,0.164,0.643,0.485,0.612,0.388,0.0,109.09,138.18,,mid,22.75,17.5,Chennai Super Kings,2,2.0,opener,anchor_opener
SP Goswami,293,21,295,32,3,20,13.95,52,0,0.048,4,0.19,14.97,3,1,0.143,0.048,99.32,0.119,0.01,0.108,0.498,0.447,0.556,0.355,0.089,97.6,98.11,118.18,death,16.29,12.79,Rajasthan Royals,2,3.142857142857143,opener,anchor_opener
SP Jackson,61,8,57,5,1,6,7.62,16,0,0.25,1,0.125,5.1,0,0,0.0,0.0,107.02,0.105,0.018,0.088,0.426,0.351,0.164,0.279,0.557,111.11,94.44,113.33,death,6.67,8.2,Kolkata Knight Riders,6,5.875,middle_order,middle_order
SP Narine,1816,122,1090,191,120,103,14.89,109,0,0.156,17,0.139,20.2,19,8,0.156,0.066,166.61,0.285,0.11,0.175,0.817,0.453,0.646,0.268,0.086,170.14,174.19,128.93,mid,19.87,11.19,Kolkata Knight Riders,2,4.379032258064516,opener,aggressive_opener
SPD Smith,2495,93,1945,226,60,72,26.83,101,1,0.226,0,0.0,20.65,36,12,0.387,0.129,128.28,0.147,0.031,0.116,0.507,0.312,0.204,0.513,0.283,122.6,116.8,162.67,death,28.1,25.91,Rajasthan Royals,3,3.8210526315789473,top_order,top_order_anchor
SR Tendulkar,2334,78,1948,296,29,69,29.92,100,0,0.115,4,0.051,22.66,37,14,0.474,0.179,119.82,0.167,0.015,0.152,0.582,0.399,0.49,0.414,0.096,116.4,116.65,163.5,death,31.4,27.57,Mumbai Indians,2,2.0641025641025643,opener,anchor_opener
SR Watson,3880,141,2813,377,190,126,27.52,117,0,0.106,7,0.05,26.82,52,25,0.369,0.177,137.93,0.202,0.068,0.134,0.682,0.416,0.366,0.517,0.117,112.69,153.48,184.9,death,33.22,21.57,Rajasthan Royals,1,2.6573426573426575,opener,anchor_opener
SS Iyer,3938,135,2908,329,166,113,29.17,97,0,0.163,7,0.052,24.52,57,30,0.422,0.222,135.42,0.17,0.057,0.113,0.587,0.337,0.252,0.565,0.183,113.13,136.06,182.07,death,32.7,25.25,Delhi Daredevils,3,3.347826086956522,top_order,top_order_anchor
SS Prabhudessai,126,10,106,11,4,10,12.6,34,0,0.0,1,0.1,10.57,1,0,0.1,0.0,118.87,0.142,0.038,0.104,0.54,0.462,0.063,0.746,0.19,66.67,127.03,120.0,mid,5.5,17.33,Royal Challengers Bangalore,5,5.9,middle_order,middle_order
SS Tiwary,1494,73,1244,111,50,52,20.47,61,0,0.288,1,0.014,16.89,20,8,0.274,0.11,120.1,0.129,0.04,0.089,0.498,0.347,0.113,0.583,0.304,104.97,113.41,144.13,death,22.97,18.4,Mumbai Indians,4,4.767123287671233,top_order,middle_order
ST Jayasuriya,768,30,532,84,39,28,25.6,114,0,0.067,2,0.067,25.03,10,5,0.333,0.167,144.36,0.231,0.073,0.158,0.742,0.472,0.669,0.331,0.0,140.44,153.01,,mid,31.33,19.87,Mumbai Indians,1,1.3333333333333333,opener,aggressive_opener
STR Binny,880,66,683,66,35,46,13.33,48,0,0.303,7,0.106,12.06,10,0,0.152,0.0,128.84,0.148,0.051,0.097,0.539,0.367,0.02,0.528,0.451,72.0,117.72,150.95,death,13.92,12.98,Rajasthan Royals,5,5.6911764705882355,middle_order,finisher
SV Samson,4889,177,3490,400,227,157,27.62,119,0,0.113,11,0.062,25.47,67,30,0.379,0.169,140.09,0.18,0.065,0.115,0.606,0.343,0.301,0.535,0.165,126.07,137.51,190.31,death,31.6,24.11,Rajasthan Royals,3,3.0847457627118646,top_order,top_order_anchor
SW Billings,503,27,388,40,20,26,18.63,56,0,0.037,3,0.111,16.91,5,3,0.185,0.111,129.64,0.155,0.052,0.103,0.557,0.363,0.249,0.517,0.235,128.87,117.65,168.57,death,27.36,12.62,Delhi Daredevils,5,4.111111111111111,middle_order,finisher
SW Tait,23,5,26,1,1,3,4.6,11,0,0.4,1,0.2,5.41,0,0,0.0,0.0,88.46,0.077,0.038,0.038,0.435,0.423,0.0,0.435,0.565,,111.11,76.47,mid,1.0,5.5,Rajasthan Royals,10,10.0,tailender,tailender
Sachin Baby,144,11,118,11,5,9,13.09,33,0,0.182,1,0.091,11.6,1,0,0.091,0.0,122.03,0.136,0.042,0.093,0.514,0.381,0.0,0.34,0.66,0.0,89.09,158.33,death,15.0,12.38,Royal Challengers Bangalore,6,5.818181818181818,middle_order,finisher
Salman Butt,193,7,161,30,2,7,27.57,73,4,0.0,0,0.0,24.83,2,1,0.286,0.143,119.88,0.199,0.012,0.186,0.684,0.466,0.539,0.378,0.083,106.12,128.07,266.67,death,25.33,29.25,Kolkata Knight Riders,1,1.0,opener,anchor_opener
Sameer Rizvi,338,13,230,28,20,10,26.0,90,0,0.231,2,0.154,29.46,4,3,0.308,0.231,146.96,0.209,0.087,0.122,0.686,0.391,0.047,0.689,0.263,57.14,144.72,217.07,death,38.71,11.17,Delhi Capitals,4,4.846153846153846,top_order,top_order_anchor
Sandeep Sharma,60,26,75,4,0,6,2.31,9,0,0.769,4,0.154,2.75,0,0,0.0,0.0,80.0,0.053,0.0,0.053,0.267,0.4,0.0,0.2,0.8,,80.0,80.0,mid,0.6,2.71,Sunrisers Hyderabad,11,10.428571428571429,tailender,tailender
Sanvir Singh,25,5,21,2,1,2,5.0,8,0,0.6,1,0.2,3.16,0,0,0.0,0.0,119.05,0.143,0.048,0.095,0.56,0.381,0.28,0.0,0.72,140.0,0.0,128.57,pp,6.0,4.75,Sunrisers Hyderabad,8,7.8,lower_order,tailender
Shahbaz Ahmed,560,39,464,30,25,29,14.36,59,0,0.256,1,0.026,13.69,5,1,0.128,0.026,120.69,0.119,0.054,0.065,0.482,0.347,0.038,0.466,0.496,80.77,106.97,143.3,death,17.29,12.09,Royal Challengers Bangalore,6,6.17948717948718,middle_order,middle_order
Shahid Afridi,81,9,46,7,6,8,9.0,33,0,0.111,1,0.111,11.38,1,0,0.111,0.0,176.09,0.283,0.13,0.152,0.79,0.435,0.531,0.198,0.272,238.89,88.89,220.0,pp,20.0,7.62,Deccan Chargers,5,4.333333333333333,middle_order,finisher
Shakib Al Hasan,795,52,639,73,21,41,15.29,66,0,0.212,4,0.077,15.12,7,2,0.135,0.038,124.41,0.147,0.033,0.114,0.526,0.333,0.047,0.54,0.414,97.37,117.21,140.0,death,15.58,15.0,Kolkata Knight Riders,5,5.471698113207547,middle_order,middle_order
Shashank Singh,807,36,510,59,44,20,22.42,68,0,0.444,2,0.056,20.02,11,5,0.306,0.139,158.24,0.202,0.086,0.116,0.62,0.278,0.042,0.395,0.563,136.0,127.09,194.02,death,26.25,19.35,Punjab Kings,6,5.944444444444445,middle_order,finisher
Shivam Mavi,51,11,56,4,2,9,4.64,20,0,0.182,3,0.273,6.0,0,0,0.0,0.0,91.07,0.107,0.036,0.071,0.549,0.536,0.0,0.059,0.941,,60.0,94.12,death,0.0,5.1,Kolkata Knight Riders,8,9.0,lower_order,tailender
Shoaib Malik,52,5,47,5,0,4,10.4,24,1,0.2,0,0.0,10.45,0,0,0.0,0.0,110.64,0.106,0.0,0.106,0.385,0.298,0.327,0.519,0.154,130.77,100.0,114.29,pp,6.0,11.5,Delhi Daredevils,4,4.8,top_order,middle_order
Shubman Gill,4031,117,2899,388,125,101,34.45,129,0,0.137,4,0.034,29.35,60,32,0.513,0.274,139.05,0.177,0.043,0.134,0.571,0.312,0.442,0.445,0.113,131.75,142.69,157.24,death,43.25,23.83,Gujarat Titans,2,2.389830508474576,opener,aggressive_opener
Sikandar Raza,182,9,136,12,8,7,20.22,57,1,0.222,0,0.0,17.48,2,1,0.222,0.111,133.82,0.147,0.059,0.088,0.527,0.382,0.044,0.698,0.258,88.89,136.56,138.24,death,18.83,23.0,Punjab Kings,5,5.666666666666667,middle_order,middle_order
Simarjeet Singh,10,6,15,0,0,3,1.67,3,0,0.5,2,0.333,1.37,0,0,0.0,0.0,66.67,0.0,0.0,0.0,0.0,0.467,0.0,0.2,0.8,,66.67,66.67,mid,,1.67,Sunrisers Hyderabad,9,9.333333333333334,tailender,tailender
Sohail Tanvir,36,5,29,3,1,3,7.2,13,3,0.4,0,0.0,3.9,0,0,0.0,0.0,124.14,0.138,0.034,0.103,0.5,0.31,0.361,0.306,0.333,162.5,110.0,109.09,pp,7.5,6.0,Rajasthan Royals,3,6.2,top_order,middle_order
Sunny Singh,43,5,31,6,1,4,8.6,20,2,0.2,0,0.0,7.4,0,0,0.0,0.0,138.71,0.226,0.032,0.194,0.698,0.387,0.349,0.488,0.163,187.5,150.0,77.78,pp,12.5,6.0,Kings XI Punjab,6,6.0,middle_order,middle_order
Swapnil Singh,51,9,45,3,3,5,5.67,15,0,0.444,2,0.222,5.81,0,0,0.0,0.0,113.33,0.133,0.067,0.067,0.588,0.444,0.0,0.49,0.51,,96.15,136.84,death,6.0,5.25,Royal Challengers Bengaluru,8,7.888888888888889,lower_order,tailender
T Stubbs,820,34,513,58,42,19,24.12,71,0,0.441,2,0.059,20.45,14,4,0.412,0.118,159.84,0.195,0.082,0.113,0.59,0.238,0.029,0.383,0.588,133.33,118.05,210.48,death,26.0,22.8,Delhi Capitals,6,5.6571428571428575,middle_order,finisher
TA Boult,86,25,83,5,3,10,3.44,17,0,0.6,3,0.12,4.98,0,0,0.0,0.0,103.61,0.096,0.036,0.06,0.442,0.434,0.0,0.093,0.907,,88.89,105.41,death,3.71,3.33,Rajasthan Royals,9,9.366666666666667,tailender,tailender
TG Southee,120,19,107,8,4,13,6.32,36,0,0.316,3,0.158,9.47,1,0,0.053,0.0,112.15,0.112,0.037,0.075,0.467,0.43,0.0,0.117,0.883,,51.85,132.5,death,2.4,7.71,Kolkata Knight Riders,9,8.85,tailender,tailender
TH David,993,49,556,63,73,27,20.27,70,0,0.449,3,0.061,16.43,15,2,0.306,0.041,178.6,0.245,0.131,0.113,0.695,0.297,0.0,0.217,0.783,,129.52,199.49,death,22.13,18.62,Mumbai Indians,6,6.163265306122449,middle_order,finisher
TK Curran,127,10,107,10,3,5,12.7,54,0,0.5,0,0.0,16.39,1,1,0.1,0.1,118.69,0.121,0.028,0.093,0.457,0.336,0.0,0.457,0.543,,101.75,138.0,death,5.33,15.86,Rajasthan Royals,8,7.5,lower_order,tailender
TL Suman,676,39,575,55,26,32,17.33,78,0,0.179,3,0.077,16.52,6,2,0.154,0.051,117.57,0.141,0.045,0.096,0.556,0.423,0.274,0.513,0.213,102.21,121.33,133.33,death,23.17,12.33,Deccan Chargers,3,4.05,top_order,middle_order
TM Dilshan,1153,50,1007,140,24,43,23.06,76,0,0.14,6,0.12,21.94,17,9,0.34,0.18,114.5,0.163,0.024,0.139,0.611,0.449,0.423,0.404,0.173,110.91,103.33,171.55,death,25.65,18.84,Delhi Daredevils,2,2.8,opener,anchor_opener
TM Head,1266,42,753,143,59,38,30.14,102,0,0.095,5,0.119,28.4,18,9,0.429,0.214,168.13,0.268,0.078,0.19,0.731,0.34,0.619,0.302,0.079,179.0,147.49,178.57,pp,42.2,19.18,Sunrisers Hyderabad,1,2.0476190476190474,opener,aggressive_opener
TR Birt,75,5,58,9,2,5,15.0,27,4,0.0,0,0.0,9.22,0,0,0.0,0.0,129.31,0.19,0.034,0.155,0.64,0.448,0.0,0.2,0.8,,71.43,162.16,death,12.0,17.0,Delhi Daredevils,5,5.8,middle_order,finisher
TS Mills,8,5,14,0,1,4,1.6,6,0,0.2,2,0.4,2.61,0,0,0.0,0.0,57.14,0.071,0.071,0.0,0.75,0.786,0.0,0.25,0.75,,40.0,66.67,death,0.0,2.0,Royal Challengers Bangalore,9,9.6,tailender,tailender
TU Deshpande,53,9,33,2,4,3,5.89,25,0,0.667,0,0.0,9.55,0,0,0.0,0.0,160.61,0.182,0.121,0.061,0.604,0.333,0.0,0.0,1.0,,,160.61,death,0.33,8.67,Rajasthan Royals,10,10.11111111111111,tailender,lower_order_hitter
Tilak Varma,1542,56,1070,121,74,45,27.54,84,0,0.196,2,0.036,19.6,25,8,0.446,0.143,144.11,0.182,0.069,0.113,0.602,0.317,0.107,0.625,0.268,125.95,135.39,181.94,death,26.33,28.26,Mumbai Indians,5,4.482142857142857,middle_order,finisher
UBT Chand,300,20,300,32,9,20,15.0,58,0,0.0,4,0.2,15.42,3,1,0.15,0.05,100.0,0.137,0.03,0.107,0.607,0.52,0.4,0.5,0.1,84.51,107.14,166.67,death,24.67,10.86,Delhi Daredevils,3,2.4,top_order,finisher
UT Khawaja,127,6,100,14,3,6,21.17,30,11,0.0,0,0.0,7.63,2,0,0.333,0.0,127.0,0.17,0.03,0.14,0.583,0.38,0.843,0.157,0.0,142.67,80.0,,pp,26.33,16.0,Rising Pune Supergiants,2,2.0,opener,aggressive_opener
UT Yadav,208,48,201,16,9,21,4.33,24,0,0.562,8,0.167,5.74,0,0,0.0,0.0,103.48,0.124,0.045,0.08,0.567,0.478,0.0,0.014,0.986,,23.08,109.04,death,4.43,4.32,Kolkata Knight Riders,9,9.423076923076923,tailender,tailender
Umran Malik,23,6,16,1,2,2,3.83,19,0,0.667,2,0.333,7.52,0,0,0.0,0.0,143.75,0.188,0.125,0.062,0.696,0.5,0.0,0.0,1.0,,,143.75,death,,3.83,Sunrisers Hyderabad,10,9.833333333333334,tailender,tailender
V Kohli,8899,264,6667,799,300,223,33.71,113,0,0.155,10,0.038,27.22,130,74,0.492,0.28,133.48,0.165,0.045,0.12,0.561,0.329,0.367,0.461,0.171,127.6,124.66,187.81,death,38.64,28.99,Royal Challengers Bangalore,3,2.545112781954887,top_order,top_order_anchor
V Nigam,154,9,86,18,8,8,17.11,39,0,0.111,1,0.111,13.87,2,0,0.222,0.0,179.07,0.302,0.093,0.209,0.779,0.337,0.13,0.344,0.526,250.0,160.61,180.0,pp,20.0,16.29,Delhi Capitals,8,7.333333333333333,lower_order,lower_order_hitter
V Sehwag,2728,104,1755,334,106,99,26.23,122,0,0.048,7,0.067,27.53,35,18,0.337,0.173,155.44,0.251,0.06,0.19,0.723,0.375,0.584,0.389,0.027,144.16,172.68,208.57,death,35.41,17.4,Delhi Daredevils,2,1.9423076923076923,opener,aggressive_opener
V Shankar,1233,63,950,88,48,47,19.57,69,0,0.254,2,0.032,17.22,11,7,0.175,0.111,129.79,0.143,0.051,0.093,0.519,0.32,0.103,0.479,0.418,97.69,115.88,166.13,death,22.12,17.89,Sunrisers Hyderabad,5,4.876923076923077,middle_order,finisher
V Suryavanshi,452,12,198,36,42,12,37.67,101,0,0.0,2,0.167,31.22,8,4,0.667,0.333,228.28,0.394,0.212,0.182,0.876,0.338,0.715,0.285,0.0,237.5,208.06,,pp,59.67,15.67,Rajasthan Royals,2,2.0,opener,aggressive_opener
VG Arora,10,10,26,0,0,4,1.0,2,0,0.6,3,0.3,0.82,0,0,0.0,0.0,38.46,0.0,0.0,0.0,0.0,0.654,0.0,0.0,1.0,,0.0,52.63,death,1.5,0.88,Kolkata Knight Riders,10,10.272727272727273,tailender,tailender
VR Aaron,50,12,72,2,2,5,4.17,17,0,0.583,1,0.083,5.34,0,0,0.0,0.0,69.44,0.056,0.028,0.028,0.4,0.583,0.0,0.0,1.0,,0.0,70.42,death,0.0,4.55,Royal Challengers Bangalore,10,9.76923076923077,tailender,tailender
VR Iyer,1497,57,1084,137,67,49,26.26,104,0,0.14,2,0.035,23.82,21,13,0.368,0.228,138.1,0.188,0.062,0.126,0.635,0.38,0.398,0.487,0.115,130.42,139.39,165.38,death,29.5,22.67,Kolkata Knight Riders,2,3.3333333333333335,opener,aggressive_opener
VVS Laxman,282,20,267,33,5,19,14.1,52,0,0.05,4,0.2,16.29,4,1,0.2,0.05,105.62,0.142,0.019,0.124,0.574,0.446,0.663,0.326,0.011,99.47,126.03,50.0,mid,11.14,15.69,Deccan Chargers,2,2.45,opener,anchor_opener
VY Mahesh,15,5,27,0,0,2,3.0,6,0,0.6,0,0.0,2.12,0,0,0.0,0.0,55.56,0.0,0.0,0.0,0.0,0.519,0.0,0.2,0.8,,37.5,63.16,death,,3.0,Delhi Daredevils,9,9.0,tailender,tailender
Vishnu Vinod,56,6,57,3,3,6,9.33,30,2,0.0,0,0.0,10.44,1,0,0.167,0.0,98.25,0.105,0.053,0.053,0.536,0.456,0.179,0.607,0.214,47.62,136.0,109.09,mid,14.0,4.67,Mumbai Indians,6,4.5,middle_order,middle_order
W Jaffer,130,8,121,14,3,8,16.25,50,0,0.0,1,0.125,19.26,2,1,0.25,0.125,107.44,0.14,0.025,0.116,0.569,0.463,0.592,0.408,0.0,86.52,165.62,,mid,18.67,14.8,Royal Challengers Bangalore,2,1.875,opener,anchor_opener
WA Mota,56,8,75,2,0,6,7.0,25,1,0.25,0,0.0,8.05,0,0,0.0,0.0,74.67,0.027,0.0,0.027,0.143,0.387,0.0,0.589,0.411,,68.75,85.19,death,5.25,8.75,Kings XI Punjab,6,7.125,middle_order,middle_order
WD Parnell,65,13,80,4,1,10,5.0,16,1,0.231,0,0.0,4.88,0,0,0.0,0.0,81.25,0.062,0.012,0.05,0.338,0.462,0.169,0.077,0.754,78.57,62.5,84.48,death,6.0,4.82,Pune Warriors,8,7.428571428571429,lower_order,tailender
WG Jacks,463,19,303,38,29,17,24.37,100,1,0.105,0,0.0,24.45,5,3,0.263,0.158,152.81,0.221,0.096,0.125,0.704,0.363,0.41,0.527,0.063,148.44,144.38,483.33,death,25.91,22.25,Mumbai Indians,3,3.210526315789474,top_order,top_order_aggressor
WP Saha,2934,143,2300,296,87,121,20.52,115,0,0.154,7,0.049,20.35,33,14,0.231,0.098,127.57,0.167,0.038,0.129,0.581,0.377,0.473,0.337,0.19,132.66,109.78,157.79,death,24.73,17.1,Kings XI Punjab,1,3.3517241379310345,opener,aggressive_opener
WPUJC Vaas,81,11,73,2,3,8,7.36,20,0,0.273,3,0.273,6.83,0,0,0.0,0.0,110.96,0.068,0.041,0.027,0.321,0.329,0.0,0.272,0.728,,110.0,111.32,death,10.5,5.57,Deccan Chargers,8,8.090909090909092,lower_order,tailender
Washington Sundar,609,47,468,53,19,36,12.96,55,0,0.234,3,0.064,13.8,6,1,0.128,0.021,130.13,0.154,0.041,0.113,0.535,0.329,0.066,0.399,0.535,117.65,116.27,144.89,death,13.53,12.69,Royal Challengers Bangalore,8,6.244897959183674,lower_order,tailender
Y Nagar,285,20,259,20,9,14,14.25,44,0,0.3,2,0.1,11.51,1,0,0.05,0.0,110.04,0.112,0.035,0.077,0.47,0.39,0.007,0.365,0.628,66.67,80.62,140.94,death,14.14,14.31,Delhi Daredevils,8,6.5,lower_order,tailender
Y Venugopal Rao,985,52,836,77,37,44,18.94,71,0,0.154,2,0.038,16.3,11,3,0.212,0.058,117.82,0.136,0.044,0.092,0.538,0.39,0.077,0.53,0.393,78.35,106.97,154.18,death,11.5,21.68,Deccan Chargers,6,5.388888888888889,middle_order,finisher
YBK Jaiswal,2350,71,1534,278,102,67,33.1,124,0,0.056,4,0.056,28.06,35,19,0.493,0.268,153.19,0.248,0.066,0.181,0.734,0.391,0.634,0.329,0.037,158.57,139.78,209.52,death,37.97,28.36,Rajasthan Royals,1,1.1944444444444444,opener,aggressive_opener
YK Pathan,3222,153,2245,263,161,110,21.06,100,0,0.281,9,0.059,19.68,38,15,0.248,0.098,143.52,0.189,0.072,0.117,0.626,0.349,0.112,0.538,0.349,147.35,133.56,160.63,death,23.12,18.79,Kolkata Knight Riders,5,4.787096774193548,middle_order,finisher
YS Chahal,37,17,86,0,0,7,2.18,8,0,0.588,1,0.059,2.19,0,0,0.0,0.0,43.02,0.0,0.0,0.0,0.0,0.628,0.0,0.108,0.892,,17.39,52.38,death,,2.18,Royal Challengers Bangalore,11,10.65,tailender,tailender
YV Takawale,192,10,178,26,3,8,19.2,45,0,0.2,2,0.2,15.45,2,0,0.2,0.0,107.87,0.163,0.017,0.146,0.635,0.534,0.63,0.219,0.151,91.67,127.27,223.08,death,15.33,20.86,Mumbai Indians,2,3.2,opener,anchor_opener
Yuvraj Singh,2754,126,2122,218,149,111,21.86,83,0,0.119,4,0.032,18.39,36,13,0.286,0.103,129.78,0.173,0.07,0.103,0.641,0.42,0.07,0.601,0.329,103.76,115.33,180.84,death,20.85,22.59,Kings XI Punjab,4,4.173228346456693,top_order,finisher
Z Khan,117,27,141,11,2,14,4.33,23,0,0.481,5,0.185,6.4,0,0,0.0,0.0,82.98,0.092,0.014,0.078,0.479,0.525,0.0,0.077,0.923,0.0,31.03,99.08,death,2.0,4.52,Royal Challengers Bangalore,9,9.0625,tailender,tailender
