player,team,season_start_year,batting_strength_score,bowling_strength_score,allrounder_index,is_batting_allrounder,is_bowling_allrounder,allrounder_role,total_runs,total_matches,total_balls_faced,avg_runs,strike_rate,batting_role,total_wickets,total_matches_bowled,total_balls_bowled,avg_wickets_per_match,economy_rate,bowling_role
A Ashish Reddy,Sunrisers Hyderabad,2016.0,57.65,75.39,66.52,False,True,bowling_allrounder,280.0,23.0,193.0,12.17,145.08,tailender,18.0,20.0,262.0,0.9,9.16,death_bowler
A Badoni,Lucknow Super Giants,2026.0,64.17,62.28,63.22,False,False,pure_batter,1076.0,51.0,776.0,21.1,138.66,finisher,4.0,7.0,35.0,0.571,8.57,part_time_bowler
A Chandila,Rajasthan Royals,2013.0,20.7,80.58,50.64,False,False,pure_bowler,4.0,2.0,7.0,2.0,57.14,tailender,11.0,12.0,234.0,0.917,6.28,powerplay_bowler
A Chopra,Kolkata Knight Riders,2009.0,29.22,0.0,14.61,False,False,pure_batter,53.0,6.0,71.0,8.83,74.65,anchor_opener,,,,,,
A Choudhary,Royal Challengers Bangalore,2017.0,46.67,81.98,64.32,False,False,pure_bowler,25.0,3.0,20.0,8.33,125.0,tailender,5.0,5.0,101.0,1.0,8.55,powerplay_bowler
A Dananjaya,Mumbai Indians,2018.0,29.4,41.55,35.47,False,False,pure_batter,4.0,1.0,5.0,4.0,80.0,tailender,0.0,1.0,24.0,0.0,11.75,part_time_bowler
A Flintoff,Chennai Super Kings,2009.0,48.18,67.06,57.62,False,False,pure_bowler,62.0,3.0,53.0,20.67,116.98,middle_order,2.0,3.0,66.0,0.667,9.64,death_bowler
A Kamboj,Chennai Super Kings,2026.0,42.67,89.67,66.17,False,False,pure_bowler,42.0,8.0,36.0,5.25,116.67,tailender,20.0,16.0,301.0,1.25,9.51,powerplay_bowler
A Kumble,Royal Challengers Bangalore,2009.0,26.88,84.48,55.68,False,False,pure_bowler,35.0,15.0,47.0,2.33,74.47,tailender,45.0,42.0,965.0,1.071,6.77,middle_overs_bowler
A Manohar,Gujarat Titans,2025.0,54.6,0.0,27.3,False,False,pure_batter,292.0,20.0,235.0,14.6,124.26,tailender,,,,,,
A Mhatre,Chennai Super Kings,2026.0,95.37,0.0,47.68,False,False,pure_batter,411.0,12.0,227.0,34.25,181.06,top_order_anchor,,,,,,
A Mishra,Delhi Daredevils,2023.0,35.21,83.41,59.31,False,True,bowling_allrounder,381.0,57.0,419.0,6.68,90.93,tailender,174.0,162.0,3371.0,1.074,7.46,middle_overs_bowler
A Mithun,Royal Challengers Bangalore,2013.0,47.75,59.15,53.45,False,False,pure_bowler,34.0,6.0,26.0,5.67,130.77,tailender,7.0,16.0,288.0,0.438,9.94,middle_overs_bowler
A Mukund,Chennai Super Kings,2013.0,33.55,0.0,16.77,False,False,pure_batter,19.0,2.0,22.0,9.5,86.36,anchor_opener,,,,,,
A Nehra,Delhi Daredevils,2016.0,23.99,89.43,56.71,False,False,pure_bowler,41.0,17.0,62.0,2.41,66.13,tailender,106.0,88.0,1908.0,1.205,7.98,powerplay_bowler
A Nel,Mumbai Indians,2007.0,0.0,80.59,40.3,False,False,pure_bowler,0.0,1.0,0.0,0.0,,tailender,1.0,1.0,18.0,1.0,10.33,part_time_bowler
A Nortje,Delhi Capitals,2026.0,35.52,89.27,62.4,False,False,pure_bowler,49.0,14.0,50.0,3.5,98.0,tailender,61.0,49.0,1120.0,1.245,9.32,death_bowler
A Raghuvanshi,Kolkata Knight Riders,2026.0,75.81,0.0,37.9,False,False,pure_batter,645.0,23.0,437.0,28.04,147.6,top_order_anchor,,,,,,
A Singh,Rajasthan Royals,2012.0,7.14,89.35,48.24,False,False,pure_bowler,2.0,5.0,10.0,0.4,20.0,tailender,28.0,23.0,473.0,1.217,8.11,death_bowler
A Symonds,Deccan Chargers,2011.0,66.6,69.21,67.9,True,True,batting_allrounder,974.0,36.0,750.0,27.06,129.87,top_order_anchor,20.0,30.0,527.0,0.667,7.9,middle_overs_bowler
A Tomar,Kolkata Knight Riders,2022.0,18.9,0.0,9.45,False,False,pure_batter,4.0,1.0,8.0,4.0,50.0,anchor_opener,,,,,,
A Uniyal,Rajasthan Royals,2009.0,20.7,76.08,48.39,False,False,pure_bowler,4.0,2.0,7.0,2.0,57.14,tailender,2.0,2.0,36.0,1.0,11.17,part_time_bowler
A Zampa,Rajasthan Royals,2023.0,22.92,93.39,58.16,False,False,pure_bowler,15.0,5.0,24.0,3.0,62.5,tailender,31.0,22.0,467.0,1.409,8.43,middle_overs_bowler
AA Bilakhia,Deccan Chargers,2009.0,31.86,0.0,15.93,False,False,pure_batter,69.0,7.0,85.0,9.86,81.18,middle_order,,,,,,
AA Chavan,Rajasthan Royals,2012.0,39.58,68.32,53.95,False,False,pure_bowler,12.0,3.0,11.0,4.0,109.09,tailender,8.0,13.0,248.0,0.615,8.2,powerplay_bowler
AA Jhunjhunwala,Rajasthan Royals,2012.0,45.22,47.78,46.5,False,False,pure_bowler,217.0,15.0,210.0,14.47,103.33,middle_order,1.0,10.0,85.0,0.1,9.18,powerplay_bowler
AA Kazi,Royal Challengers Bangalore,2011.0,0.0,39.98,19.99,False,False,unknown,,,,,,,0.0,1.0,12.0,0.0,10.5,part_time_bowler
AA Kulkarni,Lucknow Super Giants,2024.0,40.95,0.0,20.48,False,False,pure_batter,9.0,2.0,8.0,4.5,112.5,anchor_opener,,,,,,
AA Noffke,Royal Challengers Bangalore,2007.0,34.65,77.15,55.9,False,False,pure_bowler,9.0,1.0,10.0,9.0,90.0,tailender,1.0,1.0,24.0,1.0,10.25,part_time_bowler
AB Agarkar,Kolkata Knight Riders,2013.0,45.57,68.67,57.12,False,True,bowling_allrounder,179.0,19.0,154.0,9.42,116.23,tailender,29.0,42.0,782.0,0.69,9.01,middle_overs_bowler
AB Barath,Kings XI Punjab,2009.0,49.89,0.0,24.94,False,False,pure_batter,42.0,3.0,42.0,14.0,100.0,anchor_opener,,,,,,
AB Dinda,Pune Warriors,2017.0,19.53,79.22,49.38,False,False,pure_bowler,26.0,16.0,48.0,1.62,54.17,tailender,69.0,75.0,1516.0,0.92,8.32,powerplay_bowler
AB McDonald,Delhi Daredevils,2013.0,54.49,81.83,68.16,False,False,utility_player,123.0,9.0,100.0,13.67,123.0,middle_order,11.0,10.0,186.0,1.1,8.48,middle_overs_bowler
AB de Villiers,Royal Challengers Bangalore,2021.0,75.47,0.0,37.74,False,False,pure_batter,5181.0,170.0,3411.0,30.48,151.89,top_order_anchor,,,,,,
AC Blizzard,Mumbai Indians,2012.0,61.24,0.0,30.62,False,False,pure_batter,120.0,7.0,90.0,17.14,133.33,aggressive_opener,,,,,,
AC Gilchrist,Deccan Chargers,2013.0,67.24,100.0,83.62,False,False,pure_batter,2069.0,80.0,1495.0,25.86,138.39,aggressive_opener,1.0,1.0,1.0,1.0,0.0,part_time_bowler
AC Thomas,Pune Warriors,2012.0,38.59,79.49,59.04,False,False,pure_bowler,20.0,4.0,19.0,5.0,105.26,tailender,14.0,15.0,315.0,0.933,7.92,death_bowler
AC Voges,Rajasthan Royals,2009.0,61.93,43.57,52.75,False,False,pure_batter,181.0,7.0,143.0,25.86,126.57,finisher,0.0,7.0,54.0,0.0,8.44,part_time_bowler
AD Hales,Sunrisers Hyderabad,2018.0,67.53,0.0,33.76,False,False,pure_batter,148.0,6.0,118.0,24.67,125.42,aggressive_opener,,,,,,
AD Mascarenhas,Rajasthan Royals,2013.0,37.96,98.4,68.18,False,False,pure_bowler,79.0,11.0,78.0,7.18,101.28,tailender,19.0,13.0,308.0,1.462,7.11,powerplay_bowler
AD Mathews,Pune Warriors,2017.0,55.8,65.24,60.52,True,True,batting_allrounder,724.0,42.0,575.0,17.24,125.91,finisher,27.0,44.0,791.0,0.614,8.31,middle_overs_bowler
AD Nath,Royal Challengers Bangalore,2019.0,35.29,0.0,17.64,False,False,pure_batter,90.0,10.0,98.0,9.0,91.84,middle_order,,,,,,
AD Russell,Kolkata Knight Riders,2025.0,79.35,80.21,79.78,True,True,batting_allrounder,2655.0,114.0,1525.0,23.29,174.1,finisher,123.0,121.0,1806.0,1.017,9.66,death_bowler
AF Milne,Mumbai Indians,2021.0,29.1,68.89,49.0,False,False,pure_bowler,23.0,6.0,29.0,3.83,79.31,tailender,7.0,10.0,207.0,0.7,9.83,powerplay_bowler
AG Murtaza,Pune Warriors,2013.0,26.17,72.9,49.54,False,False,pure_bowler,10.0,3.0,14.0,3.33,71.43,tailender,9.0,12.0,264.0,0.75,7.32,middle_overs_bowler
AG Paunikar,Rajasthan Royals,2011.0,33.0,0.0,16.5,False,False,pure_batter,49.0,5.0,58.0,9.8,84.48,anchor_opener,,,,,,
AJ Finch,Gujarat Lions,2022.0,61.92,50.81,56.36,False,False,pure_batter,2092.0,90.0,1635.0,23.24,127.95,anchor_opener,1.0,5.0,43.0,0.2,9.35,part_time_bowler
AJ Hosein,Sunrisers Hyderabad,2023.0,61.6,67.37,64.48,False,False,pure_bowler,16.0,1.0,10.0,16.0,160.0,tailender,2.0,3.0,60.0,0.667,8.7,powerplay_bowler
AJ Turner,Rajasthan Royals,2024.0,31.4,0.0,15.7,False,False,pure_batter,24.0,6.0,28.0,4.0,85.71,middle_order,,,,,,
AJ Tye,Kings XI Punjab,2020.0,44.36,93.07,68.72,False,False,pure_bowler,91.0,13.0,76.0,7.0,119.74,tailender,42.0,30.0,684.0,1.4,8.82,death_bowler
AK Markram,Sunrisers Hyderabad,2026.0,68.27,52.7,60.48,True,False,batting_allrounder,1560.0,60.0,1145.0,26.0,136.24,top_order_anchor,6.0,21.0,203.0,0.286,8.96,middle_overs_bowler
AL Menaria,Rajasthan Royals,2013.0,52.03,54.71,53.37,False,False,utility_player,401.0,23.0,356.0,17.43,112.64,middle_order,3.0,12.0,110.0,0.25,7.85,powerplay_bowler
AM Ghazanfar,Mumbai Indians,2026.0,0.0,89.57,44.78,False,False,pure_bowler,,,,,,,4.0,3.0,60.0,1.333,10.4,powerplay_bowler
AM Nayar,Mumbai Indians,2014.0,49.06,60.73,54.9,False,False,utility_player,672.0,50.0,577.0,13.44,116.46,finisher,9.0,19.0,229.0,0.474,8.46,middle_overs_bowler
AM Rahane,Rajasthan Royals,2026.0,65.25,81.32,73.28,False,False,pure_batter,5184.0,188.0,4127.0,27.57,125.61,aggressive_opener,1.0,1.0,6.0,1.0,5.0,part_time_bowler
AM Salvi,Delhi Daredevils,2011.0,0.0,81.22,40.61,False,False,pure_bowler,,,,,,,7.0,7.0,150.0,1.0,8.2,powerplay_bowler
AN Ahmed,Royal Challengers Bangalore,2015.0,50.56,69.84,60.2,False,False,pure_bowler,36.0,6.0,26.0,6.0,138.46,tailender,12.0,17.0,344.0,0.706,8.98,powerplay_bowler
AN Ghosh,Kolkata Knight Riders,2009.0,31.85,0.0,15.92,False,False,pure_batter,7.0,2.0,8.0,3.5,87.5,middle_order,,,,,,
AP Dole,Rajasthan Royals,2009.0,75.04,101.78,88.41,False,False,pure_bowler,34.0,2.0,22.0,17.0,154.55,tailender,5.0,3.0,66.0,1.667,10.36,powerplay_bowler
AP Majumdar,Pune Warriors,2012.0,62.68,0.0,31.34,False,False,pure_batter,87.0,4.0,76.0,21.75,114.47,middle_order,,,,,,
AP Tare,Mumbai Indians,2017.0,50.08,0.0,25.04,False,False,pure_batter,339.0,27.0,273.0,12.56,124.18,anchor_opener,,,,,,
AR Bawne,Delhi Daredevils,2017.0,39.2,0.0,19.6,False,False,pure_batter,12.0,1.0,12.0,12.0,100.0,tailender,,,,,,
AR Patel,Delhi Capitals,2026.0,56.63,73.12,64.88,True,True,batting_allrounder,1919.0,126.0,1436.0,15.23,133.64,tailender,131.0,164.0,3405.0,0.799,7.49,middle_overs_bowler
AS Joseph,Gujarat Titans,2023.0,31.42,78.84,55.13,False,False,pure_bowler,27.0,5.0,32.0,5.4,84.38,tailender,21.0,22.0,434.0,0.955,9.77,middle_overs_bowler
AS Rajpoot,Kings XI Punjab,2020.0,23.49,74.23,48.86,False,False,pure_bowler,26.0,7.0,41.0,3.71,63.41,tailender,24.0,29.0,529.0,0.828,9.57,powerplay_bowler
AS Raut,Rajasthan Royals,2011.0,48.65,41.4,45.02,False,False,pure_batter,194.0,16.0,167.0,12.12,116.17,tailender,0.0,5.0,30.0,0.0,9.0,part_time_bowler
AS Roy,Kolkata Knight Riders,2026.0,34.8,70.52,52.66,False,False,pure_bowler,27.0,9.0,28.0,3.0,96.43,tailender,10.0,14.0,221.0,0.714,8.23,powerplay_bowler
AS Yadav,Deccan Chargers,2007.0,46.83,0.0,23.42,False,False,pure_batter,49.0,6.0,39.0,8.17,125.64,tailender,,,,,,
AT Carey,Delhi Capitals,2020.0,42.35,0.0,21.18,False,False,pure_batter,32.0,3.0,29.0,10.67,110.34,middle_order,,,,,,
AT Rayudu,Mumbai Indians,2023.0,62.41,0.0,31.2,False,False,pure_batter,4348.0,187.0,3409.0,23.25,127.54,finisher,,,,,,
AU Rashid,Sunrisers Hyderabad,2023.0,51.98,68.03,60.0,False,False,pure_bowler,22.0,2.0,16.0,11.0,137.5,tailender,2.0,3.0,60.0,0.667,9.1,middle_overs_bowler
AUK Pathan,Royal Challengers Bangalore,2012.0,61.3,41.9,51.6,False,False,pure_batter,39.0,7.0,23.0,5.57,169.57,middle_order,0.0,3.0,39.0,0.0,9.69,part_time_bowler
Abdul Basith,Rajasthan Royals,2023.0,35.35,0.0,17.68,False,False,pure_batter,1.0,1.0,1.0,1.0,100.0,tailender,,,,,,
Abdul Samad,Sunrisers Hyderabad,2026.0,60.24,50.02,55.13,False,False,utility_player,815.0,56.0,555.0,14.55,146.85,tailender,2.0,7.0,57.0,0.286,13.16,part_time_bowler
Abdur Razzak,Royal Challengers Bangalore,2007.0,0.0,44.62,22.31,False,False,unknown,0.0,1.0,2.0,0.0,0.0,tailender,0.0,1.0,12.0,0.0,14.5,part_time_bowler
Abhinandan Singh,Royal Challengers Bengaluru,2026.0,0.0,76.43,38.22,False,False,pure_bowler,,,,,,,3.0,3.0,58.0,1.0,12.62,part_time_bowler
Abhishek Sharma,Sunrisers Hyderabad,2026.0,78.36,54.37,66.36,True,False,batting_allrounder,1945.0,79.0,1174.0,24.62,165.67,aggressive_opener,11.0,34.0,347.0,0.324,9.18,middle_overs_bowler
Abishek Porel,Delhi Capitals,2025.0,72.86,0.0,36.43,False,False,pure_batter,661.0,29.0,441.0,22.79,149.89,top_order_aggressor,,,,,,
Akash Deep,Royal Challengers Bangalore,2025.0,64.25,68.21,66.23,False,False,pure_bowler,25.0,5.0,14.0,5.0,178.57,tailender,10.0,14.0,278.0,0.714,11.96,powerplay_bowler
Akash Madhwal,Rajasthan Royals,2025.0,21.4,92.79,57.1,False,False,pure_bowler,8.0,2.0,14.0,4.0,57.14,tailender,24.0,17.0,352.0,1.412,10.19,death_bowler
Akash Singh,Chennai Super Kings,2025.0,0.0,76.58,38.29,False,False,pure_bowler,,,,,,,9.0,10.0,205.0,0.9,9.54,powerplay_bowler
Aman Hakim Khan,Delhi Capitals,2023.0,45.73,38.98,42.36,False,False,pure_batter,115.0,10.0,104.0,11.5,110.58,tailender,0.0,1.0,6.0,0.0,13.0,part_time_bowler
Anand Rajan,Deccan Chargers,2013.0,0.0,81.26,40.63,False,False,pure_bowler,,,,,,,8.0,8.0,149.0,1.0,8.3,middle_overs_bowler
Aniket Verma,Sunrisers Hyderabad,2026.0,70.1,0.0,35.05,False,False,pure_batter,306.0,17.0,183.0,18.0,167.21,finisher,,,,,,
Anirudh Singh,Deccan Chargers,2009.0,46.42,0.0,23.21,False,False,pure_batter,63.0,4.0,66.0,15.75,95.45,middle_order,,,,,,
Ankit Sharma,Rajasthan Royals,2017.0,51.49,66.35,58.92,False,False,pure_bowler,87.0,10.0,67.0,8.7,129.85,tailender,12.0,21.0,367.0,0.571,7.41,powerplay_bowler
Ankit Soni,Gujarat Lions,2017.0,28.04,56.94,42.49,False,False,pure_bowler,7.0,3.0,9.0,2.33,77.78,tailender,2.0,6.0,109.0,0.333,7.98,middle_overs_bowler
Anmolpreet Singh,Sunrisers Hyderabad,2024.0,57.7,0.0,28.85,False,False,pure_batter,139.0,9.0,115.0,15.44,120.87,aggressive_opener,,,,,,
Anuj Rawat,Royal Challengers Bangalore,2024.0,49.83,0.0,24.92,False,False,pure_batter,318.0,21.0,267.0,15.14,119.1,anchor_opener,,,,,,
Anureet Singh,Kings XI Punjab,2018.0,28.38,73.35,50.86,False,False,pure_bowler,36.0,8.0,47.0,4.5,76.6,tailender,18.0,22.0,412.0,0.818,9.26,death_bowler
Arjun Tendulkar,Mumbai Indians,2023.0,55.1,67.43,61.26,False,False,pure_bowler,13.0,1.0,9.0,13.0,144.44,tailender,3.0,5.0,73.0,0.6,9.62,powerplay_bowler
Arshad Khan,Gujarat Titans,2025.0,56.75,67.36,62.06,False,False,utility_player,119.0,10.0,84.0,11.9,141.67,tailender,12.0,18.0,260.0,0.667,11.58,powerplay_bowler
Arshad Khan (2),Lucknow Super Giants,2024.0,45.5,43.32,44.41,False,False,pure_batter,5.0,1.0,4.0,5.0,125.0,tailender,0.0,1.0,12.0,0.0,12.5,part_time_bowler
Arshdeep Singh,Punjab Kings,2025.0,24.42,86.73,55.58,False,False,pure_bowler,31.0,13.0,46.0,2.38,67.39,tailender,102.0,86.0,1822.0,1.186,9.21,death_bowler
Ashok Sharma,Gujarat Titans,2026.0,0.0,79.67,39.84,False,False,pure_bowler,0.0,1.0,1.0,0.0,0.0,tailender,4.0,4.0,84.0,1.0,10.64,death_bowler
Ashutosh Sharma,Delhi Capitals,2026.0,76.31,0.0,38.16,False,False,pure_batter,412.0,19.0,250.0,21.68,164.8,lower_order_hitter,,,,,,
Ashwani Kumar,Mumbai Indians,2025.0,0.0,97.55,48.78,False,False,pure_bowler,,,,,,,11.0,7.0,123.0,1.571,11.41,death_bowler
Atharva Taide,Punjab Kings,2025.0,69.51,30.4,49.96,False,False,pure_batter,260.0,10.0,177.0,26.0,146.89,aggressive_opener,0.0,1.0,1.0,0.0,24.0,part_time_bowler
Auqib Nabi,Delhi Capitals,2026.0,71.4,44.92,58.16,False,False,pure_batter,4.0,1.0,2.0,4.0,200.0,tailender,0.0,1.0,12.0,0.0,8.5,part_time_bowler
Avesh Khan,Lucknow Super Giants,2026.0,56.84,86.27,71.56,False,False,pure_bowler,68.0,16.0,43.0,4.25,158.14,lower_order_hitter,93.0,79.0,1703.0,1.177,9.25,death_bowler
Azhar Mahmood,Kings XI Punjab,2015.0,58.43,90.25,74.34,True,True,batting_allrounder,388.0,21.0,303.0,18.48,128.05,middle_order,29.0,23.0,537.0,1.261,7.9,death_bowler
Azmatullah Omarzai,Punjab Kings,2025.0,50.67,72.28,61.48,False,False,pure_bowler,99.0,9.0,74.0,11.0,133.78,middle_order,12.0,15.0,288.0,0.8,9.92,powerplay_bowler
B Akhil,Royal Challengers Bangalore,2011.0,50.78,61.01,55.9,False,False,pure_bowler,76.0,11.0,55.0,6.91,138.18,tailender,6.0,13.0,188.0,0.462,7.85,middle_overs_bowler
B Chipli,Deccan Chargers,2013.0,46.56,36.17,41.36,False,False,pure_batter,280.0,21.0,251.0,13.33,111.55,finisher,0.0,1.0,6.0,0.0,20.0,part_time_bowler
B Geeves,Delhi Daredevils,2007.0,0.0,60.75,30.38,False,False,pure_bowler,,,,,,,1.0,2.0,48.0,0.5,11.38,part_time_bowler
B Indrajith,Kolkata Knight Riders,2022.0,26.95,0.0,13.48,False,False,pure_batter,21.0,3.0,30.0,7.0,70.0,anchor_opener,,,,,,
B Kumar,Sunrisers Hyderabad,2026.0,33.76,83.92,58.84,False,True,bowling_allrounder,329.0,72.0,358.0,4.57,91.9,tailender,205.0,195.0,4342.0,1.051,7.9,death_bowler
B Laughlin,Chennai Super Kings,2018.0,13.9,81.08,47.49,False,False,pure_bowler,5.0,4.0,13.0,1.25,38.46,tailender,10.0,9.0,168.0,1.111,10.14,death_bowler
B Lee,Kings XI Punjab,2013.0,47.03,70.62,58.82,False,False,utility_player,124.0,19.0,97.0,6.53,127.84,tailender,25.0,38.0,875.0,0.658,7.72,death_bowler
B Muzarabani,Kolkata Knight Riders,2026.0,0.0,112.63,56.32,False,False,pure_bowler,,,,,,,4.0,2.0,42.0,2.0,11.29,part_time_bowler
B Sai Sudharsan,Gujarat Titans,2026.0,86.74,0.0,43.37,False,False,pure_batter,1906.0,44.0,1305.0,43.32,146.05,aggressive_opener,,,,,,
B Stanlake,Sunrisers Hyderabad,2018.0,89.25,88.61,88.93,False,False,pure_bowler,5.0,1.0,2.0,5.0,250.0,tailender,7.0,6.0,144.0,1.167,8.33,powerplay_bowler
B Sumanth,Deccan Chargers,2009.0,36.17,0.0,18.08,False,False,pure_batter,35.0,4.0,37.0,8.75,94.59,tailender,,,,,,
BA Bhatt,Kings XI Punjab,2012.0,31.05,72.54,51.8,False,False,pure_bowler,6.0,2.0,7.0,3.0,85.71,tailender,12.0,15.0,296.0,0.8,8.27,powerplay_bowler
BA Stokes,Rajasthan Royals,2023.0,62.17,70.51,66.34,True,True,batting_allrounder,935.0,43.0,698.0,21.74,133.95,finisher,28.0,38.0,689.0,0.737,8.91,middle_overs_bowler
BAW Mendis,Kolkata Knight Riders,2013.0,17.85,72.77,45.31,False,False,pure_bowler,3.0,3.0,6.0,1.0,50.0,tailender,8.0,10.0,244.0,0.8,7.52,middle_overs_bowler
BB McCullum,Kolkata Knight Riders,2018.0,67.43,0.0,33.72,False,False,pure_batter,2882.0,109.0,2190.0,26.44,131.6,aggressive_opener,,,,,,
BB Samantray,Sunrisers Hyderabad,2013.0,51.68,0.0,25.84,False,False,pure_batter,125.0,8.0,113.0,15.62,110.62,middle_order,,,,,,
BB Sran,Kings XI Punjab,2019.0,25.5,71.14,48.32,False,False,pure_bowler,10.0,7.0,14.0,1.43,71.43,tailender,18.0,24.0,483.0,0.75,9.53,powerplay_bowler
BCJ Cutting,Mumbai Indians,2019.0,67.52,63.76,65.64,False,True,bowling_allrounder,238.0,17.0,141.0,14.0,168.79,finisher,10.0,17.0,281.0,0.588,9.18,middle_overs_bowler
BE Hendricks,Kings XI Punjab,2015.0,11.84,89.86,50.85,False,False,pure_bowler,1.0,2.0,3.0,0.5,33.33,tailender,9.0,7.0,150.0,1.286,9.56,death_bowler
BJ Haddin,Kolkata Knight Riders,2011.0,63.57,0.0,31.78,False,False,pure_batter,18.0,1.0,11.0,18.0,163.64,anchor_opener,,,,,,
BJ Hodge,Rajasthan Royals,2014.0,61.59,74.6,68.1,True,True,batting_allrounder,1400.0,63.0,1118.0,22.22,125.22,finisher,17.0,20.0,234.0,0.85,7.95,middle_overs_bowler
BJ Rohrer,Delhi Daredevils,2013.0,67.6,39.38,53.49,False,False,pure_batter,193.0,8.0,141.0,24.12,136.88,finisher,0.0,1.0,6.0,0.0,12.0,part_time_bowler
BKG Mendis,Gujarat Titans,2025.0,77.0,0.0,38.5,False,False,pure_batter,20.0,1.0,10.0,20.0,200.0,top_order_aggressor,,,,,,
BMAJ Mendis,Delhi Daredevils,2013.0,32.5,63.8,48.15,False,False,pure_bowler,23.0,3.0,27.0,7.67,85.19,middle_order,1.0,2.0,30.0,0.5,7.2,part_time_bowler
BR Dunk,Mumbai Indians,2014.0,44.67,0.0,22.34,False,False,pure_batter,40.0,3.0,35.0,13.33,114.29,anchor_opener,,,,,,
BR Sharath,Gujarat Titans,2024.0,14.7,0.0,7.35,False,False,pure_batter,2.0,1.0,5.0,2.0,40.0,middle_order,,,,,,
BW Hilfenhaus,Chennai Super Kings,2014.0,0.0,93.71,46.86,False,False,pure_bowler,,,,,,,22.0,17.0,372.0,1.294,8.02,powerplay_bowler
Basil Thampi,Gujarat Lions,2019.0,33.6,74.13,53.86,False,False,pure_bowler,32.0,7.0,35.0,4.57,91.43,tailender,22.0,25.0,521.0,0.88,9.93,death_bowler
Bipul Sharma,Kings XI Punjab,2017.0,58.83,65.67,62.25,False,True,bowling_allrounder,187.0,17.0,123.0,11.0,152.03,lower_order_hitter,17.0,28.0,426.0,0.607,8.18,middle_overs_bowler
Brijesh Sharma,Rajasthan Royals,2026.0,0.0,97.11,48.56,False,False,pure_bowler,,,,,,,3.0,2.0,42.0,1.5,7.86,part_time_bowler
C Bosch,Mumbai Indians,2026.0,63.15,71.48,67.32,False,False,pure_bowler,58.0,3.0,36.0,19.33,161.11,tailender,2.0,3.0,61.0,0.667,9.34,middle_overs_bowler
C Connolly,Punjab Kings,2026.0,79.79,0.0,39.9,False,False,pure_batter,136.0,4.0,90.0,34.0,151.11,top_order_anchor,,,,,,
C Ganapathy,Chennai Super Kings,2009.0,0.0,38.98,19.49,False,False,unknown,,,,,,,0.0,1.0,6.0,0.0,13.0,part_time_bowler
C Green,Mumbai Indians,2026.0,73.43,63.75,68.59,True,True,batting_allrounder,763.0,33.0,499.0,23.12,152.91,top_order_aggressor,17.0,31.0,463.0,0.548,9.51,middle_overs_bowler
C Madan,Mumbai Indians,2009.0,32.88,0.0,16.44,False,False,pure_batter,15.0,1.0,19.0,15.0,78.95,anchor_opener,,,,,,
C Munro,Delhi Daredevils,2019.0,54.11,47.42,50.76,False,False,pure_batter,177.0,12.0,141.0,14.75,125.53,middle_order,0.0,2.0,12.0,0.0,7.5,part_time_bowler
C Nanda,Mumbai Indians,2009.0,0.0,67.22,33.61,False,False,pure_bowler,0.0,1.0,1.0,0.0,0.0,tailender,2.0,3.0,48.0,0.667,7.25,part_time_bowler
C Sakariya,Rajasthan Royals,2023.0,23.58,79.72,51.65,False,False,pure_bowler,20.0,7.0,31.0,2.86,64.52,tailender,20.0,20.0,444.0,1.0,8.77,powerplay_bowler
C de Grandhomme,Royal Challengers Bangalore,2019.0,59.32,54.2,56.76,False,False,utility_player,303.0,21.0,225.0,14.43,134.67,middle_order,6.0,19.0,216.0,0.316,8.97,middle_overs_bowler
CA Ingram,Delhi Capitals,2019.0,48.64,0.0,24.32,False,False,pure_batter,205.0,15.0,180.0,13.67,113.89,finisher,,,,,,
CA Lynn,Kolkata Knight Riders,2021.0,74.57,0.0,37.28,False,False,pure_batter,1329.0,42.0,945.0,31.64,140.63,aggressive_opener,,,,,,
CA Pujara,Royal Challengers Bangalore,2014.0,46.57,0.0,23.28,False,False,pure_batter,390.0,22.0,391.0,17.73,99.74,anchor_opener,,,,,,
CH Gayle,Royal Challengers Bangalore,2021.0,77.87,61.44,69.66,True,False,batting_allrounder,4997.0,141.0,3346.0,35.44,149.34,aggressive_opener,18.0,38.0,554.0,0.474,8.18,middle_overs_bowler
CH Morris,Delhi Daredevils,2021.0,62.42,87.85,75.13,False,True,bowling_allrounder,618.0,49.0,398.0,12.61,155.28,lower_order_hitter,96.0,81.0,1726.0,1.185,8.26,death_bowler
CJ Anderson,Mumbai Indians,2018.0,58.24,59.91,59.08,True,True,batting_allrounder,538.0,29.0,423.0,18.55,127.19,finisher,11.0,22.0,297.0,0.5,10.61,middle_overs_bowler
CJ Dala,Delhi Daredevils,2018.0,0.0,45.19,22.6,False,False,unknown,,,,,,,0.0,1.0,18.0,0.0,11.33,part_time_bowler
CJ Ferguson,Pune Warriors,2012.0,33.6,0.0,16.8,False,False,pure_batter,98.0,8.0,117.0,12.25,83.76,middle_order,,,,,,
CJ Green,Kolkata Knight Riders,2020.0,0.0,45.44,22.72,False,False,unknown,,,,,,,0.0,1.0,17.0,0.0,8.47,part_time_bowler
CJ Jordan,Kings XI Punjab,2023.0,41.67,74.56,58.12,False,False,pure_bowler,81.0,12.0,77.0,6.75,105.19,tailender,30.0,34.0,674.0,0.882,9.89,death_bowler
CJ McKay,Mumbai Indians,2012.0,21.47,62.4,41.94,False,False,pure_bowler,8.0,1.0,15.0,8.0,53.33,tailender,1.0,2.0,42.0,0.5,8.57,part_time_bowler
CK Kapugedera,Chennai Super Kings,2007.0,26.21,33.08,29.64,False,False,pure_batter,16.0,3.0,23.0,5.33,69.57,middle_order,0.0,3.0,17.0,0.0,17.29,part_time_bowler
CK Langeveldt,Kolkata Knight Riders,2011.0,32.51,112.98,72.74,False,False,pure_bowler,8.0,2.0,9.0,4.0,88.89,tailender,13.0,7.0,156.0,1.857,7.65,death_bowler
CL White,Deccan Chargers,2013.0,62.26,45.68,53.97,False,False,pure_batter,971.0,45.0,760.0,21.58,127.76,finisher,1.0,6.0,42.0,0.167,12.29,part_time_bowler
CM Gautam,Mumbai Indians,2015.0,50.91,0.0,25.46,False,False,pure_batter,169.0,13.0,150.0,13.0,112.67,anchor_opener,,,,,,
CR Brathwaite,Delhi Daredevils,2019.0,65.89,72.07,68.98,False,True,bowling_allrounder,181.0,14.0,111.0,12.93,163.06,lower_order_hitter,13.0,16.0,254.0,0.812,9.07,middle_overs_bowler
CR Woakes,Kolkata Knight Riders,2021.0,37.73,95.49,66.61,False,False,pure_bowler,78.0,12.0,77.0,6.5,101.3,tailender,30.0,21.0,440.0,1.429,9.19,death_bowler
CRD Fernando,Mumbai Indians,2009.0,47.37,106.94,77.16,False,False,pure_bowler,4.0,2.0,3.0,2.0,133.33,tailender,17.0,10.0,234.0,1.7,7.85,death_bowler
CV Varun,Kolkata Knight Riders,2026.0,19.72,86.69,53.2,False,False,pure_bowler,26.0,12.0,48.0,2.17,54.17,tailender,100.0,86.0,1942.0,1.163,7.84,middle_overs_bowler
D Brevis,Mumbai Indians,2026.0,81.11,76.92,79.02,False,False,pure_batter,496.0,17.0,326.0,29.18,152.15,top_order_anchor,1.0,1.0,3.0,1.0,16.0,part_time_bowler
D Ferreira,Rajasthan Royals,2026.0,56.86,0.0,28.43,False,False,pure_batter,79.0,5.0,61.0,15.8,129.51,tailender,,,,,,
D Jansen,Mumbai Indians,2023.0,0.0,75.95,37.98,False,False,pure_bowler,,,,,,,1.0,1.0,24.0,1.0,13.25,part_time_bowler
D Kalyankrishna,Deccan Chargers,2007.0,14.18,64.14,39.16,False,False,pure_bowler,3.0,1.0,8.0,3.0,37.5,tailender,2.0,3.0,48.0,0.667,11.0,part_time_bowler
D Padikkal,Royal Challengers Bangalore,2026.0,64.68,0.0,32.34,False,False,pure_batter,1941.0,78.0,1503.0,24.88,129.14,aggressive_opener,,,,,,
D Pretorius,Chennai Super Kings,2022.0,58.08,73.12,65.6,False,False,pure_bowler,44.0,5.0,28.0,8.8,157.14,tailender,6.0,7.0,150.0,0.857,9.68,death_bowler
D Salunkhe,Rajasthan Royals,2007.0,51.98,49.84,50.91,False,False,pure_bowler,33.0,3.0,24.0,11.0,137.5,tailender,1.0,5.0,47.0,0.2,10.21,part_time_bowler
D Wiese,Royal Challengers Bangalore,2023.0,58.72,80.65,69.68,False,False,utility_player,148.0,11.0,101.0,13.45,146.53,tailender,16.0,15.0,296.0,1.067,9.06,middle_overs_bowler
D du Preez,Royal Challengers Bangalore,2009.0,30.42,117.52,73.97,False,False,pure_bowler,10.0,1.0,13.0,10.0,76.92,tailender,4.0,2.0,42.0,2.0,8.0,part_time_bowler
DA Miller,Kings XI Punjab,2026.0,65.42,0.0,32.71,False,False,pure_batter,3156.0,137.0,2273.0,23.04,138.85,finisher,,,,,,
DA Payne,Sunrisers Hyderabad,2026.0,44.1,73.58,58.84,False,False,pure_bowler,6.0,1.0,5.0,6.0,120.0,tailender,2.0,2.0,30.0,1.0,14.0,part_time_bowler
DA Warner,Sunrisers Hyderabad,2024.0,77.03,35.2,56.12,False,False,pure_batter,6567.0,184.0,4702.0,35.69,139.66,aggressive_opener,0.0,1.0,1.0,0.0,12.0,part_time_bowler
DAJ Bracewell,Delhi Daredevils,2012.0,50.87,152.23,101.55,False,False,pure_bowler,12.0,1.0,9.0,12.0,133.33,tailender,3.0,1.0,24.0,3.0,8.0,part_time_bowler
DB Das,Kolkata Knight Riders,2013.0,48.34,0.0,24.17,False,False,pure_batter,304.0,22.0,261.0,13.82,116.48,middle_order,,,,,,
DB Ravi Teja,Deccan Chargers,2013.0,52.65,59.32,55.98,False,False,pure_batter,375.0,25.0,317.0,15.0,118.3,tailender,1.0,2.0,18.0,0.5,9.33,part_time_bowler
DE Bollinger,Chennai Super Kings,2012.0,33.79,95.99,64.89,False,False,pure_bowler,21.0,4.0,23.0,5.25,91.3,tailender,37.0,27.0,576.0,1.37,7.46,death_bowler
DG Nalkande,Gujarat Titans,2024.0,37.1,77.27,57.18,False,False,pure_bowler,12.0,2.0,12.0,6.0,100.0,middle_order,6.0,6.0,84.0,1.0,10.71,middle_overs_bowler
DH Yagnik,Rajasthan Royals,2014.0,50.47,0.0,25.24,False,False,pure_batter,170.0,17.0,137.0,10.0,124.09,tailender,,,,,,
DJ Bravo,Chennai Super Kings,2022.0,54.39,85.12,69.76,False,True,bowling_allrounder,1560.0,110.0,1204.0,14.18,129.57,finisher,183.0,158.0,3120.0,1.158,8.53,death_bowler
DJ Harris,Deccan Chargers,2012.0,63.18,42.08,52.63,False,False,pure_batter,111.0,4.0,101.0,27.75,109.9,anchor_opener,0.0,2.0,18.0,0.0,8.67,part_time_bowler
DJ Hooda,Sunrisers Hyderabad,2025.0,54.02,53.53,53.78,False,False,utility_player,1497.0,101.0,1173.0,14.82,127.62,middle_order,10.0,34.0,379.0,0.294,8.71,middle_overs_bowler
DJ Hussey,Kings XI Punjab,2014.0,59.96,53.88,56.92,True,False,batting_allrounder,1322.0,61.0,1075.0,21.67,122.98,finisher,8.0,26.0,317.0,0.308,9.18,middle_overs_bowler
DJ Jacobs,Mumbai Indians,2012.0,41.75,0.0,20.88,False,False,pure_batter,92.0,7.0,98.0,13.14,93.88,anchor_opener,,,,,,
DJ Malan,Punjab Kings,2021.0,44.1,0.0,22.05,False,False,pure_batter,26.0,1.0,26.0,26.0,100.0,top_order_anchor,,,,,,
DJ Mitchell,Chennai Super Kings,2024.0,62.21,46.5,54.36,False,False,pure_batter,351.0,15.0,267.0,23.4,131.46,middle_order,1.0,4.0,48.0,0.25,12.12,part_time_bowler
DJ Muthuswami,Delhi Daredevils,2015.0,12.02,73.36,42.69,False,False,pure_bowler,1.0,1.0,3.0,1.0,33.33,tailender,4.0,6.0,84.0,0.667,7.71,powerplay_bowler
DJ Thornely,Mumbai Indians,2007.0,36.67,75.27,55.97,False,False,pure_bowler,39.0,4.0,53.0,9.75,73.58,middle_order,3.0,4.0,42.0,0.75,5.71,part_time_bowler
DJ Willey,Royal Challengers Bangalore,2023.0,33.63,65.15,49.39,False,False,pure_bowler,53.0,5.0,62.0,10.6,85.48,tailender,6.0,11.0,216.0,0.545,7.69,powerplay_bowler
DJG Sammy,Sunrisers Hyderabad,2015.0,49.51,64.29,56.9,False,True,bowling_allrounder,295.0,20.0,241.0,14.75,122.41,middle_order,11.0,19.0,236.0,0.579,9.0,middle_overs_bowler
DJM Short,Rajasthan Royals,2018.0,54.99,64.16,59.58,False,False,pure_batter,115.0,7.0,99.0,16.43,116.16,anchor_opener,1.0,2.0,18.0,0.5,7.67,part_time_bowler
DL Chahar,Chennai Super Kings,2026.0,52.67,79.03,65.85,False,False,utility_player,123.0,17.0,89.0,7.24,138.2,tailender,89.0,98.0,1954.0,0.908,8.32,powerplay_bowler
DL Vettori,Royal Challengers Bangalore,2012.0,40.12,74.76,57.44,False,False,utility_player,121.0,16.0,113.0,7.56,107.08,tailender,28.0,34.0,777.0,0.824,6.9,middle_overs_bowler
DM Bravo,Kolkata Knight Riders,2017.0,44.1,0.0,22.05,False,False,pure_batter,6.0,1.0,5.0,6.0,120.0,middle_order,,,,,,
DNT Zoysa,Deccan Chargers,2007.0,44.7,68.81,56.76,False,False,pure_bowler,11.0,2.0,9.0,5.5,122.22,tailender,2.0,3.0,66.0,0.667,9.09,powerplay_bowler
DP Conway,Chennai Super Kings,2025.0,79.53,0.0,39.76,False,False,pure_batter,1080.0,28.0,773.0,38.57,139.72,aggressive_opener,,,,,,
DP Nannes,Delhi Daredevils,2009.0,11.47,81.81,46.64,False,False,pure_bowler,4.0,2.0,13.0,2.0,30.77,tailender,28.0,29.0,646.0,0.966,7.57,death_bowler
DP Vijaykumar,Deccan Chargers,2007.0,35.35,62.65,49.0,False,False,pure_bowler,1.0,1.0,1.0,1.0,100.0,tailender,4.0,9.0,152.0,0.444,8.09,powerplay_bowler
DPMD Jayawardene,Kings XI Punjab,2013.0,60.19,0.0,30.1,False,False,pure_batter,1808.0,78.0,1464.0,23.18,123.5,finisher,,,,,,
DR Martyn,Rajasthan Royals,2009.0,34.36,0.0,17.18,False,False,pure_batter,19.0,1.0,24.0,19.0,79.17,middle_order,,,,,,
DR Sams,Mumbai Indians,2022.0,36.18,76.96,56.57,False,False,pure_bowler,44.0,13.0,44.0,3.38,100.0,tailender,14.0,16.0,360.0,0.875,8.8,powerplay_bowler
DR Shorey,Chennai Super Kings,2019.0,29.04,0.0,14.52,False,False,pure_batter,13.0,2.0,17.0,6.5,76.47,middle_order,,,,,,
DR Smith,Chennai Super Kings,2017.0,68.74,63.9,66.32,True,True,batting_allrounder,2385.0,88.0,1764.0,27.1,135.2,aggressive_opener,26.0,46.0,539.0,0.565,9.18,middle_overs_bowler
DS Kulkarni,Rajasthan Royals,2020.0,35.52,79.72,57.62,False,False,utility_player,104.0,20.0,108.0,5.2,96.3,tailender,86.0,92.0,1787.0,0.935,8.44,powerplay_bowler
DS Lehmann,Rajasthan Royals,2007.0,38.15,0.0,19.08,False,False,pure_batter,18.0,2.0,18.0,9.0,100.0,middle_order,,,,,,
DS Rathi,Lucknow Super Giants,2026.0,6.01,78.76,42.39,False,False,pure_bowler,1.0,2.0,6.0,0.5,16.67,tailender,17.0,17.0,408.0,1.0,8.66,middle_overs_bowler
DT Christian,Deccan Chargers,2021.0,45.85,72.22,59.04,False,True,bowling_allrounder,460.0,41.0,398.0,11.22,115.58,middle_order,38.0,49.0,883.0,0.776,8.28,middle_overs_bowler
DT Patil,Royal Challengers Bangalore,2007.0,37.28,0.0,18.64,False,False,pure_batter,13.0,2.0,13.0,6.5,100.0,tailender,,,,,,
DW Steyn,Sunrisers Hyderabad,2020.0,38.3,84.57,61.43,False,True,bowling_allrounder,167.0,33.0,160.0,5.06,104.38,tailender,97.0,95.0,2182.0,1.021,7.1,powerplay_bowler
Dhruv Jurel,Rajasthan Royals,2026.0,72.62,0.0,36.31,False,False,pure_batter,856.0,40.0,541.0,21.4,158.23,finisher,,,,,,
E Lewis,Mumbai Indians,2022.0,68.34,0.0,34.17,False,False,pure_batter,654.0,26.0,477.0,25.15,137.11,aggressive_opener,,,,,,
E Malinga,Sunrisers Hyderabad,2026.0,0.0,96.84,48.42,False,False,pure_bowler,,,,,,,18.0,12.0,250.0,1.5,9.65,death_bowler
EJG Morgan,Kolkata Knight Riders,2021.0,57.02,0.0,28.51,False,False,pure_batter,1406.0,75.0,1148.0,18.75,122.47,finisher,,,,,,
ER Dwivedi,Gujarat Lions,2016.0,64.2,0.0,32.1,False,False,pure_batter,24.0,2.0,14.0,12.0,171.43,anchor_opener,,,,,,
F Behardien,Kings XI Punjab,2016.0,39.33,0.0,19.66,False,False,pure_batter,14.0,3.0,13.0,4.67,107.69,middle_order,,,,,,
F du Plessis,Chennai Super Kings,2025.0,72.78,33.6,53.19,False,False,pure_batter,4773.0,147.0,3515.0,32.47,135.79,aggressive_opener,0.0,1.0,6.0,0.0,16.0,part_time_bowler
FA Allen,Punjab Kings,2022.0,27.42,61.1,44.26,False,False,pure_bowler,14.0,3.0,19.0,4.67,73.68,tailender,2.0,4.0,90.0,0.5,9.07,middle_overs_bowler
FH Allen,Kolkata Knight Riders,2026.0,79.17,0.0,39.58,False,False,pure_batter,81.0,5.0,42.0,16.2,192.86,aggressive_opener,,,,,,
FH Edwards,Deccan Chargers,2009.0,28.7,78.91,53.8,False,False,pure_bowler,4.0,2.0,5.0,2.0,80.0,tailender,5.0,6.0,140.0,0.833,6.86,death_bowler
FY Fazal,Rajasthan Royals,2011.0,51.04,38.08,44.56,False,False,pure_batter,183.0,11.0,173.0,16.64,105.78,middle_order,0.0,2.0,12.0,0.0,10.0,part_time_bowler
Fazalhaq Farooqi,Sunrisers Hyderabad,2025.0,12.25,61.22,36.74,False,False,pure_bowler,5.0,3.0,15.0,1.67,33.33,tailender,6.0,12.0,254.0,0.5,10.39,powerplay_bowler
G Coetzee,Mumbai Indians,2025.0,34.43,81.43,57.93,False,False,pure_bowler,31.0,7.0,33.0,4.43,93.94,tailender,15.0,14.0,273.0,1.071,10.77,death_bowler
G Gambhir,Kolkata Knight Riders,2018.0,64.53,0.0,32.26,False,False,pure_batter,4217.0,152.0,3404.0,27.74,123.88,aggressive_opener,,,,,,
GB Hogg,Kolkata Knight Riders,2015.0,36.92,83.94,60.43,False,False,pure_bowler,22.0,4.0,22.0,5.5,100.0,tailender,23.0,21.0,458.0,1.095,7.66,middle_overs_bowler
GC Smith,Rajasthan Royals,2011.0,56.94,0.0,28.47,False,False,pure_batter,739.0,29.0,668.0,25.48,110.63,anchor_opener,,,,,,
GC Viljoen,Kings XI Punjab,2019.0,15.35,84.66,50.0,False,False,pure_bowler,3.0,3.0,7.0,1.0,42.86,tailender,7.0,6.0,138.0,1.167,9.96,death_bowler
GD McGrath,Delhi Daredevils,2007.0,28.7,79.08,53.89,False,False,pure_bowler,4.0,2.0,5.0,2.0,80.0,tailender,12.0,14.0,324.0,0.857,6.78,powerplay_bowler
GD Phillips,Sunrisers Hyderabad,2026.0,47.46,62.63,55.04,False,False,pure_batter,107.0,11.0,85.0,9.73,125.88,finisher,2.0,4.0,30.0,0.5,8.0,part_time_bowler
GF Linde,Lucknow Super Giants,2026.0,51.38,42.45,46.92,False,False,pure_batter,23.0,2.0,17.0,11.5,135.29,tailender,0.0,2.0,25.0,0.0,8.88,part_time_bowler
GH Vihari,Sunrisers Hyderabad,2019.0,39.19,53.23,46.21,False,False,pure_batter,284.0,23.0,321.0,12.35,88.47,middle_order,1.0,6.0,42.0,0.167,6.86,part_time_bowler
GHS Garton,Royal Challengers Bangalore,2021.0,17.85,65.97,41.91,False,False,pure_bowler,2.0,2.0,4.0,1.0,50.0,tailender,3.0,5.0,90.0,0.6,9.07,powerplay_bowler
GJ Bailey,Kings XI Punjab,2016.0,55.76,0.0,27.88,False,False,pure_batter,663.0,36.0,544.0,18.42,121.88,finisher,,,,,,
GJ Maxwell,Kings XI Punjab,2025.0,70.18,61.56,65.87,True,False,batting_allrounder,2820.0,134.0,1818.0,21.04,155.12,top_order_aggressor,41.0,85.0,1022.0,0.482,8.35,middle_overs_bowler
GR Napier,Mumbai Indians,2009.0,38.06,80.53,59.3,False,False,pure_bowler,15.0,1.0,16.0,15.0,93.75,middle_order,1.0,1.0,24.0,1.0,7.0,part_time_bowler
GS Sandhu,Delhi Daredevils,2015.0,0.0,57.9,28.95,False,False,pure_bowler,,,,,,,1.0,2.0,48.0,0.5,10.75,part_time_bowler
Gagandeep Singh,Kings XI Punjab,2007.0,0.0,69.64,34.82,False,False,pure_bowler,,,,,,,3.0,4.0,84.0,0.75,10.14,middle_overs_bowler
Gulbadin Naib,Delhi Capitals,2024.0,50.98,39.38,45.18,False,False,pure_batter,19.0,1.0,15.0,19.0,126.67,tailender,0.0,1.0,6.0,0.0,12.0,part_time_bowler
Gurjapneet Singh,Chennai Super Kings,2026.0,0.0,59.95,29.98,False,False,pure_bowler,,,,,,,1.0,2.0,31.0,0.5,12.0,part_time_bowler
Gurkeerat Singh,Kings XI Punjab,2020.0,50.79,74.5,62.64,True,True,batting_allrounder,511.0,32.0,422.0,15.97,121.09,tailender,5.0,6.0,78.0,0.833,7.46,middle_overs_bowler
Gurnoor Brar,Punjab Kings,2023.0,0.0,44.12,22.06,False,False,unknown,,,,,,,0.0,1.0,18.0,0.0,14.0,part_time_bowler
H Das,Deccan Chargers,2007.0,14.7,0.0,7.35,False,False,pure_batter,2.0,1.0,5.0,2.0,40.0,tailender,,,,,,
H Klaasen,Sunrisers Hyderabad,2026.0,86.09,0.0,43.04,False,False,pure_batter,1704.0,50.0,1029.0,34.08,165.6,finisher,,,,,,
H Sharma,Royal Challengers Bengaluru,2024.0,0.0,36.71,18.36,False,False,unknown,,,,,,,0.0,2.0,30.0,0.0,12.4,part_time_bowler
HC Brook,Sunrisers Hyderabad,2023.0,51.96,0.0,25.98,False,False,pure_batter,190.0,11.0,154.0,17.27,123.38,anchor_opener,,,,,,
HE van der Dussen,Rajasthan Royals,2022.0,34.65,0.0,17.32,False,False,pure_batter,22.0,3.0,24.0,7.33,91.67,middle_order,,,,,,
HF Gurney,Kolkata Knight Riders,2019.0,7.35,74.81,41.08,False,False,pure_bowler,1.0,1.0,5.0,1.0,20.0,tailender,7.0,8.0,162.0,0.875,8.85,death_bowler
HH Gibbs,Deccan Chargers,2012.0,56.22,0.0,28.11,False,False,pure_batter,886.0,36.0,807.0,24.61,109.79,anchor_opener,,,,,,
HH Pandya,Mumbai Indians,2026.0,65.34,69.76,67.55,True,True,batting_allrounder,2839.0,144.0,1927.0,19.72,147.33,finisher,80.0,111.0,1700.0,0.721,9.44,middle_overs_bowler
HM Amla,Kings XI Punjab,2017.0,73.49,0.0,36.74,False,False,pure_batter,577.0,16.0,407.0,36.06,141.77,aggressive_opener,,,,,,
HR Shokeen,Mumbai Indians,2023.0,40.16,59.26,49.71,False,False,pure_bowler,66.0,5.0,65.0,13.2,101.54,tailender,5.0,13.0,204.0,0.385,9.41,middle_overs_bowler
HV Patel,Royal Challengers Bangalore,2026.0,44.69,88.9,66.8,False,True,bowling_allrounder,274.0,44.0,233.0,6.23,117.6,tailender,151.0,119.0,2470.0,1.269,9.1,death_bowler
Harbhajan Singh,Mumbai Indians,2021.0,53.55,79.2,66.38,False,True,bowling_allrounder,833.0,89.0,604.0,9.36,137.91,tailender,150.0,160.0,3416.0,0.938,7.2,middle_overs_bowler
Harmeet Singh,Kings XI Punjab,2013.0,53.76,79.63,66.69,False,False,pure_bowler,18.0,5.0,12.0,3.6,150.0,tailender,27.0,28.0,549.0,0.964,8.16,middle_overs_bowler
Harpreet Brar,Punjab Kings,2025.0,45.35,71.69,58.52,False,True,bowling_allrounder,244.0,26.0,203.0,9.38,120.2,tailender,35.0,46.0,811.0,0.761,8.12,middle_overs_bowler
Harpreet Singh,Punjab Kings,2024.0,45.31,0.0,22.66,False,False,pure_batter,123.0,8.0,119.0,15.38,103.36,middle_order,,,,,,
Harsh Dubey,Sunrisers Hyderabad,2026.0,51.69,87.59,69.64,False,False,pure_bowler,13.0,4.0,9.0,3.25,144.44,tailender,10.0,8.0,150.0,1.25,9.16,powerplay_bowler
Harshit Rana,Kolkata Knight Riders,2025.0,41.94,89.4,65.67,False,False,pure_bowler,59.0,10.0,56.0,5.9,105.36,tailender,40.0,32.0,649.0,1.25,9.68,powerplay_bowler
I Malhotra,Deccan Chargers,2011.0,63.7,30.8,47.25,False,False,pure_batter,7.0,1.0,4.0,7.0,175.0,tailender,0.0,1.0,6.0,0.0,23.0,part_time_bowler
I Sharma,Kolkata Knight Riders,2024.0,29.86,75.62,52.74,False,False,pure_bowler,57.0,21.0,69.0,2.71,82.61,tailender,96.0,117.0,2419.0,0.821,8.59,powerplay_bowler
I Udana,Royal Challengers Bangalore,2020.0,49.04,70.53,59.78,False,False,pure_bowler,15.0,4.0,11.0,3.75,136.36,tailender,8.0,10.0,174.0,0.8,9.86,death_bowler
IC Pandey,Pune Warriors,2013.0,0.0,74.56,37.28,False,False,pure_bowler,0.0,1.0,2.0,0.0,0.0,tailender,18.0,24.0,462.0,0.75,7.91,powerplay_bowler
IC Porel,Punjab Kings,2021.0,0.0,78.1,39.05,False,False,pure_bowler,,,,,,,1.0,1.0,24.0,1.0,10.5,part_time_bowler
IK Pathan,Delhi Daredevils,2017.0,50.93,74.76,62.84,False,True,bowling_allrounder,1150.0,82.0,950.0,14.02,121.05,middle_order,80.0,101.0,2043.0,0.792,7.96,powerplay_bowler
IR Jaggi,Deccan Chargers,2017.0,31.22,0.0,15.61,False,False,pure_batter,76.0,7.0,97.0,10.86,78.35,anchor_opener,,,,,,
IS Sodhi,Rajasthan Royals,2019.0,15.64,85.52,50.58,False,False,pure_bowler,7.0,2.0,17.0,3.5,41.18,tailender,9.0,8.0,181.0,1.125,6.76,middle_overs_bowler
Imran Tahir,Delhi Daredevils,2020.0,32.66,93.8,63.23,False,False,pure_bowler,33.0,8.0,37.0,4.12,89.19,tailender,82.0,59.0,1316.0,1.39,7.88,middle_overs_bowler
Iqbal Abdulla,Kolkata Knight Riders,2017.0,41.35,75.22,58.28,False,False,utility_player,88.0,13.0,84.0,6.77,104.76,tailender,40.0,48.0,920.0,0.833,7.34,powerplay_bowler
Ishan Kishan,Mumbai Indians,2026.0,69.96,30.4,50.18,False,False,pure_batter,3211.0,117.0,2290.0,27.44,140.22,aggressive_opener,0.0,1.0,1.0,0.0,24.0,part_time_bowler
J Arunkumar,Royal Challengers Bangalore,2007.0,37.68,0.0,18.84,False,False,pure_batter,23.0,3.0,23.0,7.67,100.0,anchor_opener,,,,,,
J Botha,Rajasthan Royals,2015.0,49.28,72.05,60.66,False,True,bowling_allrounder,409.0,28.0,359.0,14.61,113.93,middle_order,25.0,34.0,694.0,0.735,7.07,middle_overs_bowler
J Fraser-McGurk,Delhi Capitals,2025.0,88.79,0.0,44.4,False,False,pure_batter,385.0,15.0,193.0,25.67,199.48,aggressive_opener,,,,,,
J Little,Gujarat Titans,2024.0,0.0,80.41,40.2,False,False,pure_bowler,,,,,,,11.0,11.0,228.0,1.0,8.97,powerplay_bowler
J Overton,Chennai Super Kings,2026.0,74.06,68.32,71.19,True,False,batting_allrounder,102.0,5.0,65.0,20.4,156.92,lower_order_hitter,5.0,7.0,102.0,0.714,11.29,middle_overs_bowler
J Suchith,Mumbai Indians,2022.0,46.22,76.55,61.38,False,False,pure_bowler,70.0,9.0,61.0,7.78,114.75,tailender,19.0,21.0,420.0,0.905,8.63,middle_overs_bowler
J Syed Mohammad,Royal Challengers Bangalore,2013.0,41.07,67.99,54.53,False,False,pure_bowler,29.0,5.0,26.0,5.8,111.54,tailender,8.0,11.0,192.0,0.727,8.94,middle_overs_bowler
J Theron,Kings XI Punjab,2015.0,30.04,82.82,56.43,False,False,pure_bowler,10.0,4.0,12.0,2.5,83.33,tailender,11.0,10.0,221.0,1.1,8.44,death_bowler
J Yadav,Mumbai Indians,2021.0,42.39,61.05,51.72,False,False,pure_bowler,40.0,4.0,36.0,10.0,111.11,tailender,8.0,20.0,390.0,0.4,6.88,powerplay_bowler
JA Duffy,Royal Challengers Bengaluru,2026.0,0.0,115.44,57.72,False,False,pure_bowler,,,,,,,6.0,3.0,72.0,2.0,11.58,powerplay_bowler
JA Morkel,Chennai Super Kings,2016.0,57.88,80.21,69.04,False,True,bowling_allrounder,975.0,67.0,687.0,14.55,141.92,finisher,85.0,87.0,1723.0,0.977,8.39,powerplay_bowler
JA Richardson,Punjab Kings,2024.0,24.87,70.26,47.57,False,False,pure_bowler,17.0,3.0,26.0,5.67,65.38,tailender,3.0,4.0,90.0,0.75,10.8,powerplay_bowler
JC Archer,Rajasthan Royals,2026.0,53.96,88.05,71.0,False,True,bowling_allrounder,265.0,32.0,185.0,8.28,143.24,tailender,66.0,57.0,1320.0,1.158,8.19,death_bowler
JC Buttler,Rajasthan Royals,2026.0,77.78,0.0,38.89,False,False,pure_batter,4297.0,123.0,2871.0,34.93,149.67,aggressive_opener,,,,,,
JD Ryder,Pune Warriors,2012.0,61.73,62.68,62.2,True,True,batting_allrounder,604.0,29.0,458.0,20.83,131.88,aggressive_opener,8.0,16.0,236.0,0.5,7.98,middle_overs_bowler
JD Unadkat,Rajasthan Royals,2026.0,44.14,79.12,61.63,False,True,bowling_allrounder,201.0,28.0,169.0,7.18,118.93,tailender,114.0,115.0,2351.0,0.991,9.04,powerplay_bowler
JDP Oram,Chennai Super Kings,2011.0,40.46,67.17,53.82,False,False,utility_player,106.0,11.0,108.0,9.64,98.15,middle_order,9.0,14.0,237.0,0.643,9.16,death_bowler
JDS Neesham,Kings XI Punjab,2022.0,37.84,65.03,51.44,False,False,utility_player,92.0,10.0,93.0,9.2,98.92,tailender,8.0,13.0,216.0,0.615,9.5,middle_overs_bowler
JE Root,Rajasthan Royals,2023.0,26.83,39.08,32.96,False,False,pure_batter,10.0,1.0,15.0,10.0,66.67,middle_order,0.0,1.0,12.0,0.0,7.5,part_time_bowler
JE Taylor,Pune Warriors,2011.0,35.52,88.83,62.18,False,False,pure_bowler,3.0,2.0,3.0,1.5,100.0,tailender,6.0,5.0,117.0,1.2,8.56,death_bowler
JEC Franklin,Mumbai Indians,2012.0,50.82,63.87,57.34,False,True,bowling_allrounder,327.0,16.0,301.0,20.44,108.64,anchor_opener,9.0,15.0,151.0,0.6,8.94,middle_overs_bowler
JG Bethell,Royal Challengers Bengaluru,2025.0,86.85,0.0,43.42,False,False,pure_batter,67.0,2.0,39.0,33.5,171.79,aggressive_opener,,,,,,
JH Kallis,Kolkata Knight Riders,2014.0,57.7,70.94,64.32,False,True,bowling_allrounder,2427.0,96.0,2222.0,25.28,109.23,anchor_opener,65.0,89.0,1742.0,0.73,8.09,middle_overs_bowler
JJ Bumrah,Mumbai Indians,2026.0,32.42,90.41,61.42,False,False,utility_player,73.0,29.0,81.0,2.52,90.12,tailender,186.0,150.0,3473.0,1.24,7.48,death_bowler
JJ Roy,Kolkata Knight Riders,2023.0,73.02,0.0,36.51,False,False,pure_batter,614.0,21.0,443.0,29.24,138.6,aggressive_opener,,,,,,
JJ van der Wath,Royal Challengers Bangalore,2011.0,41.48,80.61,61.04,False,False,pure_bowler,18.0,3.0,16.0,6.0,112.5,tailender,3.0,3.0,72.0,1.0,11.17,death_bowler
JL Denly,Kolkata Knight Riders,2019.0,0.0,0.0,0.0,False,False,unknown,0.0,1.0,1.0,0.0,0.0,anchor_opener,,,,,,
JL Pattinson,Mumbai Indians,2020.0,43.01,83.93,63.47,False,False,pure_bowler,15.0,2.0,13.0,7.5,115.38,tailender,11.0,10.0,213.0,1.1,9.04,powerplay_bowler
JM Bairstow,Sunrisers Hyderabad,2025.0,76.25,0.0,38.12,False,False,pure_batter,1674.0,52.0,1146.0,32.19,146.07,aggressive_opener,,,,,,
JM Kemp,Chennai Super Kings,2009.0,42.47,66.36,54.42,False,False,pure_bowler,26.0,2.0,24.0,13.0,108.33,middle_order,3.0,5.0,44.0,0.6,7.91,part_time_bowler
JM Sharma,Punjab Kings,2026.0,68.28,0.0,34.14,False,False,pure_batter,1029.0,51.0,658.0,20.18,156.38,finisher,,,,,,
JO Holder,Sunrisers Hyderabad,2023.0,47.43,84.8,66.11,False,True,bowling_allrounder,259.0,27.0,211.0,9.59,122.75,tailender,53.0,46.0,995.0,1.152,8.98,death_bowler
JP Behrendorff,Mumbai Indians,2023.0,24.38,84.94,54.66,False,False,pure_bowler,6.0,2.0,9.0,3.0,66.67,tailender,19.0,17.0,366.0,1.118,9.23,powerplay_bowler
JP Duminy,Delhi Daredevils,2018.0,63.67,62.04,62.86,True,False,batting_allrounder,2029.0,75.0,1636.0,27.05,124.02,finisher,23.0,49.0,678.0,0.469,7.5,middle_overs_bowler
JP Faulkner,Rajasthan Royals,2017.0,55.38,80.06,67.72,False,True,bowling_allrounder,527.0,45.0,390.0,11.71,135.13,tailender,61.0,60.0,1238.0,1.017,8.96,death_bowler
JP Inglis,Punjab Kings,2025.0,79.39,0.0,39.7,False,False,pure_batter,278.0,11.0,171.0,25.27,162.57,top_order_anchor,,,,,,
JPR Scantlebury-Searles,Kolkata Knight Riders,2018.0,48.07,62.44,55.26,False,False,pure_bowler,8.0,2.0,6.0,4.0,133.33,tailender,2.0,3.0,42.0,0.667,12.71,part_time_bowler
JR Hazlewood,Royal Challengers Bangalore,2025.0,23.88,98.61,61.24,False,False,pure_bowler,19.0,7.0,29.0,2.71,65.52,tailender,60.0,41.0,915.0,1.463,8.43,powerplay_bowler
JR Hopes,Kings XI Punjab,2011.0,61.71,68.05,64.88,True,True,batting_allrounder,417.0,19.0,306.0,21.95,136.27,aggressive_opener,14.0,20.0,360.0,0.7,9.37,death_bowler
JR Philippe,Royal Challengers Bangalore,2020.0,52.92,0.0,26.46,False,False,pure_batter,78.0,5.0,77.0,15.6,101.3,anchor_opener,,,,,,
JW Hastings,Kolkata Knight Riders,2016.0,0.0,85.62,42.81,False,False,pure_bowler,,,,,,,3.0,3.0,58.0,1.0,6.83,part_time_bowler
Jalaj S Saxena,Punjab Kings,2021.0,0.0,43.35,21.68,False,False,unknown,,,,,,,0.0,1.0,18.0,0.0,9.0,part_time_bowler
Jaskaran Singh,Deccan Chargers,2009.0,26.16,75.45,50.8,False,False,pure_bowler,8.0,4.0,11.0,2.0,72.73,tailender,6.0,7.0,102.0,0.857,10.24,powerplay_bowler
Joginder Sharma,Chennai Super Kings,2011.0,44.52,70.98,57.75,False,False,pure_bowler,36.0,5.0,30.0,7.2,120.0,tailender,12.0,15.0,256.0,0.8,9.87,middle_overs_bowler
K Goel,Kings XI Punjab,2009.0,39.29,43.78,41.54,False,False,pure_batter,218.0,17.0,231.0,12.82,94.37,anchor_opener,0.0,6.0,66.0,0.0,8.55,middle_overs_bowler
K Gowtham,Rajasthan Royals,2023.0,62.72,66.38,64.55,False,True,bowling_allrounder,247.0,27.0,148.0,9.15,166.89,lower_order_hitter,21.0,35.0,588.0,0.6,8.42,powerplay_bowler
K Kartikeya,Mumbai Indians,2025.0,25.76,70.27,48.02,False,False,pure_bowler,12.0,4.0,17.0,3.0,70.59,tailender,12.0,16.0,282.0,0.75,8.77,middle_overs_bowler
K Khejroliya,Royal Challengers Bangalore,2025.0,0.0,68.41,34.2,False,False,pure_bowler,,,,,,,6.0,8.0,139.0,0.75,10.79,middle_overs_bowler
K Rabada,Delhi Capitals,2026.0,41.92,96.2,69.06,False,True,bowling_allrounder,238.0,32.0,217.0,7.44,109.68,tailender,126.0,88.0,2001.0,1.432,8.93,death_bowler
K Santokie,Mumbai Indians,2014.0,0.0,95.75,47.88,False,False,pure_bowler,,,,,,,3.0,2.0,48.0,1.5,11.38,part_time_bowler
K Upadhyay,Pune Warriors,2013.0,48.77,45.65,47.21,False,False,pure_batter,12.0,2.0,9.0,6.0,133.33,tailender,0.0,3.0,54.0,0.0,9.0,part_time_bowler
K Yadav,Rajasthan Royals,2021.0,0.0,65.59,32.8,False,False,pure_bowler,0.0,1.0,4.0,0.0,0.0,tailender,2.0,3.0,54.0,0.667,9.44,part_time_bowler
KA Jamieson,Royal Challengers Bangalore,2025.0,40.44,83.78,62.11,False,False,pure_bowler,65.0,9.0,60.0,7.22,108.33,tailender,14.0,13.0,258.0,1.077,9.72,powerplay_bowler
KA Maharaj,Rajasthan Royals,2024.0,17.85,80.05,48.95,False,False,pure_bowler,1.0,1.0,2.0,1.0,50.0,tailender,2.0,2.0,36.0,1.0,6.5,part_time_bowler
KA Pollard,Mumbai Indians,2022.0,65.23,65.83,65.53,True,True,batting_allrounder,3437.0,168.0,2329.0,20.46,147.57,finisher,69.0,107.0,1488.0,0.645,8.87,middle_overs_bowler
KAJ Roach,Deccan Chargers,2009.0,42.39,46.42,44.4,False,False,pure_batter,10.0,1.0,9.0,10.0,111.11,tailender,0.0,2.0,48.0,0.0,10.0,part_time_bowler
KB Arun Karthik,Royal Challengers Bangalore,2013.0,37.23,0.0,18.61,False,False,pure_batter,51.0,8.0,51.0,6.38,100.0,tailender,,,,,,
KC Cariappa,Kings XI Punjab,2019.0,41.68,68.62,55.15,False,False,pure_bowler,24.0,5.0,21.0,4.8,114.29,tailender,8.0,11.0,216.0,0.727,9.69,middle_overs_bowler
KC Sangakkara,Kings XI Punjab,2013.0,61.24,0.0,30.62,False,False,pure_batter,1687.0,68.0,1392.0,24.81,121.19,finisher,,,,,,
KD Karthik,Kolkata Knight Riders,2024.0,62.87,0.0,31.44,False,False,pure_batter,4843.0,233.0,3580.0,20.79,135.28,finisher,,,,,,
KH Pandya,Mumbai Indians,2026.0,57.01,70.39,63.7,True,True,batting_allrounder,1757.0,115.0,1332.0,15.28,131.91,tailender,100.0,137.0,2500.0,0.73,7.64,middle_overs_bowler
KJ Abbott,Kings XI Punjab,2016.0,58.39,56.75,57.57,False,False,pure_bowler,13.0,3.0,8.0,4.33,162.5,tailender,2.0,5.0,96.0,0.4,11.38,powerplay_bowler
KK Ahmed,Sunrisers Hyderabad,2025.0,7.89,88.54,48.22,False,False,pure_bowler,2.0,6.0,9.0,0.33,22.22,tailender,91.0,76.0,1657.0,1.197,9.13,powerplay_bowler
KK Cooper,Rajasthan Royals,2014.0,65.58,90.89,78.24,False,False,utility_player,116.0,12.0,68.0,9.67,170.59,finisher,33.0,25.0,576.0,1.32,8.22,death_bowler
KK Nair,Rajasthan Royals,2025.0,63.0,0.0,31.5,False,False,pure_batter,1694.0,76.0,1286.0,22.29,131.73,finisher,,,,,,
KL Nagarkoti,Kolkata Knight Riders,2021.0,24.43,59.05,41.74,False,False,pure_bowler,22.0,7.0,33.0,3.14,66.67,tailender,5.0,11.0,180.0,0.455,9.57,middle_overs_bowler
KL Rahul,Kings XI Punjab,2026.0,75.75,0.0,37.88,False,False,pure_batter,5346.0,140.0,3914.0,38.19,136.59,aggressive_opener,,,,,,
KM Asif,Rajasthan Royals,2023.0,0.0,79.46,39.73,False,False,pure_bowler,0.0,1.0,2.0,0.0,0.0,tailender,7.0,7.0,133.0,1.0,10.47,powerplay_bowler
KM Jadhav,Delhi Daredevils,2023.0,52.4,0.0,26.2,False,False,pure_batter,1208.0,81.0,981.0,14.91,123.14,middle_order,,,,,,
KMA Paul,Delhi Capitals,2019.0,27.3,83.83,55.56,False,False,pure_bowler,18.0,6.0,24.0,3.0,75.0,tailender,9.0,8.0,163.0,1.125,8.8,death_bowler
KMDN Kulasekara,Chennai Super Kings,2012.0,60.08,83.15,71.62,False,False,pure_bowler,5.0,1.0,3.0,5.0,166.67,tailender,5.0,5.0,102.0,1.0,7.18,powerplay_bowler
KP Appanna,Royal Challengers Bangalore,2009.0,17.73,68.86,43.3,False,False,pure_bowler,2.0,3.0,4.0,0.67,50.0,tailender,9.0,13.0,216.0,0.692,8.08,middle_overs_bowler
KP Pietersen,Delhi Daredevils,2016.0,69.4,63.57,66.48,True,True,batting_allrounder,1001.0,36.0,743.0,27.81,134.72,top_order_anchor,7.0,13.0,174.0,0.538,7.52,middle_overs_bowler
KR Mayers,Lucknow Super Giants,2023.0,72.19,44.95,58.57,False,False,pure_batter,379.0,13.0,263.0,29.15,144.11,aggressive_opener,0.0,6.0,42.0,0.0,8.43,part_time_bowler
KR Sen,Rajasthan Royals,2022.0,0.0,85.5,42.75,False,False,pure_bowler,0.0,1.0,3.0,0.0,0.0,tailender,14.0,12.0,241.0,1.167,9.86,middle_overs_bowler
KS Bharat,Royal Challengers Bangalore,2022.0,62.69,0.0,31.34,False,False,pure_batter,199.0,8.0,163.0,24.88,122.09,middle_order,,,,,,
KS Rathore,Rajasthan Royals,2025.0,0.0,0.0,0.0,False,False,unknown,0.0,1.0,5.0,0.0,0.0,middle_order,,,,,,
KS Sharma,Lucknow Super Giants,2023.0,24.27,0.0,12.14,False,False,pure_batter,16.0,3.0,25.0,5.33,64.0,anchor_opener,,,,,,
KS Williamson,Sunrisers Hyderabad,2024.0,64.58,38.64,51.61,False,False,pure_batter,2132.0,77.0,1697.0,27.69,125.63,top_order_anchor,0.0,2.0,18.0,0.0,10.33,part_time_bowler
KT Maphaka,Rajasthan Royals,2025.0,142.8,60.44,101.62,False,False,pure_bowler,8.0,1.0,2.0,8.0,400.0,tailender,2.0,4.0,66.0,0.5,13.45,powerplay_bowler
KV Sharma,Sunrisers Hyderabad,2025.0,46.34,77.96,62.15,False,True,bowling_allrounder,352.0,40.0,295.0,8.8,119.32,tailender,83.0,87.0,1585.0,0.954,8.57,middle_overs_bowler
KW Richardson,Pune Warriors,2016.0,35.46,90.54,63.0,False,False,pure_bowler,36.0,4.0,39.0,9.0,92.31,tailender,19.0,15.0,335.0,1.267,8.58,death_bowler
Kamran Akmal,Rajasthan Royals,2007.0,69.91,0.0,34.96,False,False,pure_batter,128.0,6.0,78.0,21.33,164.1,aggressive_opener,,,,,,
Kamran Khan,Rajasthan Royals,2009.0,22.05,84.8,53.42,False,False,pure_bowler,3.0,1.0,5.0,3.0,60.0,tailender,10.0,9.0,166.0,1.111,8.96,powerplay_bowler
Karanveer Singh,Kings XI Punjab,2015.0,25.76,90.7,58.23,False,False,pure_bowler,12.0,4.0,17.0,3.0,70.59,tailender,12.0,9.0,204.0,1.333,9.5,middle_overs_bowler
Karim Janat,Gujarat Titans,2025.0,0.0,28.0,14.0,False,False,unknown,,,,,,,0.0,1.0,6.0,0.0,30.0,part_time_bowler
Kartik Sharma,Chennai Super Kings,2026.0,44.58,0.0,22.29,False,False,pure_batter,25.0,3.0,21.0,8.33,119.05,middle_order,,,,,,
Kartik Tyagi,Rajasthan Royals,2026.0,30.9,73.69,52.3,False,False,pure_bowler,18.0,7.0,21.0,2.57,85.71,tailender,20.0,24.0,512.0,0.833,10.29,death_bowler
Kuldeep Yadav,Delhi Capitals,2026.0,32.59,80.96,56.78,False,True,bowling_allrounder,206.0,40.0,240.0,5.15,85.83,tailender,105.0,100.0,2142.0,1.05,8.22,middle_overs_bowler
Kumar Kushagra,Delhi Capitals,2026.0,36.84,0.0,18.42,False,False,pure_batter,21.0,4.0,21.0,5.25,100.0,tailender,,,,,,
L Ablish,Kings XI Punjab,2011.0,0.0,76.61,38.3,False,False,pure_bowler,0.0,1.0,2.0,0.0,0.0,tailender,3.0,3.0,42.0,1.0,10.86,part_time_bowler
L Balaji,Chennai Super Kings,2014.0,26.61,82.0,54.3,False,False,pure_bowler,36.0,14.0,49.0,2.57,73.47,tailender,76.0,73.0,1512.0,1.041,8.27,death_bowler
L Ngidi,Royal Challengers Bengaluru,2026.0,15.53,105.61,60.57,False,False,pure_bowler,3.0,2.0,7.0,1.5,42.86,tailender,34.0,20.0,466.0,1.7,8.59,death_bowler
L Ronchi,Mumbai Indians,2009.0,37.38,0.0,18.69,False,False,pure_batter,34.0,5.0,34.0,6.8,100.0,anchor_opener,,,,,,
L Wood,Mumbai Indians,2024.0,108.15,56.78,82.46,False,False,pure_bowler,9.0,1.0,3.0,9.0,300.0,tailender,1.0,2.0,36.0,0.5,15.67,part_time_bowler
LA Carseldine,Rajasthan Royals,2009.0,53.36,89.28,71.32,False,False,pure_bowler,81.0,5.0,68.0,16.2,119.12,middle_order,1.0,1.0,6.0,1.0,6.0,part_time_bowler
LA Pomersbach,Kings XI Punjab,2013.0,55.21,0.0,27.6,False,False,pure_batter,302.0,16.0,246.0,18.88,122.76,middle_order,,,,,,
LB Williams,Delhi Capitals,2024.0,17.85,60.89,39.37,False,False,pure_bowler,1.0,1.0,2.0,1.0,50.0,tailender,1.0,2.0,36.0,0.5,12.33,part_time_bowler
LE Plunkett,Delhi Daredevils,2018.0,11.84,62.84,37.34,False,False,pure_bowler,1.0,2.0,3.0,0.5,33.33,tailender,4.0,7.0,150.0,0.571,9.12,death_bowler
LG Pretorius,Rajasthan Royals,2026.0,0.0,0.0,0.0,False,False,unknown,0.0,1.0,2.0,0.0,0.0,middle_order,,,,,,
LH Ferguson,Kolkata Knight Riders,2025.0,56.77,84.08,70.42,False,False,pure_bowler,72.0,8.0,47.0,9.0,153.19,lower_order_hitter,54.0,49.0,1026.0,1.102,9.11,death_bowler
LI Meriwala,Delhi Capitals,2021.0,0.0,79.06,39.53,False,False,pure_bowler,,,,,,,1.0,1.0,18.0,1.0,10.67,part_time_bowler
LJ Wright,Pune Warriors,2013.0,81.25,52.36,66.81,False,False,utility_player,106.0,5.0,60.0,21.2,176.67,top_order_aggressor,2.0,6.0,71.0,0.333,10.56,middle_overs_bowler
LMP Simmons,Mumbai Indians,2017.0,74.93,73.24,74.09,False,False,pure_batter,1079.0,29.0,852.0,37.21,126.64,anchor_opener,1.0,1.0,18.0,1.0,11.33,part_time_bowler
LPC Silva,Deccan Chargers,2007.0,58.51,31.6,45.06,False,False,pure_batter,40.0,3.0,26.0,13.33,153.85,top_order_aggressor,0.0,1.0,6.0,0.0,21.0,part_time_bowler
LR Shukla,Kolkata Knight Riders,2014.0,47.52,64.64,56.08,False,True,bowling_allrounder,405.0,33.0,350.0,12.27,115.71,middle_order,15.0,27.0,314.0,0.556,8.75,middle_overs_bowler
LRPL Taylor,Royal Challengers Bangalore,2014.0,56.01,35.2,45.6,False,False,pure_batter,1017.0,54.0,822.0,18.83,123.72,finisher,0.0,2.0,12.0,0.0,12.0,part_time_bowler
LS Livingstone,Punjab Kings,2026.0,69.92,59.71,64.82,True,False,batting_allrounder,1065.0,48.0,682.0,22.19,156.16,top_order_aggressor,13.0,27.0,312.0,0.481,9.06,middle_overs_bowler
Lalit Yadav,Delhi Capitals,2024.0,46.18,61.95,54.06,False,True,bowling_allrounder,305.0,21.0,290.0,14.52,105.17,middle_order,10.0,19.0,288.0,0.526,8.96,powerplay_bowler
Liton Das,Kolkata Knight Riders,2023.0,36.4,0.0,18.2,False,False,pure_batter,4.0,1.0,4.0,4.0,100.0,anchor_opener,,,,,,
M Ashwin,Mumbai Indians,2022.0,25.52,72.69,49.1,False,False,pure_bowler,35.0,12.0,50.0,2.92,70.0,tailender,35.0,44.0,870.0,0.795,8.15,middle_overs_bowler
M Jansen,Sunrisers Hyderabad,2026.0,41.71,80.59,61.15,False,True,bowling_allrounder,150.0,21.0,139.0,7.14,107.91,tailender,39.0,39.0,829.0,1.0,9.53,powerplay_bowler
M Kaif,Rajasthan Royals,2012.0,43.11,0.0,21.56,False,False,pure_batter,259.0,22.0,250.0,11.77,103.6,middle_order,,,,,,
M Kartik,Kolkata Knight Riders,2013.0,39.44,65.08,52.26,False,False,utility_player,113.0,14.0,108.0,8.07,104.63,tailender,31.0,55.0,1149.0,0.564,7.4,middle_overs_bowler
M Klinger,Kochi Tuskers Kerala,2011.0,39.57,0.0,19.78,False,False,pure_batter,73.0,4.0,77.0,18.25,94.81,anchor_opener,,,,,,
M Manhas,Pune Warriors,2014.0,46.97,46.52,46.74,False,False,pure_batter,514.0,38.0,470.0,13.53,109.36,middle_order,0.0,3.0,42.0,0.0,6.0,part_time_bowler
M Markande,Mumbai Indians,2023.0,41.68,75.85,58.76,False,False,pure_bowler,48.0,10.0,42.0,4.8,114.29,tailender,37.0,40.0,750.0,0.925,9.26,middle_overs_bowler
M Morkel,Delhi Daredevils,2016.0,51.1,86.23,68.67,False,False,utility_player,126.0,21.0,90.0,6.0,140.0,tailender,77.0,70.0,1629.0,1.1,7.87,powerplay_bowler
M Muralitharan,Chennai Super Kings,2012.0,24.11,81.0,52.56,False,False,pure_bowler,20.0,9.0,30.0,2.22,66.67,tailender,64.0,66.0,1528.0,0.97,6.93,middle_overs_bowler
M Ntini,Chennai Super Kings,2007.0,23.31,76.07,49.69,False,False,pure_bowler,11.0,2.0,18.0,5.5,61.11,tailender,7.0,9.0,210.0,0.778,7.34,powerplay_bowler
M Pathirana,Chennai Super Kings,2025.0,0.0,96.24,48.12,False,False,pure_bowler,,,,,,,47.0,32.0,702.0,1.469,8.95,death_bowler
M Prasidh Krishna,Kolkata Knight Riders,2022.0,13.58,89.04,51.31,False,False,pure_bowler,9.0,7.0,24.0,1.29,37.5,tailender,85.0,70.0,1601.0,1.214,8.99,death_bowler
M Rawat,Rajasthan Royals,2013.0,29.65,0.0,14.82,False,False,pure_batter,55.0,11.0,69.0,5.0,79.71,tailender,,,,,,
M Shahrukh Khan,Punjab Kings,2026.0,61.01,53.34,57.18,False,False,pure_batter,747.0,50.0,501.0,14.94,149.1,finisher,1.0,3.0,18.0,0.333,9.67,part_time_bowler
M Siddharth,Lucknow Super Giants,2026.0,0.0,70.63,35.32,False,False,pure_bowler,,,,,,,5.0,7.0,144.0,0.714,8.46,powerplay_bowler
M Theekshana,Rajasthan Royals,2025.0,18.49,77.21,47.85,False,False,pure_bowler,17.0,6.0,34.0,2.83,50.0,tailender,36.0,38.0,876.0,0.947,8.4,powerplay_bowler
M Tiwari,Delhi Capitals,2025.0,27.3,34.4,30.85,False,False,pure_batter,3.0,1.0,4.0,3.0,75.0,tailender,0.0,1.0,6.0,0.0,14.0,part_time_bowler
M Vijay,Chennai Super Kings,2020.0,61.5,42.28,51.89,False,False,pure_batter,2619.0,106.0,2149.0,24.71,121.87,anchor_opener,0.0,4.0,36.0,0.0,8.17,part_time_bowler
M Vohra,Kings XI Punjab,2023.0,61.98,0.0,30.99,False,False,pure_batter,1083.0,51.0,829.0,21.24,130.64,aggressive_opener,,,,,,
M de Lange,Mumbai Indians,2014.0,17.85,80.23,49.04,False,False,pure_bowler,1.0,1.0,2.0,1.0,50.0,tailender,5.0,5.0,108.0,1.0,9.5,powerplay_bowler
MA Agarwal,Kings XI Punjab,2025.0,62.48,0.0,31.24,False,False,pure_batter,2764.0,125.0,2066.0,22.11,133.79,aggressive_opener,,,,,,
MA Khote,Mumbai Indians,2007.0,40.98,75.02,58.0,False,False,pure_bowler,24.0,3.0,22.0,8.0,109.09,tailender,2.0,2.0,30.0,1.0,10.4,part_time_bowler
MA Starc,Royal Challengers Bangalore,2025.0,34.5,91.74,63.12,False,False,utility_player,111.0,21.0,119.0,5.29,93.28,tailender,65.0,50.0,1064.0,1.3,8.95,death_bowler
MA Wood,Lucknow Super Giants,2023.0,53.9,122.96,88.43,False,False,pure_bowler,12.0,3.0,8.0,4.0,150.0,tailender,11.0,5.0,120.0,2.2,9.6,death_bowler
MB Parmar,Kolkata Knight Riders,2009.0,0.0,41.15,20.58,False,False,unknown,,,,,,,0.0,1.0,18.0,0.0,11.0,part_time_bowler
MC Henriques,Sunrisers Hyderabad,2021.0,57.56,69.26,63.41,True,True,batting_allrounder,1000.0,54.0,788.0,18.52,126.9,finisher,42.0,60.0,950.0,0.7,8.22,middle_overs_bowler
MC Juneja,Delhi Daredevils,2013.0,44.72,0.0,22.36,False,False,pure_batter,125.0,7.0,128.0,17.86,97.66,middle_order,,,,,,
MD Choudhary,Lucknow Super Giants,2026.0,73.18,0.0,36.59,False,False,pure_batter,127.0,5.0,85.0,25.4,149.41,tailender,,,,,,
MD Mishra,Deccan Chargers,2012.0,48.3,0.0,24.15,False,False,pure_batter,237.0,17.0,208.0,13.94,113.94,anchor_opener,,,,,,
MD Shanaka,Gujarat Titans,2023.0,38.03,0.0,19.02,False,False,pure_batter,26.0,3.0,26.0,8.67,100.0,middle_order,,,,,,
MDKJ Perera,Rajasthan Royals,2013.0,40.14,0.0,20.07,False,False,pure_batter,14.0,2.0,13.0,7.0,107.69,anchor_opener,,,,,,
MEK Hussey,Chennai Super Kings,2015.0,69.35,0.0,34.67,False,False,pure_batter,1977.0,58.0,1612.0,34.09,122.64,anchor_opener,,,,,,
MF Maharoof,Delhi Daredevils,2009.0,56.92,94.04,75.48,False,True,bowling_allrounder,177.0,14.0,123.0,12.64,143.9,tailender,27.0,20.0,420.0,1.35,7.6,powerplay_bowler
MG Bracewell,Royal Challengers Bangalore,2023.0,48.26,88.39,68.32,False,False,pure_bowler,58.0,4.0,47.0,14.5,123.4,middle_order,6.0,5.0,66.0,1.2,8.64,middle_overs_bowler
MG Johnson,Kings XI Punjab,2018.0,37.73,87.62,62.68,False,True,bowling_allrounder,167.0,28.0,164.0,5.96,101.83,tailender,62.0,54.0,1235.0,1.148,8.45,powerplay_bowler
MG Neser,Kings XI Punjab,2013.0,0.0,39.0,19.5,False,False,unknown,,,,,,,0.0,1.0,24.0,0.0,15.5,part_time_bowler
MJ Clarke,Pune Warriors,2012.0,47.22,59.71,53.46,False,False,utility_player,98.0,6.0,94.0,16.33,104.26,anchor_opener,2.0,5.0,66.0,0.4,6.55,middle_overs_bowler
MJ Guptill,Kings XI Punjab,2019.0,66.99,0.0,33.49,False,False,pure_batter,271.0,13.0,197.0,20.85,137.56,aggressive_opener,,,,,,
MJ Henry,Chennai Super Kings,2026.0,25.72,57.06,41.39,False,False,pure_bowler,7.0,2.0,10.0,3.5,70.0,tailender,4.0,9.0,162.0,0.444,11.63,powerplay_bowler
MJ Lumb,Rajasthan Royals,2011.0,70.77,0.0,35.38,False,False,pure_batter,278.0,12.0,194.0,23.17,143.3,aggressive_opener,,,,,,
MJ McClenaghan,Mumbai Indians,2019.0,43.92,90.87,67.4,False,False,pure_bowler,85.0,21.0,70.0,4.05,121.43,tailender,71.0,56.0,1274.0,1.268,8.66,powerplay_bowler
MJ Owen,Punjab Kings,2025.0,0.0,0.0,0.0,False,False,unknown,0.0,1.0,2.0,0.0,0.0,middle_order,,,,,,
MJ Santner,Chennai Super Kings,2026.0,40.97,74.37,57.67,False,False,utility_player,136.0,21.0,123.0,6.48,110.57,tailender,27.0,33.0,645.0,0.818,7.53,middle_overs_bowler
MJ Suthar,Gujarat Titans,2024.0,17.85,43.13,30.49,False,False,pure_batter,1.0,1.0,2.0,1.0,50.0,tailender,0.0,1.0,12.0,0.0,13.0,part_time_bowler
MK Lomror,Royal Challengers Bangalore,2024.0,60.72,45.9,53.31,False,False,pure_batter,527.0,35.0,373.0,15.06,141.29,finisher,1.0,11.0,90.0,0.091,8.47,middle_overs_bowler
MK Pandey,Kolkata Knight Riders,2025.0,61.21,0.0,30.6,False,False,pure_batter,3951.0,161.0,3248.0,24.54,121.64,finisher,,,,,,
MK Tiwary,Kolkata Knight Riders,2018.0,57.12,46.45,51.78,False,False,pure_batter,1695.0,83.0,1449.0,20.42,116.98,middle_order,1.0,6.0,42.0,0.167,11.86,part_time_bowler
ML Hayden,Chennai Super Kings,2009.0,76.11,0.0,38.06,False,False,pure_batter,1107.0,32.0,806.0,34.59,137.34,aggressive_opener,,,,,,
MM Ali,Chennai Super Kings,2025.0,63.46,70.88,67.17,True,True,batting_allrounder,1167.0,59.0,835.0,19.78,139.76,finisher,41.0,57.0,854.0,0.719,7.28,middle_overs_bowler
MM Patel,Rajasthan Royals,2017.0,34.43,88.93,61.68,False,False,pure_bowler,39.0,12.0,41.0,3.25,95.12,tailender,74.0,63.0,1355.0,1.175,7.67,powerplay_bowler
MM Sharma,Kings XI Punjab,2025.0,33.58,84.33,58.96,False,False,utility_player,125.0,31.0,136.0,4.03,91.91,tailender,134.0,119.0,2403.0,1.126,8.83,death_bowler
MN Samuels,Pune Warriors,2017.0,41.08,74.66,57.87,False,True,bowling_allrounder,161.0,14.0,172.0,11.5,93.6,middle_order,9.0,11.0,214.0,0.818,7.99,powerplay_bowler
MN van Wyk,Kolkata Knight Riders,2009.0,73.97,0.0,36.98,False,False,pure_batter,167.0,5.0,132.0,33.4,126.52,top_order_anchor,,,,,,
MP Breetzke,Lucknow Super Giants,2025.0,45.73,0.0,22.86,False,False,pure_batter,14.0,1.0,12.0,14.0,116.67,anchor_opener,,,,,,
MP Stoinis,Lucknow Super Giants,2026.0,64.53,64.07,64.3,True,True,batting_allrounder,2045.0,102.0,1410.0,20.05,145.04,finisher,44.0,72.0,894.0,0.611,10.03,middle_overs_bowler
MP Yadav,Lucknow Super Giants,2025.0,0.0,100.55,50.28,False,False,pure_bowler,,,,,,,9.0,6.0,121.0,1.5,9.32,middle_overs_bowler
MR Marsh,Delhi Capitals,2026.0,69.37,82.72,76.04,True,True,batting_allrounder,1407.0,54.0,991.0,26.06,141.98,top_order_anchor,37.0,34.0,560.0,1.088,8.6,middle_overs_bowler
MS Bhandage,Royal Challengers Bengaluru,2025.0,9.1,0.0,4.55,False,False,pure_batter,1.0,1.0,4.0,1.0,25.0,tailender,,,,,,
MS Bisla,Kolkata Knight Riders,2015.0,51.57,0.0,25.78,False,False,pure_batter,798.0,39.0,702.0,20.46,113.68,anchor_opener,,,,,,
MS Dhoni,Chennai Super Kings,2025.0,64.47,0.0,32.24,False,False,pure_batter,5439.0,241.0,3957.0,22.57,137.45,finisher,,,,,,
MS Gony,Chennai Super Kings,2013.0,52.83,75.68,64.26,False,False,pure_bowler,99.0,16.0,71.0,6.19,139.44,tailender,37.0,44.0,888.0,0.841,8.9,powerplay_bowler
MS Wade,Gujarat Titans,2024.0,45.05,0.0,22.52,False,False,pure_batter,183.0,14.0,177.0,13.07,103.39,middle_order,,,,,,
MV Boucher,Royal Challengers Bangalore,2011.0,58.45,0.0,29.22,False,False,pure_batter,394.0,23.0,309.0,17.13,127.51,finisher,,,,,,
MW Short,Punjab Kings,2026.0,56.6,48.5,52.55,False,False,pure_batter,119.0,7.0,99.0,17.0,120.2,middle_order,0.0,4.0,25.0,0.0,6.24,part_time_bowler
Mandeep Singh,Kings XI Punjab,2023.0,54.63,36.88,45.76,False,False,pure_batter,1706.0,98.0,1388.0,17.41,122.91,anchor_opener,0.0,2.0,12.0,0.0,13.0,part_time_bowler
Mashrafe Mortaza,Kolkata Knight Riders,2009.0,35.7,40.35,38.03,False,False,pure_batter,2.0,1.0,2.0,2.0,100.0,middle_order,0.0,1.0,24.0,0.0,14.75,part_time_bowler
Mayank Dagar,Royal Challengers Bengaluru,2024.0,0.0,53.01,26.5,False,False,pure_bowler,0.0,1.0,1.0,0.0,0.0,tailender,2.0,8.0,137.0,0.25,8.98,middle_overs_bowler
Misbah-ul-Haq,Royal Challengers Bangalore,2007.0,63.17,0.0,31.58,False,False,pure_batter,117.0,8.0,81.0,14.62,144.44,top_order_aggressor,,,,,,
Mohammad Ashraful,Mumbai Indians,2009.0,7.7,0.0,3.85,False,False,pure_batter,2.0,1.0,10.0,2.0,20.0,middle_order,,,,,,
Mohammad Asif,Delhi Daredevils,2007.0,18.02,79.49,48.76,False,False,pure_bowler,3.0,2.0,6.0,1.5,50.0,tailender,8.0,8.0,192.0,1.0,9.59,death_bowler
Mohammad Hafeez,Kolkata Knight Riders,2007.0,29.79,63.84,46.82,False,False,utility_player,64.0,8.0,83.0,8.0,77.11,middle_order,2.0,4.0,60.0,0.5,7.1,middle_overs_bowler
Mohammad Nabi,Sunrisers Hyderabad,2024.0,56.55,68.54,62.54,False,True,bowling_allrounder,221.0,19.0,152.0,11.63,145.39,tailender,15.0,23.0,417.0,0.652,7.58,powerplay_bowler
Mohammed Shami,Delhi Daredevils,2026.0,35.41,85.21,60.31,False,False,utility_player,98.0,31.0,100.0,3.16,98.0,tailender,137.0,124.0,2728.0,1.105,8.73,powerplay_bowler
Mohammed Siraj,Royal Challengers Bangalore,2025.0,33.65,81.7,57.68,False,False,utility_player,112.0,22.0,123.0,5.09,91.06,tailender,112.0,112.0,2384.0,1.0,8.99,powerplay_bowler
Mohit Rathee,Punjab Kings,2023.0,17.85,40.45,29.15,False,False,pure_batter,1.0,1.0,2.0,1.0,50.0,tailender,0.0,1.0,12.0,0.0,14.5,part_time_bowler
Mohsin Khan,Lucknow Super Giants,2026.0,36.46,88.28,62.37,False,False,pure_bowler,25.0,6.0,25.0,4.17,100.0,tailender,28.0,24.0,510.0,1.167,8.48,powerplay_bowler
Monu Kumar,Chennai Super Kings,2020.0,0.0,44.32,22.16,False,False,unknown,,,,,,,0.0,1.0,12.0,0.0,10.0,part_time_bowler
Mujeeb Ur Rahman,Kings XI Punjab,2021.0,28.7,80.11,54.4,False,False,pure_bowler,12.0,6.0,15.0,2.0,80.0,tailender,20.0,20.0,446.0,1.0,8.42,powerplay_bowler
Mukesh Choudhary,Chennai Super Kings,2022.0,36.05,83.59,59.82,False,False,pure_bowler,6.0,2.0,6.0,3.0,100.0,tailender,17.0,16.0,315.0,1.062,9.96,powerplay_bowler
Mukesh Kumar,Delhi Capitals,2024.0,20.15,84.15,52.15,False,False,pure_bowler,10.0,5.0,18.0,2.0,55.56,tailender,41.0,36.0,720.0,1.139,10.48,death_bowler
Musheer Khan,Punjab Kings,2025.0,0.0,71.68,35.84,False,False,pure_bowler,0.0,1.0,3.0,0.0,0.0,tailender,1.0,1.0,12.0,1.0,13.5,part_time_bowler
Mustafizur Rahman,Rajasthan Royals,2025.0,19.61,83.52,51.56,False,False,pure_bowler,13.0,7.0,24.0,1.86,54.17,tailender,65.0,60.0,1364.0,1.083,8.27,death_bowler
N Burger,Rajasthan Royals,2026.0,22.05,89.0,55.52,False,False,pure_bowler,3.0,1.0,5.0,3.0,60.0,tailender,12.0,10.0,198.0,1.2,9.3,powerplay_bowler
N Jagadeesan,Kolkata Knight Riders,2023.0,53.24,0.0,26.62,False,False,pure_batter,162.0,10.0,147.0,16.2,110.2,anchor_opener,,,,,,
N Pooran,Lucknow Super Giants,2026.0,78.74,0.0,39.37,False,False,pure_batter,2335.0,92.0,1414.0,25.38,165.13,finisher,,,,,,
N Rana,Kolkata Knight Riders,2026.0,66.01,57.64,61.82,True,False,batting_allrounder,2873.0,115.0,2112.0,24.98,136.03,finisher,10.0,26.0,192.0,0.385,8.47,middle_overs_bowler
N Saini,Kings XI Punjab,2012.0,45.65,0.0,22.82,False,False,pure_batter,140.0,10.0,141.0,14.0,99.29,middle_order,,,,,,
N Thushara,Mumbai Indians,2025.0,0.0,83.57,41.78,False,False,pure_bowler,,,,,,,9.0,8.0,180.0,1.125,9.63,death_bowler
N Wadhera,Punjab Kings,2026.0,65.58,41.3,53.44,False,False,pure_batter,746.0,34.0,532.0,21.94,140.23,finisher,0.0,2.0,17.0,0.0,7.76,part_time_bowler
NA Saini,Rajasthan Royals,2023.0,0.0,37.17,18.58,False,False,unknown,,,,,,,0.0,1.0,12.0,0.0,17.5,part_time_bowler
NB Singh,Gujarat Lions,2017.0,0.0,69.25,34.62,False,False,pure_bowler,,,,,,,1.0,2.0,24.0,0.5,4.5,part_time_bowler
ND Doshi,Rajasthan Royals,2011.0,0.0,64.84,32.42,False,False,pure_bowler,0.0,1.0,13.0,0.0,0.0,tailender,2.0,4.0,56.0,0.5,8.46,part_time_bowler
NJ Maddinson,Royal Challengers Bangalore,2015.0,35.67,0.0,17.84,False,False,pure_batter,20.0,3.0,21.0,6.67,95.24,anchor_opener,,,,,,
NJ Rimmington,Kings XI Punjab,2011.0,35.35,49.83,42.59,False,False,pure_batter,1.0,1.0,1.0,1.0,100.0,tailender,0.0,1.0,18.0,0.0,6.67,part_time_bowler
NK Patel,Rajasthan Royals,2009.0,52.64,0.0,26.32,False,False,pure_batter,121.0,6.0,119.0,20.17,101.68,anchor_opener,,,,,,
NL McCullum,Pune Warriors,2011.0,45.91,45.53,45.72,False,False,pure_batter,26.0,2.0,22.0,13.0,118.18,tailender,0.0,2.0,30.0,0.0,7.0,part_time_bowler
NLTC Perera,Sunrisers Hyderabad,2016.0,57.98,74.72,66.35,False,True,bowling_allrounder,424.0,30.0,309.0,14.13,137.22,finisher,31.0,36.0,698.0,0.861,8.86,death_bowler
NM Coulter-Nile,Delhi Daredevils,2022.0,41.65,91.78,66.72,False,False,pure_bowler,82.0,16.0,72.0,5.12,113.89,tailender,48.0,38.0,857.0,1.263,7.88,powerplay_bowler
NS Naik,Kings XI Punjab,2020.0,24.41,0.0,12.2,False,False,pure_batter,31.0,4.0,50.0,7.75,62.0,middle_order,,,,,,
NT Ellis,Punjab Kings,2023.0,27.93,83.37,55.65,False,False,pure_bowler,19.0,5.0,25.0,3.8,76.0,tailender,19.0,17.0,378.0,1.118,8.78,death_bowler
NV Ojha,Sunrisers Hyderabad,2018.0,50.72,0.0,25.36,False,False,pure_batter,1554.0,94.0,1313.0,16.53,118.35,middle_order,,,,,,
Naman Dhir,Mumbai Indians,2026.0,76.12,41.79,58.96,False,False,pure_batter,501.0,24.0,286.0,20.88,175.17,lower_order_hitter,0.0,5.0,52.0,0.0,8.77,part_time_bowler
Navdeep Saini,Royal Challengers Bangalore,2022.0,32.86,72.97,52.92,False,False,pure_bowler,33.0,7.0,37.0,4.71,89.19,tailender,24.0,32.0,670.0,0.75,9.01,powerplay_bowler
Naveen-ul-Haq,Lucknow Super Giants,2024.0,26.78,96.35,61.56,False,False,pure_bowler,18.0,4.0,25.0,4.5,72.0,tailender,25.0,17.0,387.0,1.471,9.33,death_bowler
Nithish Kumar Reddy,Sunrisers Hyderabad,2026.0,66.11,56.72,61.42,True,False,batting_allrounder,609.0,27.0,442.0,22.56,137.78,finisher,7.0,17.0,193.0,0.412,10.76,middle_overs_bowler
Noor Ahmad,Chennai Super Kings,2026.0,20.3,88.24,54.27,False,False,pure_bowler,29.0,13.0,52.0,2.23,55.77,tailender,52.0,42.0,894.0,1.238,8.48,middle_overs_bowler
O Thomas,Rajasthan Royals,2019.0,0.0,87.42,43.71,False,False,pure_bowler,,,,,,,5.0,4.0,60.0,1.25,8.5,powerplay_bowler
OA Shah,Rajasthan Royals,2013.0,61.77,0.0,30.88,False,False,pure_batter,506.0,22.0,389.0,23.0,130.08,finisher,,,,,,
OC McCoy,Rajasthan Royals,2022.0,58.8,91.92,75.36,False,False,pure_bowler,8.0,1.0,5.0,8.0,160.0,tailender,11.0,8.0,161.0,1.375,9.5,death_bowler
OF Smith,Punjab Kings,2022.0,43.54,79.95,61.74,False,False,pure_bowler,51.0,6.0,44.0,8.5,115.91,tailender,6.0,6.0,90.0,1.0,11.93,middle_overs_bowler
P Amarnath,Chennai Super Kings,2007.0,0.0,81.96,40.98,False,False,pure_bowler,,,,,,,7.0,6.0,132.0,1.167,10.95,middle_overs_bowler
P Awana,Kings XI Punjab,2013.0,12.85,87.81,50.33,False,False,pure_bowler,5.0,5.0,14.0,1.0,35.71,tailender,39.0,33.0,747.0,1.182,8.4,powerplay_bowler
P Chopra,Rajasthan Royals,2018.0,49.47,0.0,24.74,False,False,pure_batter,8.0,1.0,6.0,8.0,133.33,middle_order,,,,,,
P Dogra,Rajasthan Royals,2013.0,38.4,0.0,19.2,False,False,pure_batter,127.0,12.0,138.0,10.58,92.03,tailender,,,,,,
P Dubey,Delhi Capitals,2023.0,28.42,57.93,43.18,False,False,pure_bowler,23.0,2.0,33.0,11.5,69.7,tailender,2.0,5.0,78.0,0.4,8.62,middle_overs_bowler
P Kumar,Royal Challengers Bangalore,2017.0,40.52,73.93,57.23,False,True,bowling_allrounder,340.0,57.0,314.0,5.96,108.28,tailender,90.0,119.0,2524.0,0.756,7.94,powerplay_bowler
P Negi,Royal Challengers Bangalore,2019.0,50.44,73.43,61.94,False,True,bowling_allrounder,365.0,35.0,289.0,10.43,126.3,tailender,34.0,42.0,716.0,0.81,7.99,middle_overs_bowler
P Nissanka,Delhi Capitals,2026.0,87.17,0.0,43.58,False,False,pure_batter,127.0,4.0,83.0,31.75,153.01,aggressive_opener,,,,,,
P Parameswaran,Royal Challengers Bangalore,2012.0,17.68,86.25,51.96,False,False,pure_bowler,1.0,2.0,2.0,0.5,50.0,tailender,9.0,8.0,154.0,1.125,8.81,middle_overs_bowler
P Prasanth,Kochi Tuskers Kerala,2011.0,0.0,45.3,22.65,False,False,unknown,,,,,,,0.0,1.0,6.0,0.0,18.0,part_time_bowler
P Ray Barman,Royal Challengers Bangalore,2019.0,34.36,36.48,35.42,False,False,pure_batter,19.0,1.0,24.0,19.0,79.17,tailender,0.0,1.0,24.0,0.0,14.0,part_time_bowler
P Sahu,Kings XI Punjab,2016.0,54.48,63.25,58.86,False,False,pure_bowler,19.0,2.0,13.0,9.5,146.15,tailender,3.0,5.0,105.0,0.6,8.69,middle_overs_bowler
P Simran Singh,Punjab Kings,2026.0,75.36,0.0,37.68,False,False,pure_batter,1566.0,56.0,1009.0,27.96,155.2,aggressive_opener,,,,,,
P Suyal,Mumbai Indians,2015.0,0.0,59.53,29.76,False,False,pure_bowler,,,,,,,2.0,5.0,96.0,0.4,9.62,powerplay_bowler
PA Patel,Mumbai Indians,2019.0,57.76,0.0,28.88,False,False,pure_batter,2848.0,136.0,2358.0,20.94,120.78,aggressive_opener,,,,,,
PA Reddy,Sunrisers Hyderabad,2013.0,44.62,0.0,22.31,False,False,pure_batter,164.0,10.0,160.0,16.4,102.5,anchor_opener,,,,,,
PBB Rajapaksa,Punjab Kings,2023.0,69.77,0.0,34.88,False,False,pure_batter,277.0,13.0,191.0,21.31,145.03,top_order_aggressor,,,,,,
PC Valthaty,Kings XI Punjab,2013.0,56.48,68.48,62.48,True,True,batting_allrounder,505.0,23.0,418.0,21.96,120.81,anchor_opener,7.0,10.0,151.0,0.7,8.23,middle_overs_bowler
PD Collingwood,Delhi Daredevils,2009.0,68.57,73.18,70.88,True,True,batting_allrounder,203.0,7.0,156.0,29.0,130.13,top_order_anchor,5.0,6.0,89.0,0.833,6.81,middle_overs_bowler
PD Salt,Royal Challengers Bengaluru,2026.0,85.82,0.0,42.91,False,False,pure_batter,1195.0,39.0,683.0,30.64,174.96,aggressive_opener,,,,,,
PH Solanki,Chennai Super Kings,2022.0,0.0,80.05,40.02,False,False,pure_bowler,,,,,,,2.0,2.0,36.0,1.0,6.5,part_time_bowler
PHKD Mendis,Sunrisers Hyderabad,2025.0,65.11,60.62,62.86,False,False,pure_bowler,92.0,5.0,69.0,18.4,133.33,middle_order,2.0,4.0,42.0,0.5,8.57,part_time_bowler
PJ Cummins,Kolkata Knight Riders,2025.0,62.13,83.7,72.92,False,True,bowling_allrounder,612.0,48.0,402.0,12.75,152.24,lower_order_hitter,79.0,72.0,1617.0,1.097,9.04,powerplay_bowler
PJ Sangwan,Delhi Daredevils,2022.0,21.33,77.45,49.39,False,False,pure_bowler,26.0,14.0,44.0,1.86,59.09,tailender,38.0,42.0,856.0,0.905,8.88,powerplay_bowler
PK Garg,Sunrisers Hyderabad,2023.0,47.83,0.0,23.92,False,False,pure_batter,273.0,19.0,241.0,14.37,113.28,finisher,,,,,,
PM Sarvesh Kumar,Deccan Chargers,2007.0,17.85,63.32,40.58,False,False,pure_bowler,1.0,1.0,2.0,1.0,50.0,tailender,1.0,2.0,30.0,0.5,8.4,part_time_bowler
PN Mankad,Lucknow Super Giants,2023.0,59.3,0.0,29.65,False,False,pure_batter,97.0,5.0,73.0,19.4,132.88,middle_order,,,,,,
PP Chawla,Kings XI Punjab,2024.0,41.27,80.55,60.91,False,True,bowling_allrounder,624.0,88.0,563.0,7.09,110.83,tailender,192.0,191.0,3850.0,1.005,8.07,middle_overs_bowler
PP Hinge,Sunrisers Hyderabad,2026.0,0.0,191.18,95.59,False,False,pure_bowler,,,,,,,4.0,1.0,24.0,4.0,8.5,part_time_bowler
PP Ojha,Deccan Chargers,2014.0,12.73,80.36,46.54,False,False,pure_bowler,16.0,20.0,45.0,0.8,35.56,tailender,89.0,90.0,1899.0,0.989,7.58,middle_overs_bowler
PP Shaw,Delhi Capitals,2024.0,69.48,0.0,34.74,False,False,pure_batter,1892.0,79.0,1283.0,23.95,147.47,aggressive_opener,,,,,,
PR Shah,Mumbai Indians,2011.0,38.96,0.0,19.48,False,False,pure_batter,92.0,9.0,91.0,10.22,101.1,tailender,,,,,,
PR Veer,Chennai Super Kings,2026.0,71.21,0.0,35.6,False,False,pure_batter,49.0,2.0,36.0,24.5,136.11,tailender,,,,,,
PSP Handscomb,Rising Pune Supergiants,2016.0,19.6,0.0,9.8,False,False,pure_batter,6.0,1.0,12.0,6.0,50.0,middle_order,,,,,,
PV Tambe,Rajasthan Royals,2016.0,17.2,74.26,45.73,False,False,pure_bowler,18.0,6.0,39.0,3.0,46.15,tailender,28.0,33.0,660.0,0.848,7.87,middle_overs_bowler
PVD Chameera,Lucknow Super Giants,2025.0,46.02,69.44,57.73,False,False,pure_bowler,53.0,10.0,42.0,5.3,126.19,tailender,13.0,19.0,384.0,0.684,10.0,powerplay_bowler
PVSN Raju,Mumbai Indians,2025.0,35.35,55.22,45.28,False,False,pure_bowler,1.0,1.0,1.0,1.0,100.0,tailender,1.0,2.0,24.0,0.5,13.5,part_time_bowler
PWA Mulder,Sunrisers Hyderabad,2025.0,31.79,37.78,34.78,False,False,pure_batter,9.0,1.0,11.0,9.0,81.82,tailender,0.0,1.0,6.0,0.0,16.0,part_time_bowler
PWH de Silva,Royal Challengers Bangalore,2025.0,33.71,88.37,61.04,False,False,utility_player,81.0,19.0,88.0,4.26,92.05,tailender,46.0,37.0,798.0,1.243,8.53,middle_overs_bowler
Pankaj Singh,Royal Challengers Bangalore,2009.0,20.91,68.12,44.52,False,False,pure_bowler,7.0,5.0,12.0,1.4,58.33,tailender,11.0,17.0,300.0,0.647,9.44,powerplay_bowler
Parvez Rasool,Pune Warriors,2016.0,31.24,57.01,44.12,False,False,pure_bowler,17.0,4.0,20.0,4.25,85.0,tailender,4.0,11.0,198.0,0.364,8.27,powerplay_bowler
Prince Yadav,Lucknow Super Giants,2025.0,18.38,82.81,50.6,False,False,pure_bowler,5.0,2.0,10.0,2.5,50.0,tailender,12.0,11.0,245.0,1.091,9.62,middle_overs_bowler
Priyansh Arya,Punjab Kings,2026.0,88.34,0.0,44.17,False,False,pure_batter,663.0,22.0,347.0,30.14,191.07,aggressive_opener,,,,,,
Q de Kock,Mumbai Indians,2026.0,68.79,0.0,34.4,False,False,pure_batter,3424.0,116.0,2532.0,29.52,135.23,aggressive_opener,,,,,,
R Ashwin,Chennai Super Kings,2025.0,46.05,75.78,60.92,False,True,bowling_allrounder,833.0,94.0,705.0,8.86,118.16,tailender,187.0,217.0,4710.0,0.862,7.29,middle_overs_bowler
R Bhatia,Kolkata Knight Riders,2017.0,44.7,70.96,57.83,False,True,bowling_allrounder,342.0,47.0,284.0,7.28,120.42,tailender,71.0,91.0,1636.0,0.78,7.55,middle_overs_bowler
R Bishnoi,Royal Challengers Bangalore,2009.0,41.33,0.0,20.66,False,False,pure_batter,19.0,3.0,17.0,6.33,111.76,middle_order,,,,,,
R Dhawan,Kings XI Punjab,2023.0,42.65,68.7,55.68,False,True,bowling_allrounder,210.0,22.0,187.0,9.55,112.3,tailender,25.0,36.0,662.0,0.694,8.36,middle_overs_bowler
R Dravid,Rajasthan Royals,2013.0,61.41,0.0,30.7,False,False,pure_batter,2174.0,82.0,1882.0,26.51,115.52,anchor_opener,,,,,,
R Goyal,Mumbai Indians,2023.0,0.0,42.85,21.42,False,False,unknown,,,,,,,0.0,1.0,24.0,0.0,8.5,part_time_bowler
R McLaren,Mumbai Indians,2013.0,41.44,67.76,54.6,False,True,bowling_allrounder,159.0,13.0,171.0,12.23,92.98,tailender,12.0,18.0,354.0,0.667,9.46,powerplay_bowler
R Minz,Mumbai Indians,2025.0,15.05,0.0,7.52,False,False,pure_batter,6.0,2.0,15.0,3.0,40.0,middle_order,,,,,,
R Ninan,Royal Challengers Bangalore,2011.0,18.55,93.72,56.14,False,False,pure_bowler,3.0,1.0,6.0,3.0,50.0,tailender,3.0,2.0,36.0,1.5,10.83,part_time_bowler
R Parag,Rajasthan Royals,2026.0,64.78,51.6,58.19,True,False,batting_allrounder,1619.0,77.0,1142.0,21.03,141.77,top_order_aggressor,9.0,32.0,307.0,0.281,9.65,middle_overs_bowler
R Powell,Delhi Capitals,2026.0,66.1,58.38,62.24,False,False,pure_batter,435.0,25.0,295.0,17.4,147.46,finisher,1.0,2.0,18.0,0.5,11.67,part_time_bowler
R Rampaul,Royal Challengers Bangalore,2014.0,38.25,95.92,67.09,False,False,pure_bowler,51.0,7.0,50.0,7.29,102.0,middle_order,16.0,12.0,268.0,1.333,7.14,powerplay_bowler
R Ravindra,Chennai Super Kings,2025.0,70.06,49.02,59.54,False,False,pure_batter,413.0,18.0,287.0,22.94,143.9,aggressive_opener,0.0,2.0,12.0,0.0,3.5,part_time_bowler
R Sai Kishore,Gujarat Titans,2025.0,40.95,88.61,64.78,False,False,pure_bowler,18.0,4.0,16.0,4.5,112.5,tailender,32.0,25.0,441.0,1.28,8.91,middle_overs_bowler
R Sanjay Yadav,Mumbai Indians,2022.0,0.0,47.9,23.95,False,False,unknown,0.0,1.0,2.0,0.0,0.0,tailender,0.0,1.0,12.0,0.0,11.5,part_time_bowler
R Sathish,Mumbai Indians,2016.0,44.85,48.87,46.86,False,False,utility_player,270.0,24.0,231.0,11.25,116.88,tailender,3.0,14.0,139.0,0.214,10.06,middle_overs_bowler
R Sharma,Pune Warriors,2013.0,31.96,77.97,54.96,False,False,pure_bowler,66.0,20.0,75.0,3.3,88.0,tailender,40.0,44.0,928.0,0.909,7.11,middle_overs_bowler
R Shepherd,Royal Challengers Bengaluru,2026.0,81.46,65.73,73.6,False,True,bowling_allrounder,223.0,15.0,108.0,14.87,206.48,lower_order_hitter,13.0,19.0,259.0,0.684,12.39,middle_overs_bowler
R Shukla,Delhi Daredevils,2014.0,30.58,68.58,49.58,False,False,pure_bowler,19.0,4.0,23.0,4.75,82.61,tailender,5.0,7.0,120.0,0.714,10.85,powerplay_bowler
R Tewatia,Gujarat Titans,2026.0,57.37,66.17,61.77,False,True,bowling_allrounder,1146.0,81.0,836.0,14.15,137.08,finisher,32.0,52.0,843.0,0.615,7.95,middle_overs_bowler
R Vinay Kumar,Royal Challengers Bangalore,2018.0,42.12,80.89,61.5,False,True,bowling_allrounder,310.0,43.0,274.0,7.21,113.14,tailender,105.0,104.0,2127.0,1.01,8.58,death_bowler
RA Bawa,Punjab Kings,2025.0,39.16,0.0,19.58,False,False,pure_batter,19.0,3.0,18.0,6.33,105.56,middle_order,,,,,,
RA Jadeja,Chennai Super Kings,2026.0,55.84,71.41,63.62,True,True,batting_allrounder,3336.0,197.0,2566.0,16.93,130.01,finisher,173.0,228.0,4098.0,0.759,7.76,middle_overs_bowler
RA Shaikh,Mumbai Indians,2009.0,0.0,39.78,19.89,False,False,unknown,,,,,,,0.0,1.0,6.0,0.0,11.0,part_time_bowler
RA Tripathi,Sunrisers Hyderabad,2025.0,66.24,35.2,50.72,False,False,pure_batter,2291.0,98.0,1662.0,23.38,137.85,middle_order,0.0,1.0,6.0,0.0,12.0,part_time_bowler
RD Chahar,Punjab Kings,2024.0,38.37,78.62,58.5,False,False,utility_player,129.0,23.0,124.0,5.61,104.03,tailender,75.0,79.0,1694.0,0.949,7.86,middle_overs_bowler
RD Gaikwad,Chennai Super Kings,2026.0,74.93,0.0,37.47,False,False,pure_batter,2565.0,75.0,1880.0,34.2,136.44,aggressive_opener,,,,,,
RD Rickelton,Mumbai Indians,2026.0,73.97,0.0,36.98,False,False,pure_batter,525.0,19.0,345.0,27.63,152.17,aggressive_opener,,,,,,
RE Levi,Mumbai Indians,2012.0,49.65,0.0,24.82,False,False,pure_batter,83.0,6.0,73.0,13.83,113.7,anchor_opener,,,,,,
RE van der Merwe,Royal Challengers Bangalore,2013.0,47.17,80.56,63.86,False,True,bowling_allrounder,159.0,15.0,141.0,10.6,112.77,tailender,21.0,21.0,443.0,1.0,6.98,middle_overs_bowler
RG More,Chennai Super Kings,2015.0,35.7,56.03,45.86,False,False,pure_bowler,2.0,1.0,2.0,2.0,100.0,tailender,1.0,2.0,35.0,0.5,10.8,part_time_bowler
RG Sharma,Mumbai Indians,2026.0,66.74,59.64,63.19,True,False,batting_allrounder,7185.0,271.0,5420.0,26.51,132.56,top_order_anchor,15.0,32.0,339.0,0.469,8.18,middle_overs_bowler
RJ Gleeson,Chennai Super Kings,2024.0,35.7,68.25,51.98,False,False,pure_bowler,2.0,1.0,2.0,2.0,100.0,tailender,2.0,3.0,68.0,0.667,9.79,death_bowler
RJ Harris,Kings XI Punjab,2013.0,38.51,90.38,64.44,False,False,utility_player,117.0,21.0,112.0,5.57,104.46,tailender,45.0,37.0,832.0,1.216,7.82,death_bowler
RJ Peterson,Mumbai Indians,2012.0,39.57,73.7,56.64,False,False,pure_bowler,32.0,5.0,30.0,6.4,106.67,tailender,3.0,4.0,48.0,0.75,8.75,part_time_bowler
RJ Quiney,Rajasthan Royals,2009.0,44.78,0.0,22.39,False,False,pure_batter,103.0,7.0,102.0,14.71,100.98,anchor_opener,,,,,,
RJW Topley,Royal Challengers Bengaluru,2024.0,18.55,73.89,46.22,False,False,pure_bowler,3.0,1.0,6.0,3.0,50.0,tailender,5.0,6.0,120.0,0.833,11.1,powerplay_bowler
RK Bhui,Delhi Capitals,2024.0,14.34,0.0,7.17,False,False,pure_batter,10.0,4.0,26.0,2.5,38.46,anchor_opener,,,,,,
RK Singh,Kolkata Knight Riders,2026.0,66.34,0.0,33.17,False,False,pure_batter,1177.0,55.0,822.0,21.4,143.19,finisher,,,,,,
RM Patidar,Royal Challengers Bengaluru,2026.0,81.42,0.0,40.71,False,False,pure_batter,1333.0,43.0,824.0,31.0,161.77,top_order_anchor,,,,,,
RN ten Doeschate,Kolkata Knight Riders,2015.0,59.68,51.16,55.42,False,False,utility_player,326.0,21.0,235.0,15.52,138.72,finisher,2.0,10.0,78.0,0.2,7.23,middle_overs_bowler
RP Meredith,Mumbai Indians,2023.0,0.0,82.6,41.3,False,False,pure_bowler,0.0,2.0,3.0,0.0,0.0,tailender,19.0,18.0,388.0,1.056,9.6,death_bowler
RP Singh,Deccan Chargers,2012.0,24.57,85.64,55.1,False,False,pure_bowler,52.0,29.0,76.0,1.79,68.42,tailender,90.0,82.0,1775.0,1.098,8.17,powerplay_bowler
RR Bhatkal,Royal Challengers Bangalore,2012.0,0.0,33.0,16.5,False,False,unknown,0.0,1.0,2.0,0.0,0.0,middle_order,0.0,1.0,12.0,0.0,17.5,part_time_bowler
RR Bose,Kings XI Punjab,2009.0,0.0,45.62,22.81,False,False,unknown,,,,,,,0.0,1.0,12.0,0.0,12.0,part_time_bowler
RR Pant,Delhi Capitals,2026.0,73.79,0.0,36.9,False,False,pure_batter,3670.0,128.0,2502.0,28.67,146.68,top_order_anchor,,,,,,
RR Powar,Kings XI Punjab,2011.0,39.25,64.22,51.74,False,False,pure_bowler,67.0,9.0,64.0,7.44,104.69,tailender,13.0,26.0,426.0,0.5,7.58,powerplay_bowler
RR Raje,Mumbai Indians,2009.0,40.29,64.33,52.31,False,False,pure_bowler,20.0,5.0,18.0,4.0,111.11,tailender,6.0,10.0,139.0,0.6,9.24,middle_overs_bowler
RR Rossouw,Delhi Capitals,2024.0,70.81,0.0,35.4,False,False,pure_batter,473.0,22.0,308.0,21.5,153.57,top_order_aggressor,,,,,,
RR Sarwan,Kings XI Punjab,2007.0,47.95,0.0,23.98,False,False,pure_batter,73.0,4.0,75.0,18.25,97.33,anchor_opener,,,,,,
RS Bopara,Kings XI Punjab,2015.0,57.67,71.4,64.54,False,True,bowling_allrounder,531.0,22.0,453.0,24.14,117.22,anchor_opener,11.0,14.0,206.0,0.786,8.77,middle_overs_bowler
RS Gavaskar,Kolkata Knight Riders,2009.0,9.45,45.13,27.29,False,False,pure_batter,2.0,1.0,8.0,2.0,25.0,tailender,0.0,1.0,6.0,0.0,8.0,part_time_bowler
RS Hangargekar,Chennai Super Kings,2023.0,0.0,98.22,49.11,False,False,pure_bowler,,,,,,,3.0,2.0,36.0,1.5,10.0,part_time_bowler
RS Sodhi,Kings XI Punjab,2009.0,71.4,0.0,35.7,False,False,pure_batter,4.0,1.0,2.0,4.0,200.0,middle_order,,,,,,
RT Ponting,Mumbai Indians,2013.0,28.42,0.0,14.21,False,False,pure_batter,91.0,9.0,128.0,10.11,71.09,anchor_opener,,,,,,
RV Gomez,Kochi Tuskers Kerala,2013.0,36.26,65.84,51.05,False,False,pure_bowler,50.0,9.0,51.0,5.56,98.04,tailender,5.0,9.0,96.0,0.556,8.12,middle_overs_bowler
RV Patel,Delhi Capitals,2023.0,42.36,44.02,43.19,False,False,pure_batter,80.0,7.0,73.0,11.43,109.59,middle_order,0.0,1.0,18.0,0.0,7.33,part_time_bowler
RV Uthappa,Kolkata Knight Riders,2022.0,65.37,0.0,32.68,False,False,pure_batter,4954.0,197.0,3801.0,25.15,130.33,aggressive_opener,,,,,,
RW Price,Mumbai Indians,2011.0,0.0,37.0,18.5,False,False,unknown,,,,,,,0.0,1.0,18.0,0.0,11.0,part_time_bowler
Rahmanullah Gurbaz,Kolkata Knight Riders,2025.0,60.95,0.0,30.48,False,False,pure_batter,363.0,18.0,269.0,20.17,134.94,aggressive_opener,,,,,,
Ramandeep Singh,Kolkata Knight Riders,2026.0,60.48,96.16,78.32,False,False,utility_player,266.0,23.0,173.0,11.57,153.76,lower_order_hitter,6.0,4.0,40.0,1.5,9.6,part_time_bowler
Rashid Khan,Gujarat Titans,2026.0,61.57,86.8,74.18,False,True,bowling_allrounder,609.0,68.0,382.0,8.96,159.42,lower_order_hitter,163.0,140.0,3298.0,1.164,7.23,middle_overs_bowler
Rasikh Salam,Delhi Capitals,2024.0,37.33,79.11,58.22,False,False,pure_bowler,40.0,6.0,40.0,6.67,100.0,tailender,15.0,15.0,272.0,1.0,10.15,middle_overs_bowler
Ravi Bishnoi,Lucknow Super Giants,2026.0,24.43,80.13,52.28,False,False,pure_bowler,45.0,17.0,67.0,2.65,67.16,tailender,81.0,81.0,1729.0,1.0,8.37,middle_overs_bowler
S Anirudha,Chennai Super Kings,2014.0,48.58,0.0,24.29,False,False,pure_batter,136.0,12.0,113.0,11.33,120.35,tailender,,,,,,
S Aravind,Royal Challengers Bangalore,2017.0,38.1,87.65,62.88,False,False,pure_bowler,59.0,11.0,57.0,5.36,103.51,tailender,45.0,38.0,760.0,1.184,8.34,powerplay_bowler
S Arora,Sunrisers Hyderabad,2026.0,56.18,0.0,28.09,False,False,pure_batter,42.0,4.0,28.0,10.5,150.0,finisher,,,,,,
S Badree,Royal Challengers Bangalore,2017.0,20.69,79.58,50.14,False,False,pure_bowler,13.0,5.0,23.0,2.6,56.52,tailender,11.0,12.0,258.0,0.917,7.65,powerplay_bowler
S Badrinath,Chennai Super Kings,2013.0,59.99,0.0,30.0,False,False,pure_batter,1441.0,65.0,1212.0,22.17,118.89,finisher,,,,,,
S Chanderpaul,Royal Challengers Bangalore,2007.0,31.14,0.0,15.57,False,False,pure_batter,25.0,3.0,31.0,8.33,80.65,anchor_opener,,,,,,
S Dhawan,Sunrisers Hyderabad,2024.0,68.1,68.6,68.35,False,False,utility_player,6769.0,221.0,5326.0,30.63,127.09,aggressive_opener,4.0,6.0,48.0,0.667,9.0,part_time_bowler
S Dube,Chennai Super Kings,2026.0,68.4,53.44,60.92,True,False,batting_allrounder,1961.0,80.0,1360.0,24.51,144.19,top_order_aggressor,6.0,16.0,136.0,0.375,11.16,middle_overs_bowler
S Gopal,Rajasthan Royals,2022.0,40.14,80.41,60.28,False,True,bowling_allrounder,180.0,22.0,169.0,8.18,106.51,tailender,52.0,51.0,991.0,1.02,8.22,middle_overs_bowler
S Joseph,Lucknow Super Giants,2024.0,0.0,44.28,22.14,False,False,unknown,,,,,,,0.0,1.0,24.0,0.0,12.75,part_time_bowler
S Kaul,Sunrisers Hyderabad,2021.0,20.22,81.41,50.82,False,False,pure_bowler,20.0,9.0,36.0,2.22,55.56,tailender,58.0,55.0,1209.0,1.055,8.79,death_bowler
S Kaushik,Gujarat Lions,2016.0,0.0,65.75,32.88,False,False,pure_bowler,0.0,1.0,1.0,0.0,0.0,tailender,6.0,10.0,204.0,0.6,8.94,middle_overs_bowler
S Ladda,Delhi Daredevils,2009.0,0.0,64.25,32.12,False,False,pure_bowler,0.0,2.0,9.0,0.0,0.0,tailender,5.0,9.0,138.0,0.556,9.78,middle_overs_bowler
S Lamichhane,Delhi Capitals,2019.0,0.0,96.07,48.04,False,False,pure_bowler,0.0,1.0,1.0,0.0,0.0,tailender,13.0,9.0,210.0,1.444,8.49,powerplay_bowler
S Midhun,Rajasthan Royals,2019.0,0.0,40.45,20.23,False,False,unknown,,,,,,,0.0,1.0,12.0,0.0,14.5,part_time_bowler
S Nadeem,Delhi Daredevils,2021.0,16.37,68.96,42.66,False,False,utility_player,39.0,20.0,87.0,1.95,44.83,tailender,48.0,70.0,1415.0,0.686,7.63,middle_overs_bowler
S Narwal,Rajasthan Royals,2013.0,51.2,73.28,62.24,False,False,pure_bowler,37.0,4.0,27.0,9.25,137.04,tailender,5.0,6.0,106.0,0.833,11.49,powerplay_bowler
S Rana,Royal Challengers Bangalore,2014.0,43.31,45.1,44.2,False,False,pure_batter,91.0,8.0,81.0,11.38,112.35,middle_order,0.0,3.0,16.0,0.0,6.75,part_time_bowler
S Randiv,Chennai Super Kings,2011.0,18.2,71.8,45.0,False,False,pure_bowler,2.0,1.0,4.0,2.0,50.0,tailender,6.0,8.0,174.0,0.75,7.69,middle_overs_bowler
S Sandeep Warrier,Kolkata Knight Riders,2024.0,0.0,75.05,37.52,False,False,pure_bowler,,,,,,,8.0,10.0,168.0,0.8,9.18,powerplay_bowler
S Sohal,Deccan Chargers,2011.0,59.55,0.0,29.78,False,False,pure_batter,368.0,20.0,292.0,18.4,126.03,aggressive_opener,,,,,,
S Sreesanth,Kings XI Punjab,2013.0,22.63,79.81,51.22,False,False,pure_bowler,34.0,12.0,55.0,2.83,61.82,tailender,40.0,44.0,880.0,0.909,8.33,powerplay_bowler
S Sriram,Royal Challengers Bangalore,2011.0,35.56,36.24,35.9,False,False,pure_batter,31.0,2.0,36.0,15.5,86.11,anchor_opener,0.0,2.0,18.0,0.0,16.33,part_time_bowler
S Tyagi,Chennai Super Kings,2009.0,26.78,62.65,44.72,False,False,pure_bowler,3.0,2.0,4.0,1.5,75.0,tailender,6.0,14.0,209.0,0.429,8.73,powerplay_bowler
S Vidyut,Chennai Super Kings,2007.0,60.4,81.02,70.71,False,False,pure_batter,145.0,8.0,109.0,18.12,133.03,aggressive_opener,1.0,1.0,12.0,1.0,11.0,part_time_bowler
SA Abbott,Royal Challengers Bangalore,2022.0,45.34,53.06,49.2,False,False,pure_bowler,22.0,3.0,18.0,7.33,122.22,tailender,1.0,3.0,54.0,0.333,11.56,part_time_bowler
SA Asnodkar,Rajasthan Royals,2011.0,61.58,0.0,30.79,False,False,pure_batter,423.0,20.0,339.0,21.15,124.78,aggressive_opener,,,,,,
SA Yadav,Mumbai Indians,2026.0,74.24,45.13,59.68,False,False,pure_batter,4417.0,156.0,2971.0,28.31,148.67,top_order_anchor,0.0,1.0,6.0,0.0,8.0,part_time_bowler
SB Bangar,Deccan Chargers,2009.0,31.71,61.18,46.44,False,False,pure_bowler,49.0,8.0,58.0,6.12,84.48,tailender,4.0,9.0,150.0,0.444,8.84,middle_overs_bowler
SB Dubey,Rajasthan Royals,2025.0,64.39,0.0,32.2,False,False,pure_batter,139.0,11.0,85.0,12.64,163.53,lower_order_hitter,,,,,,
SB Jakati,Chennai Super Kings,2016.0,35.75,73.39,54.57,False,False,pure_bowler,28.0,5.0,29.0,5.6,96.55,tailender,47.0,57.0,1085.0,0.825,8.15,middle_overs_bowler
SB Joshi,Royal Challengers Bangalore,2007.0,16.05,53.34,34.7,False,False,pure_bowler,6.0,2.0,14.0,3.0,42.86,tailender,1.0,4.0,55.0,0.25,8.95,part_time_bowler
SB Styris,Deccan Chargers,2011.0,42.06,71.96,57.01,False,False,utility_player,131.0,10.0,133.0,13.1,98.5,middle_order,8.0,11.0,216.0,0.727,7.72,death_bowler
SB Wagh,Pune Warriors,2011.0,23.68,69.44,46.56,False,False,pure_bowler,2.0,2.0,3.0,1.0,66.67,tailender,5.0,8.0,102.0,0.625,8.65,powerplay_bowler
SC Ganguly,Kolkata Knight Riders,2012.0,57.06,61.08,59.07,False,True,bowling_allrounder,1349.0,56.0,1263.0,24.09,106.81,finisher,10.0,20.0,276.0,0.5,8.04,middle_overs_bowler
SC Kuggeleijn,Chennai Super Kings,2019.0,0.0,80.3,40.15,False,False,pure_bowler,,,,,,,2.0,2.0,48.0,1.0,8.88,part_time_bowler
SD Chitnis,Kings XI Punjab,2012.0,47.02,77.12,62.07,False,False,utility_player,99.0,8.0,89.0,12.38,111.24,middle_order,2.0,2.0,36.0,1.0,10.33,part_time_bowler
SD Hope,Delhi Capitals,2024.0,69.61,0.0,34.8,False,False,pure_batter,183.0,9.0,122.0,20.33,150.0,top_order_aggressor,,,,,,
SD Lad,Mumbai Indians,2019.0,45.63,0.0,22.82,False,False,pure_batter,15.0,1.0,13.0,15.0,115.38,anchor_opener,,,,,,
SE Bond,Kolkata Knight Riders,2009.0,17.85,86.55,52.2,False,False,pure_bowler,1.0,1.0,2.0,1.0,50.0,tailender,9.0,8.0,186.0,1.125,7.26,powerplay_bowler
SE Marsh,Kings XI Punjab,2017.0,75.26,0.0,37.63,False,False,pure_batter,2489.0,69.0,1871.0,36.07,133.03,top_order_anchor,,,,,,
SE Rutherford,Gujarat Titans,2026.0,66.14,46.61,56.38,False,False,pure_batter,499.0,24.0,340.0,20.79,146.76,finisher,1.0,6.0,41.0,0.167,8.78,part_time_bowler
SH Johnson,Gujarat Titans,2025.0,26.02,64.23,45.12,False,False,pure_bowler,8.0,5.0,11.0,1.6,72.73,tailender,5.0,9.0,164.0,0.556,10.57,powerplay_bowler
SJ Srivastava,Kings XI Punjab,2011.0,35.44,80.34,57.89,False,False,pure_bowler,5.0,4.0,5.0,1.25,100.0,tailender,14.0,14.0,282.0,1.0,9.45,powerplay_bowler
SK Raina,Chennai Super Kings,2021.0,69.13,57.36,63.24,True,False,batting_allrounder,5536.0,200.0,4046.0,27.68,136.83,top_order_anchor,25.0,69.0,908.0,0.362,7.53,middle_overs_bowler
SK Rasheed,Chennai Super Kings,2025.0,44.42,0.0,22.21,False,False,pure_batter,71.0,5.0,63.0,14.2,112.7,anchor_opener,,,,,,
SK Trivedi,Rajasthan Royals,2013.0,25.97,75.42,50.7,False,False,pure_bowler,42.0,14.0,59.0,3.0,71.19,tailender,65.0,75.0,1506.0,0.867,7.75,middle_overs_bowler
SK Warne,Rajasthan Royals,2011.0,35.79,82.94,59.36,False,True,bowling_allrounder,198.0,29.0,214.0,6.83,92.52,tailender,57.0,54.0,1194.0,1.056,7.36,middle_overs_bowler
SL Malinga,Mumbai Indians,2017.0,32.51,95.92,64.22,False,False,utility_player,88.0,22.0,99.0,4.0,88.89,tailender,170.0,122.0,2827.0,1.393,7.4,death_bowler
SM Boland,Rising Pune Supergiants,2016.0,0.0,80.13,40.06,False,False,pure_bowler,,,,,,,2.0,2.0,42.0,1.0,8.0,part_time_bowler
SM Curran,Punjab Kings,2025.0,59.42,76.7,68.06,True,True,batting_allrounder,997.0,53.0,731.0,18.81,136.39,finisher,59.0,63.0,1253.0,0.937,9.86,death_bowler
SM Harwood,Rajasthan Royals,2009.0,24.08,85.79,54.94,False,False,pure_bowler,9.0,2.0,14.0,4.5,64.29,tailender,3.0,3.0,60.0,1.0,7.4,death_bowler
SM Katich,Kings XI Punjab,2009.0,61.21,0.0,30.6,False,False,pure_batter,241.0,11.0,186.0,21.91,129.57,aggressive_opener,,,,,,
SM Pollock,Mumbai Indians,2007.0,60.28,78.72,69.5,True,False,batting_allrounder,147.0,8.0,111.0,18.38,132.43,finisher,11.0,13.0,276.0,0.846,6.67,powerplay_bowler
SMSM Senanayake,Kolkata Knight Riders,2013.0,21.46,86.24,53.85,False,False,pure_bowler,10.0,4.0,17.0,2.5,58.82,tailender,9.0,8.0,192.0,1.125,6.59,powerplay_bowler
SN Khan,Royal Challengers Bangalore,2026.0,62.49,32.8,47.64,False,False,pure_batter,707.0,40.0,515.0,17.68,137.28,finisher,0.0,1.0,2.0,0.0,18.0,part_time_bowler
SN Thakur,Chennai Super Kings,2026.0,52.06,81.7,66.88,False,True,bowling_allrounder,333.0,42.0,240.0,7.93,138.75,tailender,114.0,107.0,2154.0,1.065,9.68,death_bowler
SO Hetmyer,Rajasthan Royals,2026.0,66.33,0.0,33.16,False,False,pure_batter,1512.0,81.0,996.0,18.67,151.81,finisher,,,,,,
SP Fleming,Chennai Super Kings,2007.0,57.44,0.0,28.72,False,False,pure_batter,196.0,10.0,165.0,19.6,118.79,anchor_opener,,,,,,
SP Goswami,Rajasthan Royals,2020.0,43.93,0.0,21.96,False,False,pure_batter,293.0,21.0,295.0,13.95,99.32,anchor_opener,,,,,,
SP Jackson,Kolkata Knight Riders,2022.0,40.12,0.0,20.06,False,False,pure_batter,61.0,8.0,57.0,7.62,107.02,middle_order,,,,,,
SP Narine,Kolkata Knight Riders,2026.0,68.2,82.46,75.33,False,True,bowling_allrounder,1816.0,122.0,1090.0,14.89,166.61,aggressive_opener,195.0,191.0,4441.0,1.021,6.94,middle_overs_bowler
SPD Smith,Rajasthan Royals,2021.0,65.9,34.0,49.95,False,False,pure_batter,2495.0,93.0,1945.0,26.83,128.28,top_order_anchor,0.0,1.0,2.0,0.0,15.0,part_time_bowler
SR Tendulkar,Mumbai Indians,2013.0,66.63,38.84,52.74,False,False,pure_batter,2334.0,78.0,1948.0,29.92,119.82,anchor_opener,0.0,4.0,36.0,0.0,9.83,part_time_bowler
SR Watson,Rajasthan Royals,2020.0,68.98,77.32,73.15,True,True,batting_allrounder,3880.0,141.0,2813.0,27.52,137.93,anchor_opener,92.0,105.0,2029.0,0.876,8.11,powerplay_bowler
SS Agarwal,Gujarat Lions,2017.0,0.0,78.1,39.05,False,False,pure_bowler,,,,,,,1.0,1.0,24.0,1.0,10.5,part_time_bowler
SS Cottrell,Kings XI Punjab,2020.0,0.0,83.54,41.77,False,False,pure_bowler,0.0,1.0,2.0,0.0,0.0,tailender,6.0,6.0,120.0,1.0,8.85,powerplay_bowler
SS Iyer,Delhi Daredevils,2026.0,70.27,53.88,62.08,False,False,pure_batter,3938.0,135.0,2908.0,29.17,135.42,top_order_anchor,0.0,1.0,6.0,0.0,7.0,part_time_bowler
SS Mundhe,Pune Warriors,2011.0,0.0,89.28,44.64,False,False,pure_bowler,,,,,,,1.0,1.0,6.0,1.0,6.0,part_time_bowler
SS Prabhudessai,Royal Challengers Bangalore,2024.0,49.01,0.0,24.5,False,False,pure_batter,126.0,10.0,106.0,12.6,118.87,middle_order,,,,,,
SS Sarkar,Kolkata Knight Riders,2009.0,0.0,58.24,29.12,False,False,pure_bowler,,,,,,,1.0,2.0,25.0,0.5,8.16,part_time_bowler
SS Shaikh,Kolkata Knight Riders,2009.0,32.1,0.0,16.05,False,False,pure_batter,6.0,1.0,7.0,6.0,85.71,tailender,,,,,,
SS Tiwary,Mumbai Indians,2021.0,57.42,0.0,28.71,False,False,pure_batter,1494.0,73.0,1244.0,20.47,120.1,middle_order,,,,,,
SSB Magala,Chennai Super Kings,2023.0,0.0,57.51,28.76,False,False,pure_bowler,,,,,,,1.0,2.0,36.0,0.5,8.67,part_time_bowler
ST Jayasuriya,Mumbai Indians,2009.0,69.48,65.48,67.48,True,True,batting_allrounder,768.0,30.0,532.0,25.6,144.36,aggressive_opener,13.0,21.0,294.0,0.619,8.08,middle_overs_bowler
STR Binny,Rajasthan Royals,2019.0,54.32,57.51,55.92,False,False,utility_player,880.0,66.0,683.0,13.33,128.84,finisher,22.0,63.0,594.0,0.349,7.71,middle_overs_bowler
SV Samson,Rajasthan Royals,2026.0,70.07,0.0,35.03,False,False,pure_batter,4889.0,177.0,3490.0,27.62,140.09,top_order_anchor,,,,,,
SW Billings,Delhi Daredevils,2022.0,57.44,0.0,28.72,False,False,pure_batter,503.0,27.0,388.0,18.63,129.64,finisher,,,,,,
SW Tait,Rajasthan Royals,2013.0,32.57,85.51,59.04,False,False,pure_bowler,23.0,5.0,26.0,4.6,88.46,tailender,23.0,21.0,473.0,1.095,8.47,death_bowler
SZ Mulani,Mumbai Indians,2024.0,35.35,41.26,38.3,False,False,pure_batter,1.0,1.0,1.0,1.0,100.0,tailender,0.0,2.0,30.0,0.0,11.4,part_time_bowler
Sachin Baby,Royal Challengers Bangalore,2021.0,50.02,85.58,67.8,False,False,pure_batter,144.0,11.0,118.0,13.09,122.03,finisher,2.0,2.0,10.0,1.0,4.8,part_time_bowler
Sakib Hussain,Sunrisers Hyderabad,2026.0,0.0,192.18,96.09,False,False,pure_bowler,,,,,,,4.0,1.0,24.0,4.0,6.0,part_time_bowler
Salman Butt,Kolkata Knight Riders,2007.0,60.19,0.0,30.1,False,False,pure_batter,193.0,7.0,161.0,27.57,119.88,anchor_opener,,,,,,
Sameer Rizvi,Delhi Capitals,2026.0,69.78,0.0,34.89,False,False,pure_batter,338.0,13.0,230.0,26.0,146.96,top_order_anchor,,,,,,
Sandeep Sharma,Sunrisers Hyderabad,2025.0,28.81,83.74,56.28,False,False,pure_bowler,60.0,26.0,75.0,2.31,80.0,tailender,151.0,141.0,3145.0,1.071,8.23,powerplay_bowler
Sanvir Singh,Sunrisers Hyderabad,2024.0,43.42,0.0,21.71,False,False,pure_batter,25.0,5.0,21.0,5.0,119.05,tailender,,,,,,
Saurav Chauhan,Royal Challengers Bengaluru,2024.0,44.1,0.0,22.05,False,False,pure_batter,18.0,3.0,15.0,6.0,120.0,middle_order,,,,,,
Sediqullah Atal,Delhi Capitals,2025.0,55.82,0.0,27.91,False,False,pure_batter,22.0,1.0,16.0,22.0,137.5,middle_order,,,,,,
Shahbaz Ahmed,Royal Challengers Bangalore,2026.0,51.11,59.21,55.16,False,False,utility_player,560.0,39.0,464.0,14.36,120.69,middle_order,22.0,46.0,594.0,0.478,9.79,middle_overs_bowler
Shahid Afridi,Deccan Chargers,2007.0,68.11,76.26,72.18,False,False,pure_bowler,81.0,9.0,46.0,9.0,176.09,middle_order,9.0,10.0,180.0,0.9,7.9,middle_overs_bowler
Shakib Al Hasan,Kolkata Knight Riders,2021.0,52.94,76.98,64.96,True,True,batting_allrounder,795.0,52.0,639.0,15.29,124.41,middle_order,63.0,70.0,1484.0,0.9,7.54,powerplay_bowler
Shashank Singh,Punjab Kings,2026.0,72.41,65.96,69.18,False,False,utility_player,807.0,36.0,510.0,22.42,158.24,finisher,4.0,6.0,60.0,0.667,9.1,middle_overs_bowler
Shivam Mavi,Kolkata Knight Riders,2022.0,33.5,79.06,56.28,False,False,pure_bowler,51.0,11.0,56.0,4.64,91.07,tailender,30.0,32.0,649.0,0.938,8.86,powerplay_bowler
Shivam Sharma,Kings XI Punjab,2014.0,59.21,72.65,65.93,False,False,pure_bowler,5.0,2.0,3.0,2.5,166.67,tailender,4.0,5.0,114.0,0.8,8.68,middle_overs_bowler
Shivam Singh,Punjab Kings,2024.0,24.03,0.0,12.02,False,False,pure_batter,2.0,1.0,3.0,2.0,66.67,tailender,,,,,,
Shivang Kumar,Sunrisers Hyderabad,2026.0,54.08,78.4,66.24,False,False,pure_bowler,9.0,2.0,6.0,4.5,150.0,tailender,4.0,4.0,90.0,1.0,8.87,middle_overs_bowler
Shoaib Ahmed,Deccan Chargers,2009.0,5.95,69.47,37.71,False,False,pure_bowler,1.0,3.0,6.0,0.33,16.67,tailender,5.0,7.0,102.0,0.714,9.06,middle_overs_bowler
Shoaib Akhtar,Kolkata Knight Riders,2007.0,10.7,108.96,59.83,False,False,pure_bowler,2.0,1.0,7.0,2.0,28.57,tailender,5.0,3.0,42.0,1.667,7.71,part_time_bowler
Shoaib Malik,Delhi Daredevils,2007.0,42.36,57.25,49.8,False,False,pure_bowler,52.0,5.0,47.0,10.4,110.64,middle_order,2.0,5.0,51.0,0.4,10.24,part_time_bowler
Shubman Gill,Gujarat Titans,2026.0,76.12,0.0,38.06,False,False,pure_batter,4031.0,117.0,2899.0,34.45,139.05,aggressive_opener,,,,,,
Sikandar Raza,Punjab Kings,2024.0,60.57,57.09,58.83,False,False,utility_player,182.0,9.0,136.0,20.22,133.82,middle_order,3.0,7.0,84.0,0.429,10.43,middle_overs_bowler
Simarjeet Singh,Sunrisers Hyderabad,2025.0,23.92,74.02,48.97,False,False,pure_bowler,10.0,6.0,15.0,1.67,66.67,tailender,11.0,14.0,240.0,0.786,10.28,powerplay_bowler
Sohail Tanvir,Rajasthan Royals,2007.0,45.97,119.58,82.78,False,False,pure_bowler,36.0,5.0,29.0,7.2,124.14,middle_order,22.0,11.0,247.0,2.0,6.68,death_bowler
Sumit Kumar,Delhi Capitals,2024.0,28.35,40.44,34.39,False,False,pure_batter,18.0,3.0,24.0,6.0,75.0,tailender,0.0,2.0,20.0,0.0,11.4,part_time_bowler
Sunny Gupta,Delhi Daredevils,2012.0,0.0,33.73,16.86,False,False,unknown,0.0,1.0,1.0,0.0,0.0,tailender,0.0,1.0,18.0,0.0,15.67,part_time_bowler
Sunny Singh,Kings XI Punjab,2011.0,51.56,0.0,25.78,False,False,pure_batter,43.0,5.0,31.0,8.6,138.71,middle_order,,,,,,
Suryansh Shedge,Punjab Kings,2025.0,23.09,36.07,29.58,False,False,pure_batter,7.0,3.0,11.0,2.33,63.64,tailender,0.0,1.0,18.0,0.0,13.33,part_time_bowler
Suyash Sharma,Royal Challengers Bengaluru,2026.0,0.0,69.22,34.61,False,False,pure_bowler,,,,,,,22.0,31.0,648.0,0.71,8.94,middle_overs_bowler
Swapnil Singh,Royal Challengers Bengaluru,2024.0,41.65,59.95,50.8,False,False,pure_bowler,51.0,9.0,45.0,5.67,113.33,tailender,7.0,14.0,162.0,0.5,8.93,middle_overs_bowler
T Banton,Kolkata Knight Riders,2020.0,34.65,0.0,17.32,False,False,pure_batter,18.0,2.0,20.0,9.0,90.0,anchor_opener,,,,,,
T Henderson,Rajasthan Royals,2009.0,25.99,64.49,45.24,False,False,pure_bowler,11.0,2.0,16.0,5.5,68.75,middle_order,1.0,2.0,36.0,0.5,6.83,part_time_bowler
T Kohler-Cadmore,Rajasthan Royals,2024.0,36.71,0.0,18.36,False,False,pure_batter,48.0,3.0,54.0,16.0,88.89,anchor_opener,,,,,,
T Kohli,Rajasthan Royals,2009.0,21.55,0.0,10.78,False,False,pure_batter,11.0,3.0,19.0,3.67,57.89,anchor_opener,,,,,,
T Natarajan,Sunrisers Hyderabad,2026.0,20.46,82.12,51.29,False,False,pure_bowler,4.0,3.0,7.0,1.33,57.14,tailender,73.0,67.0,1452.0,1.09,9.07,death_bowler
T Shamsi,Rajasthan Royals,2021.0,18.2,63.13,40.66,False,False,pure_bowler,2.0,1.0,4.0,2.0,50.0,tailender,3.0,5.0,120.0,0.6,9.25,middle_overs_bowler
T Stubbs,Delhi Capitals,2026.0,76.75,71.72,74.24,False,False,utility_player,820.0,34.0,513.0,24.12,159.84,finisher,4.0,5.0,36.0,0.8,11.5,part_time_bowler
T Taibu,Kolkata Knight Riders,2007.0,45.35,0.0,22.68,False,False,pure_batter,31.0,3.0,26.0,10.33,119.23,middle_order,,,,,,
T Thushara,Chennai Super Kings,2009.0,24.38,94.29,59.34,False,False,pure_bowler,12.0,4.0,18.0,3.0,66.67,tailender,8.0,6.0,135.0,1.333,7.29,death_bowler
TA Boult,Rajasthan Royals,2026.0,37.47,88.1,62.78,False,False,utility_player,86.0,25.0,83.0,3.44,103.61,tailender,144.0,122.0,2741.0,1.18,8.57,powerplay_bowler
TD Paine,Pune Warriors,2011.0,15.21,0.0,7.6,False,False,pure_batter,10.0,2.0,26.0,5.0,38.46,anchor_opener,,,,,,
TG Southee,Kolkata Knight Riders,2022.0,43.05,76.19,59.62,False,False,utility_player,120.0,19.0,107.0,6.32,112.15,tailender,47.0,54.0,1206.0,0.87,8.83,powerplay_bowler
TH David,Mumbai Indians,2026.0,78.78,36.98,57.88,False,False,pure_batter,993.0,49.0,556.0,20.27,178.6,finisher,0.0,1.0,6.0,0.0,18.0,part_time_bowler
TK Curran,Rajasthan Royals,2021.0,48.99,76.62,62.81,False,False,utility_player,127.0,10.0,107.0,12.7,118.69,tailender,13.0,13.0,238.0,1.0,10.89,death_bowler
TL Seifert,Delhi Capitals,2022.0,42.6,0.0,21.3,False,False,pure_batter,26.0,3.0,23.0,8.67,113.04,anchor_opener,,,,,,
TL Suman,Deccan Chargers,2013.0,51.83,63.08,57.46,False,True,bowling_allrounder,676.0,39.0,575.0,17.33,117.57,middle_order,6.0,11.0,150.0,0.545,7.92,middle_overs_bowler
TM Dilshan,Delhi Daredevils,2013.0,58.35,51.04,54.7,False,False,utility_player,1153.0,50.0,1007.0,23.06,114.5,anchor_opener,5.0,25.0,271.0,0.2,8.15,middle_overs_bowler
TM Head,Sunrisers Hyderabad,2026.0,82.26,50.85,66.56,False,False,utility_player,1266.0,42.0,753.0,30.14,168.13,aggressive_opener,2.0,6.0,58.0,0.333,11.69,part_time_bowler
TM Srivastava,Kings XI Punjab,2009.0,26.39,0.0,13.2,False,False,pure_batter,8.0,3.0,11.0,2.67,72.73,middle_order,,,,,,
TP Sudhindra,Deccan Chargers,2012.0,0.0,53.38,26.69,False,False,pure_bowler,,,,,,,1.0,3.0,70.0,0.333,11.74,powerplay_bowler
TR Birt,Delhi Daredevils,2011.0,50.51,0.0,25.26,False,False,pure_batter,75.0,5.0,58.0,15.0,129.31,finisher,,,,,,
TS Mills,Royal Challengers Bangalore,2022.0,20.56,82.74,51.65,False,False,pure_bowler,8.0,5.0,14.0,1.6,57.14,tailender,11.0,10.0,209.0,1.1,10.02,death_bowler
TU Deshpande,Rajasthan Royals,2026.0,58.28,83.26,70.77,False,False,pure_bowler,53.0,9.0,33.0,5.89,160.61,tailender,54.0,49.0,1019.0,1.102,10.16,death_bowler
Tanush Kotian,Rajasthan Royals,2024.0,35.5,0.0,17.75,False,False,pure_batter,24.0,1.0,31.0,24.0,77.42,anchor_opener,,,,,,
Tejas Baroka,Gujarat Lions,2017.0,0.0,43.38,21.69,False,False,unknown,,,,,,,0.0,1.0,21.0,0.0,9.43,part_time_bowler
Tilak Varma,Mumbai Indians,2026.0,73.46,46.04,59.75,False,False,pure_batter,1542.0,56.0,1070.0,27.54,144.11,finisher,0.0,4.0,22.0,0.0,7.64,part_time_bowler
U Kaul,Kings XI Punjab,2007.0,0.0,0.0,0.0,False,False,unknown,0.0,1.0,1.0,0.0,0.0,tailender,,,,,,
UA Birla,Pune Warriors,2013.0,19.95,0.0,9.98,False,False,pure_batter,7.0,1.0,14.0,7.0,50.0,middle_order,,,,,,
UBT Chand,Delhi Daredevils,2016.0,44.75,0.0,22.38,False,False,pure_batter,300.0,20.0,300.0,15.0,100.0,middle_order,,,,,,
UT Khawaja,Rising Pune Supergiants,2016.0,61.85,0.0,30.92,False,False,pure_batter,127.0,6.0,100.0,21.17,127.0,aggressive_opener,,,,,,
UT Yadav,Kolkata Knight Riders,2024.0,37.73,80.51,59.12,False,True,bowling_allrounder,208.0,48.0,201.0,4.33,103.48,tailender,144.0,147.0,3056.0,0.98,8.72,powerplay_bowler
Umar Gul,Kolkata Knight Riders,2007.0,75.25,115.93,95.59,False,False,pure_bowler,39.0,4.0,19.0,9.75,205.26,tailender,12.0,6.0,135.0,2.0,8.8,death_bowler
Umran Malik,Sunrisers Hyderabad,2023.0,51.65,85.6,68.62,False,False,pure_bowler,23.0,6.0,16.0,3.83,143.75,tailender,29.0,26.0,493.0,1.115,9.55,middle_overs_bowler
Urvil Patel,Chennai Super Kings,2025.0,102.32,0.0,51.16,False,False,pure_batter,68.0,3.0,32.0,22.67,212.5,top_order_aggressor,,,,,,
V Kaverappa,Punjab Kings,2024.0,0.0,117.85,58.92,False,False,pure_bowler,,,,,,,2.0,1.0,24.0,2.0,9.0,part_time_bowler
V Kohli,Royal Challengers Bangalore,2026.0,73.28,47.02,60.15,False,False,utility_player,8899.0,264.0,6667.0,33.71,133.48,top_order_anchor,4.0,26.0,251.0,0.154,8.87,middle_overs_bowler
V Nigam,Delhi Capitals,2026.0,75.32,70.1,72.71,True,False,batting_allrounder,154.0,9.0,86.0,17.11,179.07,lower_order_hitter,12.0,16.0,264.0,0.75,9.55,middle_overs_bowler
V Pratap Singh,Deccan Chargers,2012.0,0.0,84.06,42.03,False,False,pure_bowler,0.0,1.0,1.0,0.0,0.0,tailender,10.0,9.0,204.0,1.111,8.82,powerplay_bowler
V Puthur,Mumbai Indians,2025.0,0.0,86.69,43.34,False,False,pure_bowler,,,,,,,6.0,5.0,72.0,1.2,9.08,middle_overs_bowler
V Sehwag,Delhi Daredevils,2015.0,73.69,57.94,65.82,True,False,batting_allrounder,2728.0,104.0,1755.0,26.23,155.44,aggressive_opener,6.0,15.0,136.0,0.4,10.41,middle_overs_bowler
V Shankar,Sunrisers Hyderabad,2025.0,57.53,59.25,58.39,True,False,batting_allrounder,1233.0,63.0,950.0,19.57,129.79,finisher,9.0,22.0,238.0,0.409,8.67,middle_overs_bowler
V Suryavanshi,Rajasthan Royals,2026.0,113.09,0.0,56.54,False,False,pure_batter,452.0,12.0,198.0,37.67,228.28,aggressive_opener,,,,,,
V Viyaskanth,Sunrisers Hyderabad,2024.0,51.45,54.73,53.09,False,False,pure_bowler,7.0,1.0,5.0,7.0,140.0,tailender,1.0,3.0,60.0,0.333,9.0,middle_overs_bowler
VG Arora,Kolkata Knight Riders,2026.0,13.81,86.07,49.94,False,False,pure_bowler,10.0,10.0,26.0,1.0,38.46,tailender,42.0,36.0,734.0,1.167,10.0,powerplay_bowler
VH Zol,Royal Challengers Bangalore,2014.0,44.11,0.0,22.06,False,False,pure_batter,29.0,2.0,26.0,14.5,111.54,middle_order,,,,,,
VR Aaron,Royal Challengers Bangalore,2020.0,25.76,76.84,51.3,False,False,pure_bowler,50.0,12.0,72.0,4.17,69.44,tailender,44.0,50.0,994.0,0.88,9.22,powerplay_bowler
VR Iyer,Kolkata Knight Riders,2026.0,68.57,51.98,60.27,False,False,utility_player,1497.0,57.0,1084.0,26.26,138.1,aggressive_opener,3.0,9.0,81.0,0.333,10.74,death_bowler
VRV Singh,Kings XI Punjab,2007.0,47.37,67.61,57.49,False,False,pure_bowler,4.0,2.0,3.0,2.0,133.33,tailender,12.0,18.0,360.0,0.667,9.15,death_bowler
VS Malik,Kings XI Punjab,2014.0,36.22,63.28,49.75,False,False,pure_bowler,7.0,2.0,7.0,3.5,100.0,tailender,6.0,13.0,205.0,0.462,7.84,powerplay_bowler
VS Yeligati,Mumbai Indians,2007.0,35.7,40.12,37.91,False,False,pure_batter,2.0,1.0,2.0,2.0,100.0,tailender,0.0,2.0,30.0,0.0,12.2,part_time_bowler
VVS Laxman,Deccan Chargers,2011.0,47.9,0.0,23.95,False,False,pure_batter,282.0,20.0,267.0,14.1,105.62,anchor_opener,,,,,,
VY Mahesh,Delhi Daredevils,2007.0,20.5,88.46,54.48,False,False,pure_bowler,15.0,5.0,27.0,3.0,55.56,tailender,21.0,17.0,339.0,1.235,9.04,middle_overs_bowler
Vijaykumar Vyshak,Royal Challengers Bangalore,2024.0,42.06,81.43,61.74,False,False,pure_bowler,14.0,4.0,12.0,3.5,116.67,tailender,22.0,20.0,411.0,1.1,10.5,middle_overs_bowler
Virat Singh,Sunrisers Hyderabad,2021.0,22.82,0.0,11.41,False,False,pure_batter,15.0,2.0,26.0,7.5,57.69,middle_order,,,,,,
Vishnu Vinod,Mumbai Indians,2023.0,42.66,0.0,21.33,False,False,pure_batter,56.0,6.0,57.0,9.33,98.25,middle_order,,,,,,
Vivrant Sharma,Sunrisers Hyderabad,2023.0,105.53,42.02,73.78,False,False,pure_batter,69.0,1.0,47.0,69.0,146.81,anchor_opener,0.0,2.0,18.0,0.0,12.33,part_time_bowler
W Jaffer,Royal Challengers Bangalore,2009.0,50.79,0.0,25.4,False,False,pure_batter,130.0,8.0,121.0,16.25,107.44,anchor_opener,,,,,,
W O'Rourke,Lucknow Super Giants,2025.0,0.0,110.94,55.47,False,False,pure_bowler,,,,,,,6.0,3.0,62.0,2.0,12.77,powerplay_bowler
WA Mota,Kings XI Punjab,2009.0,28.58,65.04,46.81,False,False,pure_bowler,56.0,8.0,75.0,7.0,74.67,middle_order,4.0,7.0,72.0,0.571,8.17,death_bowler
WD Parnell,Pune Warriors,2023.0,30.19,84.15,57.17,False,False,utility_player,65.0,13.0,80.0,5.0,81.25,tailender,35.0,33.0,723.0,1.061,8.03,death_bowler
WG Jacks,Mumbai Indians,2025.0,69.9,65.28,67.59,True,True,batting_allrounder,463.0,19.0,303.0,24.37,152.81,top_order_aggressor,8.0,13.0,138.0,0.615,9.61,middle_overs_bowler
WP Saha,Kings XI Punjab,2024.0,58.76,0.0,29.38,False,False,pure_batter,2934.0,143.0,2300.0,20.52,127.57,aggressive_opener,,,,,,
WPUJC Vaas,Deccan Chargers,2009.0,41.41,96.73,69.07,False,False,pure_bowler,81.0,11.0,73.0,7.36,110.96,tailender,18.0,13.0,282.0,1.385,7.74,powerplay_bowler
Washington Sundar,Royal Challengers Bangalore,2026.0,53.92,66.66,60.29,False,True,bowling_allrounder,609.0,47.0,468.0,12.96,130.13,tailender,40.0,65.0,1144.0,0.615,7.79,powerplay_bowler
X Thalaivan Sargunam,Sunrisers Hyderabad,2013.0,24.09,0.0,12.04,False,False,pure_batter,10.0,1.0,17.0,10.0,58.82,middle_order,,,,,,
XC Bartlett,Punjab Kings,2026.0,42.35,68.15,55.25,False,False,pure_bowler,22.0,2.0,20.0,11.0,110.0,tailender,6.0,9.0,166.0,0.667,9.8,powerplay_bowler
Y Gnaneswara Rao,Kochi Tuskers Kerala,2011.0,45.77,49.7,47.74,False,False,pure_batter,19.0,1.0,17.0,19.0,111.76,middle_order,0.0,1.0,6.0,0.0,7.0,part_time_bowler
Y Nagar,Delhi Daredevils,2012.0,45.0,59.01,52.0,False,False,utility_player,285.0,20.0,259.0,14.25,110.04,tailender,4.0,8.0,66.0,0.5,11.36,middle_overs_bowler
Y Prithvi Raj,Kolkata Knight Riders,2019.0,0.0,59.61,29.8,False,False,pure_bowler,0.0,1.0,1.0,0.0,0.0,tailender,1.0,2.0,30.0,0.5,11.4,part_time_bowler
Y Venugopal Rao,Deccan Chargers,2014.0,54.23,53.57,53.9,False,False,utility_player,985.0,52.0,836.0,18.94,117.82,finisher,6.0,20.0,216.0,0.3,9.39,middle_overs_bowler
YA Abdulla,Kings XI Punjab,2009.0,0.0,94.69,47.34,False,False,pure_bowler,0.0,1.0,1.0,0.0,0.0,tailender,15.0,11.0,209.0,1.364,8.93,powerplay_bowler
YBK Jaiswal,Rajasthan Royals,2026.0,79.99,25.6,52.8,False,False,pure_batter,2350.0,71.0,1534.0,33.1,153.19,aggressive_opener,0.0,1.0,1.0,0.0,36.0,part_time_bowler
YK Pathan,Kolkata Knight Riders,2019.0,65.04,63.48,64.26,True,True,batting_allrounder,3222.0,153.0,2245.0,21.06,143.52,finisher,42.0,82.0,1147.0,0.512,7.55,powerplay_bowler
YS Chahal,Royal Challengers Bangalore,2022.0,15.82,89.6,52.71,False,False,utility_player,37.0,17.0,86.0,2.18,43.02,tailender,224.0,176.0,3869.0,1.273,8.13,middle_overs_bowler
YV Dhull,Delhi Capitals,2023.0,26.21,0.0,13.1,False,False,pure_batter,16.0,3.0,23.0,5.33,69.57,middle_order,,,,,,
YV Takawale,Mumbai Indians,2014.0,50.47,0.0,25.24,False,False,pure_batter,192.0,10.0,178.0,19.2,107.87,anchor_opener,,,,,,
Yash Dayal,Royal Challengers Bengaluru,2025.0,15.9,78.26,47.08,False,False,pure_bowler,4.0,4.0,9.0,1.0,44.44,tailender,41.0,43.0,871.0,0.953,9.73,powerplay_bowler
Yash Thakur,Lucknow Super Giants,2025.0,0.0,85.21,42.6,False,False,pure_bowler,,,,,,,25.0,21.0,443.0,1.19,10.59,death_bowler
Yashpal Singh,Kolkata Knight Riders,2009.0,29.04,0.0,14.52,False,False,pure_batter,47.0,4.0,66.0,11.75,71.21,middle_order,,,,,,
Younis Khan,Rajasthan Royals,2007.0,16.05,0.0,8.02,False,False,pure_batter,3.0,1.0,7.0,3.0,42.86,middle_order,,,,,,
Yudhvir Singh,Lucknow Super Giants,2024.0,50.05,76.42,63.24,False,False,pure_bowler,22.0,4.0,16.0,5.5,137.5,tailender,8.0,9.0,138.0,0.889,11.17,powerplay_bowler
Yuvraj Singh,Kings XI Punjab,2019.0,61.65,61.67,61.66,True,False,batting_allrounder,2754.0,126.0,2122.0,21.86,129.78,finisher,36.0,73.0,869.0,0.493,7.53,middle_overs_bowler
Z Khan,Royal Challengers Bangalore,2017.0,30.56,82.86,56.71,False,False,utility_player,117.0,27.0,141.0,4.33,82.98,tailender,102.0,99.0,2200.0,1.03,7.8,powerplay_bowler
Zeeshan Ansari,Sunrisers Hyderabad,2025.0,0.0,62.85,31.42,False,False,pure_bowler,,,,,,,6.0,10.0,203.0,0.6,9.87,middle_overs_bowler
