player,total_wickets,total_matches_bowled,total_balls_bowled,total_runs_conceded,total_wides,total_noballs,economy_rate,bowling_average,bowling_strike_rate,avg_wickets_per_match,bowling_consistency,two_plus_hauls,two_plus_haul_rate,bowling_dot_rate,wide_rate,noball_rate,pp_runs_conceded,mid_runs_conceded,death_runs_conceded,pp_balls_bowled,mid_balls_bowled,death_balls_bowled,pp_economy,mid_economy,death_economy,pp_workload_pct,mid_workload_pct,death_workload_pct,dominant_phase,bowling_role,wickets_in_wins,wickets_in_losses,balls_bowled_per_match,sample_reliability_score,team,season_start_year,eligible_for_model
A Ashish Reddy,18,20,262,400,6,2,9.16,22.22,14.56,0.9,0.79,3,0.15,0.302,0.3,0.1,20,211,169,6,155,101,20.0,8.17,10.04,0.023,0.592,0.385,middle,death_bowler,1.29,0.69,13.1,1.0,Sunrisers Hyderabad,2016,True
A Badoni,4,7,35,50,0,0,8.57,12.5,8.75,0.571,0.79,1,0.143,0.229,0.0,0.0,0,31,19,1,18,16,0.0,10.33,7.12,0.029,0.514,0.457,powerplay,part_time_bowler,1.0,0.25,5.0,0.583,Lucknow Super Giants,2025,True
A Chandila,11,12,234,245,0,0,6.28,22.27,21.27,0.917,1.24,3,0.25,0.44,0.0,0.0,139,100,6,144,84,6,5.79,7.14,6.0,0.615,0.359,0.026,powerplay,powerplay_bowler,1.29,0.4,19.5,1.0,Rajasthan Royals,2013,True
A Choudhary,5,5,101,144,6,1,8.55,28.8,20.2,1.0,0.71,1,0.2,0.416,1.2,0.2,46,58,40,36,41,24,7.67,8.49,10.0,0.356,0.406,0.238,powerplay,powerplay_bowler,,1.0,20.2,0.733,Royal Challengers Bangalore,2017,True
A Dananjaya,0,1,24,47,1,0,11.75,,,0.0,0.0,0,0.0,0.25,1.0,0.0,12,35,0,6,18,0,12.0,11.67,,0.25,0.75,0.0,middle,part_time_bowler,,0.0,24.0,0.162,Mumbai Indians,2018,False
A Flintoff,2,3,66,106,0,0,9.64,53.0,33.0,0.667,0.58,0,0.0,0.303,0.0,0.0,21,26,59,12,30,24,10.5,5.2,14.75,0.182,0.455,0.364,middle,death_bowler,1.0,0.5,22.0,0.462,Chennai Super Kings,2009,False
A Kamboj,20,16,301,477,10,6,9.51,23.85,15.05,1.25,0.93,5,0.312,0.389,0.625,0.375,303,90,84,198,54,49,9.18,10.0,10.29,0.658,0.179,0.163,powerplay,powerplay_bowler,1.83,0.9,18.81,1.0,Chennai Super Kings,2026,True
A Kumble,45,42,965,1089,13,5,6.77,24.2,21.44,1.071,1.26,11,0.262,0.388,0.31,0.119,90,782,217,108,690,167,5.0,6.8,7.8,0.112,0.715,0.173,powerplay,middle_overs_bowler,1.55,0.64,22.98,1.0,Royal Challengers Bangalore,2009,True
A Mishra,174,162,3371,4193,52,21,7.46,24.1,19.37,1.074,1.07,46,0.284,0.352,0.321,0.13,174,3188,831,138,2712,521,7.57,7.05,9.57,0.041,0.805,0.155,middle,middle_overs_bowler,1.33,0.85,20.81,1.0,Delhi Daredevils,2024,True
A Mithun,7,16,288,477,15,9,9.94,68.14,41.14,0.438,0.63,1,0.062,0.312,0.938,0.562,105,217,155,66,144,78,9.55,9.04,11.92,0.229,0.5,0.271,middle,middle_overs_bowler,0.44,0.43,18.0,1.0,Royal Challengers Bangalore,2013,True
A Nehra,106,88,1908,2537,57,9,7.98,23.93,18.0,1.205,1.06,29,0.33,0.418,0.648,0.102,1387,356,794,1093,288,527,7.61,7.42,9.04,0.573,0.151,0.276,middle,powerplay_bowler,1.54,0.91,21.68,1.0,Delhi Daredevils,2017,True
A Nel,1,1,18,31,0,0,10.33,31.0,18.0,1.0,0.0,0,0.0,0.389,0.0,0.0,12,11,8,6,6,6,12.0,11.0,8.0,0.333,0.333,0.333,death,part_time_bowler,,1.0,18.0,0.138,Mumbai Indians,2007,False
A Nortje,61,49,1120,1740,41,8,9.32,28.52,18.36,1.245,0.95,21,0.429,0.377,0.837,0.163,638,346,756,444,236,440,8.62,8.8,10.31,0.396,0.211,0.393,powerplay,death_bowler,1.57,1.0,22.86,1.0,Delhi Capitals,2026,True
A Singh,28,23,473,639,12,1,8.11,22.82,16.89,1.217,1.13,8,0.348,0.4,0.522,0.043,308,59,272,264,48,161,7.0,7.38,10.14,0.558,0.101,0.34,powerplay,death_bowler,1.67,0.73,20.57,1.0,Rajasthan Royals,2012,True
A Symonds,20,30,527,694,12,1,7.9,34.7,26.35,0.667,0.8,4,0.133,0.361,0.4,0.033,110,437,147,114,330,83,5.79,7.95,10.63,0.216,0.626,0.157,powerplay,middle_overs_bowler,0.93,0.4,17.57,1.0,Deccan Chargers,2011,True
A Uniyal,2,2,36,67,2,0,11.17,33.5,18.0,1.0,1.41,1,0.5,0.222,1.0,0.0,22,18,27,12,6,18,11.0,18.0,9.0,0.333,0.167,0.5,death,part_time_bowler,,1.0,18.0,0.275,Rajasthan Royals,2009,False
A Zampa,31,22,467,656,8,0,8.43,21.16,15.06,1.409,1.33,7,0.318,0.298,0.364,0.0,48,442,166,42,336,89,6.86,7.89,11.19,0.09,0.719,0.191,powerplay,middle_overs_bowler,1.27,1.55,21.23,1.0,Rajasthan Royals,2025,True
AA Chavan,8,13,248,339,7,0,8.2,42.38,31.0,0.615,0.77,2,0.154,0.403,0.538,0.0,164,143,32,144,90,14,6.83,9.53,13.71,0.581,0.363,0.056,powerplay,powerplay_bowler,0.67,0.57,19.08,1.0,Rajasthan Royals,2013,True
AA Jhunjhunwala,1,10,85,130,3,0,9.18,130.0,85.0,0.1,0.32,0,0.0,0.318,0.3,0.0,47,81,2,30,54,1,9.4,9.0,12.0,0.353,0.635,0.012,middle,powerplay_bowler,0.0,0.12,8.5,0.854,Rajasthan Royals,2012,True
AA Kazi,0,1,12,21,1,0,10.5,,,0.0,0.0,0,0.0,0.167,1.0,0.0,0,21,0,0,12,0,,10.5,,0.0,1.0,0.0,middle,part_time_bowler,0.0,,12.0,0.112,Royal Challengers Bangalore,2011,False
AA Noffke,1,1,24,41,1,0,10.25,41.0,24.0,1.0,0.0,0,0.0,0.25,1.0,0.0,23,7,11,6,6,12,23.0,7.0,5.5,0.25,0.25,0.5,death,part_time_bowler,,1.0,24.0,0.162,Royal Challengers Bangalore,2007,False
AB Agarkar,29,42,782,1174,36,2,9.01,40.48,26.97,0.69,0.84,8,0.19,0.325,0.857,0.048,295,568,311,180,420,182,9.83,8.11,10.25,0.23,0.537,0.233,middle,middle_overs_bowler,1.33,0.33,18.62,1.0,Kolkata Knight Riders,2013,True
AB Dinda,69,75,1516,2103,59,14,8.32,30.48,21.97,0.92,0.96,18,0.24,0.414,0.787,0.187,1010,326,767,810,294,412,7.48,6.65,11.17,0.534,0.194,0.272,middle,powerplay_bowler,1.24,0.72,20.21,1.0,Kolkata Knight Riders,2017,True
AB McDonald,11,10,186,263,2,0,8.48,23.91,16.91,1.1,0.88,4,0.4,0.269,0.2,0.0,64,148,51,42,114,30,9.14,7.79,10.2,0.226,0.613,0.161,middle,middle_overs_bowler,1.4,0.8,18.6,1.0,Delhi Daredevils,2013,True
AC Gilchrist,1,1,1,0,0,0,0.0,0.0,1.0,1.0,0.0,0,0.0,1.0,0.0,0.0,0,0,0,0,0,1,,,0.0,0.0,0.0,1.0,death,part_time_bowler,1.0,,1.0,0.067,Kings XI Punjab,2013,False
AC Thomas,14,15,315,416,10,2,7.92,29.71,22.5,0.933,0.96,4,0.267,0.4,0.667,0.133,196,27,193,180,24,111,6.53,6.75,10.43,0.571,0.076,0.352,powerplay,death_bowler,2.0,0.67,21.0,1.0,Pune Warriors,2012,True
AC Voges,0,7,54,76,2,0,8.44,,,0.0,0.0,0,0.0,0.278,0.286,0.0,26,45,5,12,36,6,13.0,7.5,5.0,0.222,0.667,0.111,death,part_time_bowler,0.0,0.0,7.71,0.662,Rajasthan Royals,2009,True
AD Mascarenhas,19,13,308,365,2,0,7.11,19.21,16.21,1.462,1.45,6,0.462,0.403,0.154,0.0,206,117,42,168,114,26,7.36,6.16,9.69,0.545,0.37,0.084,middle,powerplay_bowler,2.5,1.0,23.69,1.0,Rajasthan Royals,2013,True
AD Mathews,27,44,791,1095,15,1,8.31,40.56,29.3,0.614,0.87,4,0.091,0.283,0.341,0.023,185,685,225,126,510,155,8.81,8.06,8.71,0.159,0.645,0.196,middle,middle_overs_bowler,1.07,0.4,17.98,1.0,Pune Warriors,2017,True
AD Russell,123,121,1806,2909,66,13,9.66,23.65,14.68,1.017,1.09,33,0.273,0.339,0.545,0.107,584,1259,1066,407,813,586,8.61,9.29,10.91,0.225,0.45,0.324,powerplay,death_bowler,1.26,0.79,14.93,1.0,Kolkata Knight Riders,2025,True
AF Milne,7,10,207,339,9,1,9.83,48.43,29.57,0.7,0.82,2,0.2,0.333,0.9,0.1,158,90,91,96,54,57,9.88,10.0,9.58,0.464,0.261,0.275,death,powerplay_bowler,0.67,0.71,20.7,1.0,Royal Challengers Bangalore,2022,True
AG Murtaza,9,12,264,322,5,0,7.32,35.78,29.33,0.75,1.06,3,0.25,0.383,0.417,0.0,52,216,54,78,162,24,4.0,8.0,13.5,0.295,0.614,0.091,powerplay,middle_overs_bowler,1.29,0.0,22.0,1.0,Mumbai Indians,2013,True
AJ Finch,1,5,43,67,1,0,9.35,67.0,43.0,0.2,0.45,0,0.0,0.302,0.2,0.0,3,58,6,6,30,7,3.0,11.6,5.14,0.14,0.698,0.163,powerplay,part_time_bowler,0.0,0.25,8.6,0.492,Pune Warriors,2013,True
AJ Hosein,2,3,60,87,0,2,8.7,43.5,30.0,0.667,0.58,0,0.0,0.3,0.0,0.667,56,31,0,36,24,0,9.33,7.75,,0.6,0.4,0.0,middle,powerplay_bowler,0.67,,20.0,0.438,Chennai Super Kings,2026,False
AJ Tye,42,30,684,1005,27,3,8.82,23.93,16.29,1.4,1.45,13,0.433,0.304,0.9,0.1,260,282,463,192,204,288,8.12,8.29,9.65,0.281,0.298,0.421,powerplay,death_bowler,1.62,1.24,22.8,1.0,Kings XI Punjab,2022,True
AK Markram,6,21,203,303,3,1,8.96,50.5,33.83,0.286,0.56,1,0.048,0.251,0.143,0.048,59,228,16,42,150,11,8.43,9.12,8.73,0.207,0.739,0.054,powerplay,middle_overs_bowler,0.4,0.25,9.67,1.0,Sunrisers Hyderabad,2026,True
AL Menaria,3,12,110,144,3,0,7.85,48.0,36.67,0.25,0.62,1,0.083,0.364,0.25,0.0,55,41,48,48,42,20,6.88,5.86,14.4,0.436,0.382,0.182,middle,powerplay_bowler,0.5,0.12,9.17,0.958,Rajasthan Royals,2012,True
AM Ghazanfar,4,3,60,104,2,0,10.4,26.0,15.0,1.333,1.15,2,0.667,0.283,0.667,0.0,40,64,0,24,36,0,10.0,10.67,,0.4,0.6,0.0,powerplay,powerplay_bowler,0.0,2.0,20.0,0.438,Mumbai Indians,2026,False
AM Nayar,9,19,229,323,10,0,8.46,35.89,25.44,0.474,0.77,1,0.053,0.301,0.526,0.0,10,304,9,6,217,6,10.0,8.41,9.0,0.026,0.948,0.026,middle,middle_overs_bowler,0.75,0.27,12.05,1.0,Mumbai Indians,2013,True
AM Rahane,1,1,6,5,0,0,5.0,5.0,6.0,1.0,0.0,0,0.0,0.333,0.0,0.0,0,5,0,0,6,0,,5.0,,0.0,1.0,0.0,middle,part_time_bowler,1.0,,6.0,0.088,Mumbai Indians,2009,False
AM Salvi,7,7,150,205,6,0,8.2,29.29,21.43,1.0,0.82,2,0.286,0.38,0.857,0.0,79,80,46,66,54,30,7.18,8.89,9.2,0.44,0.36,0.2,powerplay,powerplay_bowler,1.0,1.0,21.43,0.938,Delhi Daredevils,2011,True
AN Ahmed,12,17,344,515,13,5,8.98,42.92,28.67,0.706,0.77,3,0.176,0.349,0.765,0.294,187,151,177,138,114,92,8.13,7.95,11.54,0.401,0.331,0.267,middle,powerplay_bowler,0.91,0.33,20.24,1.0,Mumbai Indians,2015,True
AP Dole,5,3,66,114,6,1,10.36,22.8,13.2,1.667,0.58,2,0.667,0.303,2.0,0.333,62,30,22,30,24,12,12.4,7.5,11.0,0.455,0.364,0.182,middle,powerplay_bowler,2.0,1.0,22.0,0.462,Rajasthan Royals,2009,False
AR Patel,131,164,3405,4252,52,0,7.49,32.46,25.99,0.799,0.82,31,0.189,0.326,0.317,0.0,849,2851,552,642,2393,370,7.93,7.15,8.95,0.189,0.703,0.109,middle,middle_overs_bowler,1.01,0.62,20.76,1.0,Delhi Capitals,2026,True
AS Joseph,21,22,434,707,19,1,9.77,33.67,20.67,0.955,1.36,5,0.227,0.373,0.864,0.045,182,310,215,108,198,128,10.11,9.39,10.08,0.249,0.456,0.295,middle,middle_overs_bowler,1.29,0.38,19.73,1.0,Gujarat Titans,2024,True
AS Rajpoot,24,29,529,844,28,10,9.57,35.17,22.04,0.828,1.14,5,0.172,0.363,0.966,0.345,419,222,203,270,157,102,9.31,8.48,11.94,0.51,0.297,0.193,middle,powerplay_bowler,0.67,0.94,18.24,1.0,Kings XI Punjab,2020,True
AS Raut,0,5,30,45,0,0,9.0,,,0.0,0.0,0,0.0,0.2,0.0,0.0,0,32,13,0,18,12,,10.67,6.5,0.0,0.6,0.4,death,part_time_bowler,0.0,0.0,6.0,0.438,Rajasthan Royals,2011,True
AS Roy,10,14,221,303,18,0,8.23,30.3,22.1,0.714,0.73,2,0.143,0.353,1.286,0.0,122,165,16,78,132,11,9.38,7.5,8.73,0.353,0.597,0.05,middle,powerplay_bowler,0.8,0.67,15.79,1.0,Kolkata Knight Riders,2026,True
AU Rashid,2,3,60,91,0,0,9.1,45.5,30.0,0.667,1.15,1,0.333,0.333,0.0,0.0,0,81,10,0,54,6,,9.0,10.0,0.0,0.9,0.1,middle,middle_overs_bowler,,0.67,20.0,0.438,Sunrisers Hyderabad,2023,False
AUK Pathan,0,3,39,63,2,0,9.69,,,0.0,0.0,0,0.0,0.231,0.667,0.0,0,35,28,0,24,15,,8.75,11.2,0.0,0.615,0.385,middle,part_time_bowler,0.0,0.0,13.0,0.35,Royal Challengers Bangalore,2012,False
Abdul Samad,2,7,57,125,1,0,13.16,62.5,28.5,0.286,0.49,0,0.0,0.211,0.143,0.0,0,93,32,0,48,9,,11.62,21.33,0.0,0.842,0.158,middle,part_time_bowler,0.5,0.2,8.14,0.675,Sunrisers Hyderabad,2026,True
Abdur Razzak,0,1,12,29,1,1,14.5,,,0.0,0.0,0,0.0,0.417,1.0,1.0,0,29,0,0,12,0,,14.5,,0.0,1.0,0.0,middle,part_time_bowler,,0.0,12.0,0.112,Royal Challengers Bangalore,2007,False
Abhinandan Singh,3,3,58,122,2,0,12.62,40.67,19.33,1.0,1.0,1,0.333,0.259,0.667,0.0,69,37,16,24,24,10,17.25,9.25,9.6,0.414,0.414,0.172,middle,part_time_bowler,1.5,0.0,19.33,0.429,Royal Challengers Bengaluru,2026,False
Abhishek Sharma,11,34,347,531,8,1,9.18,48.27,31.55,0.324,0.64,3,0.088,0.268,0.235,0.029,114,357,60,72,252,23,9.5,8.5,15.65,0.207,0.726,0.066,middle,middle_overs_bowler,0.4,0.26,10.21,1.0,Sunrisers Hyderabad,2026,True
Akash Deep,10,14,278,554,20,4,11.96,55.4,27.8,0.714,0.91,2,0.143,0.32,1.429,0.286,225,212,117,120,114,44,11.25,11.16,15.95,0.432,0.41,0.158,middle,powerplay_bowler,1.0,0.33,19.86,1.0,Royal Challengers Bangalore,2025,True
Akash Madhwal,24,17,352,598,17,7,10.19,24.92,14.67,1.412,1.62,6,0.353,0.298,1.0,0.412,105,233,260,78,138,136,8.08,10.13,11.47,0.222,0.392,0.386,powerplay,death_bowler,1.89,0.88,20.71,1.0,Mumbai Indians,2025,True
Akash Singh,9,10,205,326,3,0,9.54,36.22,22.78,0.9,0.74,2,0.2,0.356,0.3,0.0,223,76,27,145,48,12,9.23,9.5,13.5,0.707,0.234,0.059,powerplay,powerplay_bowler,0.8,1.0,20.5,1.0,Chennai Super Kings,2025,True
Aman Hakim Khan,0,1,6,13,0,0,13.0,,,0.0,0.0,0,0.0,0.167,0.0,0.0,0,13,0,0,6,0,,13.0,,0.0,1.0,0.0,middle,part_time_bowler,,0.0,6.0,0.088,Kolkata Knight Riders,2022,False
Anand Rajan,8,8,149,206,12,1,8.3,25.75,18.62,1.0,0.93,1,0.125,0.383,1.5,0.125,47,79,80,42,66,41,6.71,7.18,11.71,0.282,0.443,0.275,powerplay,middle_overs_bowler,1.25,0.75,18.62,1.0,Deccan Chargers,2013,True
Ankit Sharma,12,21,367,453,8,0,7.41,37.75,30.58,0.571,0.68,2,0.095,0.373,0.381,0.0,152,252,49,144,198,25,6.33,7.64,11.76,0.392,0.54,0.068,powerplay,powerplay_bowler,0.75,0.53,17.48,1.0,Deccan Chargers,2018,True
Ankit Soni,2,6,109,145,3,0,7.98,72.5,54.5,0.333,0.52,0,0.0,0.339,0.5,0.0,3,138,4,6,102,1,3.0,8.12,24.0,0.055,0.936,0.009,powerplay,middle_overs_bowler,0.5,0.25,18.17,0.829,Gujarat Lions,2017,True
Anureet Singh,18,22,412,636,11,7,9.26,35.33,22.89,0.818,0.96,6,0.273,0.337,0.5,0.318,199,194,243,162,120,130,7.37,9.7,11.22,0.393,0.291,0.316,powerplay,death_bowler,1.0,0.78,18.73,1.0,Kings XI Punjab,2018,True
Arjun Tendulkar,3,5,73,117,9,1,9.62,39.0,24.33,0.6,0.55,0,0.0,0.411,1.8,0.2,57,24,36,54,8,11,6.33,18.0,19.64,0.74,0.11,0.151,powerplay,powerplay_bowler,0.5,0.67,14.6,0.617,Mumbai Indians,2024,True
Arshad Khan,12,18,260,502,28,1,11.58,41.83,21.67,0.667,0.77,1,0.056,0.346,1.556,0.056,326,32,144,186,18,56,10.52,10.67,15.43,0.715,0.069,0.215,powerplay,powerplay_bowler,1.0,0.33,14.44,1.0,Gujarat Titans,2025,True
Arshad Khan (2),0,1,12,25,1,0,12.5,,,0.0,0.0,0,0.0,0.333,1.0,0.0,0,25,0,0,12,0,,12.5,,0.0,1.0,0.0,middle,part_time_bowler,,0.0,12.0,0.112,Lucknow Super Giants,2024,False
Arshdeep Singh,102,86,1822,2796,118,6,9.21,27.41,17.86,1.186,1.14,28,0.326,0.356,1.372,0.07,1312,463,1021,888,312,622,8.86,8.9,9.85,0.487,0.171,0.341,powerplay,death_bowler,1.38,1.0,21.19,1.0,Punjab Kings,2026,True
Ashok Sharma,4,4,84,149,7,0,10.64,37.25,21.0,1.0,0.82,1,0.25,0.357,1.75,0.0,61,27,61,24,24,36,15.25,6.75,10.17,0.286,0.286,0.429,middle,death_bowler,1.0,1.0,21.0,0.6,Gujarat Titans,2026,False
Ashwani Kumar,11,7,123,234,7,2,11.41,21.27,11.18,1.571,1.27,3,0.429,0.285,1.0,0.286,61,78,95,30,54,39,12.2,8.67,14.62,0.244,0.439,0.317,middle,death_bowler,2.0,1.25,17.57,0.938,Mumbai Indians,2025,True
Atharva Taide,0,1,1,4,0,0,24.0,,,0.0,0.0,0,0.0,0.0,0.0,0.0,0,0,4,0,0,1,,,24.0,0.0,0.0,1.0,death,part_time_bowler,,0.0,1.0,0.067,Punjab Kings,2024,False
Auqib Nabi,0,1,12,17,1,0,8.5,,,0.0,0.0,0,0.0,0.333,1.0,0.0,17,0,0,12,0,0,8.5,,,1.0,0.0,0.0,powerplay,part_time_bowler,,0.0,12.0,0.112,Delhi Capitals,2026,False
Avesh Khan,93,79,1703,2625,63,4,9.25,28.23,18.31,1.177,1.06,27,0.342,0.351,0.797,0.051,935,660,1030,593,480,630,9.46,8.25,9.81,0.348,0.282,0.37,middle,death_bowler,1.3,1.03,21.56,1.0,Lucknow Super Giants,2026,True
Azhar Mahmood,29,23,537,707,10,5,7.9,24.38,18.52,1.261,1.21,12,0.522,0.371,0.435,0.217,163,205,339,144,186,207,6.79,6.61,9.83,0.268,0.346,0.385,middle,death_bowler,1.75,0.73,23.35,1.0,Kings XI Punjab,2015,True
Azmatullah Omarzai,12,15,288,476,12,0,9.92,39.67,24.0,0.8,0.86,4,0.267,0.33,0.8,0.0,266,114,96,162,78,48,9.85,8.77,12.0,0.562,0.271,0.167,middle,powerplay_bowler,1.25,0.29,19.2,1.0,Punjab Kings,2025,True
B Akhil,6,13,188,246,4,1,7.85,41.0,31.33,0.462,0.78,2,0.154,0.319,0.308,0.077,12,141,93,6,132,50,12.0,6.41,11.16,0.032,0.702,0.266,middle,middle_overs_bowler,0.62,0.2,14.46,1.0,Royal Challengers Bangalore,2011,True
B Chipli,0,1,6,20,0,0,20.0,,,0.0,0.0,0,0.0,0.167,0.0,0.0,0,20,0,0,6,0,,20.0,,0.0,1.0,0.0,middle,part_time_bowler,,0.0,6.0,0.088,Deccan Chargers,2011,False
B Geeves,1,2,48,91,1,0,11.38,91.0,48.0,0.5,0.71,0,0.0,0.312,0.5,0.0,50,31,10,24,18,6,12.5,10.33,10.0,0.5,0.375,0.125,death,part_time_bowler,0.5,,24.0,0.325,Delhi Daredevils,2007,False
B Kumar,205,195,4342,5718,150,13,7.9,27.89,21.18,1.051,1.04,55,0.282,0.412,0.769,0.067,2703,614,2401,2393,434,1515,6.78,8.49,9.51,0.551,0.1,0.349,powerplay,death_bowler,1.33,0.82,22.27,1.0,Sunrisers Hyderabad,2026,True
B Laughlin,10,9,168,284,10,1,10.14,28.4,16.8,1.111,0.93,4,0.444,0.25,1.111,0.111,61,83,140,36,61,71,10.17,8.16,11.83,0.214,0.363,0.423,middle,death_bowler,1.67,0.83,18.67,1.0,Rajasthan Royals,2018,True
B Lee,25,38,875,1126,28,13,7.72,45.04,35.0,0.658,0.75,4,0.105,0.427,0.737,0.342,580,81,465,486,78,311,7.16,6.23,8.97,0.555,0.089,0.355,middle,death_bowler,0.71,0.59,23.03,1.0,Kolkata Knight Riders,2013,True
B Muzarabani,4,2,42,79,2,0,11.29,19.75,10.5,2.0,2.83,1,0.5,0.286,1.0,0.0,40,14,25,18,12,12,13.33,7.0,12.5,0.429,0.286,0.286,middle,part_time_bowler,,2.0,21.0,0.3,Kolkata Knight Riders,2026,False
B Stanlake,7,6,144,200,6,0,8.33,28.57,20.57,1.167,0.98,3,0.5,0.444,1.0,0.0,111,78,11,84,54,6,7.93,8.67,11.0,0.583,0.375,0.042,powerplay,powerplay_bowler,1.75,0.0,24.0,0.875,Sunrisers Hyderabad,2018,True
BA Bhatt,12,15,296,408,6,1,8.27,34.0,24.67,0.8,1.21,4,0.267,0.314,0.4,0.067,116,194,98,96,137,63,7.25,8.5,9.33,0.324,0.463,0.213,powerplay,powerplay_bowler,1.12,0.43,19.73,1.0,Kings XI Punjab,2013,True
BA Stokes,28,38,689,1023,30,4,8.91,36.54,24.61,0.737,1.0,9,0.237,0.331,0.789,0.105,290,388,345,186,299,204,9.35,7.79,10.15,0.27,0.434,0.296,middle,middle_overs_bowler,0.89,0.6,18.13,1.0,Rajasthan Royals,2023,True
BAW Mendis,8,10,244,306,3,1,7.52,38.25,30.5,0.8,0.79,2,0.2,0.311,0.3,0.1,67,161,78,58,132,54,6.93,7.32,8.67,0.238,0.541,0.221,powerplay,middle_overs_bowler,1.0,0.71,24.4,1.0,Kolkata Knight Riders,2013,True
BB Sran,18,24,483,767,30,3,9.53,42.61,26.83,0.75,0.85,4,0.167,0.348,1.25,0.125,357,269,141,228,168,87,9.39,9.61,9.72,0.472,0.348,0.18,powerplay,powerplay_bowler,0.88,0.5,20.12,1.0,Sunrisers Hyderabad,2019,True
BCJ Cutting,10,17,281,430,7,0,9.18,43.0,28.1,0.588,0.71,2,0.118,0.274,0.412,0.0,68,215,147,42,163,76,9.71,7.91,11.61,0.149,0.58,0.27,middle,middle_overs_bowler,0.67,0.4,16.53,1.0,Mumbai Indians,2019,True
BE Hendricks,9,7,150,239,6,1,9.56,26.56,16.67,1.286,0.95,2,0.286,0.347,0.857,0.143,108,51,80,60,36,54,10.8,8.5,8.89,0.4,0.24,0.36,middle,death_bowler,1.33,1.25,21.43,0.938,Kings XI Punjab,2015,True
BJ Hodge,17,20,234,310,4,0,7.95,18.24,13.76,0.85,1.09,3,0.15,0.321,0.2,0.0,56,231,23,36,180,18,9.33,7.7,7.67,0.154,0.769,0.077,death,middle_overs_bowler,0.86,0.85,11.7,1.0,Kolkata Knight Riders,2013,True
BJ Rohrer,0,1,6,12,1,0,12.0,,,0.0,0.0,0,0.0,0.167,1.0,0.0,0,12,0,0,6,0,,12.0,,0.0,1.0,0.0,middle,part_time_bowler,,0.0,6.0,0.088,Delhi Daredevils,2013,False
BMAJ Mendis,1,2,30,36,0,0,7.2,36.0,30.0,0.5,0.71,0,0.0,0.367,0.0,0.0,0,36,0,0,30,0,,7.2,,0.0,1.0,0.0,middle,part_time_bowler,,0.5,15.0,0.25,Delhi Daredevils,2013,False
BW Hilfenhaus,22,17,372,497,15,3,8.02,22.59,16.91,1.294,0.77,6,0.353,0.465,0.882,0.176,260,54,183,240,36,96,6.5,9.0,11.44,0.645,0.097,0.258,powerplay,powerplay_bowler,1.33,1.2,21.88,1.0,Chennai Super Kings,2014,True
Basil Thampi,22,25,521,862,17,1,9.93,39.18,23.68,0.88,0.97,6,0.24,0.292,0.68,0.04,257,269,336,162,186,173,9.52,8.68,11.65,0.311,0.357,0.332,middle,death_bowler,1.14,0.78,20.84,1.0,Gujarat Lions,2022,True
Bipul Sharma,17,28,426,581,10,0,8.18,34.18,25.06,0.607,0.63,2,0.071,0.308,0.357,0.0,77,418,86,74,318,34,6.24,7.89,15.18,0.174,0.746,0.08,powerplay,middle_overs_bowler,0.69,0.53,15.21,1.0,Sunrisers Hyderabad,2017,True
Brijesh Sharma,3,2,42,55,2,0,7.86,18.33,14.0,1.5,0.71,1,0.5,0.31,1.0,0.0,6,40,9,6,30,6,6.0,8.0,9.0,0.143,0.714,0.143,powerplay,part_time_bowler,1.5,,21.0,0.3,Rajasthan Royals,2026,False
C Bosch,2,3,61,95,4,0,9.34,47.5,30.5,0.667,0.58,0,0.0,0.475,1.333,0.0,11,68,16,6,36,19,11.0,11.33,5.05,0.098,0.59,0.311,death,middle_overs_bowler,0.5,1.0,20.33,0.442,Mumbai Indians,2026,False
C Ganapathy,0,1,6,13,0,0,13.0,,,0.0,0.0,0,0.0,0.167,0.0,0.0,0,13,0,0,6,0,,13.0,,0.0,1.0,0.0,middle,part_time_bowler,0.0,,6.0,0.088,Chennai Super Kings,2009,False
C Green,17,31,463,734,24,2,9.51,43.18,27.24,0.548,0.72,4,0.129,0.335,0.774,0.065,174,350,210,108,252,103,9.67,8.33,12.23,0.233,0.544,0.222,middle,middle_overs_bowler,0.5,0.6,14.94,1.0,Mumbai Indians,2026,True
C Munro,0,2,12,15,0,0,7.5,,,0.0,0.0,0,0.0,0.417,0.0,0.0,0,15,0,0,12,0,,7.5,,0.0,1.0,0.0,middle,part_time_bowler,0.0,,6.0,0.175,Kolkata Knight Riders,2016,False
C Nanda,2,3,48,58,2,0,7.25,29.0,24.0,0.667,0.58,0,0.0,0.271,0.667,0.0,0,50,8,0,42,6,,7.14,8.0,0.0,0.875,0.125,middle,part_time_bowler,1.0,0.5,16.0,0.388,Mumbai Indians,2009,False
C Sakariya,20,20,444,649,30,5,8.77,32.45,22.2,1.0,0.97,5,0.25,0.329,1.5,0.25,227,185,237,198,120,126,6.88,9.25,11.29,0.446,0.27,0.284,powerplay,powerplay_bowler,0.86,1.08,22.2,1.0,Rajasthan Royals,2025,True
C de Grandhomme,6,19,216,323,12,2,8.97,53.83,36.0,0.316,0.75,1,0.053,0.269,0.632,0.105,13,280,30,12,190,14,6.5,8.84,12.86,0.056,0.88,0.065,powerplay,middle_overs_bowler,0.45,0.12,11.37,1.0,Royal Challengers Bangalore,2019,True
CH Gayle,18,38,554,755,27,3,8.18,41.94,30.78,0.474,0.76,4,0.105,0.325,0.711,0.079,169,352,234,120,282,152,8.45,7.49,9.24,0.217,0.509,0.274,middle,middle_overs_bowler,0.68,0.26,14.58,1.0,Royal Challengers Bangalore,2020,True
CH Morris,96,81,1726,2377,70,5,8.26,24.76,17.98,1.185,1.15,26,0.321,0.387,0.864,0.062,900,518,959,684,396,646,7.89,7.85,8.91,0.396,0.229,0.374,middle,death_bowler,1.39,1.0,21.31,1.0,Delhi Daredevils,2021,True
CJ Anderson,11,22,297,525,18,0,10.61,47.73,27.0,0.5,0.67,2,0.091,0.266,0.818,0.0,121,203,201,71,138,88,10.23,8.83,13.7,0.239,0.465,0.296,middle,middle_overs_bowler,0.44,0.54,13.5,1.0,Mumbai Indians,2018,True
CJ Dala,0,1,18,34,1,0,11.33,,,0.0,0.0,0,0.0,0.389,1.0,0.0,17,17,0,6,12,0,17.0,8.5,,0.333,0.667,0.0,middle,part_time_bowler,,0.0,18.0,0.138,Delhi Daredevils,2018,False
CJ Green,0,1,17,24,0,0,8.47,,,0.0,0.0,0,0.0,0.353,0.0,0.0,16,0,8,12,0,5,8.0,,9.6,0.706,0.0,0.294,powerplay,part_time_bowler,,0.0,17.0,0.133,Kolkata Knight Riders,2020,False
CJ Jordan,30,34,674,1111,38,5,9.89,37.03,22.47,0.882,1.04,7,0.206,0.306,1.118,0.147,243,326,542,150,246,278,9.72,7.95,11.7,0.223,0.365,0.412,middle,death_bowler,1.18,0.59,19.82,1.0,Kings XI Punjab,2023,True
CJ McKay,1,2,42,60,0,0,8.57,60.0,42.0,0.5,0.71,0,0.0,0.333,0.0,0.0,26,14,20,12,18,12,13.0,4.67,10.0,0.286,0.429,0.286,middle,part_time_bowler,1.0,0.0,21.0,0.3,Mumbai Indians,2012,False
CK Kapugedera,0,3,17,49,0,0,17.29,,,0.0,0.0,0,0.0,0.0,0.0,0.0,0,34,15,0,11,6,,18.55,15.0,0.0,0.647,0.353,death,part_time_bowler,0.0,0.0,5.67,0.258,Chennai Super Kings,2007,False
CK Langeveldt,13,7,156,199,8,1,7.65,15.31,12.0,1.857,0.69,5,0.714,0.442,1.143,0.143,99,37,63,84,24,48,7.07,9.25,7.88,0.538,0.154,0.308,powerplay,death_bowler,1.8,2.0,22.29,0.938,Kolkata Knight Riders,2011,True
CL White,1,6,42,86,4,0,12.29,86.0,42.0,0.167,0.41,0,0.0,0.19,0.667,0.0,0,86,0,0,42,0,,12.29,,0.0,1.0,0.0,middle,part_time_bowler,0.0,0.2,7.0,0.55,Royal Challengers Bangalore,2013,True
CR Brathwaite,13,16,254,384,9,3,9.07,29.54,19.54,0.812,0.98,4,0.25,0.291,0.562,0.188,30,259,95,24,174,56,7.5,8.93,10.18,0.094,0.685,0.22,powerplay,middle_overs_bowler,1.5,0.4,15.88,1.0,Delhi Daredevils,2019,True
CR Woakes,30,21,440,674,22,1,9.19,22.47,14.67,1.429,0.98,10,0.476,0.366,1.048,0.048,249,135,290,162,120,158,9.22,6.75,11.01,0.368,0.273,0.359,middle,death_bowler,1.17,1.78,20.95,1.0,Kolkata Knight Riders,2021,True
CRD Fernando,17,10,234,306,11,4,7.85,18.0,13.76,1.7,1.06,6,0.6,0.423,1.1,0.4,90,84,132,78,72,84,6.92,7.0,9.43,0.333,0.308,0.359,powerplay,death_bowler,2.0,1.25,23.4,1.0,Mumbai Indians,2009,True
CV Varun,100,86,1942,2537,38,8,7.84,25.37,19.42,1.163,1.07,29,0.337,0.365,0.442,0.093,518,1586,433,384,1254,304,8.09,7.59,8.55,0.198,0.646,0.157,middle,middle_overs_bowler,1.6,0.75,22.58,1.0,Kolkata Knight Riders,2026,True
D Brevis,1,1,3,8,0,0,16.0,8.0,3.0,1.0,0.0,0,0.0,0.333,0.0,0.0,0,0,8,0,0,3,,,16.0,0.0,0.0,1.0,death,part_time_bowler,,1.0,3.0,0.075,Mumbai Indians,2022,False
D Jansen,1,1,24,53,4,0,13.25,53.0,24.0,1.0,0.0,0,0.0,0.25,4.0,0.0,16,13,24,6,6,12,16.0,13.0,12.0,0.25,0.25,0.5,death,part_time_bowler,1.0,,24.0,0.162,Mumbai Indians,2023,False
D Kalyankrishna,2,3,48,88,2,0,11.0,44.0,24.0,0.667,0.58,0,0.0,0.208,0.667,0.0,0,71,17,0,42,6,,10.14,17.0,0.0,0.875,0.125,middle,part_time_bowler,0.0,1.0,16.0,0.388,Deccan Chargers,2007,False
D Pretorius,6,7,150,242,16,0,9.68,40.33,25.0,0.857,0.9,2,0.286,0.28,2.286,0.0,0,93,149,0,78,72,,7.15,12.42,0.0,0.52,0.48,middle,death_bowler,0.33,1.25,21.43,0.938,Chennai Super Kings,2023,True
D Salunkhe,1,5,47,80,3,1,10.21,80.0,47.0,0.2,0.45,0,0.0,0.277,0.6,0.2,0,73,7,0,41,6,,10.68,7.0,0.0,0.872,0.128,death,part_time_bowler,0.33,0.0,9.4,0.508,Rajasthan Royals,2007,True
D Wiese,16,15,296,447,10,1,9.06,27.94,18.5,1.067,1.16,5,0.333,0.277,0.667,0.067,87,252,108,72,162,62,7.25,9.33,10.45,0.243,0.547,0.209,powerplay,middle_overs_bowler,1.0,1.12,19.73,1.0,Royal Challengers Bangalore,2023,True
D du Preez,4,2,42,56,0,1,8.0,14.0,10.5,2.0,1.41,1,0.5,0.429,0.0,0.5,12,28,16,18,18,6,4.0,9.33,16.0,0.429,0.429,0.143,powerplay,part_time_bowler,3.0,1.0,21.0,0.3,Royal Challengers Bangalore,2009,False
DA Payne,2,2,30,70,1,0,14.0,35.0,15.0,1.0,1.41,1,0.5,0.167,0.5,0.0,43,27,0,12,18,0,21.5,9.0,,0.4,0.6,0.0,middle,part_time_bowler,0.0,2.0,15.0,0.25,Sunrisers Hyderabad,2026,False
DA Warner,0,1,1,2,1,0,12.0,,,0.0,0.0,0,0.0,0.0,1.0,0.0,0,2,0,0,1,0,,12.0,,0.0,1.0,0.0,middle,part_time_bowler,0.0,,1.0,0.067,Sunrisers Hyderabad,2020,False
DAJ Bracewell,3,1,24,32,1,0,8.0,10.67,8.0,3.0,0.0,1,1.0,0.417,1.0,0.0,7,15,10,6,12,6,7.0,7.5,10.0,0.25,0.5,0.25,powerplay,part_time_bowler,,3.0,24.0,0.162,Delhi Daredevils,2012,False
DB Ravi Teja,1,2,18,28,0,0,9.33,28.0,18.0,0.5,0.71,0,0.0,0.222,0.0,0.0,0,28,0,0,18,0,,9.33,,0.0,1.0,0.0,middle,part_time_bowler,,0.5,9.0,0.2,Deccan Chargers,2011,False
DE Bollinger,37,27,576,716,22,2,7.46,19.35,15.57,1.37,1.08,11,0.407,0.441,0.815,0.074,404,15,297,324,18,234,7.48,5.0,7.62,0.562,0.031,0.406,middle,death_bowler,1.63,0.75,21.33,1.0,Chennai Super Kings,2012,True
DG Nalkande,6,6,84,150,4,1,10.71,25.0,14.0,1.0,0.89,2,0.333,0.262,0.667,0.167,22,97,31,12,54,18,11.0,10.78,10.33,0.143,0.643,0.214,death,middle_overs_bowler,1.0,1.0,14.0,0.725,Gujarat Titans,2024,True
DJ Bravo,183,158,3120,4436,167,9,8.53,24.24,17.05,1.158,1.0,55,0.348,0.32,1.057,0.057,304,1934,2198,228,1507,1385,8.0,7.7,9.52,0.073,0.483,0.444,middle,death_bowler,1.24,1.05,19.75,1.0,Chennai Super Kings,2022,True
DJ Harris,0,2,18,26,0,0,8.67,,,0.0,0.0,0,0.0,0.222,0.0,0.0,0,16,10,0,12,6,,8.0,10.0,0.0,0.667,0.333,middle,part_time_bowler,,0.0,9.0,0.2,Deccan Chargers,2012,False
DJ Hooda,10,34,379,550,12,0,8.71,55.0,37.9,0.294,0.52,1,0.029,0.269,0.353,0.0,96,359,95,72,264,43,8.0,8.16,13.26,0.19,0.697,0.113,powerplay,middle_overs_bowler,0.2,0.37,11.15,1.0,Sunrisers Hyderabad,2025,True
DJ Hussey,8,26,317,485,6,0,9.18,60.62,39.62,0.308,0.62,2,0.077,0.271,0.231,0.0,58,310,117,36,228,53,9.67,8.16,13.25,0.114,0.719,0.167,middle,middle_overs_bowler,0.31,0.31,12.19,1.0,Kolkata Knight Riders,2014,True
DJ Mitchell,1,4,48,97,3,0,12.12,97.0,48.0,0.25,0.5,0,0.0,0.104,0.75,0.0,0,97,0,0,48,0,,12.12,,0.0,1.0,0.0,middle,part_time_bowler,0.5,0.0,12.0,0.45,Rajasthan Royals,2024,False
DJ Muthuswami,4,6,84,108,0,0,7.71,27.0,21.0,0.667,0.82,1,0.167,0.524,0.0,0.0,99,8,1,72,6,6,8.25,8.0,1.0,0.857,0.071,0.071,death,powerplay_bowler,0.33,1.0,14.0,0.725,Delhi Daredevils,2015,True
DJ Thornely,3,4,42,40,2,0,5.71,13.33,14.0,0.75,0.96,1,0.25,0.452,0.5,0.0,0,40,0,0,42,0,,5.71,,0.0,1.0,0.0,middle,part_time_bowler,0.75,,10.5,0.425,Mumbai Indians,2007,False
DJ Willey,6,11,216,277,5,0,7.69,46.17,36.0,0.545,0.69,1,0.091,0.366,0.455,0.0,155,58,64,138,42,36,6.74,8.29,10.67,0.639,0.194,0.167,powerplay,powerplay_bowler,0.5,0.6,19.64,1.0,Royal Challengers Bangalore,2023,True
DJG Sammy,11,19,236,354,6,2,9.0,32.18,21.45,0.579,1.07,3,0.158,0.305,0.316,0.105,34,208,112,24,162,50,8.5,7.7,13.44,0.102,0.686,0.212,middle,middle_overs_bowler,0.89,0.3,12.42,1.0,Sunrisers Hyderabad,2015,True
DJM Short,1,2,18,23,0,0,7.67,23.0,18.0,0.5,0.71,0,0.0,0.389,0.0,0.0,0,23,0,0,18,0,,7.67,,0.0,1.0,0.0,middle,part_time_bowler,1.0,0.0,9.0,0.2,Rajasthan Royals,2018,False
DL Chahar,89,98,1954,2708,90,7,8.32,30.43,21.96,0.908,1.0,24,0.245,0.423,0.918,0.071,2070,346,292,1527,252,175,8.13,8.24,10.01,0.781,0.129,0.09,powerplay,powerplay_bowler,1.02,0.75,19.94,1.0,Chennai Super Kings,2026,True
DL Vettori,28,34,777,894,8,0,6.9,31.93,27.75,0.824,0.83,5,0.147,0.347,0.235,0.0,98,573,223,90,522,165,6.53,6.59,8.11,0.116,0.672,0.212,powerplay,middle_overs_bowler,1.26,0.27,22.85,1.0,Royal Challengers Bangalore,2012,True
DNT Zoysa,2,3,66,100,1,2,9.09,50.0,33.0,0.667,0.58,0,0.0,0.364,0.333,0.667,45,21,34,36,12,18,7.5,10.5,11.33,0.545,0.182,0.273,powerplay,powerplay_bowler,1.0,0.5,22.0,0.462,Deccan Chargers,2007,False
DP Nannes,28,29,646,815,39,4,7.57,29.11,23.07,0.966,0.91,7,0.241,0.441,1.345,0.138,377,125,313,342,96,208,6.61,7.81,9.03,0.529,0.149,0.322,powerplay,death_bowler,1.11,0.7,22.28,1.0,Delhi Daredevils,2013,True
DP Vijaykumar,4,9,152,205,5,2,8.09,51.25,38.0,0.444,0.53,0,0.0,0.414,0.556,0.222,126,24,55,102,24,26,7.41,6.0,12.69,0.671,0.158,0.171,middle,powerplay_bowler,1.0,0.38,16.89,1.0,Deccan Chargers,2007,True
DR Sams,14,16,360,528,27,2,8.8,37.71,25.71,0.875,1.15,2,0.125,0.394,1.688,0.125,214,163,151,180,114,66,7.13,8.58,13.73,0.5,0.317,0.183,powerplay,powerplay_bowler,0.83,0.9,22.5,1.0,Mumbai Indians,2022,True
DR Smith,26,46,539,825,14,4,9.18,31.73,20.73,0.565,0.89,5,0.109,0.312,0.304,0.087,123,544,158,66,402,71,11.18,8.12,13.35,0.122,0.746,0.132,middle,middle_overs_bowler,0.8,0.38,11.72,1.0,Gujarat Lions,2017,True
DS Kulkarni,86,92,1787,2513,82,7,8.44,29.22,20.78,0.935,0.97,23,0.25,0.415,0.891,0.076,1291,626,596,1018,425,344,7.61,8.84,10.4,0.57,0.238,0.193,powerplay,powerplay_bowler,1.14,0.76,19.42,1.0,Rajasthan Royals,2021,True
DS Rathi,17,17,408,589,9,2,8.66,34.65,24.0,1.0,0.71,4,0.235,0.289,0.529,0.118,162,329,98,114,234,60,8.53,8.44,9.8,0.279,0.574,0.147,middle,middle_overs_bowler,0.86,1.1,24.0,1.0,Lucknow Super Giants,2026,True
DT Christian,38,49,883,1218,36,3,8.28,32.05,23.24,0.776,0.77,10,0.204,0.335,0.735,0.061,256,582,380,180,492,211,8.53,7.1,10.81,0.204,0.557,0.239,middle,middle_overs_bowler,0.78,0.77,18.02,1.0,Deccan Chargers,2021,True
DW Steyn,97,95,2182,2583,93,7,7.1,26.63,22.49,1.021,1.0,32,0.337,0.467,0.979,0.074,1229,459,895,1140,408,634,6.47,6.75,8.47,0.522,0.187,0.291,powerplay,powerplay_bowler,1.36,0.79,22.97,1.0,Sunrisers Hyderabad,2020,True
E Malinga,18,12,250,402,17,0,9.65,22.33,13.89,1.5,0.9,7,0.583,0.328,1.417,0.0,103,169,130,54,114,82,11.44,8.89,9.51,0.216,0.456,0.328,middle,death_bowler,2.17,0.83,20.83,1.0,Sunrisers Hyderabad,2026,True
F du Plessis,0,1,6,16,0,0,16.0,,,0.0,0.0,0,0.0,0.0,0.0,0.0,0,0,16,0,0,6,,,16.0,0.0,0.0,1.0,death,part_time_bowler,0.0,,6.0,0.088,Chennai Super Kings,2012,False
FA Allen,2,4,90,136,1,0,9.07,68.0,45.0,0.5,0.58,0,0.0,0.289,0.25,0.0,32,104,0,18,72,0,10.67,8.67,,0.2,0.8,0.0,middle,middle_overs_bowler,0.0,1.0,22.5,0.625,Punjab Kings,2022,False
FH Edwards,5,6,140,160,9,1,6.86,32.0,28.0,0.833,0.75,1,0.167,0.5,1.5,0.167,61,14,85,78,12,50,4.69,7.0,10.2,0.557,0.086,0.357,powerplay,death_bowler,1.0,0.5,23.33,0.875,Deccan Chargers,2009,True
FY Fazal,0,2,12,20,0,0,10.0,,,0.0,0.0,0,0.0,0.083,0.0,0.0,0,0,20,0,0,12,,,10.0,0.0,0.0,1.0,death,part_time_bowler,0.0,0.0,6.0,0.175,Rajasthan Royals,2009,False
Fazalhaq Farooqi,6,12,254,440,12,0,10.39,73.33,42.33,0.5,0.8,2,0.167,0.315,1.0,0.0,197,119,124,132,72,50,8.95,9.92,14.88,0.52,0.283,0.197,powerplay,powerplay_bowler,0.0,0.55,21.17,1.0,Sunrisers Hyderabad,2025,True
G Coetzee,15,14,273,490,18,1,10.77,32.67,18.2,1.071,1.21,3,0.214,0.33,1.286,0.071,120,187,183,66,108,99,10.91,10.39,11.09,0.242,0.396,0.363,middle,death_bowler,2.0,0.56,19.5,1.0,Mumbai Indians,2025,True
GB Hogg,23,21,458,585,7,1,7.66,25.43,19.91,1.095,1.09,6,0.286,0.347,0.333,0.048,54,410,121,48,318,92,6.75,7.74,7.89,0.105,0.694,0.201,powerplay,middle_overs_bowler,1.38,0.92,21.81,1.0,Kolkata Knight Riders,2016,True
GC Viljoen,7,6,138,229,8,0,9.96,32.71,19.71,1.167,0.75,2,0.333,0.312,1.333,0.0,55,82,92,36,60,42,9.17,8.2,13.14,0.261,0.435,0.304,middle,death_bowler,1.5,1.0,23.0,0.875,Kings XI Punjab,2019,True
GD McGrath,12,14,324,366,4,1,6.78,30.5,27.0,0.857,1.17,3,0.214,0.472,0.286,0.071,218,28,120,222,24,78,5.89,7.0,9.23,0.685,0.074,0.241,powerplay,powerplay_bowler,1.43,0.29,23.14,1.0,Delhi Daredevils,2007,True
GD Phillips,2,4,30,40,1,0,8.0,20.0,15.0,0.5,0.58,0,0.0,0.333,0.25,0.0,4,36,0,6,24,0,4.0,9.0,,0.2,0.8,0.0,powerplay,part_time_bowler,0.0,0.67,7.5,0.375,Rajasthan Royals,2023,False
GF Linde,0,2,25,37,0,0,8.88,,,0.0,0.0,0,0.0,0.24,0.0,0.0,0,33,4,0,24,1,,8.25,24.0,0.0,0.96,0.04,middle,part_time_bowler,,0.0,12.5,0.229,Lucknow Super Giants,2026,False
GH Vihari,1,6,42,48,1,0,6.86,48.0,42.0,0.167,0.41,0,0.0,0.405,0.167,0.0,34,14,0,24,18,0,8.5,4.67,,0.571,0.429,0.0,middle,part_time_bowler,0.0,0.25,7.0,0.55,Sunrisers Hyderabad,2019,True
GHS Garton,3,5,90,136,5,2,9.07,45.33,30.0,0.6,0.55,0,0.0,0.344,1.0,0.4,108,11,17,60,12,18,10.8,5.5,5.67,0.667,0.133,0.2,middle,powerplay_bowler,0.67,0.5,18.0,0.688,Royal Challengers Bangalore,2021,True
GJ Maxwell,41,85,1022,1422,25,0,8.35,34.68,24.93,0.482,0.65,7,0.082,0.321,0.294,0.0,379,948,95,258,702,62,8.81,8.1,9.19,0.252,0.687,0.061,middle,middle_overs_bowler,0.67,0.3,12.02,1.0,Kings XI Punjab,2025,True
GR Napier,1,1,24,28,0,0,7.0,28.0,24.0,1.0,0.0,0,0.0,0.333,0.0,0.0,3,25,0,6,18,0,3.0,8.33,,0.25,0.75,0.0,powerplay,part_time_bowler,1.0,,24.0,0.162,Mumbai Indians,2009,False
GS Sandhu,1,2,48,86,0,0,10.75,86.0,48.0,0.5,0.71,0,0.0,0.188,0.0,0.0,7,29,50,6,18,24,7.0,9.67,12.5,0.125,0.375,0.5,powerplay,part_time_bowler,1.0,0.0,24.0,0.325,Delhi Daredevils,2015,False
Gagandeep Singh,3,4,84,142,0,0,10.14,47.33,28.0,0.75,0.5,0,0.0,0.298,0.0,0.0,7,71,64,6,54,24,7.0,7.89,16.0,0.071,0.643,0.286,powerplay,middle_overs_bowler,0.75,,21.0,0.6,Kings XI Punjab,2007,False
Gulbadin Naib,0,1,6,12,0,0,12.0,,,0.0,0.0,0,0.0,0.167,0.0,0.0,0,12,0,0,6,0,,12.0,,0.0,1.0,0.0,middle,part_time_bowler,0.0,,6.0,0.088,Delhi Capitals,2024,False
Gurjapneet Singh,1,2,31,62,2,0,12.0,62.0,31.0,0.5,0.71,0,0.0,0.29,1.0,0.0,0,43,19,0,24,7,,10.75,16.29,0.0,0.774,0.226,middle,part_time_bowler,0.5,,15.5,0.254,Chennai Super Kings,2026,False
Gurkeerat Singh,5,6,78,97,4,0,7.46,19.4,15.6,0.833,0.98,2,0.333,0.333,0.667,0.0,19,78,0,12,66,0,9.5,7.09,,0.154,0.846,0.0,middle,middle_overs_bowler,0.0,1.0,13.0,0.7,Kings XI Punjab,2016,True
Gurnoor Brar,0,1,18,42,1,2,14.0,,,0.0,0.0,0,0.0,0.389,1.0,2.0,18,24,0,12,6,0,9.0,24.0,,0.667,0.333,0.0,powerplay,part_time_bowler,,0.0,18.0,0.138,Punjab Kings,2023,False
H Sharma,0,2,30,62,0,0,12.4,,,0.0,0.0,0,0.0,0.067,0.0,0.0,0,62,0,0,30,0,,12.4,,0.0,1.0,0.0,middle,part_time_bowler,,0.0,15.0,0.25,Royal Challengers Bengaluru,2024,False
HF Gurney,7,8,162,239,6,1,8.85,34.14,23.14,0.875,0.83,2,0.25,0.309,0.75,0.125,66,62,111,66,42,54,6.0,8.86,12.33,0.407,0.259,0.333,powerplay,death_bowler,1.67,0.4,20.25,1.0,Kolkata Knight Riders,2019,True
HH Pandya,80,111,1700,2676,82,9,9.44,33.45,21.25,0.721,0.96,20,0.18,0.332,0.739,0.081,656,1388,632,414,970,316,9.51,8.59,12.0,0.244,0.571,0.186,middle,middle_overs_bowler,0.67,0.79,15.32,1.0,Mumbai Indians,2026,True
HR Shokeen,5,13,204,320,7,2,9.41,64.0,40.8,0.385,0.77,2,0.154,0.382,0.538,0.154,67,229,24,54,144,6,7.44,9.54,24.0,0.265,0.706,0.029,powerplay,middle_overs_bowler,0.71,0.0,15.69,1.0,Mumbai Indians,2023,True
HV Patel,151,119,2470,3747,126,21,9.1,24.81,16.36,1.269,1.13,42,0.353,0.325,1.059,0.176,616,1675,1456,390,1230,850,9.48,8.17,10.28,0.158,0.498,0.344,middle,death_bowler,1.49,1.05,20.76,1.0,Royal Challengers Bangalore,2026,True
Harbhajan Singh,150,160,3416,4101,76,4,7.2,27.34,22.77,0.938,1.0,43,0.269,0.37,0.475,0.025,928,2791,382,773,2370,273,7.2,7.07,8.4,0.226,0.694,0.08,middle,middle_overs_bowler,1.12,0.69,21.35,1.0,Mumbai Indians,2021,True
Harmeet Singh,27,28,549,747,21,4,8.16,27.67,20.33,0.964,0.96,8,0.286,0.366,0.75,0.143,147,422,178,96,324,129,9.19,7.81,8.28,0.175,0.59,0.235,middle,middle_overs_bowler,1.07,0.85,19.61,1.0,Deccan Chargers,2013,True
Harpreet Brar,35,46,811,1097,14,1,8.12,31.34,23.17,0.761,1.04,9,0.196,0.332,0.304,0.022,234,764,99,138,618,55,10.17,7.42,10.8,0.17,0.762,0.068,middle,middle_overs_bowler,1.1,0.48,17.63,1.0,Punjab Kings,2025,True
Harsh Dubey,10,8,150,229,6,0,9.16,22.9,15.0,1.25,0.89,2,0.25,0.3,0.75,0.0,79,139,11,48,90,12,9.88,9.27,5.5,0.32,0.6,0.08,death,powerplay_bowler,1.2,1.33,18.75,1.0,Sunrisers Hyderabad,2026,True
Harshit Rana,40,32,649,1047,26,4,9.68,26.18,16.23,1.25,1.02,15,0.469,0.381,0.812,0.125,481,309,257,294,198,157,9.82,9.36,9.82,0.453,0.305,0.242,middle,powerplay_bowler,1.59,0.87,20.28,1.0,Kolkata Knight Riders,2025,True
I Malhotra,0,1,6,23,0,0,23.0,,,0.0,0.0,0,0.0,0.0,0.0,0.0,0,23,0,0,6,0,,23.0,,0.0,1.0,0.0,middle,part_time_bowler,,0.0,6.0,0.088,Deccan Chargers,2011,False
I Sharma,96,117,2419,3465,104,23,8.59,36.09,25.2,0.821,0.92,25,0.214,0.413,0.889,0.197,1942,652,871,1521,432,466,7.66,9.06,11.21,0.629,0.179,0.193,powerplay,powerplay_bowler,0.96,0.7,20.68,1.0,Delhi Capitals,2025,True
I Udana,8,10,174,286,8,0,9.86,35.75,21.75,0.8,0.79,2,0.2,0.259,0.8,0.0,104,87,95,54,60,60,11.56,8.7,9.5,0.31,0.345,0.345,middle,death_bowler,0.8,0.8,17.4,1.0,Royal Challengers Bangalore,2020,True
IC Pandey,18,24,462,609,5,2,7.91,33.83,25.67,0.75,0.68,3,0.125,0.459,0.208,0.083,312,230,67,264,162,36,7.09,8.52,11.17,0.571,0.351,0.078,powerplay,powerplay_bowler,0.78,0.67,19.25,1.0,Chennai Super Kings,2015,True
IC Porel,1,1,24,42,2,0,10.5,42.0,24.0,1.0,0.0,0,0.0,0.292,2.0,0.0,26,16,0,12,12,0,13.0,8.0,,0.5,0.5,0.0,middle,part_time_bowler,,1.0,24.0,0.162,Punjab Kings,2021,False
IK Pathan,80,101,2043,2711,69,1,7.96,33.89,25.54,0.792,0.85,20,0.198,0.409,0.683,0.01,1104,831,776,918,636,489,7.22,7.84,9.52,0.449,0.311,0.239,powerplay,powerplay_bowler,1.02,0.61,20.23,1.0,Delhi Daredevils,2017,True
IS Sodhi,9,8,181,204,1,0,6.76,22.67,20.11,1.125,0.83,1,0.125,0.354,0.125,0.0,17,179,8,12,162,7,8.5,6.63,6.86,0.066,0.895,0.039,middle,middle_overs_bowler,1.0,1.2,22.62,1.0,Rajasthan Royals,2019,True
Imran Tahir,82,59,1316,1729,23,1,7.88,21.09,16.05,1.39,1.19,24,0.407,0.332,0.39,0.017,85,1151,493,54,941,321,9.44,7.34,9.21,0.041,0.715,0.244,middle,middle_overs_bowler,1.5,1.28,22.31,1.0,Chennai Super Kings,2021,True
Iqbal Abdulla,40,48,920,1125,23,0,7.34,28.12,23.0,0.833,0.95,10,0.208,0.36,0.479,0.0,293,658,174,276,525,119,6.37,7.52,8.77,0.3,0.571,0.129,powerplay,powerplay_bowler,1.04,0.57,19.17,1.0,Kolkata Knight Riders,2017,True
Ishan Kishan,0,1,1,4,0,0,24.0,,,0.0,0.0,0,0.0,0.0,0.0,0.0,0,0,4,0,0,1,,,24.0,0.0,0.0,1.0,death,part_time_bowler,,0.0,1.0,0.067,Sunrisers Hyderabad,2025,False
J Botha,25,34,694,818,15,0,7.07,32.72,27.76,0.735,0.79,5,0.147,0.366,0.441,0.0,255,425,138,192,396,106,7.97,6.44,7.81,0.277,0.571,0.153,middle,middle_overs_bowler,0.76,0.71,20.41,1.0,Rajasthan Royals,2015,True
J Little,11,11,228,341,8,0,8.97,31.0,20.73,1.0,1.18,2,0.182,0.36,0.727,0.0,122,129,90,78,96,54,9.38,8.06,10.0,0.342,0.421,0.237,middle,powerplay_bowler,0.86,1.25,20.73,1.0,Gujarat Titans,2024,True
J Overton,5,7,102,192,9,0,11.29,38.4,20.4,0.714,1.5,1,0.143,0.314,1.286,0.0,59,73,60,24,48,30,14.75,9.12,12.0,0.235,0.471,0.294,middle,middle_overs_bowler,1.33,0.25,14.57,0.862,Chennai Super Kings,2026,True
J Suchith,19,21,420,604,14,0,8.63,31.79,22.11,0.905,0.7,4,0.19,0.333,0.667,0.0,104,473,27,72,336,12,8.67,8.45,13.5,0.171,0.8,0.029,middle,middle_overs_bowler,1.08,0.67,20.0,1.0,Mumbai Indians,2022,True
J Syed Mohammad,8,11,192,286,4,0,8.94,35.75,24.0,0.727,0.79,2,0.182,0.245,0.364,0.0,14,239,33,18,156,18,4.67,9.19,11.0,0.094,0.812,0.094,powerplay,middle_overs_bowler,0.57,1.0,17.45,1.0,Royal Challengers Bangalore,2013,True
J Theron,11,10,221,311,12,2,8.44,28.27,20.09,1.1,1.2,2,0.2,0.308,1.2,0.2,102,57,152,65,54,102,9.42,6.33,8.94,0.294,0.244,0.462,middle,death_bowler,1.33,1.0,22.1,1.0,Kings XI Punjab,2015,True
J Yadav,8,20,390,447,6,2,6.88,55.88,48.75,0.4,0.5,0,0.0,0.392,0.3,0.1,205,220,22,162,210,18,7.59,6.29,7.33,0.415,0.538,0.046,middle,powerplay_bowler,0.42,0.38,19.5,1.0,Delhi Daredevils,2023,True
JA Duffy,6,3,72,139,7,1,11.58,23.17,12.0,2.0,1.0,2,0.667,0.403,2.333,0.333,90,14,35,48,12,12,11.25,7.0,17.5,0.667,0.167,0.167,middle,powerplay_bowler,2.0,,24.0,0.488,Royal Challengers Bengaluru,2026,False
JA Morkel,85,87,1723,2409,71,13,8.39,28.34,20.27,0.977,0.93,23,0.264,0.375,0.816,0.149,1300,597,512,900,498,325,8.67,7.19,9.45,0.522,0.289,0.189,middle,powerplay_bowler,1.11,0.83,19.8,1.0,Chennai Super Kings,2016,True
JA Richardson,3,4,90,162,4,0,10.8,54.0,30.0,0.75,0.96,1,0.25,0.333,1.0,0.0,54,69,39,30,42,18,10.8,9.86,13.0,0.333,0.467,0.2,middle,powerplay_bowler,1.0,0.67,22.5,0.625,Punjab Kings,2024,False
JC Archer,66,57,1320,1801,53,10,8.19,27.29,20.0,1.158,1.0,19,0.333,0.432,0.93,0.175,687,302,812,600,240,480,6.87,7.55,10.15,0.455,0.182,0.364,powerplay,death_bowler,1.29,1.06,23.16,1.0,Rajasthan Royals,2026,True
JD Ryder,8,16,236,314,5,0,7.98,39.25,29.5,0.5,0.63,1,0.062,0.335,0.312,0.0,7,251,56,6,204,26,7.0,7.38,12.92,0.025,0.864,0.11,powerplay,middle_overs_bowler,0.71,0.33,14.75,1.0,Pune Warriors,2012,True
JD Unadkat,114,115,2351,3541,66,1,9.04,31.06,20.62,0.991,1.09,31,0.27,0.322,0.574,0.009,1136,1176,1229,852,834,665,8.0,8.46,11.09,0.362,0.355,0.283,powerplay,powerplay_bowler,1.25,0.77,20.44,1.0,Rajasthan Royals,2026,True
JDP Oram,9,14,237,362,6,1,9.16,40.22,26.33,0.643,1.01,3,0.214,0.333,0.429,0.071,173,78,111,108,54,75,9.61,8.67,8.88,0.456,0.228,0.316,middle,death_bowler,0.62,0.67,16.93,1.0,Chennai Super Kings,2013,True
JDS Neesham,8,13,216,342,6,0,9.5,42.75,27.0,0.615,0.96,2,0.154,0.292,0.462,0.0,67,235,40,36,168,12,11.17,8.39,20.0,0.167,0.778,0.056,middle,middle_overs_bowler,1.0,0.29,16.62,1.0,Kings XI Punjab,2022,True
JE Root,0,1,12,15,0,0,7.5,,,0.0,0.0,0,0.0,0.083,0.0,0.0,0,15,0,0,12,0,,7.5,,0.0,1.0,0.0,middle,part_time_bowler,0.0,,12.0,0.112,Rajasthan Royals,2023,False
JE Taylor,6,5,117,167,4,1,8.56,27.83,19.5,1.2,1.3,2,0.4,0.41,0.8,0.2,51,20,96,48,18,51,6.38,6.67,11.29,0.41,0.154,0.436,powerplay,death_bowler,,1.2,23.4,0.8,Pune Warriors,2011,True
JEC Franklin,9,15,151,225,2,2,8.94,25.0,16.78,0.6,0.74,2,0.133,0.258,0.133,0.133,20,163,42,12,115,24,10.0,8.5,10.5,0.079,0.762,0.159,middle,middle_overs_bowler,0.67,0.33,10.07,1.0,Mumbai Indians,2012,True
JH Kallis,65,89,1742,2348,48,9,8.09,36.12,26.8,0.73,0.86,20,0.225,0.345,0.539,0.101,640,1091,617,516,866,360,7.44,7.56,10.28,0.296,0.497,0.207,powerplay,middle_overs_bowler,0.93,0.52,19.57,1.0,Kolkata Knight Riders,2014,True
JJ Bumrah,186,150,3473,4327,87,35,7.48,23.26,18.67,1.24,1.24,55,0.367,0.4,0.58,0.233,1378,1017,1932,1192,906,1375,6.94,6.74,8.43,0.343,0.261,0.396,middle,death_bowler,1.51,0.96,23.15,1.0,Mumbai Indians,2026,True
JJ van der Wath,3,3,72,134,2,2,11.17,44.67,24.0,1.0,1.0,1,0.333,0.403,0.667,0.667,41,44,49,30,18,24,8.2,14.67,12.25,0.417,0.25,0.333,powerplay,death_bowler,,1.0,24.0,0.488,Royal Challengers Bangalore,2011,False
JL Pattinson,11,10,213,321,9,0,9.04,29.18,19.36,1.1,0.99,5,0.5,0.362,0.9,0.0,149,112,60,102,72,39,8.76,9.33,9.23,0.479,0.338,0.183,powerplay,powerplay_bowler,1.33,0.75,21.3,1.0,Mumbai Indians,2020,True
JM Kemp,3,5,44,58,3,0,7.91,19.33,14.67,0.6,1.34,1,0.2,0.341,0.6,0.0,0,57,1,0,43,1,,7.95,6.0,0.0,0.977,0.023,death,part_time_bowler,1.0,0.0,8.8,0.496,Chennai Super Kings,2009,True
JO Holder,53,46,995,1489,51,3,8.98,28.09,18.77,1.152,1.19,17,0.37,0.323,1.109,0.065,519,467,503,348,345,302,8.95,8.12,9.99,0.35,0.347,0.304,middle,death_bowler,0.88,1.45,21.63,1.0,Sunrisers Hyderabad,2023,True
JP Behrendorff,19,17,366,563,13,0,9.23,29.63,19.26,1.118,0.99,5,0.294,0.38,0.765,0.0,337,99,127,240,66,60,8.42,9.0,12.7,0.656,0.18,0.164,powerplay,powerplay_bowler,1.4,0.71,21.53,1.0,Mumbai Indians,2023,True
JP Duminy,23,49,678,847,23,0,7.5,36.83,29.48,0.469,0.79,4,0.082,0.345,0.469,0.0,207,553,87,162,462,54,7.67,7.18,9.67,0.239,0.681,0.08,middle,middle_overs_bowler,0.76,0.31,13.84,1.0,Delhi Daredevils,2018,True
JP Faulkner,61,60,1238,1849,44,5,8.96,30.31,20.3,1.017,1.23,14,0.233,0.322,0.733,0.083,496,551,802,371,400,467,8.02,8.26,10.3,0.3,0.323,0.377,powerplay,death_bowler,1.0,1.03,20.63,1.0,Rajasthan Royals,2017,True
JPR Scantlebury-Searles,2,3,42,89,3,0,12.71,44.5,21.0,0.667,0.58,0,0.0,0.167,1.0,0.0,13,56,20,6,30,6,13.0,11.2,20.0,0.143,0.714,0.143,middle,part_time_bowler,0.67,,14.0,0.362,Kolkata Knight Riders,2018,False
JR Hazlewood,60,41,915,1286,24,2,8.43,21.43,15.25,1.463,1.19,20,0.488,0.431,0.585,0.049,643,201,442,510,151,254,7.56,7.99,10.44,0.557,0.165,0.278,powerplay,powerplay_bowler,2.0,0.78,22.32,1.0,Royal Challengers Bangalore,2026,True
JR Hopes,14,20,360,562,9,0,9.37,40.14,25.71,0.7,0.66,2,0.1,0.292,0.45,0.0,26,320,216,18,234,108,8.67,8.21,12.0,0.05,0.65,0.3,middle,death_bowler,0.78,0.64,18.0,1.0,Kings XI Punjab,2011,True
JW Hastings,3,3,58,66,2,1,6.83,22.0,19.33,1.0,1.0,1,0.333,0.534,0.667,0.333,50,7,9,36,12,10,8.33,3.5,5.4,0.621,0.207,0.172,middle,part_time_bowler,2.0,0.5,19.33,0.429,Kolkata Knight Riders,2016,False
Jalaj S Saxena,0,1,18,27,0,0,9.0,,,0.0,0.0,0,0.0,0.278,0.0,0.0,10,17,0,6,12,0,10.0,8.5,,0.333,0.667,0.0,middle,part_time_bowler,,0.0,18.0,0.138,Punjab Kings,2021,False
Jaskaran Singh,6,7,102,174,5,4,10.24,29.0,17.0,0.857,0.9,2,0.286,0.382,0.714,0.571,53,46,75,42,30,30,7.57,9.2,15.0,0.412,0.294,0.294,powerplay,powerplay_bowler,0.5,1.0,14.57,0.862,Deccan Chargers,2009,True
Joginder Sharma,12,15,256,421,9,7,9.87,35.08,21.33,0.8,0.68,2,0.133,0.277,0.6,0.467,48,267,106,24,180,52,12.0,8.9,12.23,0.094,0.703,0.203,middle,middle_overs_bowler,1.33,0.44,17.07,1.0,Chennai Super Kings,2011,True
K Goel,0,6,66,94,1,0,8.55,,,0.0,0.0,0,0.0,0.288,0.167,0.0,0,94,0,0,66,0,,8.55,,0.0,1.0,0.0,middle,middle_overs_bowler,0.0,0.0,11.0,0.65,Kings XI Punjab,2009,True
K Gowtham,21,35,588,825,11,0,8.42,39.29,28.0,0.6,0.74,5,0.143,0.35,0.314,0.0,393,381,51,270,294,24,8.73,7.78,12.75,0.459,0.5,0.041,middle,powerplay_bowler,0.57,0.62,16.8,1.0,Rajasthan Royals,2024,True
K Kartikeya,12,16,282,412,8,0,8.77,34.33,23.5,0.75,0.77,3,0.188,0.301,0.5,0.0,16,347,49,6,252,24,16.0,8.26,12.25,0.021,0.894,0.085,middle,middle_overs_bowler,0.7,0.83,17.62,1.0,Mumbai Indians,2025,True
K Khejroliya,6,8,139,250,7,2,10.79,41.67,23.17,0.75,0.89,2,0.25,0.259,0.875,0.25,64,119,67,30,78,31,12.8,9.15,12.97,0.216,0.561,0.223,middle,middle_overs_bowler,1.33,0.4,17.38,1.0,Royal Challengers Bangalore,2025,True
K Rabada,126,88,2001,2978,76,13,8.93,23.63,15.88,1.432,1.14,39,0.443,0.386,0.864,0.148,1262,646,1070,867,498,636,8.73,7.78,10.09,0.433,0.249,0.318,middle,death_bowler,1.68,1.21,22.74,1.0,Delhi Capitals,2026,True
K Santokie,3,2,48,91,3,0,11.38,30.33,16.0,1.5,0.71,1,0.5,0.312,1.5,0.0,31,5,55,18,6,24,10.33,5.0,13.75,0.375,0.125,0.5,middle,part_time_bowler,1.5,,24.0,0.325,Mumbai Indians,2014,False
K Upadhyay,0,3,54,81,2,0,9.0,,,0.0,0.0,0,0.0,0.37,0.667,0.0,59,22,0,36,18,0,9.83,7.33,,0.667,0.333,0.0,middle,part_time_bowler,,0.0,18.0,0.412,Pune Warriors,2013,False
K Yadav,2,3,54,85,0,0,9.44,42.5,27.0,0.667,0.58,0,0.0,0.241,0.0,0.0,26,31,28,18,24,12,8.67,7.75,14.0,0.333,0.444,0.222,middle,part_time_bowler,1.0,0.5,18.0,0.412,Rajasthan Royals,2023,False
KA Jamieson,14,13,258,418,12,3,9.72,29.86,18.43,1.077,1.04,3,0.231,0.399,0.923,0.231,221,74,123,150,54,54,8.84,8.22,13.67,0.581,0.209,0.209,middle,powerplay_bowler,1.0,1.2,19.85,1.0,Royal Challengers Bangalore,2025,True
KA Maharaj,2,2,36,39,0,0,6.5,19.5,18.0,1.0,1.41,1,0.5,0.306,0.0,0.0,8,31,0,6,30,0,8.0,6.2,,0.167,0.833,0.0,middle,part_time_bowler,2.0,0.0,18.0,0.275,Rajasthan Royals,2024,False
KA Pollard,69,107,1488,2200,90,8,8.87,31.88,21.57,0.645,0.83,15,0.14,0.272,0.841,0.075,61,1526,613,36,1115,337,10.17,8.21,10.91,0.024,0.749,0.226,middle,middle_overs_bowler,0.79,0.44,13.91,1.0,Mumbai Indians,2022,True
KAJ Roach,0,2,48,80,3,1,10.0,,,0.0,0.0,0,0.0,0.417,1.5,0.5,20,16,44,18,12,18,6.67,8.0,14.67,0.375,0.25,0.375,powerplay,part_time_bowler,,0.0,24.0,0.325,Deccan Chargers,2009,False
KC Cariappa,8,11,216,349,6,2,9.69,43.62,27.0,0.727,0.79,2,0.182,0.282,0.545,0.182,65,260,24,36,162,18,10.83,9.63,8.0,0.167,0.75,0.083,death,middle_overs_bowler,0.75,0.71,19.64,1.0,Kings XI Punjab,2019,True
KH Pandya,100,137,2500,3182,68,3,7.64,31.82,25.0,0.73,0.97,30,0.219,0.316,0.496,0.022,732,2170,280,552,1746,202,7.96,7.46,8.32,0.221,0.698,0.081,middle,middle_overs_bowler,0.89,0.49,18.25,1.0,Mumbai Indians,2026,True
KJ Abbott,2,5,96,182,5,1,11.38,91.0,48.0,0.4,0.55,0,0.0,0.292,1.0,0.2,73,56,53,42,30,24,10.43,11.2,13.25,0.438,0.312,0.25,powerplay,powerplay_bowler,1.0,0.25,19.2,0.712,Kings XI Punjab,2016,True
KK Ahmed,91,76,1657,2521,76,8,9.13,27.7,18.21,1.197,1.01,29,0.382,0.412,1.0,0.105,1380,372,769,978,264,415,8.47,8.45,11.12,0.59,0.159,0.25,middle,powerplay_bowler,1.52,1.0,21.8,1.0,Delhi Capitals,2026,True
KK Cooper,33,25,576,789,23,1,8.22,23.91,17.45,1.32,1.22,10,0.4,0.319,0.92,0.04,115,272,402,96,216,264,7.19,7.56,9.14,0.167,0.375,0.458,powerplay,death_bowler,2.0,0.69,23.04,1.0,Rajasthan Royals,2014,True
KL Nagarkoti,5,11,180,287,5,0,9.57,57.4,36.0,0.455,0.69,1,0.091,0.278,0.455,0.0,45,184,58,30,120,30,9.0,9.2,11.6,0.167,0.667,0.167,powerplay,middle_overs_bowler,0.57,0.25,16.36,1.0,Kolkata Knight Riders,2022,True
KM Asif,7,7,133,232,8,2,10.47,33.14,19.0,1.0,0.82,2,0.286,0.346,1.143,0.286,71,96,65,42,66,25,10.14,8.73,15.6,0.316,0.496,0.188,middle,powerplay_bowler,1.0,1.0,19.0,0.938,Rajasthan Royals,2023,True
KMA Paul,9,8,163,239,12,5,8.8,26.56,18.11,1.125,1.36,3,0.375,0.319,1.5,0.625,16,145,78,6,108,49,16.0,8.06,9.55,0.037,0.663,0.301,middle,death_bowler,1.8,0.0,20.38,1.0,Delhi Capitals,2019,True
KMDN Kulasekara,5,5,102,122,5,0,7.18,24.4,20.4,1.0,0.71,1,0.2,0.441,1.0,0.0,82,8,32,66,6,30,7.45,8.0,6.4,0.647,0.059,0.294,death,powerplay_bowler,1.33,0.5,20.4,0.738,Chennai Super Kings,2012,True
KP Appanna,9,13,216,291,6,0,8.08,32.33,24.0,0.692,1.11,1,0.077,0.315,0.462,0.0,28,237,26,18,186,12,9.33,7.65,13.0,0.083,0.861,0.056,middle,middle_overs_bowler,1.0,0.43,16.62,1.0,Royal Challengers Bangalore,2012,True
KP Pietersen,7,13,174,218,6,0,7.52,31.14,24.86,0.538,0.66,1,0.077,0.31,0.462,0.0,20,159,39,18,132,24,6.67,7.23,9.75,0.103,0.759,0.138,powerplay,middle_overs_bowler,0.2,0.75,13.38,1.0,Royal Challengers Bangalore,2012,True
KR Mayers,0,6,42,59,2,2,8.43,,,0.0,0.0,0,0.0,0.333,0.333,0.333,43,16,0,36,6,0,7.17,16.0,,0.857,0.143,0.0,powerplay,part_time_bowler,0.0,0.0,7.0,0.55,Lucknow Super Giants,2023,True
KR Sen,14,12,241,396,12,2,9.86,28.29,17.21,1.167,1.27,3,0.25,0.344,1.0,0.167,66,192,138,42,138,61,9.43,8.35,13.57,0.174,0.573,0.253,middle,middle_overs_bowler,1.33,1.0,20.08,1.0,Rajasthan Royals,2024,True
KS Williamson,0,2,18,31,0,0,10.33,,,0.0,0.0,0,0.0,0.111,0.0,0.0,7,24,0,6,12,0,7.0,12.0,,0.333,0.667,0.0,powerplay,part_time_bowler,,0.0,9.0,0.2,Sunrisers Hyderabad,2020,False
KT Maphaka,2,4,66,148,5,0,13.45,74.0,33.0,0.5,0.58,0,0.0,0.333,1.25,0.0,83,31,34,42,12,12,11.86,15.5,17.0,0.636,0.182,0.182,powerplay,powerplay_bowler,0.0,0.67,16.5,0.525,Mumbai Indians,2025,False
KV Sharma,83,87,1585,2263,26,0,8.57,27.27,19.1,0.954,0.99,22,0.253,0.32,0.299,0.0,191,1855,217,156,1308,121,7.35,8.51,10.76,0.098,0.825,0.076,powerplay,middle_overs_bowler,1.13,0.76,18.22,1.0,Sunrisers Hyderabad,2025,True
KW Richardson,19,15,335,479,10,0,8.58,25.21,17.63,1.267,0.8,5,0.333,0.385,0.667,0.0,196,77,206,168,54,113,7.0,8.56,10.94,0.501,0.161,0.337,powerplay,death_bowler,1.83,0.89,22.33,1.0,Rajasthan Royals,2021,True
Kamran Khan,10,9,166,248,10,1,8.96,24.8,16.6,1.111,1.36,3,0.333,0.38,1.111,0.111,133,56,59,84,48,34,9.5,7.0,10.41,0.506,0.289,0.205,middle,powerplay_bowler,1.0,1.12,18.44,1.0,Rajasthan Royals,2011,True
Karanveer Singh,12,9,204,323,9,0,9.5,26.92,17.0,1.333,1.5,4,0.444,0.314,1.0,0.0,26,244,53,12,168,24,13.0,8.71,13.25,0.059,0.824,0.118,middle,middle_overs_bowler,1.33,1.33,22.67,1.0,Kings XI Punjab,2015,True
Karim Janat,0,1,6,30,0,0,30.0,,,0.0,0.0,0,0.0,0.0,0.0,0.0,0,30,0,0,6,0,,30.0,,0.0,1.0,0.0,middle,part_time_bowler,,0.0,6.0,0.088,Gujarat Titans,2025,False
Kartik Tyagi,20,24,512,878,31,9,10.29,43.9,25.6,0.833,0.64,3,0.125,0.346,1.292,0.375,303,295,280,162,192,158,11.22,9.22,10.63,0.316,0.375,0.309,middle,death_bowler,0.86,0.82,21.33,1.0,Rajasthan Royals,2026,True
Kuldeep Yadav,105,100,2142,2934,43,3,8.22,27.94,20.4,1.05,1.07,29,0.29,0.3,0.43,0.03,88,2359,487,60,1736,346,8.8,8.15,8.45,0.028,0.81,0.162,middle,middle_overs_bowler,1.32,0.81,21.42,1.0,Delhi Capitals,2026,True
L Ablish,3,3,42,76,3,0,10.86,25.33,14.0,1.0,1.0,1,0.333,0.238,1.0,0.0,26,31,19,12,12,18,13.0,15.5,6.33,0.286,0.286,0.429,death,part_time_bowler,1.5,0.0,14.0,0.362,Kings XI Punjab,2011,False
L Balaji,76,73,1512,2083,58,4,8.27,27.41,19.89,1.041,1.15,19,0.26,0.355,0.795,0.055,538,668,877,450,560,502,7.17,7.16,10.48,0.298,0.37,0.332,middle,death_bowler,1.4,0.55,20.71,1.0,Kolkata Knight Riders,2014,True
L Ngidi,34,20,466,667,19,2,8.59,19.62,13.71,1.7,1.13,9,0.45,0.382,0.95,0.1,245,134,288,186,96,184,7.9,8.38,9.39,0.399,0.206,0.395,powerplay,death_bowler,2.15,0.86,23.3,1.0,Chennai Super Kings,2026,True
L Wood,1,2,36,94,1,1,15.67,94.0,36.0,0.5,0.71,0,0.0,0.222,0.5,0.5,26,23,45,12,12,12,13.0,11.5,22.5,0.333,0.333,0.333,middle,part_time_bowler,,0.5,18.0,0.275,Mumbai Indians,2024,False
LA Carseldine,1,1,6,6,1,0,6.0,6.0,6.0,1.0,0.0,0,0.0,0.667,1.0,0.0,6,0,0,6,0,0,6.0,,,1.0,0.0,0.0,powerplay,part_time_bowler,1.0,,6.0,0.088,Rajasthan Royals,2009,False
LB Williams,1,2,36,74,4,2,12.33,74.0,36.0,0.5,0.71,0,0.0,0.333,2.0,1.0,56,4,14,24,6,6,14.0,4.0,14.0,0.667,0.167,0.167,middle,part_time_bowler,0.0,1.0,18.0,0.275,Delhi Capitals,2024,False
LE Plunkett,4,7,150,228,4,0,9.12,57.0,37.5,0.571,1.13,1,0.143,0.26,0.571,0.0,72,85,71,42,60,48,10.29,8.5,8.88,0.28,0.4,0.32,middle,death_bowler,0.0,1.0,21.43,0.938,Delhi Daredevils,2018,True
LH Ferguson,54,49,1026,1558,43,9,9.11,28.85,19.0,1.102,1.14,14,0.286,0.366,0.878,0.184,398,600,560,269,444,313,8.88,8.11,10.73,0.262,0.433,0.305,middle,death_bowler,1.29,0.86,20.94,1.0,Kolkata Knight Riders,2025,True
LI Meriwala,1,1,18,32,0,1,10.67,32.0,18.0,1.0,0.0,0,0.0,0.333,0.0,1.0,28,4,0,12,6,0,14.0,4.0,,0.667,0.333,0.0,middle,part_time_bowler,1.0,,18.0,0.138,Delhi Capitals,2021,False
LJ Wright,2,6,71,125,4,0,10.56,62.5,35.5,0.333,0.52,0,0.0,0.197,0.667,0.0,12,68,45,6,42,23,12.0,9.71,11.74,0.085,0.592,0.324,middle,middle_overs_bowler,0.0,0.4,11.83,0.671,Pune Warriors,2013,True
LMP Simmons,1,1,18,34,0,0,11.33,34.0,18.0,1.0,0.0,0,0.0,0.111,0.0,0.0,0,10,24,0,6,12,,10.0,12.0,0.0,0.333,0.667,middle,part_time_bowler,,1.0,18.0,0.138,Mumbai Indians,2014,False
LPC Silva,0,1,6,21,0,0,21.0,,,0.0,0.0,0,0.0,0.0,0.0,0.0,0,0,21,0,0,6,,,21.0,0.0,0.0,1.0,death,part_time_bowler,,0.0,6.0,0.088,Deccan Chargers,2007,False
LR Shukla,15,27,314,458,10,2,8.75,30.53,20.93,0.556,0.85,2,0.074,0.347,0.37,0.074,51,284,123,26,210,78,11.77,8.11,9.46,0.083,0.669,0.248,middle,middle_overs_bowler,0.62,0.5,11.63,1.0,Kolkata Knight Riders,2014,True
LRPL Taylor,0,2,12,24,1,0,12.0,,,0.0,0.0,0,0.0,0.0,0.5,0.0,0,24,0,0,12,0,,12.0,,0.0,1.0,0.0,middle,part_time_bowler,,0.0,6.0,0.175,Rajasthan Royals,2011,False
LS Livingstone,13,27,312,471,9,0,9.06,36.23,24.0,0.481,0.85,4,0.148,0.26,0.333,0.0,17,426,28,18,270,24,5.67,9.47,7.0,0.058,0.865,0.077,powerplay,middle_overs_bowler,0.5,0.47,11.56,1.0,Punjab Kings,2025,True
Lalit Yadav,10,19,288,430,5,1,8.96,43.0,28.8,0.526,0.7,2,0.105,0.285,0.263,0.053,155,229,46,96,168,24,9.69,8.18,11.5,0.333,0.583,0.083,middle,powerplay_bowler,0.67,0.4,15.16,1.0,Delhi Capitals,2024,True
M Ashwin,35,44,870,1182,25,3,8.15,33.77,24.86,0.795,0.88,9,0.205,0.325,0.568,0.068,140,852,190,90,654,126,9.33,7.82,9.05,0.103,0.752,0.145,middle,middle_overs_bowler,0.93,0.72,19.77,1.0,Kings XI Punjab,2023,True
M Jansen,39,39,829,1317,48,10,9.53,33.77,21.26,1.0,0.89,11,0.282,0.376,1.231,0.256,659,446,212,438,276,115,9.03,9.7,11.06,0.528,0.333,0.139,powerplay,powerplay_bowler,1.22,0.69,21.26,1.0,Sunrisers Hyderabad,2026,True
M Kartik,31,55,1149,1418,28,5,7.4,45.74,37.06,0.564,0.76,7,0.127,0.332,0.509,0.091,214,997,207,179,816,154,7.17,7.33,8.06,0.156,0.71,0.134,powerplay,middle_overs_bowler,0.83,0.35,20.89,1.0,Kolkata Knight Riders,2014,True
M Manhas,0,3,42,42,0,0,6.0,,,0.0,0.0,0,0.0,0.357,0.0,0.0,0,34,8,0,36,6,,5.67,8.0,0.0,0.857,0.143,middle,part_time_bowler,0.0,0.0,14.0,0.362,Pune Warriors,2011,False
M Markande,37,40,750,1157,17,1,9.26,31.27,20.27,0.925,1.1,10,0.25,0.287,0.425,0.025,0,978,179,0,654,96,,8.97,11.19,0.0,0.872,0.128,middle,middle_overs_bowler,1.0,0.86,18.75,1.0,Mumbai Indians,2026,True
M Morkel,77,70,1629,2136,57,13,7.87,27.74,21.16,1.1,0.98,22,0.314,0.435,0.814,0.186,1107,426,603,906,333,390,7.33,7.68,9.28,0.556,0.204,0.239,powerplay,powerplay_bowler,1.25,0.94,23.27,1.0,Delhi Daredevils,2016,True
M Muralitharan,64,66,1528,1765,51,2,6.93,27.58,23.88,0.97,0.96,16,0.242,0.393,0.773,0.03,161,1224,380,148,1105,275,6.53,6.65,8.29,0.097,0.723,0.18,powerplay,middle_overs_bowler,1.03,0.9,23.15,1.0,Chennai Super Kings,2014,True
M Ntini,7,9,210,257,1,2,7.34,36.71,30.0,0.778,1.39,2,0.222,0.471,0.111,0.222,182,22,53,156,18,36,7.0,7.33,8.83,0.743,0.086,0.171,powerplay,powerplay_bowler,2.33,0.0,23.33,1.0,Chennai Super Kings,2007,True
M Pathirana,47,32,702,1047,83,2,8.95,22.28,14.94,1.469,1.11,17,0.531,0.336,2.594,0.062,0,410,637,0,300,402,,8.2,9.51,0.0,0.427,0.573,middle,death_bowler,1.86,1.17,21.94,1.0,Chennai Super Kings,2025,True
M Prasidh Krishna,85,70,1601,2399,76,17,8.99,28.22,18.84,1.214,1.1,24,0.343,0.406,1.086,0.243,859,595,945,618,453,530,8.34,7.88,10.7,0.386,0.283,0.331,middle,death_bowler,1.74,0.69,22.87,1.0,Kolkata Knight Riders,2026,True
M Shahrukh Khan,1,3,18,29,0,0,9.67,29.0,18.0,0.333,0.58,0,0.0,0.222,0.0,0.0,0,22,7,0,12,6,,11.0,7.0,0.0,0.667,0.333,death,part_time_bowler,0.0,0.5,6.0,0.262,Gujarat Titans,2025,False
M Siddharth,5,7,144,203,4,3,8.46,40.6,28.8,0.714,0.76,1,0.143,0.361,0.571,0.429,96,85,22,72,60,12,8.0,8.5,11.0,0.5,0.417,0.083,powerplay,powerplay_bowler,0.6,1.0,20.57,0.938,Lucknow Super Giants,2026,True
M Theekshana,36,38,876,1226,24,2,8.4,34.06,24.33,0.947,1.01,11,0.289,0.297,0.632,0.053,452,536,238,312,408,156,8.69,7.88,9.15,0.356,0.466,0.178,middle,powerplay_bowler,1.06,0.85,23.05,1.0,Chennai Super Kings,2025,True
M Tiwari,0,1,6,14,0,0,14.0,,,0.0,0.0,0,0.0,0.0,0.0,0.0,0,14,0,0,6,0,,14.0,,0.0,1.0,0.0,middle,part_time_bowler,,0.0,6.0,0.088,Delhi Capitals,2025,False
M Vijay,0,4,36,49,1,0,8.17,,,0.0,0.0,0,0.0,0.222,0.25,0.0,8,41,0,6,30,0,8.0,8.2,,0.167,0.833,0.0,powerplay,part_time_bowler,,0.0,9.0,0.4,Kings XI Punjab,2016,False
M de Lange,5,5,108,171,6,2,9.5,34.2,21.6,1.0,1.41,2,0.4,0.361,1.2,0.4,82,29,60,60,18,30,8.2,9.67,12.0,0.556,0.167,0.278,powerplay,powerplay_bowler,1.67,0.0,21.6,0.762,Kolkata Knight Riders,2015,True
MA Khote,2,2,30,52,0,0,10.4,26.0,15.0,1.0,1.41,1,0.5,0.167,0.0,0.0,0,28,24,0,18,12,,9.33,12.0,0.0,0.6,0.4,middle,part_time_bowler,,1.0,15.0,0.25,Mumbai Indians,2007,False
MA Starc,65,50,1064,1588,53,7,8.95,24.43,16.37,1.3,1.3,18,0.36,0.393,1.06,0.14,932,168,488,611,132,321,9.15,7.64,9.12,0.574,0.124,0.302,middle,death_bowler,1.71,0.77,21.28,1.0,Royal Challengers Bangalore,2025,True
MA Wood,11,5,120,192,6,1,9.6,17.45,10.91,2.2,1.92,3,0.6,0.392,1.2,0.2,40,38,114,24,42,54,10.0,5.43,12.67,0.2,0.35,0.45,middle,death_bowler,2.0,2.5,24.0,0.812,Lucknow Super Giants,2023,True
MB Parmar,0,1,18,33,1,0,11.0,,,0.0,0.0,0,0.0,0.222,1.0,0.0,14,19,0,6,12,0,14.0,9.5,,0.333,0.667,0.0,middle,part_time_bowler,0.0,,18.0,0.138,Kolkata Knight Riders,2009,False
MC Henriques,42,60,950,1302,28,1,8.22,31.0,22.62,0.7,0.83,10,0.167,0.322,0.467,0.017,280,863,159,203,649,98,8.28,7.98,9.73,0.214,0.683,0.103,middle,middle_overs_bowler,0.76,0.62,15.83,1.0,Sunrisers Hyderabad,2021,True
MF Maharoof,27,20,420,532,16,5,7.6,19.7,15.56,1.35,0.93,11,0.55,0.393,0.8,0.25,212,165,155,168,150,102,7.57,6.6,9.12,0.4,0.357,0.243,middle,powerplay_bowler,1.7,1.0,21.0,1.0,Delhi Daredevils,2009,True
MG Bracewell,6,5,66,95,0,0,8.64,15.83,11.0,1.2,0.84,2,0.4,0.394,0.0,0.0,13,82,0,12,54,0,6.5,9.11,,0.182,0.818,0.0,powerplay,middle_overs_bowler,1.67,0.5,13.2,0.588,Royal Challengers Bangalore,2023,True
MG Johnson,62,54,1235,1740,57,9,8.45,28.06,19.92,1.148,0.94,22,0.407,0.433,1.056,0.167,832,421,487,621,312,302,8.04,8.1,9.68,0.503,0.253,0.245,powerplay,powerplay_bowler,1.42,0.78,22.87,1.0,Kings XI Punjab,2018,True
MG Neser,0,1,24,62,0,1,15.5,,,0.0,0.0,0,0.0,0.208,0.0,1.0,18,11,33,6,6,12,18.0,11.0,16.5,0.25,0.25,0.5,middle,part_time_bowler,0.0,,24.0,0.162,Kings XI Punjab,2013,False
MJ Clarke,2,5,66,72,0,0,6.55,36.0,33.0,0.4,0.55,0,0.0,0.333,0.0,0.0,0,63,9,0,60,6,,6.3,9.0,0.0,0.909,0.091,middle,middle_overs_bowler,,0.4,13.2,0.588,Pune Warriors,2012,True
MJ Henry,4,9,162,314,4,0,11.63,78.5,40.5,0.444,0.73,1,0.111,0.247,0.444,0.0,208,49,57,114,24,24,10.95,12.25,14.25,0.704,0.148,0.148,powerplay,powerplay_bowler,0.4,0.5,18.0,1.0,Lucknow Super Giants,2026,True
MJ McClenaghan,71,56,1274,1839,63,9,8.66,25.9,17.94,1.268,1.04,20,0.357,0.398,1.125,0.161,867,369,603,654,252,368,7.95,8.79,9.83,0.513,0.198,0.289,powerplay,powerplay_bowler,1.41,1.05,22.75,1.0,Mumbai Indians,2019,True
MJ Santner,27,33,645,810,14,1,7.53,30.0,23.89,0.818,0.77,5,0.152,0.35,0.424,0.03,216,512,82,150,444,51,8.64,6.92,9.65,0.233,0.688,0.079,middle,middle_overs_bowler,1.06,0.56,19.55,1.0,Chennai Super Kings,2026,True
MJ Suthar,0,1,12,26,0,0,13.0,,,0.0,0.0,0,0.0,0.333,0.0,0.0,26,0,0,12,0,0,13.0,,,1.0,0.0,0.0,powerplay,part_time_bowler,,0.0,12.0,0.112,Gujarat Titans,2024,False
MK Lomror,1,11,90,127,4,0,8.47,127.0,90.0,0.091,0.3,0,0.0,0.244,0.364,0.0,11,116,0,12,78,0,5.5,8.92,,0.133,0.867,0.0,powerplay,middle_overs_bowler,0.0,0.17,8.18,0.875,Rajasthan Royals,2024,True
MK Tiwary,1,6,42,83,3,0,11.86,83.0,42.0,0.167,0.41,0,0.0,0.214,0.5,0.0,0,55,28,0,30,12,,11.0,14.0,0.0,0.714,0.286,middle,part_time_bowler,0.33,0.0,7.0,0.55,Kolkata Knight Riders,2018,True
MM Ali,41,57,854,1036,14,1,7.28,25.27,20.83,0.719,0.92,9,0.158,0.345,0.246,0.018,89,875,72,96,701,57,5.56,7.49,7.58,0.112,0.821,0.067,powerplay,middle_overs_bowler,1.04,0.5,14.98,1.0,Chennai Super Kings,2025,True
MM Patel,74,63,1355,1733,16,11,7.67,23.42,18.31,1.175,1.19,23,0.365,0.435,0.254,0.175,784,407,542,654,396,305,7.19,6.17,10.66,0.483,0.292,0.225,middle,powerplay_bowler,1.36,0.93,21.51,1.0,Mumbai Indians,2017,True
MM Sharma,134,119,2403,3537,58,10,8.83,26.4,17.93,1.126,1.15,38,0.319,0.338,0.487,0.084,1168,976,1393,858,738,807,8.17,7.93,10.36,0.357,0.307,0.336,middle,death_bowler,1.6,0.59,20.19,1.0,Chennai Super Kings,2025,True
MN Samuels,9,11,214,285,5,0,7.99,31.67,23.78,0.818,0.87,1,0.091,0.369,0.455,0.0,81,116,88,78,84,52,6.23,8.29,10.15,0.364,0.393,0.243,powerplay,powerplay_bowler,0.4,1.17,19.45,1.0,Pune Warriors,2017,True
MP Stoinis,44,72,894,1494,33,2,10.03,33.95,20.32,0.611,0.9,9,0.125,0.268,0.458,0.028,254,883,357,159,571,164,9.58,9.28,13.06,0.178,0.639,0.183,middle,middle_overs_bowler,0.83,0.41,12.42,1.0,Delhi Capitals,2026,True
MP Yadav,9,6,121,188,7,1,9.32,20.89,13.44,1.5,1.38,3,0.5,0.471,1.167,0.167,74,90,24,36,66,19,12.33,8.18,7.58,0.298,0.545,0.157,death,middle_overs_bowler,1.75,1.0,20.17,0.875,Lucknow Super Giants,2025,True
MR Marsh,37,34,560,803,30,3,8.6,21.7,15.14,1.088,1.14,11,0.324,0.323,0.882,0.088,155,424,224,106,333,121,8.77,7.64,11.11,0.189,0.595,0.216,middle,middle_overs_bowler,1.27,0.95,16.47,1.0,Delhi Capitals,2024,True
MS Gony,37,44,888,1317,32,5,8.9,35.59,24.0,0.841,0.83,8,0.182,0.392,0.727,0.114,722,382,213,486,282,120,8.91,8.13,10.65,0.547,0.318,0.135,middle,powerplay_bowler,1.04,0.62,20.18,1.0,Chennai Super Kings,2017,True
MW Short,0,4,25,26,1,0,6.24,,,0.0,0.0,0,0.0,0.44,0.25,0.0,14,12,0,12,13,0,7.0,5.54,,0.48,0.52,0.0,middle,part_time_bowler,0.0,0.0,6.25,0.354,Punjab Kings,2026,False
Mandeep Singh,0,2,12,26,0,0,13.0,,,0.0,0.0,0,0.0,0.083,0.0,0.0,0,26,0,0,12,0,,13.0,,0.0,1.0,0.0,middle,part_time_bowler,0.0,0.0,6.0,0.175,Kings XI Punjab,2019,False
Mashrafe Mortaza,0,1,24,59,2,2,14.75,,,0.0,0.0,0,0.0,0.25,2.0,2.0,26,0,33,12,0,12,13.0,,16.5,0.5,0.0,0.5,powerplay,part_time_bowler,,0.0,24.0,0.162,Kolkata Knight Riders,2009,False
Mayank Dagar,2,8,137,205,1,0,8.98,102.5,68.5,0.25,0.46,0,0.0,0.314,0.125,0.0,29,154,22,12,108,17,14.5,8.56,7.76,0.088,0.788,0.124,death,middle_overs_bowler,0.0,0.29,17.12,1.0,Royal Challengers Bengaluru,2024,True
Mohammad Asif,8,8,192,307,6,1,9.59,38.38,24.0,1.0,0.76,2,0.25,0.333,0.75,0.125,147,54,106,90,42,60,9.8,7.71,10.6,0.469,0.219,0.312,middle,death_bowler,0.75,1.25,24.0,1.0,Delhi Daredevils,2007,True
Mohammad Hafeez,2,4,60,71,2,1,7.1,35.5,30.0,0.5,0.58,0,0.0,0.367,0.5,0.25,0,71,0,0,60,0,,7.1,,0.0,1.0,0.0,middle,middle_overs_bowler,1.0,0.33,15.0,0.5,Kolkata Knight Riders,2007,False
Mohammad Nabi,15,23,417,527,2,0,7.58,35.13,27.8,0.652,0.98,3,0.13,0.35,0.087,0.0,179,313,35,168,228,21,6.39,8.24,10.0,0.403,0.547,0.05,powerplay,powerplay_bowler,0.9,0.46,18.13,1.0,Sunrisers Hyderabad,2024,True
Mohammed Shami,137,124,2728,3969,91,9,8.73,28.97,19.91,1.105,0.99,36,0.29,0.401,0.734,0.073,2039,698,1232,1550,492,686,7.89,8.51,10.78,0.568,0.18,0.251,powerplay,powerplay_bowler,1.39,0.87,22.0,1.0,Gujarat Titans,2026,True
Mohammed Siraj,112,112,2384,3571,146,8,8.99,31.88,21.29,1.0,1.02,31,0.277,0.412,1.304,0.071,1765,599,1207,1236,456,692,8.57,7.88,10.47,0.518,0.191,0.29,middle,powerplay_bowler,1.27,0.74,21.29,1.0,Royal Challengers Bangalore,2026,True
Mohit Rathee,0,1,12,29,0,0,14.5,,,0.0,0.0,0,0.0,0.25,0.0,0.0,0,29,0,0,12,0,,14.5,,0.0,1.0,0.0,middle,part_time_bowler,,0.0,12.0,0.112,Punjab Kings,2023,False
Mohsin Khan,28,24,510,721,22,0,8.48,25.75,18.21,1.167,1.05,6,0.25,0.433,0.917,0.0,321,149,251,246,120,144,7.83,7.45,10.46,0.482,0.235,0.282,middle,powerplay_bowler,1.67,0.67,21.25,1.0,Lucknow Super Giants,2026,True
Monu Kumar,0,1,12,20,3,1,10.0,,,0.0,0.0,0,0.0,0.333,3.0,1.0,7,0,13,6,0,6,7.0,,13.0,0.5,0.0,0.5,powerplay,part_time_bowler,0.0,,12.0,0.112,Chennai Super Kings,2020,False
Mujeeb Ur Rahman,20,20,446,626,19,0,8.42,31.3,22.3,1.0,0.97,7,0.35,0.339,0.95,0.0,182,302,142,140,234,72,7.8,7.74,11.83,0.314,0.525,0.161,middle,powerplay_bowler,1.1,0.9,22.3,1.0,Kings XI Punjab,2025,True
Mukesh Choudhary,17,16,315,523,18,1,9.96,30.76,18.53,1.062,1.29,4,0.25,0.416,1.125,0.062,349,62,112,222,42,51,9.43,8.86,13.18,0.705,0.133,0.162,middle,powerplay_bowler,2.5,0.58,19.69,1.0,Chennai Super Kings,2025,True
Mukesh Kumar,41,36,720,1257,39,6,10.48,30.66,17.56,1.139,1.02,10,0.278,0.339,1.083,0.167,482,210,565,318,138,264,9.09,9.13,12.84,0.442,0.192,0.367,powerplay,death_bowler,1.42,0.82,20.0,1.0,Delhi Capitals,2026,True
Musheer Khan,1,1,12,27,0,0,13.5,27.0,12.0,1.0,0.0,0,0.0,0.083,0.0,0.0,0,27,0,0,12,0,,13.5,,0.0,1.0,0.0,middle,part_time_bowler,,1.0,12.0,0.112,Punjab Kings,2025,False
Mustafizur Rahman,65,60,1364,1879,47,8,8.27,28.91,20.98,1.083,1.01,16,0.267,0.357,0.783,0.133,561,426,892,462,326,576,7.29,7.84,9.29,0.339,0.239,0.422,powerplay,death_bowler,1.44,0.83,22.73,1.0,Sunrisers Hyderabad,2025,True
N Burger,12,10,198,307,9,1,9.3,25.58,16.5,1.2,0.79,4,0.4,0.429,0.9,0.1,180,97,30,108,60,30,10.0,9.7,6.0,0.545,0.303,0.152,death,powerplay_bowler,1.38,0.5,19.8,1.0,Rajasthan Royals,2026,True
N Rana,10,26,192,271,5,0,8.47,27.1,19.2,0.385,0.7,3,0.115,0.302,0.192,0.0,37,207,27,25,144,23,8.88,8.62,7.04,0.13,0.75,0.12,death,middle_overs_bowler,0.64,0.2,7.38,1.0,Kolkata Knight Riders,2025,True
N Thushara,9,8,180,289,15,3,9.63,32.11,20.0,1.125,1.25,2,0.25,0.322,1.875,0.375,149,33,107,96,18,66,9.31,11.0,9.73,0.533,0.1,0.367,powerplay,death_bowler,0.5,1.33,22.5,1.0,Mumbai Indians,2025,True
N Wadhera,0,2,17,22,0,0,7.76,,,0.0,0.0,0,0.0,0.176,0.0,0.0,0,13,9,0,12,5,,6.5,10.8,0.0,0.706,0.294,middle,part_time_bowler,,0.0,8.5,0.196,Mumbai Indians,2025,False
NA Saini,0,1,12,35,0,3,17.5,,,0.0,0.0,0,0.0,0.167,0.0,3.0,0,12,23,0,6,6,,12.0,23.0,0.0,0.5,0.5,middle,part_time_bowler,0.0,,12.0,0.112,Rajasthan Royals,2023,False
NB Singh,1,2,24,18,1,0,4.5,18.0,24.0,0.5,0.71,0,0.0,0.542,0.5,0.0,18,0,0,24,0,0,4.5,,,1.0,0.0,0.0,powerplay,part_time_bowler,0.0,1.0,12.0,0.225,Gujarat Lions,2017,False
ND Doshi,2,4,56,79,1,0,8.46,39.5,28.0,0.5,0.58,0,0.0,0.429,0.25,0.0,32,36,11,18,26,12,10.67,8.31,5.5,0.321,0.464,0.214,death,part_time_bowler,1.0,0.33,14.0,0.483,Rajasthan Royals,2011,False
NJ Rimmington,0,1,18,20,0,0,6.67,,,0.0,0.0,0,0.0,0.5,0.0,0.0,14,6,0,12,6,0,7.0,6.0,,0.667,0.333,0.0,middle,part_time_bowler,,0.0,18.0,0.138,Kings XI Punjab,2011,False
NL McCullum,0,2,30,35,0,0,7.0,,,0.0,0.0,0,0.0,0.333,0.0,0.0,12,23,0,12,18,0,6.0,7.67,,0.4,0.6,0.0,powerplay,part_time_bowler,,0.0,15.0,0.25,Pune Warriors,2011,False
NLTC Perera,31,36,698,1031,14,3,8.86,33.26,22.52,0.861,0.99,9,0.25,0.325,0.389,0.083,223,369,439,180,288,230,7.43,7.69,11.45,0.258,0.413,0.33,powerplay,death_bowler,1.0,0.75,19.39,1.0,Sunrisers Hyderabad,2016,True
NM Coulter-Nile,48,38,857,1125,26,9,7.88,23.44,17.85,1.263,1.22,14,0.368,0.429,0.684,0.237,441,286,398,360,249,248,7.35,6.89,9.63,0.42,0.291,0.289,middle,powerplay_bowler,1.62,0.82,22.55,1.0,Delhi Daredevils,2022,True
NT Ellis,19,17,378,553,9,3,8.78,29.11,19.89,1.118,1.11,4,0.235,0.31,0.529,0.176,121,182,250,102,138,138,7.12,7.91,10.87,0.27,0.365,0.365,powerplay,death_bowler,1.44,0.75,22.24,1.0,Punjab Kings,2025,True
Naman Dhir,0,5,52,76,1,0,8.77,,,0.0,0.0,0,0.0,0.212,0.2,0.0,6,62,8,6,34,12,6.0,10.94,4.0,0.115,0.654,0.231,death,part_time_bowler,0.0,0.0,10.4,0.529,Mumbai Indians,2025,True
Navdeep Saini,24,32,670,1006,22,9,9.01,41.92,27.92,0.75,0.88,7,0.219,0.413,0.688,0.281,418,308,280,288,204,178,8.71,9.06,9.44,0.43,0.304,0.266,powerplay,powerplay_bowler,1.23,0.42,20.94,1.0,Royal Challengers Bangalore,2026,True
Naveen-ul-Haq,25,17,387,602,15,5,9.33,24.08,15.48,1.471,1.28,8,0.471,0.344,0.882,0.294,232,104,266,144,84,159,9.67,7.43,10.04,0.372,0.217,0.411,middle,death_bowler,1.0,2.0,22.76,1.0,Lucknow Super Giants,2024,True
Nithish Kumar Reddy,7,17,193,346,12,2,10.76,49.43,27.57,0.412,0.71,2,0.118,0.264,0.706,0.118,63,205,78,36,126,31,10.5,9.76,15.1,0.187,0.653,0.161,middle,middle_overs_bowler,0.78,0.0,11.35,1.0,Sunrisers Hyderabad,2026,True
Noor Ahmad,52,42,894,1263,34,5,8.48,24.29,17.19,1.238,1.16,16,0.381,0.332,0.81,0.119,96,968,199,60,701,133,9.6,8.29,8.98,0.067,0.784,0.149,middle,middle_overs_bowler,1.67,0.92,21.29,1.0,Gujarat Titans,2026,True
O Thomas,5,4,60,85,1,2,8.5,17.0,12.0,1.25,0.96,2,0.5,0.283,0.25,0.5,58,9,18,36,12,12,9.67,4.5,9.0,0.6,0.2,0.2,middle,powerplay_bowler,1.5,1.0,15.0,0.5,Rajasthan Royals,2019,False
OC McCoy,11,8,161,255,17,2,9.5,23.18,14.64,1.375,1.06,4,0.5,0.304,2.125,0.25,14,144,97,12,84,65,7.0,10.29,8.95,0.075,0.522,0.404,powerplay,death_bowler,2.0,0.33,20.12,1.0,Rajasthan Royals,2023,True
OF Smith,6,6,90,179,4,1,11.93,29.83,15.0,1.0,1.55,1,0.167,0.389,0.667,0.167,21,112,46,18,54,18,7.0,12.44,15.33,0.2,0.6,0.2,powerplay,middle_overs_bowler,1.67,0.33,15.0,0.75,Punjab Kings,2022,True
P Amarnath,7,6,132,241,0,0,10.95,34.43,18.86,1.167,0.75,2,0.333,0.22,0.0,0.0,12,189,40,6,108,18,12.0,10.5,13.33,0.045,0.818,0.136,middle,middle_overs_bowler,1.17,,22.0,0.875,Chennai Super Kings,2007,True
P Awana,39,33,747,1046,23,4,8.4,26.82,19.15,1.182,1.07,11,0.333,0.392,0.697,0.121,363,370,313,270,306,171,8.07,7.25,10.98,0.361,0.41,0.229,middle,powerplay_bowler,1.26,1.07,22.64,1.0,Kings XI Punjab,2014,True
P Dubey,2,5,78,112,1,0,8.62,56.0,39.0,0.4,0.55,0,0.0,0.295,0.2,0.0,0,101,11,0,72,6,,8.42,11.0,0.0,0.923,0.077,middle,middle_overs_bowler,0.0,0.5,15.6,0.638,Delhi Capitals,2025,True
P Kumar,90,119,2524,3342,112,1,7.94,37.13,28.04,0.756,0.84,25,0.21,0.426,0.941,0.008,1813,471,1058,1572,360,592,6.92,7.85,10.72,0.623,0.143,0.235,powerplay,powerplay_bowler,0.98,0.55,21.21,1.0,Kings XI Punjab,2017,True
P Negi,34,42,716,954,17,0,7.99,28.06,21.06,0.81,0.97,9,0.214,0.331,0.405,0.0,64,738,152,42,594,80,9.14,7.45,11.4,0.059,0.83,0.112,middle,middle_overs_bowler,0.93,0.75,17.05,1.0,Royal Challengers Bangalore,2019,True
P Parameswaran,9,8,154,226,4,1,8.81,25.11,17.11,1.125,1.13,3,0.375,0.416,0.5,0.125,65,97,64,36,79,39,10.83,7.37,9.85,0.234,0.513,0.253,middle,middle_overs_bowler,1.6,0.33,19.25,1.0,Kochi Tuskers Kerala,2012,True
P Prasanth,0,1,6,18,0,0,18.0,,,0.0,0.0,0,0.0,0.5,0.0,0.0,0,18,0,0,6,0,,18.0,,0.0,1.0,0.0,middle,part_time_bowler,0.0,,6.0,0.088,Kochi Tuskers Kerala,2011,False
P Ray Barman,0,1,24,56,0,0,14.0,,,0.0,0.0,0,0.0,0.083,0.0,0.0,0,36,20,0,18,6,,12.0,20.0,0.0,0.75,0.25,middle,part_time_bowler,,0.0,24.0,0.162,Royal Challengers Bangalore,2019,False
P Sahu,3,5,105,152,2,0,8.69,50.67,35.0,0.6,0.89,1,0.2,0.229,0.4,0.0,11,110,31,6,81,18,11.0,8.15,10.33,0.057,0.771,0.171,middle,middle_overs_bowler,0.0,0.75,21.0,0.75,Kings XI Punjab,2016,True
P Suyal,2,5,96,154,7,4,9.62,77.0,48.0,0.4,0.55,0,0.0,0.375,1.4,0.8,93,18,43,60,12,24,9.3,9.0,10.75,0.625,0.125,0.25,middle,powerplay_bowler,1.0,0.0,19.2,0.712,Mumbai Indians,2015,True
PC Valthaty,7,10,151,207,2,0,8.23,29.57,21.57,0.7,1.25,1,0.1,0.291,0.2,0.0,0,176,31,0,132,19,,8.0,9.79,0.0,0.874,0.126,middle,middle_overs_bowler,1.5,0.17,15.1,1.0,Kings XI Punjab,2012,True
PD Collingwood,5,6,89,101,1,0,6.81,20.2,17.8,0.833,0.75,1,0.167,0.27,0.167,0.0,0,80,21,0,66,23,,7.27,5.48,0.0,0.742,0.258,death,middle_overs_bowler,1.0,0.75,14.83,0.746,Delhi Daredevils,2009,True
PH Solanki,2,2,36,39,0,0,6.5,19.5,18.0,1.0,1.41,1,0.5,0.306,0.0,0.0,0,24,15,0,24,12,,6.0,7.5,0.0,0.667,0.333,middle,part_time_bowler,,1.0,18.0,0.275,Chennai Super Kings,2022,False
PHKD Mendis,2,4,42,60,0,0,8.57,30.0,21.0,0.5,0.58,0,0.0,0.262,0.0,0.0,0,60,0,0,42,0,,8.57,,0.0,1.0,0.0,middle,part_time_bowler,1.0,0.33,10.5,0.425,Sunrisers Hyderabad,2025,False
PJ Cummins,79,72,1617,2436,63,2,9.04,30.84,20.47,1.097,1.02,22,0.306,0.357,0.875,0.028,1017,635,784,696,474,447,8.77,8.04,10.52,0.43,0.293,0.276,middle,powerplay_bowler,1.38,0.88,22.46,1.0,Sunrisers Hyderabad,2025,True
PJ Sangwan,38,42,856,1267,43,6,8.88,33.34,22.53,0.905,0.91,9,0.214,0.373,1.024,0.143,521,524,222,354,366,136,8.83,8.59,9.79,0.414,0.428,0.159,middle,powerplay_bowler,1.21,0.65,20.38,1.0,Delhi Daredevils,2022,True
PM Sarvesh Kumar,1,2,30,42,1,0,8.4,42.0,30.0,0.5,0.71,0,0.0,0.367,0.5,0.0,8,34,0,6,24,0,8.0,8.5,,0.2,0.8,0.0,powerplay,part_time_bowler,,0.5,15.0,0.25,Deccan Chargers,2007,False
PP Chawla,192,191,3850,5179,43,2,8.07,26.97,20.05,1.005,0.94,49,0.257,0.344,0.225,0.01,576,3946,657,437,2969,444,7.91,7.97,8.88,0.114,0.771,0.115,powerplay,middle_overs_bowler,1.13,0.87,20.16,1.0,Kings XI Punjab,2024,True
PP Hinge,4,1,24,34,2,0,8.5,8.5,6.0,4.0,0.0,1,1.0,0.583,2.0,0.0,18,0,16,18,0,6,6.0,,16.0,0.75,0.0,0.25,powerplay,part_time_bowler,4.0,,24.0,0.162,Sunrisers Hyderabad,2026,False
PP Ojha,89,90,1899,2399,44,2,7.58,26.96,21.34,0.989,0.93,28,0.311,0.351,0.489,0.022,324,1617,458,240,1373,286,8.1,7.07,9.61,0.126,0.723,0.151,middle,middle_overs_bowler,1.14,0.85,21.1,1.0,Deccan Chargers,2015,True
PV Tambe,28,33,660,866,14,0,7.87,30.93,23.57,0.848,1.0,7,0.212,0.309,0.424,0.0,114,609,143,78,504,78,8.77,7.25,11.0,0.118,0.764,0.118,middle,middle_overs_bowler,1.24,0.44,20.0,1.0,Rajasthan Royals,2016,True
PVD Chameera,13,19,384,640,21,3,10.0,49.23,29.54,0.684,0.75,3,0.158,0.38,1.105,0.158,314,129,197,192,90,102,9.81,8.6,11.59,0.5,0.234,0.266,middle,powerplay_bowler,0.86,0.58,20.21,1.0,Lucknow Super Giants,2025,True
PVSN Raju,1,2,24,54,5,0,13.5,54.0,24.0,0.5,0.71,0,0.0,0.125,2.5,0.0,13,12,29,6,6,12,13.0,12.0,14.5,0.25,0.25,0.5,middle,part_time_bowler,,0.5,12.0,0.225,Mumbai Indians,2025,False
PWA Mulder,0,1,6,16,0,0,16.0,,,0.0,0.0,0,0.0,0.167,0.0,0.0,0,0,16,0,0,6,,,16.0,0.0,0.0,1.0,death,part_time_bowler,,0.0,6.0,0.088,Sunrisers Hyderabad,2025,False
PWH de Silva,46,37,798,1134,10,0,8.53,24.65,17.35,1.243,1.19,12,0.324,0.331,0.27,0.0,99,865,170,60,618,120,9.9,8.4,8.5,0.075,0.774,0.15,middle,middle_overs_bowler,1.53,1.0,21.57,1.0,Royal Challengers Bangalore,2025,True
Pankaj Singh,11,17,300,472,10,1,9.44,42.91,27.27,0.647,0.93,5,0.294,0.37,0.588,0.059,195,167,110,150,102,48,7.8,9.82,13.75,0.5,0.34,0.16,powerplay,powerplay_bowler,0.5,0.78,17.65,1.0,Rajasthan Royals,2012,True
Parvez Rasool,4,11,198,273,2,0,8.27,68.25,49.5,0.364,0.5,0,0.0,0.303,0.182,0.0,101,172,0,66,132,0,9.18,7.82,,0.333,0.667,0.0,middle,powerplay_bowler,0.6,0.17,18.0,1.0,Sunrisers Hyderabad,2016,True
Prince Yadav,12,11,245,393,16,0,9.62,32.75,20.42,1.091,0.94,3,0.273,0.339,1.455,0.0,97,155,141,72,108,65,8.08,8.61,13.02,0.294,0.441,0.265,powerplay,middle_overs_bowler,1.0,1.14,22.27,1.0,Lucknow Super Giants,2026,True
R Ashwin,187,217,4710,5721,154,4,7.29,30.59,25.19,0.862,0.87,48,0.221,0.341,0.71,0.018,1502,3385,834,1252,2857,601,7.2,7.11,8.33,0.266,0.607,0.128,middle,middle_overs_bowler,0.99,0.71,21.71,1.0,Chennai Super Kings,2025,True
R Bhatia,71,91,1636,2059,23,2,7.55,29.0,23.04,0.78,0.92,19,0.209,0.267,0.253,0.022,25,1698,336,12,1393,231,12.5,7.31,8.73,0.007,0.851,0.141,middle,middle_overs_bowler,0.9,0.65,17.98,1.0,Kolkata Knight Riders,2017,True
R Dhawan,25,36,662,922,28,3,8.36,36.88,26.48,0.694,0.75,6,0.167,0.31,0.778,0.083,221,533,168,156,414,92,8.5,7.72,10.96,0.236,0.625,0.139,middle,middle_overs_bowler,0.84,0.53,18.39,1.0,Kings XI Punjab,2024,True
R Goyal,0,1,24,34,0,0,8.5,,,0.0,0.0,0,0.0,0.25,0.0,0.0,0,34,0,0,24,0,,8.5,,0.0,1.0,0.0,middle,part_time_bowler,,0.0,24.0,0.162,Mumbai Indians,2023,False
R McLaren,12,18,354,558,15,3,9.46,46.5,29.5,0.667,0.77,3,0.167,0.328,0.833,0.167,220,182,156,150,120,84,8.8,9.1,11.14,0.424,0.339,0.237,powerplay,powerplay_bowler,0.7,0.62,19.67,1.0,Mumbai Indians,2013,True
R Ninan,3,2,36,65,0,0,10.83,21.67,12.0,1.5,0.71,1,0.5,0.222,0.0,0.0,0,49,16,0,30,6,,9.8,16.0,0.0,0.833,0.167,middle,part_time_bowler,,1.5,18.0,0.275,Royal Challengers Bangalore,2011,False
R Parag,9,32,307,494,14,0,9.65,54.89,34.11,0.281,0.46,0,0.0,0.225,0.438,0.0,16,447,31,12,282,13,8.0,9.51,14.31,0.039,0.919,0.042,powerplay,middle_overs_bowler,0.08,0.4,9.59,1.0,Rajasthan Royals,2026,True
R Powell,1,2,18,35,2,1,11.67,35.0,18.0,0.5,0.71,0,0.0,0.222,1.0,0.5,0,21,14,0,12,6,,10.5,14.0,0.0,0.667,0.333,middle,part_time_bowler,0.0,1.0,9.0,0.2,Delhi Capitals,2023,False
R Rampaul,16,12,268,319,8,2,7.14,19.94,16.75,1.333,0.89,5,0.417,0.485,0.667,0.167,163,54,102,162,54,52,6.04,6.0,11.77,0.604,0.201,0.194,middle,powerplay_bowler,1.25,1.38,22.33,1.0,Royal Challengers Bangalore,2014,True
R Ravindra,0,2,12,7,0,0,3.5,,,0.0,0.0,0,0.0,0.417,0.0,0.0,0,7,0,0,12,0,,3.5,,0.0,1.0,0.0,middle,part_time_bowler,0.0,0.0,6.0,0.175,Chennai Super Kings,2024,False
R Sai Kishore,32,25,441,655,12,0,8.91,20.47,13.78,1.28,0.98,9,0.36,0.295,0.48,0.0,33,477,145,18,342,81,11.0,8.37,10.74,0.041,0.776,0.184,middle,middle_overs_bowler,1.53,0.9,17.64,1.0,Gujarat Titans,2025,True
R Sanjay Yadav,0,1,12,23,2,0,11.5,,,0.0,0.0,0,0.0,0.5,2.0,0.0,8,15,0,6,6,0,8.0,15.0,,0.5,0.5,0.0,powerplay,part_time_bowler,,0.0,12.0,0.112,Mumbai Indians,2022,False
R Sathish,3,14,139,233,5,0,10.06,77.67,46.33,0.214,0.43,0,0.0,0.216,0.357,0.0,0,154,79,0,114,25,,8.11,18.96,0.0,0.82,0.18,middle,middle_overs_bowler,0.5,0.1,9.93,1.0,Mumbai Indians,2016,True
R Sharma,40,44,928,1100,7,0,7.11,27.5,23.2,0.909,0.8,10,0.227,0.36,0.159,0.0,101,769,230,90,684,154,6.73,6.75,8.96,0.097,0.737,0.166,powerplay,middle_overs_bowler,1.15,0.81,21.09,1.0,Pune Warriors,2014,True
R Shepherd,13,19,259,535,16,1,12.39,41.15,19.92,0.684,0.89,3,0.158,0.27,0.842,0.053,37,325,173,24,162,73,9.25,12.04,14.22,0.093,0.625,0.282,powerplay,middle_overs_bowler,0.67,0.71,13.63,1.0,Royal Challengers Bengaluru,2026,True
R Shukla,5,7,120,217,7,3,10.85,43.4,24.0,0.714,0.76,1,0.143,0.317,1.0,0.429,79,65,73,54,36,30,8.78,10.83,14.6,0.45,0.3,0.25,powerplay,powerplay_bowler,1.5,0.4,17.14,0.938,Delhi Daredevils,2014,True
R Tewatia,32,52,843,1117,21,2,7.95,34.91,26.34,0.615,0.89,6,0.115,0.313,0.404,0.038,15,1047,55,12,786,45,7.5,7.99,7.33,0.014,0.932,0.053,death,middle_overs_bowler,0.7,0.55,16.21,1.0,Rajasthan Royals,2023,True
R Vinay Kumar,105,104,2127,3041,48,11,8.58,28.96,20.26,1.01,1.01,30,0.288,0.359,0.462,0.106,930,939,1172,756,714,657,7.38,7.89,10.7,0.355,0.336,0.309,powerplay,death_bowler,1.27,0.75,20.45,1.0,Royal Challengers Bangalore,2018,True
RA Jadeja,173,228,4098,5300,64,7,7.76,30.64,23.69,0.759,1.0,43,0.189,0.318,0.281,0.031,199,4316,785,144,3426,528,8.29,7.56,8.92,0.035,0.836,0.129,middle,middle_overs_bowler,0.96,0.5,17.97,1.0,Chennai Super Kings,2026,True
RA Shaikh,0,1,6,11,0,0,11.0,,,0.0,0.0,0,0.0,0.167,0.0,0.0,11,0,0,6,0,0,11.0,,,1.0,0.0,0.0,powerplay,part_time_bowler,,0.0,6.0,0.088,Mumbai Indians,2009,False
RA Tripathi,0,1,6,12,0,0,12.0,,,0.0,0.0,0,0.0,0.0,0.0,0.0,0,12,0,0,6,0,,12.0,,0.0,1.0,0.0,middle,part_time_bowler,,0.0,6.0,0.088,Rising Pune Supergiant,2017,False
RD Chahar,75,79,1694,2220,33,1,7.86,29.6,22.59,0.949,1.0,22,0.278,0.342,0.418,0.013,95,1888,237,72,1452,170,7.92,7.8,8.36,0.043,0.857,0.1,middle,middle_overs_bowler,1.12,0.77,21.44,1.0,Mumbai Indians,2026,True
RE van der Merwe,21,21,443,515,12,0,6.98,24.52,21.1,1.0,0.77,4,0.19,0.334,0.571,0.0,60,322,133,36,312,95,10.0,6.19,8.4,0.081,0.704,0.214,middle,middle_overs_bowler,1.27,0.7,21.1,1.0,Royal Challengers Bangalore,2013,True
RG More,1,2,35,63,2,0,10.8,63.0,35.0,0.5,0.71,0,0.0,0.114,1.0,0.0,15,18,30,6,12,17,15.0,9.0,10.59,0.171,0.343,0.486,middle,part_time_bowler,,0.5,17.5,0.271,Chennai Super Kings,2015,False
RG Sharma,15,32,339,462,10,0,8.18,30.8,22.6,0.469,0.95,3,0.094,0.26,0.312,0.0,68,322,72,50,240,49,8.16,8.05,8.82,0.147,0.708,0.145,middle,middle_overs_bowler,0.73,0.24,10.59,1.0,Deccan Chargers,2021,True
RJ Gleeson,2,3,68,111,4,1,9.79,55.5,34.0,0.667,0.58,0,0.0,0.353,1.333,0.333,40,21,50,24,18,26,10.0,7.0,11.54,0.353,0.265,0.382,middle,death_bowler,0.5,1.0,22.67,0.471,Chennai Super Kings,2025,False
RJ Harris,45,37,832,1085,32,1,7.82,24.11,18.49,1.216,1.11,12,0.324,0.438,0.865,0.027,480,171,434,426,132,274,6.76,7.77,9.5,0.512,0.159,0.329,powerplay,death_bowler,1.37,1.06,22.49,1.0,Kings XI Punjab,2013,True
RJ Peterson,3,4,48,70,0,0,8.75,23.33,16.0,0.75,1.5,1,0.25,0.438,0.0,0.0,10,21,39,12,18,18,5.0,7.0,13.0,0.25,0.375,0.375,powerplay,part_time_bowler,0.0,3.0,12.0,0.45,Mumbai Indians,2012,False
RJW Topley,5,6,120,222,5,0,11.1,44.4,24.0,0.833,0.75,1,0.167,0.367,0.833,0.0,91,62,69,60,30,30,9.1,12.4,13.8,0.5,0.25,0.25,powerplay,powerplay_bowler,1.0,0.8,20.0,0.875,Royal Challengers Bengaluru,2025,True
RN ten Doeschate,2,10,78,94,5,0,7.23,47.0,39.0,0.2,0.42,0,0.0,0.282,0.5,0.0,0,82,12,0,72,6,,6.83,12.0,0.0,0.923,0.077,middle,middle_overs_bowler,0.25,0.0,7.8,0.825,Kolkata Knight Riders,2015,True
RP Meredith,19,18,388,621,25,2,9.6,32.68,20.42,1.056,0.73,5,0.278,0.379,1.389,0.111,158,219,244,108,150,130,8.78,8.76,11.26,0.278,0.387,0.335,middle,death_bowler,1.2,0.88,21.56,1.0,Mumbai Indians,2023,True
RP Singh,90,82,1775,2417,86,13,8.17,26.86,19.72,1.098,1.07,23,0.28,0.419,1.049,0.159,1237,343,837,1002,246,527,7.41,8.37,9.53,0.565,0.139,0.297,powerplay,powerplay_bowler,1.36,0.89,21.65,1.0,Deccan Chargers,2016,True
RR Bhatkal,0,1,12,35,0,0,17.5,,,0.0,0.0,0,0.0,0.0,0.0,0.0,20,15,0,6,6,0,20.0,15.0,,0.5,0.5,0.0,middle,part_time_bowler,,0.0,12.0,0.112,Royal Challengers Bangalore,2012,False
RR Bose,0,1,12,24,0,0,12.0,,,0.0,0.0,0,0.0,0.417,0.0,0.0,24,0,0,12,0,0,12.0,,,1.0,0.0,0.0,powerplay,part_time_bowler,0.0,,12.0,0.112,Kings XI Punjab,2009,False
RR Powar,13,26,426,538,16,1,7.58,41.38,32.77,0.5,0.71,3,0.115,0.39,0.615,0.038,171,332,35,132,270,24,7.77,7.38,8.75,0.31,0.634,0.056,middle,powerplay_bowler,0.47,0.55,16.38,1.0,Kings XI Punjab,2012,True
RR Raje,6,10,139,214,4,1,9.24,35.67,23.17,0.6,0.84,2,0.2,0.281,0.4,0.1,9,141,64,6,96,37,9.0,8.81,10.38,0.043,0.691,0.266,middle,middle_overs_bowler,0.57,0.67,13.9,1.0,Mumbai Indians,2009,True
RS Bopara,11,14,206,301,7,0,8.77,27.36,18.73,0.786,0.97,3,0.214,0.296,0.5,0.0,0,231,70,0,164,42,,8.45,10.0,0.0,0.796,0.204,middle,middle_overs_bowler,0.83,0.75,14.71,1.0,Kings XI Punjab,2015,True
RS Gavaskar,0,1,6,8,0,0,8.0,,,0.0,0.0,0,0.0,0.333,0.0,0.0,0,0,8,0,0,6,,,8.0,0.0,0.0,1.0,death,part_time_bowler,0.0,,6.0,0.088,Kolkata Knight Riders,2009,False
RS Hangargekar,3,2,36,60,6,1,10.0,20.0,12.0,1.5,2.12,1,0.5,0.389,3.0,0.5,12,32,16,6,18,12,12.0,10.67,8.0,0.167,0.5,0.333,death,part_time_bowler,0.0,3.0,18.0,0.275,Chennai Super Kings,2023,False
RV Gomez,5,9,96,130,1,0,8.12,26.0,19.2,0.556,0.73,1,0.111,0.385,0.111,0.0,0,105,25,0,84,12,,7.5,12.5,0.0,0.875,0.125,middle,middle_overs_bowler,0.8,0.25,10.67,0.9,Kochi Tuskers Kerala,2013,True
RV Patel,0,1,18,22,2,0,7.33,,,0.0,0.0,0,0.0,0.278,2.0,0.0,0,11,11,0,12,6,,5.5,11.0,0.0,0.667,0.333,middle,part_time_bowler,,0.0,18.0,0.138,Delhi Capitals,2021,False
RW Price,0,1,18,33,0,0,11.0,,,0.0,0.0,0,0.0,0.056,0.0,0.0,14,19,0,6,12,0,14.0,9.5,,0.333,0.667,0.0,middle,part_time_bowler,0.0,,18.0,0.138,Mumbai Indians,2011,False
Ramandeep Singh,6,4,40,64,5,0,9.6,10.67,6.67,1.5,1.29,2,0.5,0.3,1.25,0.0,0,23,41,0,18,22,,7.67,11.18,0.0,0.45,0.55,middle,part_time_bowler,1.5,1.5,10.0,0.417,Mumbai Indians,2024,False
Rashid Khan,163,140,3298,3973,37,0,7.23,24.37,20.23,1.164,0.98,40,0.286,0.358,0.264,0.0,477,2674,822,361,2361,576,7.93,6.8,8.56,0.109,0.716,0.175,middle,middle_overs_bowler,1.26,1.06,23.56,1.0,Sunrisers Hyderabad,2026,True
Rasikh Salam,15,15,272,460,12,2,10.15,30.67,18.13,1.0,1.36,4,0.267,0.327,0.8,0.133,123,198,139,78,114,80,9.46,10.42,10.42,0.287,0.419,0.294,powerplay,middle_overs_bowler,1.44,0.33,18.13,1.0,Delhi Capitals,2026,True
Ravi Bishnoi,81,81,1729,2413,56,6,8.37,29.79,21.35,1.0,0.99,26,0.321,0.339,0.691,0.074,196,1816,401,132,1338,259,8.91,8.14,9.29,0.076,0.774,0.15,middle,middle_overs_bowler,1.23,0.74,21.35,1.0,Lucknow Super Giants,2026,True
S Aravind,45,38,760,1057,27,1,8.34,23.49,16.89,1.184,1.06,13,0.342,0.382,0.711,0.026,543,270,244,426,186,148,7.65,8.71,9.89,0.561,0.245,0.195,powerplay,powerplay_bowler,1.78,0.65,20.0,1.0,Royal Challengers Bangalore,2017,True
S Badree,11,12,258,329,5,0,7.65,29.91,23.45,0.917,1.16,2,0.167,0.422,0.417,0.0,196,129,4,156,96,6,7.54,8.06,4.0,0.605,0.372,0.023,death,powerplay_bowler,0.5,1.12,21.5,1.0,Royal Challengers Bangalore,2017,True
S Dhawan,4,6,48,72,1,0,9.0,18.0,12.0,0.667,0.52,0,0.0,0.354,0.167,0.0,31,41,0,18,30,0,10.33,8.2,,0.375,0.625,0.0,middle,part_time_bowler,1.0,0.5,8.0,0.575,Deccan Chargers,2012,True
S Dube,6,16,136,253,7,0,11.16,42.17,22.67,0.375,0.72,2,0.125,0.191,0.438,0.0,0,177,76,0,96,40,,11.06,11.4,0.0,0.706,0.294,middle,middle_overs_bowler,0.4,0.36,8.5,1.0,Royal Challengers Bangalore,2026,True
S Gopal,52,51,991,1358,8,1,8.22,26.12,19.06,1.02,1.05,15,0.294,0.32,0.157,0.02,151,1144,63,114,822,55,7.95,8.35,6.87,0.115,0.829,0.055,death,middle_overs_bowler,1.24,0.87,19.43,1.0,Rajasthan Royals,2024,True
S Joseph,0,1,24,51,3,3,12.75,,,0.0,0.0,0,0.0,0.375,3.0,3.0,27,24,0,12,12,0,13.5,12.0,,0.5,0.5,0.0,middle,part_time_bowler,,0.0,24.0,0.162,Lucknow Super Giants,2024,False
S Kaul,58,55,1209,1772,23,6,8.79,30.55,20.84,1.055,1.01,18,0.327,0.32,0.418,0.109,531,619,622,348,444,417,9.16,8.36,8.95,0.288,0.367,0.345,middle,death_bowler,1.35,0.84,21.98,1.0,Sunrisers Hyderabad,2022,True
S Kaushik,6,10,204,304,5,1,8.94,50.67,34.0,0.6,1.07,2,0.2,0.333,0.5,0.1,41,204,59,18,162,24,13.67,7.56,14.75,0.088,0.794,0.118,middle,middle_overs_bowler,0.0,0.75,20.4,1.0,Gujarat Lions,2017,True
S Ladda,5,9,138,225,2,1,9.78,45.0,27.6,0.556,0.73,1,0.111,0.348,0.222,0.111,28,125,72,18,84,36,9.33,8.93,12.0,0.13,0.609,0.261,middle,middle_overs_bowler,0.5,0.6,15.33,1.0,Delhi Daredevils,2016,True
S Lamichhane,13,9,210,297,1,0,8.49,22.85,16.15,1.444,1.01,3,0.333,0.357,0.111,0.0,104,141,52,72,108,30,8.67,7.83,10.4,0.343,0.514,0.143,middle,powerplay_bowler,1.6,1.25,23.33,1.0,Delhi Capitals,2019,True
S Midhun,0,1,12,29,1,0,14.5,,,0.0,0.0,0,0.0,0.25,1.0,0.0,0,29,0,0,12,0,,14.5,,0.0,1.0,0.0,middle,part_time_bowler,,0.0,12.0,0.112,Rajasthan Royals,2019,False
S Nadeem,48,70,1415,1800,25,4,7.63,37.5,29.48,0.686,0.77,11,0.157,0.32,0.357,0.057,414,1205,181,300,1001,114,8.28,7.22,9.53,0.212,0.707,0.081,middle,middle_overs_bowler,0.78,0.61,20.21,1.0,Delhi Daredevils,2021,True
S Narwal,5,6,106,203,7,0,11.49,40.6,21.2,0.833,1.33,2,0.333,0.349,1.167,0.0,106,38,59,66,22,18,9.64,10.36,19.67,0.623,0.208,0.17,powerplay,powerplay_bowler,0.67,1.0,17.67,0.817,Rajasthan Royals,2013,True
S Rana,0,3,16,18,0,0,6.75,,,0.0,0.0,0,0.0,0.312,0.0,0.0,0,16,2,0,12,4,,8.0,3.0,0.0,0.75,0.25,death,part_time_bowler,0.0,0.0,5.33,0.254,Royal Challengers Bangalore,2014,False
S Randiv,6,8,174,223,6,0,7.69,37.17,29.0,0.75,0.71,1,0.125,0.345,0.75,0.0,21,175,27,12,144,18,10.5,7.29,9.0,0.069,0.828,0.103,middle,middle_overs_bowler,0.8,0.67,21.75,1.0,Chennai Super Kings,2011,True
S Sandeep Warrier,8,10,168,257,6,2,9.18,32.12,21.0,0.8,1.14,3,0.3,0.429,0.6,0.2,212,45,0,138,30,0,9.22,9.0,,0.821,0.179,0.0,middle,powerplay_bowler,0.6,1.0,16.8,1.0,Kolkata Knight Riders,2024,True
S Sreesanth,40,44,880,1221,44,23,8.33,30.52,22.0,0.909,0.88,13,0.295,0.453,1.0,0.523,739,226,256,570,174,136,7.78,7.79,11.29,0.648,0.198,0.155,powerplay,powerplay_bowler,1.19,0.65,20.0,1.0,Kings XI Punjab,2013,True
S Sriram,0,2,18,49,0,0,16.33,,,0.0,0.0,0,0.0,0.111,0.0,0.0,0,49,0,0,18,0,,16.33,,0.0,1.0,0.0,middle,part_time_bowler,0.0,0.0,9.0,0.2,Royal Challengers Bangalore,2011,False
S Tyagi,6,14,209,304,8,3,8.73,50.67,34.83,0.429,0.65,1,0.071,0.445,0.571,0.214,234,38,32,168,30,11,8.36,7.6,17.45,0.804,0.144,0.053,middle,powerplay_bowler,0.56,0.2,14.93,1.0,Chennai Super Kings,2009,True
S Vidyut,1,1,12,22,1,0,11.0,22.0,12.0,1.0,0.0,0,0.0,0.417,1.0,0.0,0,22,0,0,12,0,,11.0,,0.0,1.0,0.0,middle,part_time_bowler,,1.0,12.0,0.112,Chennai Super Kings,2007,False
SA Abbott,1,3,54,104,5,0,11.56,104.0,54.0,0.333,0.58,0,0.0,0.241,1.667,0.0,55,31,18,30,18,6,11.0,10.33,18.0,0.556,0.333,0.111,middle,part_time_bowler,0.0,0.5,18.0,0.412,Royal Challengers Bangalore,2022,False
SA Yadav,0,1,6,8,0,0,8.0,,,0.0,0.0,0,0.0,0.333,0.0,0.0,8,0,0,6,0,0,8.0,,,1.0,0.0,0.0,powerplay,part_time_bowler,0.0,,6.0,0.088,Kolkata Knight Riders,2014,False
SB Bangar,4,9,150,221,3,0,8.84,55.25,37.5,0.444,0.73,1,0.111,0.367,0.333,0.0,13,151,57,18,108,24,4.33,8.39,14.25,0.12,0.72,0.16,powerplay,middle_overs_bowler,1.5,0.14,16.67,1.0,Deccan Chargers,2007,True
SB Jakati,47,57,1085,1474,14,2,8.15,31.36,23.09,0.825,0.98,13,0.228,0.311,0.246,0.035,139,1126,209,96,858,131,8.69,7.87,9.57,0.088,0.791,0.121,middle,middle_overs_bowler,1.05,0.37,19.04,1.0,Chennai Super Kings,2017,True
SB Joshi,1,4,55,82,0,0,8.95,82.0,55.0,0.25,0.5,0,0.0,0.327,0.0,0.0,0,69,13,0,48,7,,8.62,11.14,0.0,0.873,0.127,middle,part_time_bowler,0.0,0.33,13.75,0.479,Royal Challengers Bangalore,2007,False
SB Styris,8,11,216,278,6,0,7.72,34.75,27.0,0.727,1.01,2,0.182,0.384,0.545,0.0,45,118,115,42,108,66,6.43,6.56,10.45,0.194,0.5,0.306,powerplay,death_bowler,2.0,0.25,19.64,1.0,Deccan Chargers,2011,True
SB Wagh,5,8,102,147,6,0,8.65,29.4,20.4,0.625,1.06,1,0.125,0.441,0.75,0.0,120,0,27,90,0,12,8.0,,13.5,0.882,0.0,0.118,powerplay,powerplay_bowler,0.75,0.5,12.75,0.925,Pune Warriors,2011,True
SC Ganguly,10,20,276,370,3,1,8.04,37.0,27.6,0.5,0.83,4,0.2,0.272,0.15,0.05,32,305,33,18,246,12,10.67,7.44,16.5,0.065,0.891,0.043,middle,middle_overs_bowler,1.0,0.09,13.8,1.0,Kolkata Knight Riders,2012,True
SC Kuggeleijn,2,2,48,71,2,0,8.88,35.5,24.0,1.0,1.41,1,0.5,0.354,1.0,0.0,11,27,33,6,18,24,11.0,9.0,8.25,0.125,0.375,0.5,death,part_time_bowler,1.0,,24.0,0.325,Chennai Super Kings,2019,False
SD Chitnis,2,2,36,62,2,0,10.33,31.0,18.0,1.0,1.41,1,0.5,0.25,1.0,0.0,13,40,9,6,24,6,13.0,10.0,9.0,0.167,0.667,0.167,death,part_time_bowler,,1.0,18.0,0.275,Mumbai Indians,2007,False
SE Bond,9,8,186,225,5,0,7.26,25.0,20.67,1.125,0.83,3,0.375,0.403,0.625,0.0,95,43,87,90,42,54,6.33,6.14,9.67,0.484,0.226,0.29,middle,powerplay_bowler,1.5,0.75,23.25,1.0,Kolkata Knight Riders,2009,True
SE Rutherford,1,6,41,60,5,0,8.78,60.0,41.0,0.167,0.41,0,0.0,0.171,0.833,0.0,0,58,2,0,36,5,,9.67,2.4,0.0,0.878,0.122,death,part_time_bowler,0.2,0.0,6.83,0.546,Delhi Capitals,2019,True
SH Johnson,5,9,164,289,8,0,10.57,57.8,32.8,0.556,0.73,1,0.111,0.36,0.889,0.0,143,77,69,84,36,44,10.21,12.83,9.41,0.512,0.22,0.268,death,powerplay_bowler,1.0,0.33,18.22,1.0,Gujarat Titans,2025,True
SJ Srivastava,14,14,282,444,23,1,9.45,31.71,20.14,1.0,0.78,4,0.286,0.365,1.643,0.071,211,145,88,132,96,54,9.59,9.06,9.78,0.468,0.34,0.191,middle,powerplay_bowler,1.2,0.89,20.14,1.0,Kings XI Punjab,2011,True
SK Raina,25,69,908,1139,22,0,7.53,45.56,36.32,0.362,0.57,3,0.043,0.308,0.319,0.0,83,864,192,66,713,129,7.55,7.27,8.93,0.073,0.785,0.142,middle,middle_overs_bowler,0.45,0.22,13.16,1.0,Chennai Super Kings,2019,True
SK Trivedi,65,75,1506,1944,42,9,7.75,29.91,23.17,0.867,0.98,18,0.24,0.327,0.56,0.12,198,1281,465,126,1074,306,9.43,7.16,9.12,0.084,0.713,0.203,middle,middle_overs_bowler,1.18,0.4,20.08,1.0,Rajasthan Royals,2013,True
SK Warne,57,54,1194,1465,29,0,7.36,25.7,20.95,1.056,1.0,15,0.278,0.357,0.537,0.0,59,1079,327,36,942,216,9.83,6.87,9.08,0.03,0.789,0.181,middle,middle_overs_bowler,1.4,0.62,22.11,1.0,Rajasthan Royals,2011,True
SL Malinga,170,122,2827,3486,129,18,7.4,20.51,16.63,1.393,1.16,52,0.426,0.405,1.057,0.148,1210,750,1526,1110,600,1117,6.54,7.5,8.2,0.393,0.212,0.395,powerplay,death_bowler,1.67,0.98,23.17,1.0,Mumbai Indians,2019,True
SM Boland,2,2,42,56,1,0,8.0,28.0,21.0,1.0,1.41,1,0.5,0.333,0.5,0.0,22,10,24,18,6,18,7.33,10.0,8.0,0.429,0.143,0.429,powerplay,part_time_bowler,2.0,0.0,21.0,0.3,Rising Pune Supergiants,2016,False
SM Curran,59,63,1253,2059,48,7,9.86,34.9,21.24,0.937,1.05,15,0.238,0.314,0.762,0.111,796,516,747,570,294,389,8.38,10.53,11.52,0.455,0.235,0.31,powerplay,death_bowler,1.0,0.89,19.89,1.0,Punjab Kings,2025,True
SM Harwood,3,3,60,74,7,0,7.4,24.67,20.0,1.0,1.0,1,0.333,0.55,2.333,0.0,7,21,46,18,18,24,2.33,7.0,11.5,0.3,0.3,0.4,powerplay,death_bowler,1.5,0.0,20.0,0.438,Rajasthan Royals,2009,False
SM Pollock,11,13,276,307,4,0,6.67,27.91,25.09,0.846,0.99,3,0.231,0.471,0.308,0.0,213,86,8,204,66,6,6.26,7.82,8.0,0.739,0.239,0.022,powerplay,powerplay_bowler,1.5,0.29,21.23,1.0,Mumbai Indians,2007,True
SMSM Senanayake,9,8,192,211,3,0,6.59,23.44,21.33,1.125,0.64,2,0.25,0.38,0.375,0.0,111,66,34,126,42,24,5.29,9.43,8.5,0.656,0.219,0.125,powerplay,powerplay_bowler,1.0,1.25,24.0,1.0,Kolkata Knight Riders,2013,True
SN Khan,0,1,2,6,0,0,18.0,,,0.0,0.0,0,0.0,0.0,0.0,0.0,0,0,6,0,0,2,,,18.0,0.0,0.0,1.0,death,part_time_bowler,,0.0,2.0,0.071,Kings XI Punjab,2019,False
SN Thakur,114,107,2154,3474,138,11,9.68,30.47,18.89,1.065,1.03,36,0.336,0.332,1.29,0.103,1138,1017,1319,718,705,731,9.51,8.66,10.83,0.333,0.327,0.339,middle,death_bowler,1.22,0.88,20.13,1.0,Chennai Super Kings,2026,True
SP Narine,195,191,4441,5135,64,6,6.94,26.33,22.77,1.021,1.07,49,0.257,0.38,0.335,0.031,1081,2724,1330,936,2436,1069,6.93,6.71,7.46,0.211,0.549,0.241,middle,middle_overs_bowler,1.14,0.89,23.25,1.0,Kolkata Knight Riders,2026,True
SPD Smith,0,1,2,5,0,0,15.0,,,0.0,0.0,0,0.0,0.0,0.0,0.0,0,0,5,0,0,2,,,15.0,0.0,0.0,1.0,death,part_time_bowler,,0.0,2.0,0.071,Pune Warriors,2012,False
SR Tendulkar,0,4,36,59,1,0,9.83,,,0.0,0.0,0,0.0,0.111,0.25,0.0,0,40,19,0,30,6,,8.0,19.0,0.0,0.833,0.167,middle,part_time_bowler,0.0,0.0,9.0,0.4,Mumbai Indians,2009,False
SR Watson,92,105,2029,2742,95,13,8.11,29.8,22.05,0.876,1.0,27,0.257,0.396,0.905,0.124,1015,766,961,834,618,577,7.3,7.44,9.99,0.411,0.305,0.284,powerplay,powerplay_bowler,1.06,0.69,19.32,1.0,Rajasthan Royals,2018,True
SS Agarwal,1,1,24,42,0,0,10.5,42.0,24.0,1.0,0.0,0,0.0,0.292,0.0,0.0,11,31,0,6,18,0,11.0,10.33,,0.25,0.75,0.0,middle,part_time_bowler,,1.0,24.0,0.162,Gujarat Lions,2017,False
SS Cottrell,6,6,120,177,11,0,8.85,29.5,20.0,1.0,0.89,2,0.333,0.483,1.833,0.0,108,21,48,84,18,18,7.71,7.0,16.0,0.7,0.15,0.15,middle,powerplay_bowler,2.0,0.8,20.0,0.875,Kings XI Punjab,2020,True
SS Iyer,0,1,6,7,0,0,7.0,,,0.0,0.0,0,0.0,0.667,0.0,0.0,0,0,7,0,0,6,,,7.0,0.0,0.0,1.0,death,part_time_bowler,,0.0,6.0,0.088,Kolkata Knight Riders,2022,False
SS Mundhe,1,1,6,6,1,0,6.0,6.0,6.0,1.0,0.0,0,0.0,0.667,1.0,0.0,6,0,0,6,0,0,6.0,,,1.0,0.0,0.0,powerplay,part_time_bowler,,1.0,6.0,0.088,Pune Warriors,2011,False
SS Sarkar,1,2,25,34,0,0,8.16,34.0,25.0,0.5,0.71,0,0.0,0.16,0.0,0.0,15,6,13,6,6,13,15.0,6.0,6.0,0.24,0.24,0.52,middle,part_time_bowler,1.0,0.0,12.5,0.229,Kolkata Knight Riders,2009,False
SSB Magala,1,2,36,52,1,0,8.67,52.0,36.0,0.5,0.71,0,0.0,0.139,0.5,0.0,28,14,10,12,12,12,14.0,7.0,5.0,0.333,0.333,0.333,death,part_time_bowler,1.0,0.0,18.0,0.275,Chennai Super Kings,2023,False
ST Jayasuriya,13,21,294,396,7,0,8.08,30.46,22.62,0.619,0.92,4,0.19,0.282,0.333,0.0,10,299,87,6,228,60,10.0,7.87,8.7,0.02,0.776,0.204,middle,middle_overs_bowler,0.7,0.55,14.0,1.0,Mumbai Indians,2009,True
STR Binny,22,63,594,763,16,1,7.71,34.68,27.0,0.349,0.54,2,0.032,0.335,0.254,0.016,194,472,97,156,378,60,7.46,7.49,9.7,0.263,0.636,0.101,powerplay,middle_overs_bowler,0.38,0.31,9.43,1.0,Rajasthan Royals,2019,True
SW Tait,23,21,473,668,52,9,8.47,29.04,20.57,1.095,1.18,7,0.333,0.423,2.476,0.429,304,148,216,228,95,150,8.0,9.35,8.64,0.482,0.201,0.317,powerplay,death_bowler,1.7,0.55,22.52,1.0,Rajasthan Royals,2013,True
SZ Mulani,0,2,30,57,3,0,11.4,,,0.0,0.0,0,0.0,0.233,1.5,0.0,12,24,21,6,18,6,12.0,8.0,21.0,0.2,0.6,0.2,middle,part_time_bowler,,0.0,15.0,0.25,Mumbai Indians,2024,False
Sachin Baby,2,2,10,8,0,0,4.8,4.0,5.0,1.0,1.41,1,0.5,0.5,0.0,0.0,0,4,4,0,6,4,,4.0,6.0,0.0,0.6,0.4,middle,part_time_bowler,1.0,,5.0,0.167,Royal Challengers Bangalore,2016,False
Sakib Hussain,4,1,24,24,3,0,6.0,6.0,6.0,4.0,0.0,1,1.0,0.583,3.0,0.0,14,7,3,12,6,6,7.0,7.0,3.0,0.5,0.25,0.25,death,part_time_bowler,4.0,,24.0,0.162,Sunrisers Hyderabad,2026,False
Sandeep Sharma,151,141,3145,4316,119,13,8.23,28.58,20.83,1.071,1.0,38,0.27,0.382,0.844,0.092,2070,858,1388,1732,630,783,7.17,8.17,10.64,0.551,0.2,0.249,powerplay,powerplay_bowler,1.34,0.84,22.3,1.0,Kings XI Punjab,2026,True
Shahbaz Ahmed,22,46,594,969,15,2,9.79,44.05,27.0,0.478,0.81,5,0.109,0.256,0.326,0.043,246,670,53,150,405,39,9.84,9.93,8.15,0.253,0.682,0.066,death,middle_overs_bowler,0.56,0.38,12.91,1.0,Royal Challengers Bangalore,2026,True
Shahid Afridi,9,10,180,237,4,1,7.9,26.33,20.0,0.9,1.1,3,0.3,0.317,0.4,0.1,26,152,59,24,120,36,6.5,7.6,9.83,0.133,0.667,0.2,powerplay,middle_overs_bowler,1.5,0.75,18.0,1.0,Deccan Chargers,2007,True
Shakib Al Hasan,63,70,1484,1864,31,0,7.54,29.59,23.56,0.9,0.82,16,0.229,0.34,0.443,0.0,571,981,312,450,840,194,7.61,7.01,9.65,0.303,0.566,0.131,middle,powerplay_bowler,1.08,0.67,21.2,1.0,Kolkata Knight Riders,2021,True
Shashank Singh,4,6,60,91,2,0,9.1,22.75,15.0,0.667,0.82,1,0.167,0.25,0.333,0.0,0,60,31,0,48,12,,7.5,15.5,0.0,0.8,0.2,middle,middle_overs_bowler,1.0,0.33,10.0,0.625,Punjab Kings,2026,True
Shivam Mavi,30,32,649,958,32,6,8.86,31.93,21.63,0.938,0.84,5,0.156,0.391,1.0,0.188,421,185,352,300,162,187,8.42,6.85,11.29,0.462,0.25,0.288,middle,powerplay_bowler,1.06,0.8,20.28,1.0,Kolkata Knight Riders,2022,True
Shivam Sharma,4,5,114,165,0,0,8.68,41.25,28.5,0.8,0.84,1,0.2,0.325,0.0,0.0,0,127,38,0,90,24,,8.47,9.5,0.0,0.789,0.211,middle,middle_overs_bowler,1.0,0.5,22.8,0.788,Kings XI Punjab,2015,True
Shivang Kumar,4,4,90,133,1,0,8.87,33.25,22.5,1.0,1.41,1,0.25,0.278,0.25,0.0,0,133,0,0,90,0,,8.87,,0.0,1.0,0.0,middle,middle_overs_bowler,0.0,2.0,22.5,0.625,Sunrisers Hyderabad,2026,False
Shoaib Ahmed,5,7,102,154,1,0,9.06,30.8,20.4,0.714,0.95,2,0.286,0.324,0.143,0.0,37,75,42,18,66,18,12.33,6.82,14.0,0.176,0.647,0.176,middle,middle_overs_bowler,0.0,1.0,14.57,0.862,Deccan Chargers,2009,True
Shoaib Akhtar,5,3,42,54,4,0,7.71,10.8,8.4,1.667,2.08,1,0.333,0.548,1.333,0.0,54,0,0,42,0,0,7.71,,,1.0,0.0,0.0,powerplay,part_time_bowler,4.0,0.5,14.0,0.362,Kolkata Knight Riders,2007,False
Shoaib Malik,2,5,51,87,6,1,10.24,43.5,25.5,0.4,0.55,0,0.0,0.294,1.2,0.2,0,62,25,0,36,15,,10.33,10.0,0.0,0.706,0.294,death,part_time_bowler,0.0,0.67,10.2,0.525,Delhi Daredevils,2007,True
Sikandar Raza,3,7,84,146,3,1,10.43,48.67,28.0,0.429,0.53,0,0.0,0.25,0.429,0.143,28,118,0,12,72,0,14.0,9.83,,0.143,0.857,0.0,middle,middle_overs_bowler,0.5,0.0,12.0,0.788,Punjab Kings,2024,True
Simarjeet Singh,11,14,240,411,14,2,10.28,37.36,21.82,0.786,1.05,4,0.286,0.425,1.0,0.143,215,132,64,126,78,36,10.24,10.15,10.67,0.525,0.325,0.15,middle,powerplay_bowler,1.8,0.22,17.14,1.0,Chennai Super Kings,2025,True
Sohail Tanvir,22,11,247,275,17,1,6.68,12.5,11.23,2.0,2.0,6,0.545,0.49,1.545,0.091,145,8,122,132,12,103,6.59,4.0,7.11,0.534,0.049,0.417,middle,death_bowler,2.2,0.0,22.45,1.0,Rajasthan Royals,2007,True
Sumit Kumar,0,2,20,38,2,0,11.4,,,0.0,0.0,0,0.0,0.2,1.0,0.0,0,30,8,0,18,2,,10.0,24.0,0.0,0.9,0.1,middle,part_time_bowler,,0.0,10.0,0.208,Delhi Capitals,2024,False
Sunny Gupta,0,1,18,47,1,0,15.67,,,0.0,0.0,0,0.0,0.0,1.0,0.0,12,35,0,6,12,0,12.0,17.5,,0.333,0.667,0.0,powerplay,part_time_bowler,,0.0,18.0,0.138,Delhi Daredevils,2012,False
Suryansh Shedge,0,1,18,40,0,1,13.33,,,0.0,0.0,0,0.0,0.056,0.0,1.0,0,14,26,0,12,6,,7.0,26.0,0.0,0.667,0.333,middle,part_time_bowler,0.0,,18.0,0.138,Punjab Kings,2025,False
Suyash Sharma,22,31,648,965,10,1,8.94,43.86,29.45,0.71,0.94,6,0.194,0.318,0.323,0.032,22,813,130,18,552,78,7.33,8.84,10.0,0.028,0.852,0.12,powerplay,middle_overs_bowler,0.77,0.56,20.9,1.0,Royal Challengers Bengaluru,2026,True
Swapnil Singh,7,14,162,241,2,1,8.93,34.43,23.14,0.5,0.76,2,0.143,0.241,0.143,0.071,62,179,0,42,120,0,8.86,8.95,,0.259,0.741,0.0,powerplay,middle_overs_bowler,0.78,0.0,11.57,1.0,Royal Challengers Bengaluru,2024,True
T Henderson,1,2,36,41,0,0,6.83,41.0,36.0,0.5,0.71,0,0.0,0.389,0.0,0.0,0,13,28,0,18,18,,4.33,9.33,0.0,0.5,0.5,middle,part_time_bowler,,0.5,18.0,0.275,Rajasthan Royals,2009,False
T Natarajan,73,67,1452,2195,64,1,9.07,30.07,19.89,1.09,0.97,21,0.313,0.304,0.955,0.015,544,647,1004,384,475,593,8.5,8.17,10.16,0.264,0.327,0.408,middle,death_bowler,1.21,0.97,21.67,1.0,Sunrisers Hyderabad,2026,True
T Shamsi,3,5,120,185,0,0,9.25,61.67,40.0,0.6,0.55,0,0.0,0.233,0.0,0.0,0,143,42,0,102,18,,8.41,14.0,0.0,0.85,0.15,middle,middle_overs_bowler,1.0,0.5,24.0,0.812,Royal Challengers Bangalore,2021,True
T Stubbs,4,5,36,69,1,0,11.5,17.25,9.0,0.8,0.84,1,0.2,0.333,0.2,0.0,0,64,5,0,30,6,,12.8,5.0,0.0,0.833,0.167,death,part_time_bowler,1.0,0.5,7.2,0.462,Delhi Capitals,2025,True
T Thushara,8,6,135,164,7,2,7.29,20.5,16.88,1.333,0.82,3,0.5,0.422,1.167,0.333,60,24,80,60,30,45,6.0,4.8,10.67,0.444,0.222,0.333,middle,death_bowler,1.67,1.0,22.5,0.875,Chennai Super Kings,2009,True
TA Boult,144,122,2741,3916,102,2,8.57,27.19,19.03,1.18,0.97,40,0.328,0.409,0.836,0.016,2036,572,1308,1636,372,733,7.47,9.23,10.71,0.597,0.136,0.267,powerplay,powerplay_bowler,1.42,0.87,22.47,1.0,Mumbai Indians,2026,True
TG Southee,47,54,1206,1774,52,4,8.83,37.74,25.66,0.87,0.99,15,0.278,0.371,0.963,0.074,863,289,622,636,222,348,8.14,7.81,10.72,0.527,0.184,0.289,middle,powerplay_bowler,0.83,0.92,22.33,1.0,Mumbai Indians,2023,True
TH David,0,1,6,18,0,0,18.0,,,0.0,0.0,0,0.0,0.167,0.0,0.0,0,18,0,0,6,0,,18.0,,0.0,1.0,0.0,middle,part_time_bowler,,0.0,6.0,0.088,Royal Challengers Bengaluru,2026,False
TK Curran,13,13,238,432,11,3,10.89,33.23,18.31,1.0,0.91,3,0.231,0.239,0.846,0.231,67,132,233,42,85,111,9.57,9.32,12.59,0.176,0.357,0.466,middle,death_bowler,1.2,0.88,18.31,1.0,Rajasthan Royals,2021,True
TL Suman,6,11,150,198,0,2,7.92,33.0,25.0,0.545,0.69,1,0.091,0.287,0.0,0.182,6,144,48,6,120,24,6.0,7.2,12.0,0.04,0.8,0.16,powerplay,middle_overs_bowler,0.67,0.5,13.64,1.0,Deccan Chargers,2013,True
TM Dilshan,5,25,271,368,4,0,8.15,73.6,54.2,0.2,0.41,0,0.0,0.292,0.16,0.0,62,275,31,42,204,25,8.86,8.09,7.44,0.155,0.753,0.092,death,middle_overs_bowler,0.31,0.08,10.84,1.0,Delhi Daredevils,2013,True
TM Head,2,6,58,113,0,0,11.69,56.5,29.0,0.333,0.82,1,0.167,0.155,0.0,0.0,0,86,27,0,40,18,,12.9,9.0,0.0,0.69,0.31,death,part_time_bowler,1.0,0.0,9.67,0.617,Royal Challengers Bangalore,2024,True
TP Sudhindra,1,3,70,137,3,1,11.74,137.0,70.0,0.333,0.58,0,0.0,0.257,1.0,0.333,40,47,50,24,24,22,10.0,11.75,13.64,0.343,0.343,0.314,powerplay,powerplay_bowler,,0.33,23.33,0.479,Deccan Chargers,2012,False
TS Mills,11,10,209,349,9,0,10.02,31.73,19.0,1.1,0.99,3,0.3,0.33,0.9,0.0,106,133,110,72,72,65,8.83,11.08,10.15,0.344,0.344,0.311,powerplay,death_bowler,1.0,1.11,20.9,1.0,Mumbai Indians,2022,True
TU Deshpande,54,49,1019,1726,77,7,10.16,31.96,18.87,1.102,1.08,18,0.367,0.35,1.571,0.143,729,354,643,492,198,329,8.89,10.73,11.73,0.483,0.194,0.323,powerplay,death_bowler,1.43,0.81,20.8,1.0,Chennai Super Kings,2026,True
Tejas Baroka,0,1,21,33,0,0,9.43,,,0.0,0.0,0,0.0,0.286,0.0,0.0,8,16,9,6,12,3,8.0,8.0,18.0,0.286,0.571,0.143,powerplay,part_time_bowler,,0.0,21.0,0.15,Gujarat Lions,2017,False
Tilak Varma,0,4,22,28,1,0,7.64,,,0.0,0.0,0,0.0,0.364,0.25,0.0,7,13,8,6,12,4,7.0,6.5,12.0,0.273,0.545,0.182,middle,part_time_bowler,0.0,0.0,5.5,0.342,Mumbai Indians,2024,False
UT Yadav,144,147,3056,4442,110,24,8.72,30.85,21.22,0.98,1.07,41,0.279,0.388,0.748,0.163,1926,1204,1312,1452,872,732,7.96,8.28,10.75,0.475,0.285,0.24,powerplay,powerplay_bowler,1.23,0.73,20.79,1.0,Kolkata Knight Riders,2024,True
Umar Gul,12,6,135,198,12,6,8.8,16.5,11.25,2.0,1.41,4,0.667,0.378,2.0,1.0,42,68,88,36,54,45,7.0,7.56,11.73,0.267,0.4,0.333,powerplay,death_bowler,1.67,2.33,22.5,0.875,Kolkata Knight Riders,2007,True
Umran Malik,29,26,493,785,22,4,9.55,27.07,17.0,1.115,1.37,7,0.269,0.416,0.846,0.154,95,563,127,30,390,73,19.0,8.66,10.44,0.061,0.791,0.148,middle,middle_overs_bowler,1.36,0.93,18.96,1.0,Sunrisers Hyderabad,2024,True
V Kaverappa,2,1,24,36,0,0,9.0,18.0,12.0,2.0,0.0,1,1.0,0.458,0.0,0.0,20,16,0,18,6,0,6.67,16.0,,0.75,0.25,0.0,powerplay,part_time_bowler,,2.0,24.0,0.162,Punjab Kings,2024,False
V Kohli,4,26,251,371,7,6,8.87,92.75,62.75,0.154,0.46,1,0.038,0.207,0.269,0.231,0,315,56,0,225,26,,8.4,12.92,0.0,0.896,0.104,middle,middle_overs_bowler,0.33,0.0,9.65,1.0,Royal Challengers Bangalore,2016,True
V Nigam,12,16,264,420,7,5,9.55,35.0,22.0,0.75,0.93,5,0.312,0.307,0.438,0.312,83,300,37,54,174,36,9.22,10.34,6.17,0.205,0.659,0.136,death,middle_overs_bowler,1.0,0.5,16.5,1.0,Delhi Capitals,2026,True
V Pratap Singh,10,9,204,300,7,0,8.82,30.0,20.4,1.111,0.6,2,0.222,0.348,0.778,0.0,140,89,71,96,66,42,8.75,8.09,10.14,0.471,0.324,0.206,middle,powerplay_bowler,1.33,1.0,22.67,1.0,Deccan Chargers,2012,True
V Puthur,6,5,72,109,1,0,9.08,18.17,12.0,1.2,1.1,1,0.2,0.333,0.2,0.0,0,85,24,0,60,12,,8.5,12.0,0.0,0.833,0.167,middle,middle_overs_bowler,0.5,1.67,14.4,0.612,Mumbai Indians,2025,True
V Sehwag,6,15,136,236,1,1,10.41,39.33,22.67,0.4,0.63,1,0.067,0.324,0.067,0.067,47,139,50,12,102,22,23.5,8.18,13.64,0.088,0.75,0.162,middle,middle_overs_bowler,0.8,0.2,9.07,1.0,Delhi Daredevils,2013,True
V Shankar,9,22,238,344,15,5,8.67,38.22,26.44,0.409,0.59,1,0.045,0.336,0.682,0.227,14,264,66,8,185,45,10.5,8.56,8.8,0.034,0.777,0.189,middle,middle_overs_bowler,0.3,0.5,10.82,1.0,Sunrisers Hyderabad,2022,True
V Viyaskanth,1,3,60,90,0,0,9.0,90.0,60.0,0.333,0.58,0,0.0,0.267,0.0,0.0,0,90,0,0,60,0,,9.0,,0.0,1.0,0.0,middle,middle_overs_bowler,0.5,0.0,20.0,0.438,Sunrisers Hyderabad,2024,False
VG Arora,42,36,734,1223,49,10,10.0,29.12,17.48,1.167,0.91,12,0.333,0.369,1.361,0.278,722,170,331,474,84,176,9.14,12.14,11.28,0.646,0.114,0.24,powerplay,powerplay_bowler,1.16,1.18,20.39,1.0,Kolkata Knight Riders,2026,True
VR Aaron,44,50,994,1527,63,8,9.22,34.7,22.59,0.88,0.94,17,0.34,0.389,1.26,0.16,569,552,406,384,402,208,8.89,8.24,11.71,0.386,0.404,0.209,middle,powerplay_bowler,1.04,0.73,19.88,1.0,Royal Challengers Bangalore,2022,True
VR Iyer,3,9,81,145,2,1,10.74,48.33,27.0,0.333,0.71,1,0.111,0.185,0.222,0.111,0,90,55,0,48,33,,11.25,10.0,0.0,0.593,0.407,death,death_bowler,0.67,0.17,9.0,0.838,Kolkata Knight Riders,2024,True
VRV Singh,12,18,360,549,7,4,9.15,45.75,30.0,0.667,0.84,2,0.111,0.317,0.389,0.222,136,250,163,78,174,108,10.46,8.62,9.06,0.217,0.483,0.3,middle,death_bowler,0.75,0.5,20.0,1.0,Kings XI Punjab,2009,True
VS Malik,6,13,205,268,5,2,7.84,44.67,34.17,0.462,0.66,1,0.077,0.41,0.385,0.154,157,99,12,126,72,7,7.48,8.25,10.29,0.615,0.351,0.034,powerplay,powerplay_bowler,0.6,0.38,15.77,1.0,Kings XI Punjab,2014,True
VS Yeligati,0,2,30,61,2,0,12.2,,,0.0,0.0,0,0.0,0.2,1.0,0.0,13,35,13,6,18,6,13.0,11.67,13.0,0.2,0.6,0.2,middle,part_time_bowler,,0.0,15.0,0.25,Mumbai Indians,2007,False
VY Mahesh,21,17,339,511,13,7,9.04,24.33,16.14,1.235,1.15,6,0.353,0.354,0.765,0.412,149,281,81,78,198,63,11.46,8.52,7.71,0.23,0.584,0.186,death,middle_overs_bowler,1.25,1.22,19.94,1.0,Delhi Daredevils,2012,True
Vijaykumar Vyshak,22,20,411,719,23,2,10.5,32.68,18.68,1.1,1.02,7,0.35,0.285,1.15,0.1,125,392,202,66,246,99,11.36,9.56,12.24,0.161,0.599,0.241,middle,middle_overs_bowler,1.08,1.12,20.55,1.0,Punjab Kings,2026,True
Vivrant Sharma,0,2,18,37,2,1,12.33,,,0.0,0.0,0,0.0,0.278,1.0,0.5,0,37,0,0,18,0,,12.33,,0.0,1.0,0.0,middle,part_time_bowler,0.0,0.0,9.0,0.2,Sunrisers Hyderabad,2023,False
W O'Rourke,6,3,62,132,2,0,12.77,22.0,10.33,2.0,1.0,2,0.667,0.242,0.667,0.0,52,50,30,24,24,14,13.0,12.5,12.86,0.387,0.387,0.226,middle,powerplay_bowler,3.0,1.5,20.67,0.446,Lucknow Super Giants,2025,False
WA Mota,4,7,72,98,2,1,8.17,24.5,18.0,0.571,0.53,0,0.0,0.333,0.286,0.143,0,50,48,0,48,24,,6.25,12.0,0.0,0.667,0.333,middle,death_bowler,0.5,0.67,10.29,0.738,Kings XI Punjab,2009,True
WD Parnell,35,33,723,968,29,6,8.03,27.66,20.66,1.061,0.97,8,0.242,0.409,0.879,0.182,490,141,337,372,120,231,7.9,7.05,8.75,0.515,0.166,0.32,middle,death_bowler,1.42,0.86,21.91,1.0,Pune Warriors,2023,True
WG Jacks,8,13,138,221,6,1,9.61,27.62,17.25,0.615,0.77,2,0.154,0.304,0.462,0.077,60,149,12,36,96,6,10.0,9.31,12.0,0.261,0.696,0.043,middle,middle_overs_bowler,0.86,0.33,10.62,1.0,Mumbai Indians,2025,True
WPUJC Vaas,18,13,282,364,4,2,7.74,20.22,15.67,1.385,0.87,6,0.462,0.454,0.308,0.154,211,57,96,198,36,48,6.39,9.5,12.0,0.702,0.128,0.17,powerplay,powerplay_bowler,1.8,1.12,21.69,1.0,Deccan Chargers,2009,True
Washington Sundar,40,65,1144,1485,10,2,7.79,37.12,28.6,0.615,0.84,9,0.138,0.33,0.154,0.031,547,807,131,384,678,82,8.55,7.14,9.59,0.336,0.593,0.072,middle,powerplay_bowler,0.81,0.42,17.6,1.0,Royal Challengers Bangalore,2026,True
XC Bartlett,6,9,166,271,3,1,9.8,45.17,27.67,0.667,0.71,1,0.111,0.349,0.333,0.111,161,59,51,94,36,36,10.28,9.83,8.5,0.566,0.217,0.217,death,powerplay_bowler,0.57,1.0,18.44,1.0,Punjab Kings,2026,True
Y Gnaneswara Rao,0,1,6,7,0,0,7.0,,,0.0,0.0,0,0.0,0.5,0.0,0.0,0,7,0,0,6,0,,7.0,,0.0,1.0,0.0,middle,part_time_bowler,0.0,,6.0,0.088,Kochi Tuskers Kerala,2011,False
Y Nagar,4,8,66,125,2,4,11.36,31.25,16.5,0.5,0.76,1,0.125,0.242,0.25,0.5,10,115,0,6,60,0,10.0,11.5,,0.091,0.909,0.0,powerplay,middle_overs_bowler,0.0,0.67,8.25,0.775,Delhi Daredevils,2012,True
Y Prithvi Raj,1,2,30,57,3,0,11.4,57.0,30.0,0.5,0.71,0,0.0,0.267,1.5,0.0,33,24,0,12,18,0,16.5,8.0,,0.4,0.6,0.0,middle,part_time_bowler,,0.5,15.0,0.25,Kolkata Knight Riders,2019,False
Y Venugopal Rao,6,20,216,338,6,0,9.39,56.33,36.0,0.3,0.66,2,0.1,0.273,0.3,0.0,67,218,53,42,150,24,9.57,8.72,13.25,0.194,0.694,0.111,middle,middle_overs_bowler,0.14,0.38,10.8,1.0,Deccan Chargers,2014,True
YA Abdulla,15,11,209,311,12,1,8.93,20.73,13.93,1.364,1.63,4,0.364,0.421,1.091,0.091,103,92,116,84,66,59,7.36,8.36,11.8,0.402,0.316,0.282,powerplay,powerplay_bowler,2.5,0.71,19.0,1.0,Kings XI Punjab,2009,True
YBK Jaiswal,0,1,1,6,0,0,36.0,,,0.0,0.0,0,0.0,0.0,0.0,0.0,0,0,6,0,0,1,,,36.0,0.0,0.0,1.0,death,part_time_bowler,,0.0,1.0,0.067,Rajasthan Royals,2022,False
YK Pathan,42,82,1147,1443,37,0,7.55,34.36,27.31,0.512,0.82,11,0.134,0.343,0.451,0.0,402,914,127,354,714,79,6.81,7.68,9.65,0.309,0.622,0.069,powerplay,powerplay_bowler,0.58,0.41,13.99,1.0,Kolkata Knight Riders,2019,True
YS Chahal,224,176,3869,5240,112,10,8.13,23.39,17.27,1.273,1.1,61,0.347,0.332,0.636,0.057,538,3665,1037,404,2810,655,7.99,7.83,9.5,0.104,0.726,0.169,middle,middle_overs_bowler,1.46,1.08,21.98,1.0,Royal Challengers Bangalore,2026,True
Yash Dayal,41,43,871,1412,39,10,9.73,34.44,21.24,0.953,0.84,10,0.233,0.352,0.907,0.233,701,289,422,438,205,228,9.6,8.46,11.11,0.503,0.235,0.262,middle,powerplay_bowler,1.13,0.54,20.26,1.0,Royal Challengers Bengaluru,2025,True
Yash Thakur,25,21,443,782,28,4,10.59,31.28,17.72,1.19,1.36,5,0.238,0.312,1.333,0.19,184,252,346,108,154,181,10.22,9.82,11.47,0.244,0.348,0.409,middle,death_bowler,1.9,0.55,21.1,1.0,Lucknow Super Giants,2025,True
Yudhvir Singh,8,9,138,257,6,1,11.17,32.12,17.25,0.889,1.05,2,0.222,0.391,0.667,0.111,148,73,36,84,36,18,10.57,12.17,12.0,0.609,0.261,0.13,powerplay,powerplay_bowler,0.8,1.0,15.33,1.0,Lucknow Super Giants,2025,True
Yuvraj Singh,36,73,869,1091,12,1,7.53,30.31,24.14,0.493,0.94,9,0.123,0.297,0.164,0.014,0,933,158,0,756,113,,7.4,8.39,0.0,0.87,0.13,middle,middle_overs_bowler,0.39,0.57,11.9,1.0,Kings XI Punjab,2018,True
Z Khan,102,99,2200,2860,74,2,7.8,28.04,21.57,1.03,0.98,28,0.283,0.397,0.747,0.02,1492,422,946,1292,301,607,6.93,8.41,9.35,0.587,0.137,0.276,powerplay,powerplay_bowler,1.21,0.86,22.22,1.0,Royal Challengers Bangalore,2017,True
Zeeshan Ansari,6,10,203,334,5,1,9.87,55.67,33.83,0.6,0.97,1,0.1,0.232,0.5,0.1,0,284,50,0,180,23,,9.47,13.04,0.0,0.887,0.113,middle,middle_overs_bowler,0.0,0.86,20.3,1.0,Sunrisers Hyderabad,2025,True
