player,total_wickets,total_matches_bowled,total_balls_bowled,total_runs_conceded,total_wides,total_noballs,economy_rate,bowling_average,bowling_strike_rate,avg_wickets_per_match,bowling_consistency,two_plus_hauls,two_plus_haul_rate,bowling_dot_rate,wide_rate,noball_rate,pp_economy,mid_economy,death_economy,pp_wicket_contribution,mid_wicket_contribution,death_wicket_contribution,dominant_phase,bowling_role,wickets_in_wins,wickets_in_losses,team
A Aravinddaraj,6,9,156,212,9,0,8.15,35.33,26.0,0.667,0.87,2,0.222,0.301,1.0,0.0,12.0,6.25,10.86,0.115,0.615,0.269,middle,middle_overs_bowler,1.25,0.2,Puducherry
A Ashish Reddy,4,7,126,193,3,0,9.19,48.25,31.5,0.571,1.13,1,0.143,0.222,0.429,0.0,6.0,9.75,9.5,0.143,0.762,0.095,powerplay,middle_overs_bowler,0.0,0.8,Hyderabad (India)
A Badoni,2,4,42,74,1,0,10.57,37.0,21.0,0.5,1.0,1,0.25,0.214,0.25,0.0,17.0,9.0,10.5,0.143,0.571,0.286,middle,middle_overs_bowler,0.67,0.0,Delhi
A Choudhary,30,25,510,586,12,1,6.89,19.53,17.0,1.2,0.82,7,0.28,0.467,0.48,0.04,6.02,6.0,8.21,0.529,0.071,0.4,middle,powerplay_bowler,1.31,1.0,Rajasthan
A Kamboj,6,4,66,81,5,0,7.36,13.5,11.0,1.5,1.0,1,0.25,0.5,1.25,0.0,6.43,11.0,8.33,0.636,0.091,0.273,powerplay,powerplay_bowler,1.0,1.67,Haryana
A Mishra,23,26,510,688,12,2,8.09,29.91,22.17,0.885,1.14,6,0.231,0.312,0.462,0.077,7.71,8.06,8.4,0.082,0.741,0.176,powerplay,middle_overs_bowler,0.88,0.9,Haryana
A Mithun,32,31,622,857,18,1,8.27,26.78,19.44,1.032,1.17,10,0.323,0.378,0.581,0.032,7.61,7.71,9.95,0.54,0.186,0.273,powerplay,powerplay_bowler,1.23,0.56,Karnataka
A Nagwaswalla,36,26,543,653,23,3,7.22,18.14,15.08,1.385,1.72,7,0.269,0.446,0.885,0.115,6.27,8.0,8.51,0.541,0.155,0.304,powerplay,powerplay_bowler,1.81,0.7,Gujarat
A Palkar,9,6,107,117,3,0,6.56,13.0,11.89,1.5,1.05,3,0.5,0.477,0.5,0.0,5.58,,8.57,0.673,0.0,0.327,powerplay,powerplay_bowler,2.0,0.5,Maharashtra
A Sheth,59,44,888,1167,14,0,7.89,19.78,15.05,1.341,1.26,16,0.364,0.408,0.318,0.0,7.13,7.57,9.2,0.473,0.206,0.321,powerplay,powerplay_bowler,1.64,0.81,Baroda
A Singhania,9,13,203,243,1,0,7.18,27.0,22.56,0.692,1.11,1,0.077,0.305,0.077,0.0,,6.75,9.26,0.0,0.828,0.172,middle,middle_overs_bowler,1.25,0.44,Meghalaya
AA Bamal,3,5,120,118,1,1,5.9,39.33,40.0,0.6,0.89,1,0.2,0.342,0.2,0.2,,5.81,6.25,0.0,0.8,0.2,middle,middle_overs_bowler,1.0,0.33,Services
AA Chakraborty,4,10,204,241,4,0,7.09,60.25,51.0,0.4,0.52,0,0.0,0.299,0.4,0.0,8.75,6.87,,0.118,0.882,0.0,middle,middle_overs_bowler,0.5,0.38,Tripura
AA Choudhury,0,3,36,44,0,0,7.33,,,0.0,0.0,0,0.0,0.25,0.0,0.0,3.0,8.75,6.0,0.167,0.667,0.167,powerplay,middle_overs_bowler,0.0,,Assam
AA Kazi,0,4,71,115,0,0,9.72,,,0.0,0.0,0,0.0,0.183,0.0,0.0,8.5,7.88,19.09,0.169,0.676,0.155,middle,middle_overs_bowler,,0.0,Nagaland
AA Sanklecha,5,4,87,118,1,0,8.14,23.6,17.4,1.25,1.5,2,0.5,0.414,0.25,0.0,7.91,10.0,8.4,0.759,0.069,0.172,powerplay,powerplay_bowler,1.67,0.0,Maharashtra
AA Sarwate,7,5,90,105,2,0,7.0,15.0,12.86,1.4,0.89,3,0.6,0.333,0.4,0.0,13.0,5.5,13.0,0.133,0.8,0.067,middle,middle_overs_bowler,1.75,0.0,Vidarbha
AB Dinda,25,27,567,743,20,6,7.86,29.72,22.68,0.926,1.0,7,0.259,0.393,0.741,0.222,7.54,8.0,8.27,0.55,0.011,0.439,powerplay,powerplay_bowler,0.88,1.0,Bengal
AD Nath,5,8,99,142,3,0,8.61,28.4,19.8,0.625,0.74,1,0.125,0.192,0.375,0.0,,9.0,8.0,0.0,0.606,0.394,death,middle_overs_bowler,0.5,1.0,Uttar Pradesh
AH Hooda,18,24,444,535,15,1,7.23,29.72,24.67,0.75,0.9,5,0.208,0.444,0.625,0.042,7.31,13.0,6.84,0.649,0.014,0.338,death,powerplay_bowler,1.07,0.22,Haryana
AK Chahal,7,6,114,154,2,0,8.11,22.0,16.29,1.167,1.17,2,0.333,0.377,0.333,0.0,8.22,7.86,8.33,0.474,0.368,0.158,middle,powerplay_bowler,1.5,0.5,Haryana
AK Sarkar,2,7,120,173,5,0,8.65,86.5,60.0,0.286,0.76,1,0.143,0.275,0.714,0.0,11.14,7.3,7.33,0.35,0.5,0.15,middle,middle_overs_bowler,1.0,0.0,Tripura
AL Menaria,2,4,66,58,1,0,5.27,29.0,33.0,0.5,0.58,0,0.0,0.348,0.25,0.0,6.33,4.67,5.5,0.273,0.545,0.182,middle,middle_overs_bowler,0.0,1.0,Rajasthan
AM Nayar,6,8,144,184,7,0,7.67,30.67,24.0,0.75,0.71,1,0.125,0.257,0.875,0.0,4.0,7.83,,0.042,0.958,0.0,powerplay,middle_overs_bowler,1.0,0.33,Mumbai
AN Ahmed,25,23,402,476,13,0,7.1,19.04,16.08,1.087,1.04,9,0.391,0.445,0.565,0.0,6.87,5.8,8.26,0.567,0.149,0.284,middle,powerplay_bowler,1.25,1.0,Assam
AN Chauhan,7,5,96,139,6,0,8.69,19.86,13.71,1.4,1.67,2,0.4,0.375,1.2,0.0,8.0,13.67,7.0,0.438,0.188,0.375,death,powerplay_bowler,1.0,1.67,Himachal
AP Sharma,4,6,108,119,1,0,6.61,29.75,27.0,0.667,0.82,1,0.167,0.444,0.167,0.0,12.0,6.0,5.5,0.111,0.778,0.111,death,middle_overs_bowler,1.0,0.0,Services
AR Lamba,4,5,108,164,2,0,9.11,41.0,27.0,0.8,0.45,0,0.0,0.37,0.4,0.0,7.29,7.33,13.8,0.389,0.333,0.278,powerplay,all_phases_bowler,0.75,1.0,Rajasthan
AR Pandey,4,13,195,309,4,1,9.51,77.25,48.75,0.308,0.63,1,0.077,0.323,0.308,0.077,8.93,8.62,13.09,0.431,0.4,0.169,middle,powerplay_bowler,0.2,0.38,Railways
AR Patel,18,23,492,471,5,1,5.74,26.17,27.33,0.783,0.67,3,0.13,0.431,0.217,0.043,5.33,5.16,10.22,0.146,0.744,0.11,middle,middle_overs_bowler,0.67,0.91,Gujarat
AS Karambelkar,0,3,30,58,1,0,11.6,,,0.0,0.0,0,0.0,0.167,0.333,0.0,,11.6,,0.0,1.0,0.0,middle,middle_overs_bowler,0.0,0.0,Baroda
AS Rajpoot,55,36,768,903,23,2,7.05,16.42,13.96,1.528,1.25,18,0.5,0.438,0.639,0.056,6.06,6.86,8.7,0.547,0.109,0.344,powerplay,powerplay_bowler,1.81,1.13,Uttar Pradesh
AS Raut,10,18,313,368,9,0,7.05,36.8,31.3,0.556,0.78,1,0.056,0.339,0.5,0.0,,7.15,6.72,0.0,0.786,0.214,death,middle_overs_bowler,0.75,0.4,Odisha
AS Roy,13,23,437,511,7,1,7.02,39.31,33.62,0.565,0.9,4,0.174,0.355,0.304,0.043,5.22,7.65,7.2,0.247,0.684,0.069,powerplay,middle_overs_bowler,0.62,0.5,Jharkhand
AS Surwar,4,3,60,80,0,0,8.0,20.0,15.0,1.333,1.15,2,0.667,0.283,0.0,0.0,,7.67,11.0,0.0,0.9,0.1,middle,middle_overs_bowler,2.0,1.0,Jharkhand
AS Thakare,4,3,69,68,0,0,5.91,17.0,17.25,1.333,0.58,1,0.333,0.406,0.0,0.0,6.5,5.0,5.6,0.522,0.261,0.217,middle,powerplay_bowler,2.0,1.0,Vidarbha
AV Rajput,6,5,69,106,3,0,9.22,17.67,11.5,1.2,1.64,1,0.2,0.275,0.6,0.0,,9.53,8.33,0.0,0.739,0.261,death,middle_overs_bowler,1.67,0.5,Baroda
Aamir Gani,7,6,132,152,2,0,6.91,21.71,18.86,1.167,0.41,1,0.167,0.318,0.333,0.0,8.0,6.73,7.17,0.045,0.682,0.273,middle,middle_overs_bowler,1.33,1.0,Bengal
Abdul Samad,1,7,60,77,0,0,7.7,77.0,60.0,0.143,0.38,0,0.0,0.283,0.0,0.0,,7.7,,0.0,1.0,0.0,middle,middle_overs_bowler,0.25,0.0,Jammu & Kashmir
Abhay Negi,18,19,426,533,23,1,7.51,29.61,23.67,0.947,0.91,5,0.263,0.437,1.211,0.053,6.05,5.5,10.15,0.549,0.085,0.366,middle,powerplay_bowler,1.17,0.85,Meghalaya
Abhijeet Saket,13,10,195,275,19,1,8.46,21.15,15.0,1.3,1.16,4,0.4,0.421,1.9,0.1,8.08,10.5,9.47,0.8,0.103,0.097,powerplay,powerplay_bowler,2.5,1.0,Bihar
Abhilash Gogoi,4,5,102,114,0,0,6.71,28.5,25.5,0.8,0.45,0,0.0,0.412,0.0,0.0,7.33,6.36,,0.353,0.647,0.0,middle,middle_overs_bowler,1.0,0.75,Assam
Abhishek Mohan,5,4,90,122,1,0,8.13,24.4,18.0,1.25,1.26,1,0.25,0.267,0.25,0.0,6.67,6.43,11.4,0.2,0.467,0.333,middle,all_phases_bowler,3.0,0.67,Kerala
Abhishek Sharma,18,23,384,444,10,0,6.94,24.67,21.33,0.783,0.9,5,0.217,0.391,0.435,0.0,6.61,6.96,9.0,0.516,0.406,0.078,powerplay,powerplay_bowler,0.5,1.09,Punjab
Abhishek Tanwar,7,7,131,137,3,0,6.27,19.57,18.71,1.0,1.15,2,0.286,0.473,0.429,0.0,4.69,9.0,10.97,0.733,0.046,0.221,powerplay,powerplay_bowler,0.8,1.5,Tamil Nadu
Abhishek Yadav,1,3,29,36,0,0,7.45,36.0,29.0,0.333,0.58,0,0.0,0.345,0.0,0.0,,7.5,7.2,0.0,0.828,0.172,death,middle_overs_bowler,,0.33,Odisha
Abid Mushtaq,11,14,294,298,0,0,6.08,27.09,26.73,0.786,0.89,4,0.286,0.418,0.0,0.0,5.2,5.66,9.29,0.204,0.653,0.143,powerplay,middle_overs_bowler,1.0,0.57,Jammu & Kashmir
Achit Shigwan,2,5,30,44,0,1,8.8,22.0,15.0,0.4,0.55,0,0.0,0.233,0.0,0.2,,8.75,9.0,0.0,0.8,0.2,middle,middle_overs_bowler,,0.4,Goa
Aditya Jadeja,3,3,42,41,2,1,5.86,13.67,14.0,1.0,0.0,0,0.0,0.571,0.667,0.333,6.2,3.0,7.0,0.714,0.143,0.143,middle,powerplay_bowler,1.0,1.0,Saurashtra
Agrim Tiwari,9,5,120,167,1,0,8.35,18.56,13.33,1.8,1.1,4,0.8,0.317,0.2,0.0,8.71,6.4,9.25,0.35,0.25,0.4,middle,death_bowler,1.0,2.33,Uttarakhand
Aishwary Mourya,7,5,108,161,6,0,8.94,23.0,15.43,1.4,1.14,2,0.4,0.324,1.2,0.0,5.75,8.2,14.0,0.222,0.556,0.222,powerplay,middle_overs_bowler,2.0,1.0,Chhattisgarh
Ajay Mandal,26,26,504,596,7,0,7.1,22.92,19.38,1.0,0.94,7,0.269,0.331,0.269,0.0,6.81,6.7,9.55,0.19,0.679,0.131,middle,middle_overs_bowler,1.67,0.65,Chhattisgarh
Ajay Sarkar,16,24,477,608,12,5,7.65,38.0,29.81,0.667,0.96,4,0.167,0.382,0.5,0.208,7.24,7.23,8.64,0.428,0.277,0.296,middle,powerplay_bowler,0.9,0.5,Tripura
Akash Bhandari,12,16,312,339,1,0,6.52,28.25,26.0,0.75,0.68,2,0.125,0.304,0.062,0.0,5.33,6.52,7.2,0.058,0.846,0.096,powerplay,middle_overs_bowler,1.0,0.64,Hyderabad (India)
Akash Choudhary,19,18,349,416,9,0,7.15,21.89,18.37,1.056,0.87,5,0.278,0.456,0.5,0.0,6.6,7.53,8.19,0.602,0.123,0.275,powerplay,powerplay_bowler,1.57,0.73,Meghalaya
Akash Deep,25,21,455,517,9,1,6.82,20.68,18.2,1.19,1.12,8,0.381,0.453,0.429,0.048,6.32,7.11,7.44,0.488,0.237,0.275,powerplay,powerplay_bowler,1.67,0.56,Bengal
Akash Madhwal,20,18,386,513,9,8,7.97,25.65,19.3,1.111,1.37,6,0.333,0.435,0.5,0.444,7.13,7.11,9.37,0.482,0.14,0.378,middle,powerplay_bowler,1.5,0.92,Uttarakhand
Akash Pandey,6,4,60,99,0,0,9.9,16.5,10.0,1.5,1.91,2,0.5,0.383,0.0,0.0,8.0,12.83,3.0,0.2,0.6,0.2,death,middle_overs_bowler,4.0,0.67,Railways
Akash Parkar,7,7,114,183,4,0,9.63,26.14,16.29,1.0,1.15,2,0.286,0.289,0.571,0.0,10.17,8.2,13.33,0.316,0.526,0.158,middle,middle_overs_bowler,1.75,0.0,Mumbai
Akash Sengupta,8,4,79,114,3,1,8.66,14.25,9.88,2.0,1.41,3,0.75,0.316,0.75,0.25,8.75,6.6,11.04,0.304,0.38,0.316,middle,all_phases_bowler,3.0,1.0,Assam
Akash Singh,4,7,132,176,3,0,8.0,44.0,33.0,0.571,0.79,1,0.143,0.386,0.429,0.0,7.09,8.6,9.17,0.5,0.227,0.273,powerplay,powerplay_bowler,0.0,0.67,Nagaland
Akash Sudan,5,3,60,94,4,1,9.4,18.8,12.0,1.667,0.58,2,0.667,0.583,1.333,0.333,4.0,8.25,16.33,0.3,0.4,0.3,powerplay,all_phases_bowler,1.67,,Delhi
Akash Vasisht,6,8,118,123,0,0,6.25,20.5,19.67,0.75,0.89,2,0.25,0.407,0.0,0.0,,5.73,7.93,0.0,0.763,0.237,middle,middle_overs_bowler,1.2,0.0,Himachal
Akhilesh Sahani,25,20,393,537,17,0,8.2,21.48,15.72,1.25,1.29,10,0.5,0.359,0.85,0.0,7.15,10.59,9.33,0.595,0.13,0.275,powerplay,powerplay_bowler,4.0,1.11,Arunachal Pradesh
Akshay Chandran,3,4,54,86,3,0,9.56,28.67,18.0,0.75,0.5,0,0.0,0.259,0.75,0.0,11.67,8.5,,0.333,0.667,0.0,middle,middle_overs_bowler,1.0,0.5,Kerala
Akshay Jain,3,5,96,124,1,0,7.75,41.33,32.0,0.6,0.55,0,0.0,0.26,0.2,0.0,9.2,6.44,10.0,0.312,0.562,0.125,middle,middle_overs_bowler,1.0,0.5,Puducherry
Akshay Karnewar,43,43,849,836,22,0,5.91,19.44,19.74,1.0,1.07,14,0.326,0.419,0.512,0.0,7.42,5.42,6.93,0.134,0.721,0.145,middle,middle_overs_bowler,1.3,0.5,Vidarbha
Akshay Wakhare,35,40,808,888,17,0,6.59,25.37,23.09,0.875,0.85,6,0.15,0.359,0.425,0.0,4.56,6.57,8.53,0.067,0.854,0.079,powerplay,middle_overs_bowler,0.92,0.81,Vidarbha
Alok Sahoo,2,5,96,124,7,0,7.75,62.0,48.0,0.4,0.89,1,0.2,0.438,1.4,0.0,7.62,8.4,7.0,0.5,0.312,0.188,death,powerplay_bowler,,0.4,Odisha
Aman Hakim Khan,4,7,96,126,3,0,7.88,31.5,24.0,0.571,0.79,1,0.143,0.427,0.429,0.0,9.0,6.17,8.67,0.438,0.375,0.188,middle,powerplay_bowler,0.67,0.0,Mumbai
Amiangshu Sen,7,7,96,136,2,1,8.5,19.43,13.71,1.0,1.15,2,0.286,0.302,0.286,0.143,3.0,9.17,7.67,0.062,0.75,0.188,powerplay,middle_overs_bowler,0.5,1.2,Meghalaya
Amit Ali,11,7,125,115,1,0,5.52,10.45,11.36,1.571,1.72,3,0.429,0.464,0.143,0.0,,4.95,11.45,0.0,0.912,0.088,middle,middle_overs_bowler,2.75,0.0,Tripura
Amit Mishra,35,25,527,710,8,5,8.08,20.29,15.06,1.4,1.12,11,0.44,0.38,0.32,0.2,6.37,9.08,9.78,0.467,0.148,0.385,powerplay,powerplay_bowler,1.44,1.33,Uttar Pradesh
Amit Verma,6,16,199,305,0,0,9.2,50.83,33.17,0.375,0.89,2,0.125,0.281,0.0,0.0,6.5,9.72,8.14,0.06,0.729,0.211,powerplay,middle_overs_bowler,0.83,0.1,Goa
Amit Yadav,11,8,168,153,2,0,5.46,13.91,15.27,1.375,1.51,3,0.375,0.524,0.25,0.0,2.42,7.77,7.67,0.429,0.464,0.107,powerplay,powerplay_bowler,2.33,0.8,Goa
Amlanjyoti Das,3,9,150,202,11,0,8.08,67.33,50.0,0.333,0.71,1,0.111,0.373,1.222,0.0,7.64,7.73,11.0,0.44,0.44,0.12,powerplay,powerplay_bowler,0.67,0.17,Assam
Amod Yadav,8,6,120,126,3,0,6.3,15.75,15.0,1.333,1.51,2,0.333,0.492,0.5,0.0,6.36,,6.17,0.7,0.0,0.3,death,powerplay_bowler,1.6,0.0,Bihar
Amogh Desai,4,4,48,60,3,0,7.5,15.0,12.0,1.0,1.41,1,0.25,0.354,0.75,0.0,9.0,8.0,6.75,0.125,0.375,0.5,death,death_bowler,,1.0,Goa
Amos Rai,0,3,30,69,3,0,13.8,,,0.0,0.0,0,0.0,0.133,1.0,0.0,,13.8,,0.0,1.0,0.0,middle,middle_overs_bowler,,0.0,Sikkim
Amulya Pandrekar,11,16,286,339,2,0,7.11,30.82,26.0,0.688,0.7,2,0.125,0.329,0.125,0.0,5.45,7.13,9.75,0.231,0.629,0.14,powerplay,middle_overs_bowler,0.6,0.73,Goa
Anand Singh,7,15,192,267,10,1,8.34,38.14,27.43,0.467,0.74,2,0.133,0.25,0.667,0.067,,8.56,7.2,0.0,0.844,0.156,death,middle_overs_bowler,0.6,0.2,Jharkhand
Andrew Vanlalhruaia,1,3,48,107,4,0,13.38,107.0,48.0,0.333,0.58,0,0.0,0.208,1.333,0.0,,12.43,20.0,0.0,0.875,0.125,middle,middle_overs_bowler,,0.33,Mizoram
Anirudh Kanwar,2,3,66,73,0,0,6.64,36.5,33.0,0.667,0.58,0,0.0,0.379,0.0,0.0,9.0,5.62,9.5,0.091,0.727,0.182,middle,middle_overs_bowler,1.0,0.0,Chandigarh
Anish Charak,2,9,124,129,2,0,6.24,64.5,62.0,0.222,0.44,0,0.0,0.427,0.222,0.0,6.71,6.0,,0.339,0.661,0.0,middle,middle_overs_bowler,0.2,0.25,Meghalaya
Ankit Chaudhary,12,9,199,200,1,0,6.03,16.67,16.58,1.333,1.12,3,0.333,0.407,0.111,0.0,6.67,5.96,6.0,0.09,0.819,0.09,middle,middle_overs_bowler,2.0,0.8,Uttar Pradesh
Ankit Kushwah,4,6,125,166,8,0,7.97,41.5,31.25,0.667,0.52,0,0.0,0.392,1.333,0.0,7.29,4.83,10.98,0.336,0.288,0.376,middle,all_phases_bowler,0.75,0.5,Madhya Pradesh
Ankit Maini,12,5,120,122,2,0,6.1,10.17,10.0,2.4,0.89,4,0.8,0.4,0.4,0.0,8.0,5.67,5.0,0.2,0.75,0.05,death,middle_overs_bowler,2.75,1.0,Himachal
Ankit Sharma,19,20,406,496,14,1,7.33,26.11,21.37,0.95,0.83,6,0.3,0.32,0.7,0.05,8.2,7.35,6.2,0.074,0.852,0.074,death,middle_overs_bowler,1.1,0.8,Madhya Pradesh
Ankit Yadav,4,6,84,123,1,0,8.79,30.75,21.0,0.667,0.52,0,0.0,0.274,0.167,0.0,7.0,7.5,11.4,0.214,0.429,0.357,powerplay,all_phases_bowler,0.5,0.75,Odisha
Ansh Patel,1,3,42,52,0,0,7.43,52.0,42.0,0.333,0.58,0,0.0,0.357,0.0,0.0,,6.0,16.0,0.0,0.857,0.143,middle,middle_overs_bowler,1.0,0.0,Baroda
Antony Dhas,7,3,55,48,0,0,5.24,6.86,7.86,2.333,2.08,2,0.667,0.436,0.0,0.0,,4.0,6.19,0.0,0.436,0.564,middle,death_bowler,2.33,,Tamil Nadu
Anuj Raj,10,6,130,143,6,0,6.6,14.3,13.0,1.667,1.63,3,0.5,0.5,1.0,0.0,6.62,,6.58,0.6,0.0,0.4,death,powerplay_bowler,2.0,1.0,Bihar
Anurag Tiwari,3,6,113,156,2,1,8.28,52.0,37.67,0.5,0.55,0,0.0,0.283,0.333,0.167,8.0,8.22,9.0,0.106,0.788,0.106,powerplay,middle_overs_bowler,0.33,0.67,Bengal
Anureet Singh,22,23,486,649,19,0,8.01,29.5,22.09,0.957,0.93,5,0.217,0.393,0.826,0.0,6.45,7.53,9.79,0.407,0.185,0.407,powerplay,powerplay_bowler,1.0,0.93,Railways
Arjun Tendulkar,10,7,150,203,17,1,8.12,20.3,15.0,1.429,1.27,2,0.286,0.453,2.429,0.143,8.92,7.0,7.33,0.52,0.12,0.36,middle,powerplay_bowler,0.5,1.8,Goa
Arnab Nandi,8,9,186,193,2,0,6.23,24.12,23.25,0.889,0.78,2,0.222,0.392,0.222,0.0,5.4,5.86,8.6,0.161,0.677,0.161,powerplay,middle_overs_bowler,0.6,1.25,Bengal
Arpit Pannu,2,3,72,95,1,0,7.92,47.5,36.0,0.667,0.58,0,0.0,0.236,0.333,0.0,9.0,7.7,,0.167,0.833,0.0,middle,middle_overs_bowler,1.0,0.5,Chandigarh
Arpit Vasavada,4,4,35,14,0,0,2.4,3.5,8.75,1.0,0.82,1,0.25,0.657,0.0,0.0,,2.4,2.4,0.0,0.857,0.143,middle,middle_overs_bowler,1.0,,Saurashtra
Arshdeep Singh,20,17,381,475,26,1,7.48,23.75,19.05,1.176,1.13,5,0.294,0.428,1.529,0.059,6.88,7.0,8.41,0.504,0.11,0.386,powerplay,powerplay_bowler,1.46,0.25,Punjab
Arun Chaprana,16,15,325,412,21,2,7.61,25.75,20.31,1.067,1.1,5,0.333,0.391,1.4,0.133,7.96,5.78,7.98,0.48,0.166,0.354,middle,powerplay_bowler,1.1,1.0,Haryana
Arup Das,4,10,169,249,5,0,8.84,62.25,42.25,0.4,0.52,0,0.0,0.42,0.5,0.0,7.57,11.33,13.44,0.746,0.107,0.148,powerplay,powerplay_bowler,0.25,0.5,Assam
Ashish Rai,3,3,54,62,2,0,6.89,20.67,18.0,1.0,1.0,1,0.333,0.407,0.667,0.0,6.6,6.5,8.0,0.556,0.222,0.222,middle,powerplay_bowler,1.0,1.0,Odisha
Ashish Yadav,14,15,300,341,4,0,6.82,24.36,21.43,0.933,1.16,4,0.267,0.367,0.267,0.0,6.42,6.89,8.0,0.24,0.72,0.04,powerplay,middle_overs_bowler,1.17,0.78,Railways
Ashith Rajiv,9,12,264,326,8,0,7.41,36.22,29.33,0.75,1.06,3,0.25,0.394,0.667,0.0,5.53,8.69,8.5,0.386,0.295,0.318,powerplay,all_phases_bowler,0.43,1.2,Puducherry
Ashutosh Aman,27,23,474,481,5,1,6.09,17.81,17.56,1.174,1.47,9,0.391,0.365,0.217,0.043,6.8,5.98,6.0,0.127,0.747,0.127,middle,middle_overs_bowler,2.5,0.47,Bihar
Ashwin Das,8,6,121,168,4,0,8.33,21.0,15.12,1.333,1.63,3,0.5,0.421,0.667,0.0,6.45,15.0,10.04,0.545,0.05,0.405,powerplay,powerplay_bowler,2.0,0.67,Madhya Pradesh
Ashwin Hebbar,0,5,54,110,2,0,12.22,,,0.0,0.0,0,0.0,0.315,0.4,0.0,10.0,12.86,10.0,0.111,0.778,0.111,powerplay,middle_overs_bowler,,0.0,Andhra
Aswin Crist,3,3,54,101,0,0,11.22,33.67,18.0,1.0,1.0,1,0.333,0.278,0.0,0.0,15.67,7.6,16.0,0.333,0.556,0.111,middle,middle_overs_bowler,1.0,,Tamil Nadu
Atharva Ankolekar,9,11,246,240,0,0,5.85,26.67,27.33,0.818,0.75,2,0.182,0.39,0.0,0.0,5.69,5.91,6.0,0.317,0.561,0.122,powerplay,middle_overs_bowler,1.0,0.5,Mumbai
Atharva Taide,10,12,150,135,3,1,5.4,13.5,15.0,0.833,0.94,4,0.333,0.433,0.25,0.083,,5.2,6.2,0.0,0.8,0.2,middle,middle_overs_bowler,1.11,0.0,Vidarbha
Auqib Nabi,13,11,210,303,4,3,8.66,23.31,16.15,1.182,1.4,4,0.364,0.338,0.364,0.273,8.56,8.0,10.25,0.257,0.514,0.229,middle,middle_overs_bowler,2.0,0.5,Jammu & Kashmir
Avesh Khan,39,28,618,797,18,2,7.74,20.44,15.85,1.393,1.4,10,0.357,0.429,0.643,0.071,7.18,6.99,8.78,0.495,0.138,0.367,middle,powerplay_bowler,2.07,0.62,Madhya Pradesh
Avinash Yadav,1,3,72,76,0,0,6.33,76.0,72.0,0.333,0.58,0,0.0,0.458,0.0,0.0,6.33,7.5,4.0,0.75,0.167,0.083,death,powerplay_bowler,,0.33,Mizoram
Avishek Sinha,5,9,199,214,2,0,6.45,42.8,39.8,0.556,0.88,2,0.222,0.342,0.222,0.0,,6.54,6.14,0.0,0.784,0.216,death,middle_overs_bowler,1.25,0.0,Services
Ayan Bhattacharjee,4,7,114,122,4,1,6.42,30.5,28.5,0.571,0.79,1,0.143,0.368,0.571,0.143,6.0,6.2,8.5,0.105,0.789,0.105,powerplay,middle_overs_bowler,0.5,1.0,Bengal
Ayush Jamwal,13,20,434,452,10,0,6.25,34.77,33.38,0.65,0.81,4,0.2,0.403,0.5,0.0,5.84,6.29,6.76,0.263,0.574,0.164,powerplay,middle_overs_bowler,0.58,0.75,Himachal
Azim Kazi,24,27,536,629,6,1,7.04,26.21,22.33,0.889,0.89,7,0.259,0.369,0.222,0.037,6.75,6.85,8.79,0.134,0.761,0.104,powerplay,middle_overs_bowler,1.12,0.55,Maharashtra
B Aparajith,10,16,222,216,4,0,5.84,21.6,22.2,0.625,0.81,3,0.188,0.414,0.25,0.0,5.46,5.86,8.0,0.351,0.595,0.054,powerplay,middle_overs_bowler,0.71,0.0,Tamil Nadu
B Kumar,17,10,219,222,8,0,6.08,13.06,12.88,1.7,1.64,5,0.5,0.47,0.8,0.0,4.8,7.0,7.68,0.548,0.027,0.425,powerplay,powerplay_bowler,2.0,1.4,Uttar Pradesh
BA Bhatt,13,19,390,393,7,0,6.05,30.23,30.0,0.684,0.95,6,0.316,0.405,0.368,0.0,6.0,6.13,4.5,0.277,0.692,0.031,death,middle_overs_bowler,0.85,0.33,Baroda
BA Pathan,12,14,264,307,14,1,6.98,25.58,22.0,0.857,1.03,2,0.143,0.432,1.0,0.071,6.64,6.33,8.33,0.318,0.409,0.273,middle,all_phases_bowler,0.9,0.75,Baroda
BB Dey,1,3,42,69,2,0,9.86,69.0,42.0,0.333,0.58,0,0.0,0.238,0.667,0.0,14.0,8.6,12.0,0.143,0.714,0.143,middle,middle_overs_bowler,1.0,0.0,Meghalaya
BB Roy,2,4,66,67,2,0,6.09,33.5,33.0,0.5,1.0,1,0.25,0.303,0.5,0.0,,5.6,6.5,0.0,0.455,0.545,middle,death_bowler,1.0,0.0,Tripura
BB Samantray,10,12,180,208,3,0,6.93,20.8,18.0,0.833,0.94,4,0.333,0.45,0.25,0.0,,6.78,7.43,0.0,0.767,0.233,middle,middle_overs_bowler,1.0,0.75,Odisha
BB Sran,9,9,195,240,6,3,7.38,26.67,21.67,1.0,1.5,3,0.333,0.431,0.667,0.333,7.88,6.35,9.2,0.246,0.523,0.231,middle,middle_overs_bowler,1.0,1.0,Punjab
BM Chingakham,1,4,60,97,2,0,9.7,97.0,60.0,0.25,0.5,0,0.0,0.333,0.5,0.0,10.0,8.25,12.0,0.4,0.4,0.2,middle,powerplay_bowler,,0.25,Manipur
Bal Krishna,6,4,90,116,1,0,7.73,19.33,15.0,1.5,1.73,1,0.25,0.433,0.25,0.0,7.25,5.29,12.5,0.267,0.467,0.267,middle,all_phases_bowler,2.5,0.5,Jharkhand
Baltej Singh,36,27,597,774,11,2,7.78,21.5,16.58,1.333,1.18,10,0.37,0.429,0.407,0.074,7.77,6.57,8.98,0.392,0.302,0.307,middle,all_phases_bowler,1.53,1.0,Punjab
Bandaru Ayyappa,29,23,513,661,14,1,7.73,22.79,17.69,1.261,1.01,11,0.478,0.396,0.609,0.043,7.05,7.63,8.78,0.515,0.136,0.349,powerplay,powerplay_bowler,1.58,0.91,Andhra
Basant Mohanty,4,5,114,154,5,1,8.11,38.5,28.5,0.8,0.84,1,0.2,0.412,1.0,0.2,7.9,4.67,10.17,0.526,0.158,0.316,middle,powerplay_bowler,,0.8,Odisha
Basil Thampi,33,32,677,950,8,3,8.42,28.79,20.52,1.031,1.12,9,0.281,0.381,0.25,0.094,7.69,7.66,10.02,0.425,0.257,0.318,middle,powerplay_bowler,1.1,0.92,Kerala
Bavanaka Sandeep,7,21,264,297,2,0,6.75,42.43,37.71,0.333,0.66,2,0.095,0.307,0.095,0.0,6.29,6.79,7.33,0.159,0.773,0.068,powerplay,middle_overs_bowler,0.6,0.25,Hyderabad (India)
Bhagmender Lather,5,6,90,130,3,2,8.67,26.0,18.0,0.833,0.75,1,0.167,0.356,0.5,0.333,,8.33,9.17,0.0,0.6,0.4,middle,death_bowler,1.0,0.8,Chandigarh
Bharat Sharma,7,6,144,148,2,1,6.17,21.14,20.57,1.167,1.6,2,0.333,0.444,0.333,0.167,5.5,6.31,7.33,0.333,0.542,0.125,powerplay,middle_overs_bowler,2.0,1.0,Puducherry
Bikash K Rout,5,3,72,93,1,0,7.75,18.6,14.4,1.667,1.53,2,0.667,0.306,0.333,0.0,,8.0,7.0,0.0,0.75,0.25,death,middle_overs_bowler,3.0,1.0,Odisha
Bipul Sharma,17,21,456,457,11,0,6.01,26.88,26.82,0.81,0.87,4,0.19,0.432,0.524,0.0,4.95,6.7,10.6,0.539,0.395,0.066,powerplay,powerplay_bowler,0.86,0.79,Chandigarh
Bishworjit Konthoujam,20,24,467,556,9,0,7.14,27.8,23.35,0.833,1.09,5,0.208,0.415,0.375,0.0,6.94,4.24,9.84,0.507,0.218,0.274,middle,powerplay_bowler,2.25,0.55,Manipur
Bobby Yadav,2,3,60,77,4,0,7.7,38.5,30.0,0.667,1.15,1,0.333,0.35,1.333,0.0,8.5,5.0,8.25,0.4,0.2,0.4,middle,powerplay_bowler,0.0,2.0,Uttar Pradesh
Bobby Zothansanga,9,13,226,276,5,0,7.33,30.67,25.11,0.692,0.75,2,0.154,0.354,0.385,0.0,6.33,6.42,12.17,0.08,0.761,0.159,powerplay,middle_overs_bowler,2.0,0.58,Mizoram
Bodavarapu Sudhakar,7,5,96,111,1,0,6.94,15.86,13.71,1.4,1.34,3,0.6,0.479,0.2,0.0,6.0,6.0,13.5,0.188,0.688,0.125,powerplay,middle_overs_bowler,2.0,1.25,Andhra
C Sakariya,40,23,538,651,33,4,7.26,16.27,13.45,1.739,1.32,11,0.478,0.413,1.435,0.174,6.36,7.8,8.24,0.468,0.223,0.309,powerplay,powerplay_bowler,1.79,1.67,Saurashtra
CK Paul,7,8,162,184,1,0,6.81,26.29,23.14,0.875,0.83,2,0.25,0.34,0.125,0.0,5.0,6.57,9.33,0.037,0.852,0.111,powerplay,middle_overs_bowler,1.25,0.5,Tripura
CP Singh,21,20,384,443,11,0,6.92,21.1,18.29,1.05,1.15,7,0.35,0.315,0.55,0.0,,6.89,7.67,0.0,0.953,0.047,middle,middle_overs_bowler,0.92,1.29,Rajasthan
CV Milind,40,31,667,888,17,1,7.99,22.2,16.68,1.29,1.35,11,0.355,0.376,0.548,0.032,7.17,6.62,9.54,0.423,0.189,0.388,middle,powerplay_bowler,2.23,0.61,Hyderabad (India)
CV Varun,5,3,72,80,0,1,6.67,16.0,14.4,1.667,0.58,2,0.667,0.333,0.0,0.333,6.2,6.5,7.67,0.417,0.333,0.25,powerplay,powerplay_bowler,2.0,1.5,Tamil Nadu
Chaitanya Bishnoi,0,3,24,30,0,0,7.5,,,0.0,0.0,0,0.0,0.167,0.0,0.0,,7.67,7.0,0.0,0.75,0.25,death,middle_overs_bowler,,0.0,Haryana
Chandan Ray,0,3,42,61,0,0,8.71,,,0.0,0.0,0,0.0,0.381,0.0,0.0,,8.71,,0.0,1.0,0.0,middle,middle_overs_bowler,,0.0,Tripura
Chanderpal Saini,1,4,72,97,1,0,8.08,97.0,72.0,0.25,0.5,0,0.0,0.264,0.25,0.0,,7.8,9.5,0.0,0.833,0.167,middle,middle_overs_bowler,,0.25,Railways
Cheepurapalli Stephen,42,22,487,516,15,3,6.36,12.29,11.6,1.909,1.69,10,0.455,0.501,0.682,0.136,6.02,2.88,7.7,0.517,0.099,0.384,middle,powerplay_bowler,2.43,1.67,Andhra
Chengkam Sangma,5,9,150,153,7,0,6.12,30.6,30.0,0.556,0.73,1,0.111,0.5,0.778,0.0,5.93,5.67,7.5,0.6,0.24,0.16,middle,powerplay_bowler,0.67,0.33,Meghalaya
Chinta Gandhi,4,8,144,166,5,0,6.92,41.5,36.0,0.5,0.53,0,0.0,0.382,0.625,0.0,7.5,7.2,6.14,0.083,0.625,0.292,death,middle_overs_bowler,0.75,0.25,Baroda
Chintan Gaja,24,20,395,490,10,0,7.44,20.42,16.46,1.2,1.15,8,0.4,0.438,0.5,0.0,7.73,7.57,6.42,0.501,0.319,0.18,death,powerplay_bowler,1.43,0.67,Gujarat
Chirag Jani,28,36,737,936,22,1,7.62,33.43,26.32,0.778,0.93,6,0.167,0.343,0.611,0.028,7.53,6.24,11.4,0.261,0.537,0.202,middle,middle_overs_bowler,0.62,1.0,Saurashtra
Chirag Khurana,5,6,97,98,2,0,6.06,19.6,19.4,0.833,0.98,2,0.333,0.402,0.333,0.0,6.6,5.56,7.0,0.309,0.567,0.124,middle,middle_overs_bowler,1.25,0.0,Meghalaya
Chopise Hopongkyu,4,5,74,110,1,0,8.92,27.5,18.5,0.8,0.84,1,0.2,0.405,0.2,0.0,10.57,7.25,5.25,0.568,0.324,0.108,death,powerplay_bowler,1.0,0.75,Nagaland
Codanda Ajit Karthik,5,4,90,92,3,1,6.13,18.4,18.0,1.25,0.96,2,0.5,0.456,0.75,0.25,7.83,3.0,6.6,0.4,0.267,0.333,middle,powerplay_bowler,2.0,1.0,Sikkim
D Rai,2,3,60,72,1,0,7.2,36.0,30.0,0.667,1.15,1,0.333,0.383,0.333,0.0,8.0,6.4,,0.5,0.5,0.0,middle,powerplay_bowler,2.0,0.0,Services
D Siva Kumar,4,4,84,105,0,0,7.5,26.25,21.0,1.0,0.82,1,0.25,0.429,0.0,0.0,7.18,5.0,16.0,0.786,0.143,0.071,middle,powerplay_bowler,1.0,,Andhra
DG Nalkande,45,26,514,667,36,2,7.79,14.82,11.42,1.731,1.59,11,0.423,0.434,1.385,0.077,7.96,7.12,8.0,0.537,0.218,0.245,middle,powerplay_bowler,1.41,2.33,Vidarbha
DJ Hooda,8,18,264,326,8,1,7.41,40.75,33.0,0.444,0.78,1,0.056,0.337,0.444,0.056,8.75,7.1,7.14,0.182,0.659,0.159,middle,middle_overs_bowler,0.58,0.17,Baroda
DJ Muthuswami,22,11,240,311,2,2,7.78,14.14,10.91,2.0,1.0,7,0.636,0.408,0.182,0.182,6.54,9.0,10.5,0.65,0.1,0.25,powerplay,powerplay_bowler,2.33,1.6,Maharashtra
DL Chahar,34,19,422,445,15,0,6.33,13.09,12.41,1.789,1.36,10,0.526,0.474,0.789,0.0,5.63,4.29,8.97,0.652,0.1,0.249,middle,powerplay_bowler,1.73,2.0,Rajasthan
DR Deshmukh,9,7,156,264,3,4,10.15,29.33,17.33,1.286,0.95,2,0.286,0.333,0.429,0.571,8.92,11.33,11.4,0.5,0.115,0.385,powerplay,powerplay_bowler,1.4,1.0,Maharashtra
DS Kulkarni,46,39,867,1078,36,2,7.46,23.43,18.85,1.179,1.02,13,0.333,0.442,0.923,0.051,6.54,6.18,8.84,0.512,0.076,0.412,middle,powerplay_bowler,1.25,1.07,Mumbai
Damodaran Rohit,4,13,132,201,1,0,9.14,50.25,33.0,0.308,0.63,1,0.077,0.227,0.077,0.0,9.75,9.29,4.0,0.182,0.773,0.045,death,middle_overs_bowler,0.0,0.4,Puducherry
Darshan Misal,21,33,668,794,13,0,7.13,37.81,31.81,0.636,0.86,6,0.182,0.353,0.394,0.0,6.22,6.81,9.98,0.243,0.611,0.147,powerplay,middle_overs_bowler,1.0,0.52,Goa
Dasari Swaroop Kumar,3,3,48,57,2,0,7.12,19.0,16.0,1.0,1.73,1,0.333,0.188,0.667,0.0,,7.12,,0.0,1.0,0.0,middle,middle_overs_bowler,1.0,,Andhra
Debabrata Pradhan,11,12,234,264,8,0,6.77,24.0,21.27,0.917,1.08,2,0.167,0.44,0.667,0.0,6.28,6.82,7.6,0.462,0.282,0.256,powerplay,powerplay_bowler,0.86,1.0,Odisha
Deepak Behera,8,5,104,131,2,0,7.56,16.38,13.0,1.6,0.55,3,0.6,0.481,0.4,0.0,7.45,3.75,14.57,0.635,0.231,0.135,middle,powerplay_bowler,,1.6,Odisha
Deepak Punia,8,11,228,306,4,0,8.05,38.25,28.5,0.727,0.9,1,0.091,0.342,0.364,0.0,8.78,6.62,13.6,0.237,0.632,0.132,middle,middle_overs_bowler,1.0,0.25,Saurashtra
Deepraj Gaonkar,9,14,240,331,3,0,8.28,36.78,26.67,0.643,0.84,1,0.071,0.238,0.214,0.0,7.5,8.06,9.67,0.05,0.8,0.15,powerplay,middle_overs_bowler,1.2,0.33,Goa
Dharmendrasinh Jadeja,26,38,722,859,12,0,7.14,33.04,27.77,0.684,0.87,8,0.211,0.348,0.316,0.0,6.4,7.03,9.3,0.125,0.792,0.083,powerplay,middle_overs_bowler,0.91,0.33,Saurashtra
Dhrumil Matkar,1,5,78,122,3,0,9.38,122.0,78.0,0.2,0.45,0,0.0,0.321,0.6,0.0,10.33,9.56,5.0,0.231,0.692,0.077,death,middle_overs_bowler,1.0,0.0,Mumbai
Dhrushant Soni,11,8,166,238,5,0,8.6,21.64,15.09,1.375,1.06,4,0.5,0.325,0.625,0.0,9.67,8.33,8.69,0.108,0.542,0.349,middle,middle_overs_bowler,1.33,1.4,Railways
Dhruv Patel,1,4,48,93,4,0,11.62,93.0,48.0,0.25,0.5,0,0.0,0.25,1.0,0.0,9.33,12.67,13.5,0.375,0.375,0.25,powerplay,all_phases_bowler,1.0,0.0,Baroda
Digvijay Rangi,3,7,87,103,0,0,7.1,34.33,29.0,0.429,0.53,0,0.0,0.379,0.0,0.0,12.0,5.33,9.56,0.069,0.621,0.31,middle,middle_overs_bowler,0.6,0.0,Himachal
Dikshanshu Negi,11,16,264,291,0,0,6.61,26.45,24.0,0.688,0.79,3,0.188,0.386,0.0,0.0,7.14,6.46,7.5,0.159,0.795,0.045,middle,middle_overs_bowler,0.25,0.83,Uttarakhand
Dinesh Rai,2,4,39,50,0,0,7.69,25.0,19.5,0.5,1.0,1,0.25,0.385,0.0,0.0,,6.5,22.0,0.0,0.923,0.077,middle,middle_overs_bowler,,0.5,Sikkim
Dippu Sangma,6,7,120,122,9,3,6.1,20.33,20.0,0.857,0.38,0,0.0,0.483,1.286,0.429,8.0,3.78,8.0,0.4,0.45,0.15,middle,powerplay_bowler,0.8,1.0,Meghalaya
Divyang Hinganekar,19,19,313,360,2,0,6.9,18.95,16.47,1.0,1.29,5,0.263,0.332,0.105,0.0,7.0,6.44,8.15,0.173,0.613,0.214,middle,middle_overs_bowler,1.23,0.5,Maharashtra
Diwesh Pathania,31,25,575,733,18,2,7.65,23.65,18.55,1.24,1.01,10,0.4,0.412,0.72,0.08,6.05,5.57,11.89,0.647,0.073,0.28,middle,powerplay_bowler,1.58,0.92,Services
Fabid Ahmed,20,26,494,573,1,0,6.96,28.65,24.7,0.769,0.91,6,0.231,0.358,0.038,0.0,6.19,7.27,7.56,0.316,0.583,0.101,powerplay,middle_overs_bowler,1.09,0.53,Puducherry
Felix Alemao,11,12,210,347,13,4,9.91,31.55,19.09,0.917,0.79,3,0.25,0.352,1.083,0.333,10.33,8.93,11.6,0.429,0.429,0.143,middle,powerplay_bowler,0.67,1.0,Goa
G Anikethreddy,3,3,72,66,0,0,5.5,22.0,24.0,1.0,1.0,1,0.333,0.514,0.0,0.0,6.0,5.0,8.0,0.25,0.667,0.083,middle,middle_overs_bowler,1.0,,Hyderabad (India)
G Lalbiakvela,11,23,360,587,14,6,9.78,53.36,32.73,0.478,0.67,2,0.087,0.292,0.609,0.261,9.94,7.76,16.4,0.267,0.567,0.167,middle,middle_overs_bowler,1.0,0.45,Mizoram
G Periyaswamy,9,8,128,168,10,0,7.88,18.67,14.22,1.125,0.99,2,0.25,0.32,1.25,0.0,9.0,8.75,7.28,0.188,0.188,0.625,death,death_bowler,1.17,1.0,Tamil Nadu
GH Vihari,9,17,210,273,3,0,7.8,30.33,23.33,0.529,0.62,1,0.059,0.257,0.176,0.0,7.5,7.86,,0.171,0.829,0.0,powerplay,middle_overs_bowler,0.6,0.43,Andhra
Gaurav Gambhir,5,8,132,123,0,0,5.59,24.6,26.4,0.625,1.06,1,0.125,0.439,0.0,0.0,7.0,5.52,,0.045,0.955,0.0,middle,middle_overs_bowler,1.0,0.0,Chandigarh
Gaurav Yadav,8,8,161,217,10,0,8.09,27.12,20.12,1.0,0.93,3,0.375,0.429,1.25,0.0,6.5,11.67,9.96,0.596,0.112,0.292,powerplay,powerplay_bowler,1.25,0.75,Madhya Pradesh
Girinath Reddy,11,17,249,307,4,0,7.4,27.91,22.64,0.647,0.79,3,0.176,0.313,0.235,0.0,7.2,7.85,6.78,0.241,0.482,0.277,death,all_phases_bowler,0.56,0.75,Andhra
Girish Rauturi,5,7,96,161,6,2,10.06,32.2,19.2,0.714,1.11,1,0.143,0.302,0.857,0.286,9.83,8.4,12.0,0.375,0.312,0.312,middle,all_phases_bowler,0.33,1.0,Uttarakhand
Govinda Poddar,11,15,234,261,3,1,6.69,23.73,21.27,0.733,0.88,2,0.133,0.355,0.2,0.067,5.55,6.95,7.83,0.282,0.564,0.154,powerplay,middle_overs_bowler,1.2,0.5,Odisha
Gurinder Singh,29,28,612,739,15,0,7.25,25.48,21.1,1.036,0.92,8,0.286,0.387,0.536,0.0,8.17,6.94,8.28,0.059,0.765,0.176,middle,middle_overs_bowler,1.44,0.84,Chandigarh
Gurkeerat Singh,1,7,84,95,2,0,6.79,95.0,84.0,0.143,0.38,0,0.0,0.298,0.286,0.0,,6.5,8.5,0.0,0.857,0.143,middle,middle_overs_bowler,0.2,0.0,Punjab
HH Pandya,14,11,216,237,6,0,6.58,16.93,15.43,1.273,1.1,4,0.364,0.454,0.545,0.0,6.89,6.67,5.83,0.25,0.583,0.167,death,middle_overs_bowler,1.14,1.5,Baroda
HP Patel,30,26,547,606,13,0,6.65,20.2,18.23,1.154,0.97,8,0.308,0.375,0.5,0.0,5.58,6.97,6.57,0.208,0.715,0.077,powerplay,middle_overs_bowler,1.53,0.64,Gujarat
HV Patel,32,25,519,706,19,1,8.16,22.06,16.22,1.28,1.06,10,0.4,0.385,0.76,0.04,7.56,8.82,8.48,0.422,0.197,0.382,powerplay,powerplay_bowler,1.93,0.45,Haryana
Harbhajan Singh,16,15,312,326,10,0,6.27,20.38,19.5,1.067,1.03,6,0.4,0.417,0.667,0.0,,6.29,6.0,0.0,0.942,0.058,death,middle_overs_bowler,1.12,1.0,Punjab
Harishankar Reddy,24,20,419,635,22,1,9.09,26.46,17.46,1.2,1.28,7,0.35,0.334,1.1,0.05,8.0,8.95,10.63,0.401,0.286,0.313,powerplay,powerplay_bowler,1.56,0.91,Andhra
Harmeet Singh,2,8,129,171,5,0,7.95,85.5,64.5,0.25,0.46,0,0.0,0.388,0.625,0.0,10.27,5.42,7.67,0.457,0.403,0.14,middle,powerplay_bowler,0.5,0.17,Tripura
Harpreet Brar,36,32,640,733,13,0,6.87,20.36,17.78,1.125,1.07,9,0.281,0.398,0.406,0.0,7.41,6.12,10.54,0.206,0.684,0.109,middle,middle_overs_bowler,1.33,0.73,Punjab
Harpreet Singh,3,5,81,77,3,0,5.7,25.67,27.0,0.6,0.89,1,0.2,0.37,0.6,0.0,,5.7,,0.0,1.0,0.0,middle,middle_overs_bowler,1.0,0.0,Madhya Pradesh
Harsh Dubey,2,4,66,73,1,0,6.64,36.5,33.0,0.5,0.58,0,0.0,0.333,0.25,0.0,8.0,6.38,6.0,0.182,0.727,0.091,death,middle_overs_bowler,0.33,1.0,Vidarbha
Harsh Tyagi,18,30,565,668,3,1,7.09,37.11,31.39,0.6,0.67,3,0.1,0.342,0.1,0.033,6.23,6.84,8.81,0.138,0.692,0.17,powerplay,middle_overs_bowler,0.64,0.56,Railways
Harsh Vikram Singh,3,6,90,143,5,0,9.53,47.67,30.0,0.5,0.84,1,0.167,0.267,0.833,0.0,12.0,6.0,9.4,0.4,0.267,0.333,middle,powerplay_bowler,0.0,0.6,Bihar
Harshit Rana,2,3,54,78,1,1,8.67,39.0,27.0,0.667,1.15,1,0.333,0.278,0.333,0.333,6.0,9.0,11.25,0.444,0.111,0.444,powerplay,powerplay_bowler,0.67,,Delhi
Hemang Patel,10,12,164,197,5,0,7.21,19.7,16.4,0.833,0.94,2,0.167,0.378,0.417,0.0,4.67,7.56,9.9,0.22,0.659,0.122,powerplay,middle_overs_bowler,1.0,0.71,Gujarat
Heramb Parab,8,7,108,146,3,0,8.11,18.25,13.5,1.143,2.04,2,0.286,0.324,0.429,0.0,8.36,7.75,7.67,0.611,0.222,0.167,death,powerplay_bowler,1.5,1.0,Goa
Himanshu Bisht,11,15,252,310,6,0,7.38,28.18,22.91,0.733,1.1,2,0.133,0.345,0.4,0.0,14.0,7.09,7.75,0.024,0.786,0.19,middle,middle_overs_bowler,1.14,0.38,Uttarakhand
Himanshu Sangwan,5,7,140,226,1,0,9.69,45.2,28.0,0.714,0.76,1,0.143,0.243,0.143,0.0,10.36,7.67,10.4,0.314,0.257,0.429,middle,death_bowler,1.0,0.5,Railways
Hokaito Zhimomi,3,5,42,61,0,0,8.71,20.33,14.0,0.6,0.89,1,0.2,0.286,0.0,0.0,,8.71,,0.0,1.0,0.0,middle,middle_overs_bowler,1.5,0.0,Nagaland
Homendro Kabrambam,5,13,210,314,7,0,8.97,62.8,42.0,0.385,0.65,1,0.077,0.343,0.538,0.0,8.33,9.78,13.0,0.686,0.257,0.057,powerplay,powerplay_bowler,1.0,0.33,Manipur
I Sharma,20,18,367,431,14,4,7.05,21.55,18.35,1.111,0.76,6,0.333,0.477,0.778,0.222,5.71,9.58,8.87,0.621,0.196,0.183,powerplay,powerplay_bowler,1.33,0.67,Delhi
IC Pandey,29,25,556,650,15,0,7.01,22.41,19.17,1.16,0.94,8,0.32,0.417,0.6,0.0,5.87,7.4,9.12,0.561,0.162,0.277,powerplay,powerplay_bowler,1.14,1.18,Madhya Pradesh
IC Porel,26,21,456,511,13,2,6.72,19.65,17.54,1.238,1.51,8,0.381,0.45,0.619,0.095,6.04,7.33,7.8,0.592,0.079,0.329,powerplay,powerplay_bowler,1.77,0.38,Bengal
IK Pathan,16,14,304,423,16,0,8.35,26.44,19.0,1.143,1.1,4,0.286,0.418,1.143,0.0,6.97,8.0,12.09,0.572,0.197,0.23,powerplay,powerplay_bowler,1.25,1.0,Baroda
Imliwati Lemtur,14,21,371,449,9,0,7.26,32.07,26.5,0.667,1.11,3,0.143,0.38,0.429,0.0,7.46,7.25,6.4,0.21,0.749,0.04,death,middle_overs_bowler,2.0,0.53,Nagaland
Inakato Zhimomi,1,3,17,41,0,0,14.47,41.0,17.0,0.333,0.58,0,0.0,0.235,0.0,0.0,,15.27,13.0,0.0,0.647,0.353,death,middle_overs_bowler,,0.33,Nagaland
Iqbal Abdulla,6,14,282,298,3,0,6.34,49.67,47.0,0.429,0.76,2,0.143,0.433,0.214,0.0,5.64,6.59,6.83,0.298,0.574,0.128,powerplay,middle_overs_bowler,0.0,0.5,Uttarakhand
Ishwar Chaudhary,11,16,286,421,22,1,8.83,38.27,26.0,0.688,0.87,2,0.125,0.409,1.375,0.062,8.44,9.67,10.15,0.755,0.063,0.182,powerplay,powerplay_bowler,2.0,0.6,Sikkim
J Kousik,5,5,78,93,3,0,7.15,18.6,15.6,1.0,1.22,1,0.2,0.397,0.6,0.0,7.44,7.0,5.0,0.692,0.231,0.077,death,powerplay_bowler,1.0,,Tamil Nadu
J Suchith,29,37,756,902,19,0,7.16,31.1,26.07,0.784,0.67,5,0.135,0.333,0.514,0.0,7.8,6.94,9.5,0.159,0.81,0.032,middle,middle_overs_bowler,0.85,0.6,Karnataka
J Syed Mohammad,6,4,60,62,2,0,6.2,10.33,10.0,1.5,1.29,2,0.5,0.367,0.5,0.0,,6.57,5.33,0.0,0.7,0.3,death,middle_overs_bowler,1.0,2.0,Assam
J Yadav,24,34,617,689,13,0,6.7,28.71,25.71,0.706,0.97,7,0.206,0.366,0.382,0.0,6.68,6.57,8.4,0.272,0.671,0.057,middle,middle_overs_bowler,0.95,0.36,Haryana
JD Unadkat,65,41,941,1042,24,1,6.64,16.03,14.48,1.585,1.18,20,0.488,0.427,0.585,0.024,6.12,5.75,7.72,0.516,0.128,0.356,middle,powerplay_bowler,2.0,0.94,Saurashtra
JJ Bumrah,14,9,208,222,0,2,6.4,15.86,14.86,1.556,1.24,4,0.444,0.438,0.0,0.222,5.25,9.33,7.02,0.462,0.087,0.452,powerplay,powerplay_bowler,2.17,0.33,Gujarat
JP Zope,3,3,56,70,0,0,7.5,23.33,18.67,1.0,1.0,1,0.333,0.196,0.0,0.0,,7.32,9.0,0.0,0.893,0.107,middle,middle_overs_bowler,0.0,1.5,Maharashtra
Jagjit Singh,5,8,158,182,6,0,6.91,36.4,31.6,0.625,1.41,1,0.125,0.468,0.75,0.0,4.75,7.67,11.32,0.608,0.114,0.278,powerplay,powerplay_bowler,0.33,0.8,Chandigarh
Jalaj S Saxena,23,20,408,423,4,0,6.22,18.39,17.74,1.15,1.14,7,0.35,0.414,0.2,0.0,5.44,6.31,8.2,0.265,0.662,0.074,powerplay,middle_overs_bowler,1.6,0.7,Kerala
Jaskaran Singh,25,22,490,599,21,2,7.33,23.96,19.6,1.136,1.08,7,0.318,0.416,0.955,0.091,7.39,5.72,8.22,0.404,0.22,0.376,middle,powerplay_bowler,1.5,0.83,Chandigarh
Jasmer Dhankhar,4,4,72,78,2,0,6.5,19.5,18.0,1.0,0.0,0,0.0,0.361,0.5,0.0,,6.5,,0.0,1.0,0.0,middle,middle_overs_bowler,1.0,,Uttar Pradesh
Jay Bista,2,5,54,68,2,0,7.56,34.0,27.0,0.4,0.55,0,0.0,0.296,0.4,0.0,,7.0,9.5,0.0,0.778,0.222,middle,middle_overs_bowler,0.33,0.5,Mumbai
Jay Chauhan,6,4,72,63,0,0,5.25,10.5,12.0,1.5,1.0,1,0.25,0.486,0.0,0.0,3.0,5.4,6.0,0.083,0.833,0.083,powerplay,middle_overs_bowler,1.5,,Saurashtra
Jayanta Behera,7,6,120,126,0,0,6.3,18.0,17.14,1.167,1.17,2,0.333,0.35,0.0,0.0,8.0,6.5,3.67,0.15,0.7,0.15,death,middle_overs_bowler,1.33,1.0,Odisha
Jayveer Parmar,10,6,110,162,4,0,8.84,16.2,11.0,1.667,1.37,3,0.5,0.318,0.667,0.0,9.0,8.25,9.0,0.491,0.218,0.291,middle,powerplay_bowler,4.0,1.2,Gujarat
Jitumoni Kalita,4,5,71,68,1,0,5.75,17.0,17.75,0.8,0.84,1,0.2,0.451,0.2,0.0,9.0,5.88,4.24,0.085,0.676,0.239,death,middle_overs_bowler,1.0,0.5,Assam
K D Patel,12,17,370,555,13,4,9.0,46.25,30.83,0.706,0.77,3,0.176,0.27,0.765,0.235,8.38,9.0,9.86,0.422,0.276,0.303,powerplay,powerplay_bowler,0.78,0.62,Saurashtra
K Gowtham,26,26,570,693,13,0,7.29,26.65,21.92,1.0,0.89,8,0.308,0.356,0.5,0.0,8.75,6.82,7.92,0.168,0.695,0.137,middle,middle_overs_bowler,1.19,0.7,Karnataka
K Kartikeya,18,16,336,367,1,0,6.55,20.39,18.67,1.125,0.96,4,0.25,0.42,0.062,0.0,6.8,5.84,10.86,0.089,0.786,0.125,middle,middle_overs_bowler,1.5,0.75,Madhya Pradesh
K Khejroliya,12,9,210,242,6,2,6.91,20.17,17.5,1.333,1.32,2,0.222,0.443,0.667,0.222,7.91,5.08,8.09,0.314,0.371,0.314,middle,all_phases_bowler,1.71,0.0,Delhi
K Lalhmingmawia,0,3,42,72,1,0,10.29,,,0.0,0.0,0,0.0,0.095,0.333,0.0,8.0,10.67,,0.143,0.857,0.0,powerplay,middle_overs_bowler,,0.0,Mizoram
K Upadhyay,16,17,384,484,5,0,7.56,30.25,24.0,0.941,0.97,5,0.294,0.406,0.294,0.0,6.86,7.87,11.14,0.656,0.234,0.109,powerplay,powerplay_bowler,0.75,1.11,Railways
K V Sasikanth,25,29,590,831,37,1,8.45,33.24,23.6,0.862,1.13,6,0.207,0.325,1.276,0.034,7.71,7.96,10.72,0.315,0.478,0.207,powerplay,all_phases_bowler,1.36,0.56,Andhra
KC Cariappa,31,26,598,567,14,2,5.69,18.29,19.29,1.192,1.13,10,0.385,0.421,0.538,0.077,5.44,5.59,6.11,0.268,0.462,0.271,powerplay,all_phases_bowler,1.28,1.0,Karnataka
KH Pandya,24,29,624,730,22,0,7.02,30.42,26.0,0.828,1.04,6,0.207,0.33,0.759,0.0,7.57,6.54,7.93,0.269,0.587,0.144,middle,middle_overs_bowler,1.0,0.55,Baroda
KK Ahmed,34,24,520,665,21,4,7.67,19.56,15.29,1.417,1.35,10,0.417,0.356,0.875,0.167,7.17,7.0,8.5,0.346,0.242,0.412,middle,death_bowler,1.31,1.62,Rajasthan
KK Nair,2,6,48,43,1,0,5.38,21.5,24.0,0.333,0.52,0,0.0,0.354,0.167,0.0,,5.29,6.0,0.0,0.875,0.125,middle,middle_overs_bowler,0.25,0.5,Karnataka
KL Nagarkoti,8,6,115,154,5,1,8.03,19.25,14.38,1.333,1.03,2,0.333,0.4,0.833,0.167,8.8,6.57,8.93,0.261,0.365,0.374,middle,all_phases_bowler,1.75,0.5,Rajasthan
KM Asif,18,18,343,482,12,1,8.43,26.78,19.06,1.0,0.91,3,0.167,0.394,0.667,0.056,6.46,9.31,10.21,0.42,0.227,0.353,powerplay,powerplay_bowler,0.88,1.1,Kerala
KN Luitel,1,4,48,80,3,0,10.0,80.0,48.0,0.25,0.5,0,0.0,0.25,0.75,0.0,8.0,12.2,3.0,0.25,0.625,0.125,death,middle_overs_bowler,,0.25,Sikkim
KP Kakad,0,3,18,35,0,0,11.67,,,0.0,0.0,0,0.0,0.111,0.0,0.0,,11.67,,0.0,1.0,0.0,middle,middle_overs_bowler,0.0,0.0,Railways
KR Kakade,8,12,161,185,5,2,6.89,23.12,20.12,0.667,0.89,3,0.25,0.335,0.417,0.167,6.57,7.19,6.26,0.261,0.596,0.143,death,middle_overs_bowler,0.83,0.5,Baroda
KR Sen,15,21,422,613,21,2,8.72,40.87,28.13,0.714,0.9,4,0.19,0.372,1.0,0.095,8.23,10.44,8.87,0.555,0.128,0.318,powerplay,powerplay_bowler,0.67,0.78,Madhya Pradesh
KR Singh,8,11,129,193,3,0,8.98,24.12,16.12,0.727,0.9,3,0.273,0.295,0.273,0.0,,9.2,6.0,0.0,0.93,0.07,death,middle_overs_bowler,0.5,1.0,Jharkhand
KS Sharma,2,3,36,37,1,0,6.17,18.5,18.0,0.667,0.58,0,0.0,0.361,0.333,0.0,8.0,5.25,,0.333,0.667,0.0,middle,middle_overs_bowler,0.5,1.0,Uttar Pradesh
KV Sharma,33,36,763,911,7,0,7.16,27.61,23.12,0.917,1.11,7,0.194,0.345,0.194,0.0,10.0,6.74,9.58,0.047,0.858,0.094,middle,middle_overs_bowler,1.06,0.8,Railways
Kamal Das,3,4,66,69,0,0,6.27,23.0,22.0,0.75,0.5,0,0.0,0.303,0.0,0.0,5.5,6.44,,0.182,0.818,0.0,powerplay,middle_overs_bowler,0.0,1.0,Tripura
Kangabam Singh,8,13,226,324,8,0,8.6,40.5,28.25,0.615,0.96,2,0.154,0.341,0.615,0.0,9.43,7.1,12.12,0.186,0.602,0.212,middle,middle_overs_bowler,2.5,0.27,Manipur
Kanishk Seth,16,14,294,419,10,0,8.55,26.19,18.38,1.143,1.03,6,0.429,0.391,0.714,0.0,8.22,7.0,11.62,0.653,0.184,0.163,middle,powerplay_bowler,1.33,0.8,Bengal
Kanwar Abhinay,18,21,420,532,13,1,7.6,29.56,23.33,0.857,0.91,5,0.238,0.405,0.619,0.048,6.85,5.5,10.17,0.371,0.286,0.343,middle,all_phases_bowler,1.08,0.56,Himachal
Karan Kaila,5,8,150,163,1,0,6.52,32.6,30.0,0.625,1.06,1,0.125,0.373,0.125,0.0,6.0,7.1,6.33,0.36,0.4,0.24,powerplay,all_phases_bowler,1.0,0.0,Punjab
Karan Lal,4,4,60,49,1,0,4.9,12.25,15.0,1.0,0.0,0,0.0,0.45,0.25,0.0,0.0,4.88,10.0,0.1,0.8,0.1,powerplay,middle_overs_bowler,1.0,1.0,Bengal
Karan Patel,4,6,90,108,1,0,7.2,27.0,22.5,0.667,0.52,0,0.0,0.378,0.167,0.0,4.0,7.33,10.0,0.2,0.6,0.2,powerplay,middle_overs_bowler,1.0,0.5,Gujarat
Karkir Taye,0,4,48,93,1,0,11.62,,,0.0,0.0,0,0.0,0.229,0.25,0.0,12.0,11.25,,0.5,0.5,0.0,middle,powerplay_bowler,,0.0,Arunachal Pradesh
Karthik Raman,9,6,102,182,1,1,10.71,20.22,11.33,1.5,1.64,3,0.5,0.265,0.167,0.167,11.67,10.56,10.4,0.176,0.529,0.294,death,middle_overs_bowler,2.0,1.0,Railways
Kartik Tyagi,3,7,109,156,11,3,8.59,52.0,36.33,0.429,0.53,0,0.0,0.477,1.571,0.429,12.33,9.18,4.32,0.165,0.606,0.229,death,middle_overs_bowler,0.6,0.0,Uttar Pradesh
Kengo Bam,2,5,68,113,1,0,9.97,56.5,34.0,0.4,0.89,1,0.2,0.279,0.2,0.0,13.0,9.8,9.23,0.088,0.721,0.191,death,middle_overs_bowler,,0.4,Arunachal Pradesh
Khrievitso Kense,13,9,185,168,1,0,5.45,12.92,14.23,1.444,1.24,5,0.556,0.47,0.111,0.0,3.5,5.6,5.0,0.065,0.903,0.032,powerplay,middle_overs_bowler,1.8,1.0,Nagaland
Kilco R Marak,13,12,164,225,5,1,8.23,17.31,12.62,1.083,1.0,4,0.333,0.335,0.417,0.083,10.0,7.25,9.48,0.11,0.585,0.305,middle,middle_overs_bowler,1.4,0.86,Meghalaya
Kishan Thokchom,3,8,144,237,8,1,9.88,79.0,48.0,0.375,0.52,0,0.0,0.347,1.0,0.125,7.23,9.0,15.29,0.542,0.167,0.292,powerplay,powerplay_bowler,0.5,0.33,Manipur
Kranthi Kumar,3,4,90,137,4,0,9.13,45.67,30.0,0.75,0.96,1,0.25,0.389,1.0,0.0,6.33,4.33,14.33,0.4,0.2,0.4,middle,powerplay_bowler,0.0,1.0,Sikkim
Krishan Alang,7,5,102,130,3,0,7.65,18.57,14.57,1.4,1.67,2,0.4,0.314,0.6,0.0,8.5,6.83,10.33,0.118,0.706,0.176,middle,middle_overs_bowler,2.33,0.0,Punjab
Krishna Das,3,10,192,225,3,0,7.03,75.0,64.0,0.3,0.48,0,0.0,0.453,0.3,0.0,6.23,5.8,11.8,0.688,0.156,0.156,middle,powerplay_bowler,0.5,0.25,Goa
Krishnamoorthy Vignesh,12,9,188,259,7,0,8.27,21.58,15.67,1.333,1.5,2,0.222,0.404,0.778,0.0,7.4,9.67,9.84,0.638,0.096,0.266,powerplay,powerplay_bowler,1.67,0.67,Tamil Nadu
Kshitiz Sharma,2,4,66,89,1,0,8.09,44.5,33.0,0.5,1.0,1,0.25,0.348,0.25,0.0,,8.11,8.0,0.0,0.818,0.182,death,middle_overs_bowler,2.0,0.0,Arunachal Pradesh
Kuldeep Yadav,20,19,402,476,4,0,7.1,23.8,20.1,1.053,1.08,6,0.316,0.299,0.211,0.0,6.0,7.16,6.88,0.015,0.866,0.119,powerplay,middle_overs_bowler,1.29,0.4,Uttar Pradesh
L Kishan Singha,10,13,248,338,2,1,8.18,33.8,24.8,0.769,0.73,2,0.154,0.306,0.154,0.077,10.0,7.06,12.2,0.169,0.71,0.121,middle,middle_overs_bowler,1.33,0.6,Manipur
LI Meriwala,62,40,830,1019,10,0,7.37,16.44,13.39,1.55,1.4,17,0.425,0.383,0.25,0.0,6.28,7.4,8.6,0.419,0.217,0.364,powerplay,powerplay_bowler,2.04,0.54,Baroda
LM Yadav,4,4,83,113,3,0,8.17,28.25,20.75,1.0,0.82,1,0.25,0.386,0.75,0.0,9.33,6.83,9.1,0.217,0.434,0.349,middle,all_phases_bowler,0.5,1.5,Vidarbha
Lakhan Singh,6,9,114,173,4,0,9.11,28.83,19.0,0.667,0.5,0,0.0,0.342,0.444,0.0,9.0,8.5,11.0,0.158,0.632,0.211,middle,middle_overs_bowler,0.67,0.67,Services
Lakshay Garg,26,33,671,936,29,1,8.37,36.0,25.81,0.788,0.89,8,0.242,0.355,0.879,0.03,8.67,6.11,9.75,0.465,0.241,0.294,middle,powerplay_bowler,1.56,0.5,Goa
Lalfakzuala Renthlei,0,3,16,23,1,0,8.62,,,0.0,0.0,0,0.0,0.125,0.333,0.0,8.0,9.0,,0.375,0.625,0.0,powerplay,middle_overs_bowler,,0.0,Mizoram
Lalhmangaiha,3,7,85,133,2,0,9.39,44.33,28.33,0.429,0.79,1,0.143,0.235,0.286,0.0,,8.73,18.0,0.0,0.929,0.071,middle,middle_overs_bowler,,0.43,Mizoram
Lalhruai Ralte,13,22,384,626,9,3,9.78,48.15,29.54,0.591,0.91,4,0.182,0.344,0.409,0.136,9.88,8.07,12.0,0.641,0.219,0.141,middle,powerplay_bowler,,0.59,Mizoram
Lalhruaizela,5,6,72,98,2,0,8.17,19.6,14.4,0.833,1.17,1,0.167,0.306,0.333,0.0,6.0,9.22,4.5,0.083,0.75,0.167,death,middle_overs_bowler,,0.83,Mizoram
Lalit Yadav,25,35,667,756,9,0,6.8,30.24,26.68,0.714,0.86,5,0.143,0.355,0.257,0.0,6.41,6.49,8.72,0.198,0.657,0.145,powerplay,middle_overs_bowler,0.71,0.73,Delhi
Lalith Mohan,4,6,138,178,1,0,7.74,44.5,34.5,0.667,0.82,1,0.167,0.362,0.167,0.0,6.6,7.71,14.0,0.217,0.739,0.043,powerplay,middle_overs_bowler,0.33,1.0,Andhra
Lalnunkima Varte,6,11,198,304,8,1,9.21,50.67,33.0,0.545,0.82,2,0.182,0.394,0.727,0.091,8.83,6.25,13.4,0.727,0.121,0.152,middle,powerplay_bowler,,0.55,Mizoram
Lalrempuia,0,3,35,64,0,0,10.97,,,0.0,0.0,0,0.0,0.257,0.0,0.0,,9.1,20.0,0.0,0.829,0.171,middle,middle_overs_bowler,,0.0,Mizoram
Lamabam Singh,10,15,259,362,1,0,8.39,36.2,25.9,0.667,0.72,2,0.133,0.278,0.067,0.0,9.11,7.61,10.86,0.208,0.649,0.143,middle,middle_overs_bowler,1.25,0.45,Manipur
Langlonyamba Meitan Keishangbam,1,3,19,23,0,0,7.26,23.0,19.0,0.333,0.58,0,0.0,0.368,0.0,0.0,,6.33,24.0,0.0,0.947,0.053,middle,middle_overs_bowler,,0.33,Manipur
Lee Yong Lepcha,1,9,93,165,1,0,10.65,165.0,93.0,0.111,0.33,0,0.0,0.215,0.111,0.0,,10.65,,0.0,1.0,0.0,middle,middle_overs_bowler,0.0,0.12,Sikkim
Licha Tehi,2,10,186,260,4,2,8.39,130.0,93.0,0.2,0.42,0,0.0,0.36,0.4,0.2,8.05,6.8,12.25,0.71,0.161,0.129,middle,powerplay_bowler,,0.2,Arunachal Pradesh
M Ashwin,44,38,783,901,32,2,6.9,20.48,17.8,1.158,1.0,14,0.368,0.36,0.842,0.053,1.0,6.44,9.38,0.008,0.82,0.172,powerplay,middle_overs_bowler,1.16,1.14,Tamil Nadu
M Markande,35,35,704,884,10,1,7.53,25.26,20.11,1.0,1.06,10,0.286,0.354,0.286,0.029,6.56,7.47,8.87,0.077,0.828,0.095,powerplay,middle_overs_bowler,1.17,0.64,Punjab
M Mohammed,27,31,498,643,11,1,7.75,23.81,18.44,0.871,0.99,6,0.194,0.299,0.355,0.032,8.17,6.54,9.89,0.072,0.602,0.325,middle,middle_overs_bowler,1.0,0.43,Tamil Nadu
M Prasidh Krishna,19,21,435,552,13,0,7.61,29.05,22.89,0.905,0.94,4,0.19,0.46,0.619,0.0,7.53,7.09,8.23,0.524,0.216,0.26,middle,powerplay_bowler,1.07,0.5,Karnataka
M Siddharth,15,5,108,87,1,1,4.83,5.8,7.2,3.0,1.73,4,0.8,0.62,0.2,0.2,4.2,5.5,0.0,0.278,0.667,0.056,death,middle_overs_bowler,3.75,0.0,Tamil Nadu
MB Darshan,6,4,84,127,2,0,9.07,21.17,14.0,1.5,1.29,2,0.5,0.321,0.5,0.0,8.67,8.17,10.4,0.214,0.429,0.357,middle,all_phases_bowler,1.5,1.5,Karnataka
MD Ingale,6,6,108,164,6,0,9.11,27.33,18.0,1.0,0.89,2,0.333,0.343,1.0,0.0,8.5,6.33,12.0,0.556,0.167,0.278,middle,powerplay_bowler,1.33,0.67,Maharashtra
MD Nidheesh,10,10,198,256,10,0,7.76,25.6,19.8,1.0,1.05,3,0.3,0.424,1.0,0.0,6.61,7.71,10.38,0.545,0.212,0.242,powerplay,powerplay_bowler,1.29,0.33,Kerala
MG Sirur,13,9,190,241,1,0,7.61,18.54,14.62,1.444,1.51,3,0.333,0.337,0.111,0.0,8.33,6.77,10.05,0.095,0.695,0.211,middle,middle_overs_bowler,1.5,1.43,Goa
MK Lomror,3,16,170,203,6,0,7.16,67.67,56.67,0.188,0.4,0,0.0,0.318,0.375,0.0,12.86,6.85,7.71,0.041,0.876,0.082,middle,middle_overs_bowler,0.1,0.33,Rajasthan
MK Tiwary,13,17,265,356,12,0,8.06,27.38,20.38,0.765,1.15,4,0.235,0.26,0.706,0.0,,7.56,9.74,0.0,0.77,0.23,middle,middle_overs_bowler,1.0,0.33,Bengal
MM Patel,3,8,174,180,3,1,6.21,60.0,58.0,0.375,0.52,0,0.0,0.448,0.375,0.125,5.61,5.67,11.33,0.793,0.103,0.103,powerplay,powerplay_bowler,0.4,0.33,Baroda
MM Sharma,7,13,276,357,4,0,7.76,51.0,39.43,0.538,0.88,1,0.077,0.438,0.308,0.0,5.77,3.0,10.74,0.565,0.022,0.413,middle,powerplay_bowler,0.71,0.33,Haryana
MP Yadav,3,3,54,70,3,0,7.78,23.33,18.0,1.0,1.0,1,0.333,0.315,1.0,0.0,8.0,8.5,6.0,0.333,0.444,0.222,death,all_phases_bowler,0.0,1.5,Delhi
MR Raut,3,5,54,97,1,0,10.78,32.33,18.0,0.6,0.89,1,0.2,0.222,0.2,0.0,6.0,11.57,10.0,0.111,0.778,0.111,powerplay,middle_overs_bowler,0.0,0.75,Railways
MS Akhil,3,3,48,75,1,0,9.38,25.0,16.0,1.0,1.0,1,0.333,0.167,0.333,0.0,,8.5,12.0,0.0,0.75,0.25,middle,middle_overs_bowler,1.5,0.0,Kerala
MS Bhandage,7,9,108,170,1,0,9.44,24.29,15.43,0.778,0.83,2,0.222,0.296,0.111,0.0,11.67,9.0,,0.167,0.833,0.0,middle,middle_overs_bowler,1.0,0.33,Karnataka
MS Gony,13,12,241,298,6,1,7.42,22.92,18.54,1.083,1.16,3,0.25,0.49,0.5,0.083,6.93,7.5,10.06,0.722,0.149,0.129,powerplay,powerplay_bowler,1.43,0.6,Punjab
MV Pithiya,0,3,24,23,0,0,5.75,,,0.0,0.0,0,0.0,0.333,0.0,0.0,,5.75,,0.0,1.0,0.0,middle,middle_overs_bowler,0.0,0.0,Baroda
Manan Sharma,9,7,150,206,2,0,8.24,22.89,16.67,1.286,1.38,2,0.286,0.387,0.286,0.0,7.25,8.75,8.0,0.32,0.64,0.04,powerplay,middle_overs_bowler,1.6,0.5,Delhi
Mandeep Singh,4,13,135,171,7,0,7.6,42.75,33.75,0.308,0.48,0,0.0,0.289,0.538,0.0,10.0,7.93,6.43,0.067,0.622,0.311,death,middle_overs_bowler,0.25,0.4,Punjab
Mandup Bhutia,1,6,90,134,0,0,8.93,134.0,90.0,0.167,0.41,0,0.0,0.356,0.0,0.0,5.0,9.92,,0.2,0.8,0.0,powerplay,middle_overs_bowler,1.0,0.0,Sikkim
Mangal Mahrour,1,3,24,38,0,0,9.5,38.0,24.0,0.333,0.58,0,0.0,0.208,0.0,0.0,,10.33,7.0,0.0,0.75,0.25,death,middle_overs_bowler,0.0,0.5,Bihar
Manisankar Murasingh,27,37,727,902,38,9,7.44,33.41,26.93,0.73,0.69,5,0.135,0.444,1.027,0.243,6.73,5.78,10.36,0.71,0.074,0.216,middle,powerplay_bowler,1.17,0.52,Tripura
Manish Golamaru,9,10,216,223,0,0,6.19,24.78,24.0,0.9,0.57,1,0.1,0.394,0.0,0.0,4.43,6.62,,0.194,0.806,0.0,powerplay,middle_overs_bowler,1.0,0.8,Andhra
Manjeet Singh,5,4,85,110,3,2,7.76,22.0,17.0,1.25,0.96,2,0.5,0.412,0.75,0.5,8.25,8.67,6.0,0.282,0.424,0.294,death,all_phases_bowler,2.0,0.5,Railways
Manoj Barik,1,3,48,68,0,0,8.5,68.0,48.0,0.333,0.58,0,0.0,0.25,0.0,0.0,9.0,8.43,,0.125,0.875,0.0,middle,middle_overs_bowler,,0.33,Odisha
Manvan Patel,6,7,132,196,5,1,8.91,32.67,22.0,0.857,1.46,1,0.143,0.303,0.714,0.143,8.73,8.43,10.25,0.5,0.318,0.182,middle,powerplay_bowler,,0.86,Arunachal Pradesh
Manzoor Dar,2,6,41,69,1,1,10.1,34.5,20.5,0.333,0.52,0,0.0,0.268,0.167,0.167,6.0,13.33,8.12,0.146,0.439,0.415,powerplay,death_bowler,0.33,0.33,Jammu & Kashmir
Marimuthu Vikneshwaran,2,4,25,37,1,0,8.88,18.5,12.5,0.5,1.0,1,0.25,0.24,0.25,0.0,5.0,10.0,10.29,0.24,0.48,0.28,powerplay,all_phases_bowler,0.0,0.67,Puducherry
Mayank Dagar,31,30,641,628,5,0,5.88,20.26,20.68,1.033,0.76,9,0.3,0.402,0.167,0.0,5.44,5.75,6.7,0.084,0.755,0.161,powerplay,middle_overs_bowler,1.41,0.54,Himachal
Mayank Mishra,18,16,317,377,3,1,7.14,20.94,17.61,1.125,1.2,5,0.312,0.404,0.188,0.062,7.36,5.9,11.62,0.265,0.587,0.148,middle,middle_overs_bowler,1.75,0.92,Uttarakhand
Mayank Raghav,1,3,48,98,1,0,12.25,98.0,48.0,0.333,0.58,0,0.0,0.167,0.333,0.0,,12.14,13.0,0.0,0.875,0.125,middle,middle_overs_bowler,,0.33,Manipur
Md Saptula,1,5,90,96,0,0,6.4,96.0,90.0,0.2,0.45,0,0.0,0.344,0.0,0.0,5.83,6.38,10.0,0.4,0.533,0.067,powerplay,powerplay_bowler,0.0,0.25,Sikkim
Mehdi Hassan,19,19,424,516,3,0,7.3,27.16,22.32,1.0,1.15,6,0.316,0.368,0.158,0.0,6.9,7.07,9.65,0.297,0.594,0.108,powerplay,middle_overs_bowler,1.0,1.0,Hyderabad (India)
Mihir Hirwani,17,22,419,503,9,0,7.2,29.59,24.65,0.773,0.92,3,0.136,0.313,0.409,0.0,,7.3,6.17,0.0,0.916,0.084,death,middle_overs_bowler,0.64,1.0,Madhya Pradesh
Milind Kumar,2,5,48,68,0,0,8.5,34.0,24.0,0.4,0.89,1,0.2,0.25,0.0,0.0,7.0,10.25,6.5,0.25,0.5,0.25,death,middle_overs_bowler,0.0,1.0,Delhi
Mohammed Mudhasir,10,10,194,248,6,4,7.67,24.8,19.4,1.0,0.82,3,0.3,0.505,0.6,0.4,7.12,6.5,10.11,0.742,0.062,0.196,middle,powerplay_bowler,1.0,1.0,Jammu & Kashmir
Mohammed Shami,8,4,86,117,4,0,8.16,14.62,10.75,2.0,0.82,3,0.75,0.465,1.0,0.0,7.44,,9.38,0.628,0.0,0.372,powerplay,powerplay_bowler,2.0,2.0,Bengal
Mohammed Siraj,38,23,520,665,17,0,7.67,17.5,13.68,1.652,1.11,13,0.565,0.415,0.739,0.0,7.02,6.6,8.77,0.485,0.115,0.4,middle,powerplay_bowler,1.67,1.64,Hyderabad (India)
Mohit Avasthi,18,13,288,376,10,1,7.83,20.89,16.0,1.385,1.12,7,0.538,0.417,0.769,0.077,5.76,7.67,10.94,0.521,0.125,0.354,powerplay,powerplay_bowler,1.5,1.0,Mumbai
Mohit Jangra,4,6,126,164,2,0,7.81,41.0,31.5,0.667,0.52,0,0.0,0.397,0.333,0.0,7.23,8.0,9.2,0.619,0.143,0.238,powerplay,powerplay_bowler,0.0,0.8,Mizoram
Mohit Kumar,22,14,319,401,7,2,7.54,18.23,14.5,1.571,0.85,7,0.5,0.386,0.5,0.143,6.0,6.77,9.96,0.414,0.245,0.342,powerplay,powerplay_bowler,1.56,1.6,Services
Mohsin Khan,34,25,516,620,13,1,7.21,18.24,15.18,1.36,0.95,13,0.52,0.432,0.52,0.04,7.09,6.33,8.38,0.407,0.314,0.279,middle,powerplay_bowler,1.55,1.21,Uttar Pradesh
Monu Kumar,26,19,413,489,18,0,7.1,18.81,15.88,1.368,1.26,8,0.421,0.45,0.947,0.0,6.45,3.83,9.11,0.581,0.087,0.332,middle,powerplay_bowler,1.78,1.0,Jharkhand
Mrinmoy Dutta,14,14,262,365,14,4,8.36,26.07,18.71,1.0,1.04,5,0.357,0.401,1.0,0.286,8.48,4.6,12.35,0.573,0.229,0.198,middle,powerplay_bowler,1.43,0.57,Assam
Mughavi Wotsa,0,3,30,46,0,0,9.2,,,0.0,0.0,0,0.0,0.3,0.0,0.0,,9.2,,0.0,1.0,0.0,middle,middle_overs_bowler,0.0,0.0,Nagaland
Mujtaba Yousuf,9,11,228,301,6,3,7.92,33.44,25.33,0.818,0.75,2,0.182,0.434,0.545,0.273,7.11,9.56,7.91,0.474,0.237,0.289,powerplay,powerplay_bowler,1.0,0.6,Jammu & Kashmir
Mukesh Choudhary,16,11,241,351,19,2,8.74,21.94,15.06,1.455,0.93,4,0.364,0.432,1.727,0.182,6.5,9.4,11.47,0.498,0.124,0.378,powerplay,powerplay_bowler,1.8,1.17,Maharashtra
Mukesh Kumar,19,17,380,491,15,1,7.75,25.84,20.0,1.118,0.78,4,0.235,0.426,0.882,0.059,6.61,7.0,10.53,0.495,0.237,0.268,powerplay,powerplay_bowler,1.29,1.0,Bengal
Mukhtar Hussain,22,19,384,520,11,6,8.12,23.64,17.45,1.158,1.21,6,0.316,0.422,0.579,0.316,7.97,6.8,9.31,0.594,0.156,0.25,middle,powerplay_bowler,1.55,0.62,Assam
Myendung Singpho,5,7,86,137,1,0,9.56,27.4,17.2,0.714,1.11,1,0.143,0.244,0.143,0.0,8.5,9.75,9.67,0.14,0.651,0.209,powerplay,middle_overs_bowler,,0.71,Arunachal Pradesh
N Rana,23,28,409,438,5,0,6.43,19.04,17.78,0.821,0.98,6,0.214,0.357,0.179,0.0,,6.21,6.92,0.0,0.697,0.303,middle,middle_overs_bowler,1.0,0.58,Delhi
N Sindhu,2,3,24,21,0,0,5.25,10.5,12.0,0.667,1.15,1,0.333,0.5,0.0,0.0,5.25,,,1.0,0.0,0.0,powerplay,powerplay_bowler,0.0,1.0,Haryana
NA Rathva,27,27,420,477,4,0,6.81,17.67,15.56,1.0,1.18,8,0.296,0.374,0.148,0.0,6.1,6.89,7.29,0.143,0.757,0.1,powerplay,middle_overs_bowler,1.07,0.92,Baroda
NB Singh,17,7,156,136,7,1,5.23,8.0,9.18,2.429,1.51,5,0.714,0.519,1.0,0.143,3.43,4.83,6.38,0.269,0.231,0.5,powerplay,death_bowler,2.33,2.5,Rajasthan
NN Sen Chowdhary,1,4,35,49,0,0,8.4,49.0,35.0,0.25,0.5,0,0.0,0.143,0.0,0.0,,8.0,9.27,0.0,0.686,0.314,middle,middle_overs_bowler,0.0,0.33,Tripura
Nabam Tempol,1,4,54,82,2,0,9.11,82.0,54.0,0.25,0.5,0,0.0,0.315,0.5,0.0,9.33,9.0,,0.333,0.667,0.0,middle,middle_overs_bowler,,0.25,Arunachal Pradesh
Nagaho Chishi,8,15,227,281,7,4,7.43,35.12,28.38,0.533,0.83,1,0.067,0.396,0.467,0.267,7.59,6.64,7.75,0.581,0.207,0.211,middle,powerplay_bowler,1.0,0.22,Nagaland
Naren Reddy,4,6,83,85,0,0,6.14,21.25,20.75,0.667,0.82,1,0.167,0.349,0.0,0.0,8.0,5.91,4.8,0.145,0.795,0.06,death,middle_overs_bowler,0.67,0.67,Andhra
Naushad Shaikh,9,14,191,189,1,0,5.94,21.0,21.22,0.643,0.84,1,0.071,0.356,0.071,0.0,3.75,6.07,11.0,0.126,0.843,0.031,powerplay,middle_overs_bowler,0.8,0.25,Maharashtra
Navdeep Saini,19,27,585,673,25,5,6.9,35.42,30.79,0.704,0.72,4,0.148,0.443,0.926,0.185,6.2,6.87,8.5,0.554,0.2,0.246,powerplay,powerplay_bowler,0.81,0.55,Delhi
Nazeeb Saiyed,2,4,71,86,4,0,7.27,43.0,35.5,0.5,0.58,0,0.0,0.423,1.0,0.0,5.75,10.0,10.59,0.676,0.085,0.239,powerplay,powerplay_bowler,,0.5,Arunachal Pradesh
Neelambuj Vats,0,3,31,50,0,1,9.68,,,0.0,0.0,0,0.0,0.258,0.0,0.333,14.0,8.64,,0.194,0.806,0.0,middle,middle_overs_bowler,,0.0,Tripura
Nikhil Chaudhary,2,5,84,120,1,0,8.57,60.0,42.0,0.4,0.55,0,0.0,0.298,0.2,0.0,14.5,6.4,13.5,0.143,0.714,0.143,middle,middle_overs_bowler,0.5,0.33,Punjab
Nikhil Gangta,1,5,42,67,0,1,9.57,67.0,42.0,0.2,0.45,0,0.0,0.238,0.0,0.2,,9.57,,0.0,1.0,0.0,middle,middle_overs_bowler,0.5,0.0,Himachal
Nikhil Kohli,4,6,112,172,5,2,9.21,43.0,28.0,0.667,1.21,1,0.167,0.393,0.833,0.333,7.64,9.0,12.35,0.589,0.107,0.304,powerplay,powerplay_bowler,1.0,0.6,Uttarakhand
Nitesh Sedai,2,9,132,194,1,0,8.82,97.0,66.0,0.222,0.44,0,0.0,0.273,0.111,0.0,11.25,8.24,9.0,0.182,0.773,0.045,middle,middle_overs_bowler,0.0,0.25,Manipur
Nitin Tanwar,8,8,167,194,4,0,6.97,24.25,20.88,1.0,0.76,2,0.25,0.383,0.5,0.0,9.25,6.46,8.0,0.144,0.784,0.072,middle,middle_overs_bowler,0.67,1.2,Services
Nitin Yadav,15,10,234,324,6,0,8.31,21.6,15.6,1.5,1.18,4,0.4,0.372,0.6,0.0,8.12,5.8,10.67,0.436,0.256,0.308,middle,powerplay_bowler,1.6,1.4,Services
P Awana,9,6,132,140,0,0,6.36,15.56,14.67,1.5,1.22,2,0.333,0.515,0.0,0.0,6.46,5.2,7.5,0.591,0.227,0.182,middle,powerplay_bowler,1.75,1.0,Delhi
P Chopra,0,6,48,69,1,0,8.62,,,0.0,0.0,0,0.0,0.271,0.167,0.0,,9.0,6.0,0.0,0.875,0.125,death,middle_overs_bowler,0.0,0.0,Himachal
P Dubey,17,17,291,345,2,0,7.11,20.29,17.12,1.0,1.22,5,0.294,0.33,0.118,0.0,11.5,7.15,5.27,0.041,0.845,0.113,death,middle_overs_bowler,1.18,0.67,Karnataka
P Kumar,7,12,236,324,9,1,8.24,46.29,33.71,0.583,0.67,1,0.083,0.381,0.75,0.083,7.62,18.0,8.04,0.737,0.051,0.212,powerplay,powerplay_bowler,0.56,0.67,Uttar Pradesh
P Negi,27,29,559,720,12,0,7.73,26.67,20.7,0.931,0.96,6,0.207,0.367,0.414,0.0,8.62,6.94,11.68,0.086,0.778,0.136,middle,middle_overs_bowler,1.1,0.5,Delhi
P Prasanth,15,12,270,287,3,0,6.38,19.13,18.0,1.25,1.22,4,0.333,0.363,0.25,0.0,8.43,5.93,6.25,0.156,0.667,0.178,middle,middle_overs_bowler,2.0,0.2,Kerala
P Ray Barman,4,5,72,91,0,0,7.58,22.75,18.0,0.8,1.79,1,0.2,0.361,0.0,0.0,2.0,8.09,,0.083,0.917,0.0,powerplay,middle_overs_bowler,2.0,0.0,Bengal
P Saravana Kumar,7,3,54,89,2,1,9.89,12.71,7.71,2.333,2.52,2,0.667,0.481,0.667,0.333,7.43,,18.5,0.778,0.0,0.222,powerplay,powerplay_bowler,2.5,2.0,Tamil Nadu
P Suyal,5,7,150,184,5,1,7.36,36.8,30.0,0.714,0.76,1,0.143,0.493,0.714,0.143,4.94,9.25,13.6,0.64,0.16,0.2,powerplay,powerplay_bowler,2.0,0.5,Nagaland
P Thamaraikannan,7,8,114,157,3,0,8.26,22.43,16.29,0.875,1.36,1,0.125,0.272,0.375,0.0,19.0,6.69,10.2,0.053,0.684,0.263,middle,middle_overs_bowler,4.0,0.43,Puducherry
PJ Sangwan,26,18,396,509,9,3,7.71,19.58,15.23,1.444,0.98,8,0.444,0.465,0.5,0.167,6.28,9.4,10.25,0.606,0.152,0.242,powerplay,powerplay_bowler,1.85,0.4,Delhi
PN Mankad,19,25,375,552,13,4,8.83,29.05,19.74,0.76,1.01,5,0.2,0.251,0.52,0.16,8.62,8.99,7.83,0.128,0.776,0.096,death,middle_overs_bowler,1.0,0.4,Saurashtra
PP Chawla,67,43,987,1049,9,3,6.38,15.66,14.73,1.558,1.12,26,0.605,0.433,0.209,0.07,5.76,6.08,7.7,0.103,0.693,0.204,powerplay,middle_overs_bowler,1.71,1.27,Gujarat
PP Ojha,5,6,90,123,0,0,8.2,24.6,18.0,0.833,1.33,2,0.333,0.267,0.0,0.0,10.5,7.85,,0.133,0.867,0.0,middle,middle_overs_bowler,0.75,1.0,Hyderabad (India)
PS Kataria,1,3,60,71,2,0,7.1,71.0,60.0,0.333,0.58,0,0.0,0.35,0.667,0.0,,6.67,11.0,0.0,0.9,0.1,middle,middle_overs_bowler,,0.33,Arunachal Pradesh
PS Painkra,2,3,38,67,1,1,10.58,33.5,19.0,0.667,0.58,0,0.0,0.316,0.333,0.333,9.75,,12.0,0.632,0.0,0.368,powerplay,powerplay_bowler,1.0,0.5,Chhattisgarh
PS Sairam,3,4,84,99,3,1,7.07,33.0,28.0,0.75,0.96,1,0.25,0.274,0.75,0.25,8.5,6.44,8.0,0.143,0.643,0.214,middle,middle_overs_bowler,,0.75,Hyderabad (India)
PV Tambe,10,8,186,214,9,0,6.9,21.4,18.6,1.25,1.04,3,0.375,0.301,1.125,0.0,9.8,6.46,5.0,0.161,0.774,0.065,death,middle_overs_bowler,1.0,1.67,Mumbai
Pallav Kumar Das,7,12,156,163,4,0,6.27,23.29,22.29,0.583,0.67,1,0.083,0.391,0.333,0.0,6.0,6.28,,0.038,0.962,0.0,powerplay,middle_overs_bowler,0.71,0.4,Assam
Palzor Tamang,9,17,238,320,4,1,8.07,35.56,26.44,0.529,0.87,4,0.235,0.37,0.235,0.059,7.75,8.0,9.18,0.403,0.454,0.143,powerplay,powerplay_bowler,,0.53,Sikkim
Pankaj Jaswal,43,30,559,725,13,1,7.78,16.86,13.0,1.433,1.45,9,0.3,0.388,0.433,0.033,8.15,6.97,8.19,0.36,0.322,0.318,middle,all_phases_bowler,1.75,1.07,Himachal
Pankaj Rao,15,16,303,391,10,2,7.74,26.07,20.2,0.938,1.06,4,0.25,0.399,0.625,0.125,6.89,6.14,12.59,0.693,0.139,0.168,middle,powerplay_bowler,1.57,0.44,Chhattisgarh
Pankaj Singh,10,15,322,415,9,0,7.73,41.5,32.2,0.667,0.82,3,0.2,0.447,0.6,0.0,6.03,7.75,11.8,0.652,0.075,0.273,powerplay,powerplay_bowler,0.75,0.64,Puducherry
Pappu Roy,19,15,316,309,4,1,5.87,16.26,16.63,1.267,1.39,5,0.333,0.465,0.267,0.067,7.92,5.02,6.25,0.228,0.62,0.152,middle,middle_overs_bowler,2.0,0.78,Odisha
Parikshit Valsangkar,3,8,162,219,2,0,8.11,73.0,54.0,0.375,0.74,1,0.125,0.296,0.25,0.0,9.0,7.65,10.5,0.185,0.741,0.074,middle,middle_overs_bowler,0.75,0.0,Mumbai
Parth Bhut,3,5,84,108,0,0,7.71,36.0,28.0,0.6,0.55,0,0.0,0.369,0.0,0.0,11.0,6.9,8.5,0.143,0.714,0.143,middle,middle_overs_bowler,1.0,0.0,Saurashtra
Parth Chauhan,2,4,42,68,5,0,9.71,34.0,21.0,0.5,0.58,0,0.0,0.286,1.25,0.0,,7.83,21.0,0.0,0.857,0.143,middle,middle_overs_bowler,1.0,0.33,Saurashtra
Parth Sahani,6,13,132,196,1,1,8.91,32.67,22.0,0.462,0.66,1,0.077,0.311,0.077,0.077,12.5,8.94,7.0,0.091,0.727,0.182,death,middle_overs_bowler,0.43,0.5,Madhya Pradesh
Parvez Ahmed,1,9,108,181,1,0,10.06,181.0,108.0,0.111,0.33,0,0.0,0.278,0.111,0.0,10.0,9.8,14.0,0.111,0.833,0.056,middle,middle_overs_bowler,,0.11,Mizoram
Parvez Rasool,29,26,612,684,7,0,6.71,23.59,21.1,1.115,0.99,10,0.385,0.332,0.269,0.0,4.69,6.54,8.83,0.127,0.696,0.176,powerplay,middle_overs_bowler,1.33,1.0,Jammu & Kashmir
Parvez Sultan,4,5,84,104,1,0,7.43,26.0,21.0,0.8,1.3,1,0.2,0.44,0.2,0.0,6.33,7.9,6.0,0.214,0.714,0.071,death,middle_overs_bowler,1.33,0.0,Tripura
Pavan Deshpande,2,7,66,109,0,0,9.91,54.5,33.0,0.286,0.76,1,0.143,0.212,0.0,0.0,,9.38,11.33,0.0,0.727,0.273,middle,middle_overs_bowler,0.4,0.0,Karnataka
Pinninit Tapaswi,3,3,60,84,3,1,8.4,28.0,20.0,1.0,1.73,1,0.333,0.25,1.0,0.333,13.0,7.4,8.5,0.1,0.5,0.4,middle,death_bowler,0.0,1.5,Andhra
Pradeep Chamoli,2,3,58,103,0,0,10.66,51.5,29.0,0.667,0.58,0,0.0,0.259,0.0,0.0,8.5,10.0,15.75,0.621,0.103,0.276,powerplay,powerplay_bowler,,0.67,Uttarakhand
Pradeep Dadhe,4,5,77,111,2,0,8.65,27.75,19.25,0.8,0.84,1,0.2,0.416,0.4,0.0,6.71,7.0,13.04,0.545,0.156,0.299,powerplay,powerplay_bowler,0.5,1.0,Maharashtra
Pradipta Pramanik,12,10,162,178,5,0,6.59,14.83,13.5,1.2,1.03,4,0.4,0.444,0.5,0.0,7.67,6.32,8.0,0.111,0.815,0.074,middle,middle_overs_bowler,1.6,0.8,Bengal
Prakash Seet,7,5,114,143,3,0,7.53,20.43,16.29,1.4,0.89,3,0.6,0.404,0.6,0.0,5.25,6.2,11.67,0.421,0.263,0.316,powerplay,powerplay_bowler,1.25,2.0,Jharkhand
Pranshu Vijayran,6,12,186,253,1,1,8.16,42.17,31.0,0.5,0.67,1,0.083,0.371,0.083,0.083,9.14,7.35,9.14,0.226,0.548,0.226,middle,middle_overs_bowler,0.62,0.25,Delhi
Prashant Awasthi,3,6,90,99,0,0,6.6,33.0,30.0,0.5,0.84,1,0.167,0.278,0.0,0.0,3.0,6.92,6.0,0.067,0.867,0.067,powerplay,middle_overs_bowler,0.67,0.33,Railways
Prashant Singh,3,5,80,104,0,0,7.8,34.67,26.67,0.6,0.89,1,0.2,0.412,0.0,0.0,5.78,9.0,13.33,0.675,0.1,0.225,powerplay,powerplay_bowler,2.0,0.25,Bihar
Prashanth Kumar,1,4,36,45,1,0,7.5,45.0,36.0,0.25,0.5,0,0.0,0.444,0.25,0.0,,7.5,,0.0,1.0,0.0,middle,middle_overs_bowler,0.0,0.33,Andhra
Prateek Jain,1,4,84,132,4,0,9.43,132.0,84.0,0.25,0.5,0,0.0,0.262,1.0,0.0,8.0,8.6,11.4,0.286,0.357,0.357,powerplay,all_phases_bowler,0.0,0.5,Karnataka
Pratik Desai,3,4,82,119,6,0,8.71,39.67,27.33,0.75,0.96,1,0.25,0.293,1.5,0.0,7.76,8.33,12.5,0.415,0.439,0.146,powerplay,powerplay_bowler,,0.75,Mizoram
Pratik Sargade,4,6,132,135,0,0,6.14,33.75,33.0,0.667,0.82,1,0.167,0.402,0.0,0.0,5.45,6.82,,0.5,0.5,0.0,powerplay,powerplay_bowler,,0.67,Puducherry
Pratyush Singh,2,8,91,118,0,0,7.78,59.0,45.5,0.25,0.46,0,0.0,0.22,0.0,0.0,,6.73,12.35,0.0,0.813,0.187,middle,middle_overs_bowler,0.5,0.17,Tripura
Prayas Singh,5,7,84,98,3,0,7.0,19.6,16.8,0.714,1.11,1,0.143,0.345,0.429,0.0,7.0,7.0,,0.214,0.786,0.0,powerplay,middle_overs_bowler,1.25,0.0,Odisha
Pritam Das,19,21,420,581,11,6,8.3,30.58,22.11,0.905,1.09,7,0.333,0.331,0.524,0.286,7.11,7.8,10.16,0.5,0.143,0.357,powerplay,powerplay_bowler,1.5,0.67,Assam
Pritam Nirala,3,4,72,94,2,0,7.83,31.33,24.0,0.75,0.96,1,0.25,0.472,0.5,0.0,7.57,8.2,,0.583,0.417,0.0,powerplay,powerplay_bowler,,0.75,Sikkim
Priyank Panchal,0,3,24,23,0,0,5.75,,,0.0,0.0,0,0.0,0.292,0.0,0.0,,5.75,,0.0,1.0,0.0,middle,middle_overs_bowler,0.0,0.0,Gujarat
Pulkit Narang,6,6,124,182,4,0,8.81,30.33,20.67,1.0,0.89,2,0.333,0.315,0.667,0.0,,7.82,13.36,0.0,0.823,0.177,middle,middle_overs_bowler,1.33,0.67,Services
Puneet Datey,14,15,312,379,9,1,7.29,27.07,22.29,0.933,1.16,3,0.2,0.426,0.6,0.067,6.12,6.25,9.44,0.5,0.154,0.346,powerplay,powerplay_bowler,1.0,0.83,Madhya Pradesh
R Ashwin,9,7,168,205,4,0,7.32,22.78,18.67,1.286,1.11,3,0.429,0.399,0.571,0.0,6.2,5.36,11.0,0.179,0.5,0.321,middle,middle_overs_bowler,1.75,0.67,Tamil Nadu
R Bhatia,9,9,204,222,4,0,6.53,24.67,22.67,1.0,1.0,2,0.222,0.299,0.444,0.0,,6.31,7.8,0.0,0.853,0.147,middle,middle_overs_bowler,1.4,0.5,Uttarakhand
R Dhawan,34,29,555,707,21,1,7.64,20.79,16.32,1.172,1.26,11,0.379,0.404,0.724,0.034,6.53,7.56,9.39,0.486,0.195,0.319,powerplay,powerplay_bowler,1.71,0.42,Himachal
R Parag,23,28,544,605,6,0,6.67,26.3,23.65,0.821,0.9,7,0.25,0.375,0.214,0.0,7.29,6.82,5.17,0.154,0.713,0.132,death,middle_overs_bowler,0.92,0.73,Assam
R Rohit,1,3,49,80,1,0,9.8,80.0,49.0,0.333,0.58,0,0.0,0.347,0.333,0.0,7.67,6.0,28.29,0.367,0.49,0.143,middle,all_phases_bowler,0.0,0.5,Tamil Nadu
R Sai Kishore,44,39,843,781,23,0,5.56,17.75,19.16,1.128,1.22,11,0.282,0.465,0.59,0.0,5.36,5.44,6.59,0.399,0.469,0.133,powerplay,all_phases_bowler,1.37,0.33,Tamil Nadu
R Sanjay Yadav,17,20,414,478,13,0,6.93,28.12,24.35,0.85,0.81,5,0.25,0.379,0.65,0.0,5.5,6.16,10.06,0.29,0.464,0.246,powerplay,all_phases_bowler,1.0,0.67,Meghalaya
R Sathish,4,4,84,77,5,0,5.5,19.25,21.0,1.0,0.82,1,0.25,0.512,1.25,0.0,5.1,6.5,,0.714,0.286,0.0,powerplay,powerplay_bowler,1.0,,Tamil Nadu
R Shukla,22,20,384,577,15,1,9.02,26.23,17.45,1.1,1.33,7,0.35,0.352,0.75,0.05,7.86,7.55,10.96,0.438,0.172,0.391,middle,powerplay_bowler,1.67,0.64,Jharkhand
R Tewatia,17,26,381,460,4,0,7.24,27.06,22.41,0.654,0.85,4,0.154,0.341,0.154,0.0,7.2,6.9,10.0,0.079,0.819,0.102,middle,middle_overs_bowler,0.82,0.33,Haryana
R Vinay Kumar,34,28,608,708,11,4,6.99,20.82,17.88,1.214,1.17,10,0.357,0.423,0.393,0.143,6.2,6.5,8.38,0.553,0.099,0.349,powerplay,powerplay_bowler,1.16,1.33,Karnataka
RA Tripathi,4,9,108,140,3,1,7.78,35.0,27.0,0.444,0.88,2,0.222,0.296,0.333,0.111,6.0,8.27,4.0,0.111,0.833,0.056,death,middle_overs_bowler,0.8,0.0,Maharashtra
RB Bishnoi Jr,6,5,114,130,8,0,6.84,21.67,19.0,1.2,1.1,1,0.2,0.316,1.6,0.0,9.0,6.25,6.33,0.211,0.632,0.158,middle,middle_overs_bowler,,1.2,Arunachal Pradesh
RD Chahar,26,19,415,462,2,0,6.68,17.77,15.96,1.368,1.42,8,0.421,0.393,0.105,0.0,7.31,6.65,5.42,0.188,0.737,0.075,death,middle_overs_bowler,1.75,0.71,Rajasthan
RG More,14,12,246,374,14,0,9.12,26.71,17.57,1.167,1.27,5,0.417,0.394,1.167,0.0,7.96,10.0,10.92,0.561,0.146,0.293,powerplay,powerplay_bowler,1.44,0.33,Karnataka
RH Bhatt,3,7,101,125,2,0,7.43,41.67,33.67,0.429,0.53,0,0.0,0.218,0.286,0.0,,7.58,5.0,0.0,0.941,0.059,death,middle_overs_bowler,0.75,0.0,Gujarat
RL Jangid,15,20,378,424,11,0,6.73,28.27,25.2,0.75,0.97,5,0.25,0.304,0.55,0.0,6.08,6.21,9.08,0.206,0.603,0.19,powerplay,middle_overs_bowler,0.82,0.67,Vidarbha
RN Gurbani,12,15,288,399,12,0,8.31,33.25,24.0,0.8,0.77,1,0.067,0.431,0.8,0.0,7.57,5.25,12.56,0.729,0.083,0.188,middle,powerplay_bowler,1.14,0.5,Vidarbha
RP Singh,14,9,216,233,4,0,6.47,16.64,15.43,1.556,1.13,3,0.333,0.407,0.444,0.0,5.65,7.29,8.67,0.639,0.194,0.167,powerplay,powerplay_bowler,2.0,0.67,Gujarat
RR Biswa,7,10,210,270,4,0,7.71,38.57,30.0,0.7,0.82,2,0.2,0.229,0.4,0.0,7.11,7.91,8.0,0.257,0.657,0.086,powerplay,middle_overs_bowler,1.0,0.57,Meghalaya
RR Raje,7,4,84,114,0,0,8.14,16.29,12.0,1.75,1.26,3,0.75,0.429,0.0,0.0,7.5,7.0,9.33,0.286,0.286,0.429,middle,death_bowler,2.0,1.5,Mumbai
RR Singh,3,6,140,155,6,0,6.64,51.67,46.67,0.5,0.55,0,0.0,0.486,1.0,0.0,5.33,7.67,9.75,0.643,0.129,0.229,powerplay,powerplay_bowler,1.0,0.4,Goa
RT Arothe,28,29,525,721,12,3,8.24,25.75,18.75,0.966,1.05,6,0.207,0.314,0.414,0.103,7.86,7.39,9.33,0.32,0.32,0.36,middle,all_phases_bowler,1.15,0.56,Baroda
RV Gomez,5,7,96,109,2,0,6.81,21.8,19.2,0.714,0.76,1,0.143,0.365,0.286,0.0,6.0,7.08,5.5,0.062,0.812,0.125,death,middle_overs_bowler,0.8,0.5,Kerala
RV Patel,0,3,18,33,0,0,11.0,,,0.0,0.0,0,0.0,0.167,0.0,0.0,,11.0,,0.0,1.0,0.0,middle,middle_overs_bowler,0.0,0.0,Gujarat
Raghu Sharma,3,3,66,89,1,1,8.09,29.67,22.0,1.0,1.0,1,0.333,0.303,0.333,0.333,,8.09,,0.0,1.0,0.0,middle,middle_overs_bowler,,1.0,Puducherry
Rahil Shah,18,18,361,366,6,0,6.08,20.33,20.06,1.0,1.33,6,0.333,0.424,0.333,0.0,5.2,6.22,7.1,0.249,0.615,0.136,powerplay,middle_overs_bowler,1.45,0.29,Tamil Nadu
Rahul Batham,4,6,114,148,6,0,7.79,37.0,28.5,0.667,0.82,1,0.167,0.254,1.0,0.0,5.0,8.62,7.0,0.158,0.684,0.158,powerplay,middle_overs_bowler,0.8,0.0,Madhya Pradesh
Rahul Khajan Singh,6,7,162,207,0,0,7.67,34.5,27.0,0.857,0.69,1,0.143,0.241,0.0,0.0,8.33,6.91,15.0,0.111,0.815,0.074,middle,middle_overs_bowler,1.0,0.83,Services
Rahul Singh,1,5,96,125,0,0,7.81,125.0,96.0,0.2,0.45,0,0.0,0.26,0.0,0.0,,7.53,12.0,0.0,0.938,0.062,middle,middle_overs_bowler,0.5,0.0,Assam
Rajan Kumar,6,4,90,89,3,0,5.93,14.83,15.0,1.5,1.0,3,0.75,0.522,0.75,0.0,4.11,10.67,6.67,0.6,0.2,0.2,powerplay,powerplay_bowler,1.33,2.0,Uttarakhand
Rajat Paliwal,5,10,132,158,4,0,7.18,31.6,26.4,0.5,0.71,1,0.1,0.28,0.4,0.0,,6.47,11.67,0.0,0.864,0.136,middle,middle_overs_bowler,0.67,0.25,Services
Rajesh Mohanty,8,12,195,243,4,2,7.48,30.38,24.38,0.667,0.78,2,0.167,0.441,0.333,0.167,7.0,10.29,8.52,0.769,0.072,0.159,powerplay,powerplay_bowler,1.0,0.5,Odisha
Rajesh Singh,2,5,66,99,0,0,9.0,49.5,33.0,0.4,0.55,0,0.0,0.258,0.0,0.0,10.25,6.6,12.5,0.364,0.455,0.182,middle,all_phases_bowler,,0.4,Bihar
Rajiv Darjee,1,4,54,81,1,0,9.0,81.0,54.0,0.25,0.5,0,0.0,0.204,0.25,0.0,,9.0,,0.0,1.0,0.0,middle,middle_overs_bowler,,0.25,Sikkim
Rajjakuddin Ahmed,17,25,348,484,4,4,8.34,28.47,20.47,0.68,0.75,2,0.08,0.307,0.16,0.16,9.22,7.74,9.73,0.155,0.655,0.19,middle,middle_overs_bowler,1.0,0.43,Assam
Rakesh Kumar,2,4,83,85,1,0,6.14,42.5,41.5,0.5,0.58,0,0.0,0.289,0.25,0.0,,6.14,,0.0,1.0,0.0,middle,middle_overs_bowler,,0.5,Arunachal Pradesh
Rakshan Readdi,9,9,188,267,0,1,8.52,29.67,20.89,1.0,0.87,3,0.333,0.372,0.0,0.111,7.32,9.0,11.12,0.606,0.138,0.255,powerplay,powerplay_bowler,0.8,1.25,Hyderabad (India)
Ram Dayal,11,14,270,356,4,1,7.91,32.36,24.55,0.786,0.89,4,0.286,0.393,0.286,0.071,6.87,7.67,10.91,0.689,0.067,0.244,powerplay,powerplay_bowler,0.83,0.75,Jammu & Kashmir
Ram Gurung,1,3,54,49,0,0,5.44,49.0,54.0,0.333,0.58,0,0.0,0.333,0.0,0.0,,5.62,4.0,0.0,0.889,0.111,death,middle_overs_bowler,0.5,0.0,Meghalaya
Ramandeep Singh,7,10,114,161,7,0,8.47,23.0,16.29,0.7,0.95,3,0.3,0.298,0.7,0.0,,8.61,6.0,0.0,0.947,0.053,death,middle_overs_bowler,1.0,0.0,Punjab
Rana Dutta,12,16,303,373,7,0,7.39,31.08,25.25,0.75,1.13,3,0.188,0.393,0.438,0.0,6.64,8.17,9.13,0.653,0.119,0.228,powerplay,powerplay_bowler,1.5,0.3,Tripura
Ranjeet Mali,10,5,98,117,4,1,7.16,11.7,9.8,2.0,2.0,3,0.6,0.49,0.8,0.2,6.25,6.67,8.81,0.49,0.184,0.327,powerplay,powerplay_bowler,4.0,0.67,Railways
Rasikh Salam,9,9,202,265,4,2,7.87,29.44,22.44,1.0,1.22,2,0.222,0.416,0.444,0.222,7.33,9.57,7.54,0.446,0.208,0.347,powerplay,powerplay_bowler,1.5,0.6,Jammu & Kashmir
Raushan Raj,10,5,120,135,5,0,6.75,13.5,12.0,2.0,1.0,3,0.6,0.45,1.0,0.0,6.14,,8.17,0.7,0.0,0.3,powerplay,powerplay_bowler,2.0,2.0,Services
Ravi Bishnoi,29,19,438,427,16,0,5.85,14.72,15.1,1.526,0.9,9,0.474,0.427,0.842,0.0,6.0,5.57,7.08,0.068,0.767,0.164,middle,middle_overs_bowler,1.5,1.57,Rajasthan
Ravi Kiran,20,19,411,531,10,1,7.75,26.55,20.55,1.053,1.22,7,0.368,0.35,0.526,0.053,6.88,6.75,9.17,0.496,0.117,0.387,middle,powerplay_bowler,2.2,0.64,Hyderabad (India)
Ravi Teja,28,20,413,526,12,1,7.64,18.79,14.75,1.4,1.6,7,0.35,0.344,0.6,0.05,7.06,7.56,8.44,0.262,0.494,0.245,powerplay,all_phases_bowler,2.22,0.73,Hyderabad (India)
Ravikumar Thakur,22,12,269,366,5,0,8.16,16.64,12.23,1.833,1.27,7,0.583,0.338,0.417,0.0,8.0,7.58,8.56,0.245,0.268,0.487,middle,death_bowler,2.17,1.5,Vidarbha
Remruatdika Ralte,3,8,124,166,3,0,8.03,55.33,41.33,0.375,0.74,1,0.125,0.363,0.375,0.0,7.62,6.75,10.93,0.387,0.387,0.226,middle,all_phases_bowler,2.0,0.14,Mizoram
Rex Rajkumar,8,16,269,360,5,1,8.03,45.0,33.62,0.5,0.97,3,0.188,0.413,0.312,0.062,7.3,8.09,13.68,0.736,0.171,0.093,powerplay,powerplay_bowler,1.0,0.38,Manipur
Rinsangzela Hmamte,3,5,85,100,1,0,7.06,33.33,28.33,0.6,0.55,0,0.0,0.224,0.2,0.0,6.0,7.43,5.5,0.071,0.788,0.141,death,middle_overs_bowler,0.0,0.75,Mizoram
Ritesh Negi,1,3,54,90,1,0,10.0,90.0,54.0,0.333,0.58,0,0.0,0.352,0.333,0.0,9.8,6.0,14.5,0.556,0.222,0.222,middle,powerplay_bowler,1.0,0.0,Services
Rohan Prem,3,6,78,61,0,0,4.69,20.33,26.0,0.5,0.84,1,0.167,0.474,0.0,0.0,,4.69,,0.0,1.0,0.0,middle,middle_overs_bowler,0.5,,Kerala
Rohit Dahiya,5,8,126,204,3,1,9.71,40.8,25.2,0.625,1.06,1,0.125,0.278,0.375,0.125,14.0,8.35,16.0,0.048,0.81,0.143,middle,middle_overs_bowler,1.0,0.25,Gujarat
Rohit Dangwal,4,5,102,130,2,0,7.65,32.5,25.5,0.8,1.3,1,0.2,0.294,0.4,0.0,6.8,8.86,,0.588,0.412,0.0,powerplay,powerplay_bowler,1.33,0.0,Uttarakhand
Rohit Sharma,0,5,84,97,6,1,6.93,,,0.0,0.0,0,0.0,0.488,1.2,0.2,6.67,10.0,7.0,0.857,0.071,0.071,powerplay,powerplay_bowler,,0.0,Jammu & Kashmir
Rongsen Jonathan,2,6,83,103,4,0,7.45,51.5,41.5,0.333,0.52,0,0.0,0.313,0.667,0.0,,6.82,9.88,0.0,0.795,0.205,middle,middle_overs_bowler,1.0,0.2,Nagaland
Roosh Kalaria,28,24,498,610,10,0,7.35,21.79,17.79,1.167,0.76,7,0.292,0.398,0.417,0.0,6.38,5.18,9.31,0.482,0.133,0.386,middle,powerplay_bowler,1.2,1.11,Gujarat
Roshan Alam,10,12,246,264,6,0,6.44,26.4,24.6,0.833,0.94,2,0.167,0.366,0.5,0.0,5.0,5.52,11.0,0.024,0.805,0.171,powerplay,middle_overs_bowler,1.0,0.71,Assam
Royston Dias,3,4,82,142,3,0,10.39,47.33,27.33,0.75,0.96,1,0.25,0.341,0.75,0.0,9.43,12.0,10.91,0.512,0.22,0.268,powerplay,powerplay_bowler,1.0,0.5,Mumbai
S Aravind,20,12,254,300,6,1,7.09,15.0,12.7,1.667,0.98,5,0.417,0.394,0.5,0.083,6.82,6.5,7.74,0.52,0.142,0.339,middle,powerplay_bowler,1.43,2.0,Karnataka
S Dube,29,34,596,842,21,5,8.48,29.03,20.55,0.853,0.89,7,0.206,0.29,0.618,0.147,7.69,7.84,10.75,0.131,0.644,0.225,powerplay,middle_overs_bowler,1.1,0.46,Mumbai
S Gopal,38,27,500,563,5,0,6.76,14.82,13.16,1.407,1.53,11,0.407,0.408,0.185,0.0,10.0,6.87,4.5,0.036,0.868,0.096,death,middle_overs_bowler,1.68,0.2,Karnataka
S Hegde,1,3,60,84,0,0,8.4,84.0,60.0,0.333,0.58,0,0.0,0.283,0.0,0.0,13.0,7.89,,0.1,0.9,0.0,middle,middle_overs_bowler,1.0,0.0,Karnataka
S Kaul,60,47,1028,1360,23,2,7.94,22.67,17.13,1.277,1.21,17,0.362,0.407,0.489,0.043,6.38,8.41,9.48,0.444,0.158,0.399,powerplay,powerplay_bowler,1.31,1.22,Punjab
S Midhun,24,24,530,588,8,0,6.66,24.5,22.08,1.0,1.1,5,0.208,0.355,0.333,0.0,8.29,6.42,7.0,0.079,0.762,0.158,middle,middle_overs_bowler,1.13,0.78,Kerala
S Nadeem,29,28,647,692,12,1,6.42,23.86,22.31,1.036,0.96,7,0.25,0.368,0.429,0.036,6.95,6.26,6.45,0.176,0.64,0.184,middle,middle_overs_bowler,1.33,0.69,Jharkhand
S Sanandia,21,10,212,227,1,2,6.42,10.81,10.1,2.1,0.88,8,0.8,0.467,0.1,0.2,6.6,6.0,6.24,0.566,0.085,0.349,middle,powerplay_bowler,2.33,1.75,Saurashtra
S Sandeep Warrier,35,37,785,968,33,6,7.4,27.66,22.43,0.946,0.91,10,0.27,0.462,0.892,0.162,6.37,6.26,10.4,0.596,0.145,0.259,middle,powerplay_bowler,1.04,0.73,Kerala
S Sreesanth,4,4,84,136,5,0,9.71,34.0,21.0,1.0,0.82,1,0.25,0.345,1.25,0.0,9.67,8.33,14.0,0.429,0.429,0.143,middle,powerplay_bowler,1.5,0.5,Kerala
SB Jakati,13,11,248,306,4,0,7.4,23.54,19.08,1.182,1.54,4,0.364,0.355,0.364,0.0,11.0,6.21,9.81,0.024,0.677,0.298,middle,middle_overs_bowler,0.0,1.3,Goa
SB Wagh,32,23,451,531,19,1,7.06,16.59,14.09,1.391,1.16,10,0.435,0.424,0.826,0.043,6.51,2.0,8.8,0.678,0.027,0.295,middle,powerplay_bowler,1.53,1.12,Vidarbha
SD Lad,17,26,324,391,16,1,7.24,23.0,19.06,0.654,1.2,4,0.154,0.358,0.615,0.038,7.56,7.31,6.33,0.167,0.722,0.111,death,middle_overs_bowler,0.75,0.5,Mumbai
SI Sopariya,3,4,90,100,0,0,6.67,33.33,30.0,0.75,0.5,0,0.0,0.467,0.0,0.0,3.62,8.4,14.5,0.533,0.333,0.133,powerplay,powerplay_bowler,0.67,1.0,Baroda
SJ Barman,2,4,90,107,0,0,7.13,53.5,45.0,0.5,0.58,0,0.0,0.256,0.0,0.0,14.0,7.08,1.0,0.067,0.867,0.067,death,middle_overs_bowler,,0.5,Assam
SK Ismail,4,5,110,166,4,0,9.05,41.5,27.5,0.8,1.3,1,0.2,0.255,0.8,0.0,8.0,8.4,18.0,0.109,0.818,0.073,powerplay,middle_overs_bowler,1.5,0.33,Andhra
SK Raina,2,10,108,112,2,0,6.22,56.0,54.0,0.2,0.42,0,0.0,0.259,0.2,0.0,,6.18,6.29,0.0,0.611,0.389,middle,middle_overs_bowler,0.25,0.0,Uttar Pradesh
SL Verma,2,3,30,29,0,0,5.8,14.5,15.0,0.667,0.58,0,0.0,0.267,0.0,0.0,,6.25,4.0,0.0,0.8,0.2,death,middle_overs_bowler,0.5,1.0,Himachal
SM Fallah,26,28,604,750,23,0,7.45,28.85,23.23,0.929,0.6,4,0.143,0.389,0.821,0.0,5.78,6.38,10.21,0.576,0.053,0.371,powerplay,powerplay_bowler,1.19,0.58,Maharashtra
SM Gugale,4,4,51,97,1,2,11.41,24.25,12.75,1.0,1.41,1,0.25,0.196,0.25,0.5,,12.4,10.0,0.0,0.588,0.412,death,death_bowler,2.0,0.0,Maharashtra
SM Kazi,18,14,288,352,2,0,7.33,19.56,16.0,1.286,0.83,5,0.357,0.319,0.143,0.0,8.67,7.17,7.0,0.125,0.75,0.125,death,middle_overs_bowler,1.25,1.33,Maharashtra
SN Patel,4,3,60,95,1,0,9.5,23.75,15.0,1.333,2.31,1,0.333,0.433,0.333,0.0,8.75,6.75,16.5,0.4,0.4,0.2,middle,powerplay_bowler,1.33,,Gujarat
SN Thakur,35,32,675,925,35,2,8.22,26.43,19.29,1.094,0.86,11,0.344,0.391,1.094,0.062,8.12,7.15,9.01,0.516,0.178,0.307,middle,powerplay_bowler,1.26,0.67,Mumbai
SS Agarwal,9,8,137,154,3,0,6.74,17.11,15.22,1.125,1.73,2,0.25,0.365,0.375,0.0,6.0,6.71,7.3,0.088,0.745,0.168,powerplay,middle_overs_bowler,1.67,0.8,Chhattisgarh
SS Bandekar,10,6,132,143,5,0,6.5,14.3,13.2,1.667,1.37,3,0.5,0.47,0.833,0.0,4.75,8.0,9.0,0.545,0.182,0.273,powerplay,powerplay_bowler,2.0,1.6,Goa
SS Bandiwar,3,3,60,76,3,1,7.6,25.33,20.0,1.0,0.0,0,0.0,0.433,1.0,0.333,7.0,13.0,,0.9,0.1,0.0,powerplay,powerplay_bowler,,1.0,Vidarbha
SS Ghosh,0,3,42,47,0,0,6.71,,,0.0,0.0,0,0.0,0.31,0.0,0.0,7.25,6.0,,0.571,0.429,0.0,middle,powerplay_bowler,0.0,0.0,Tripura
SS Iyer,1,3,41,73,1,0,10.68,73.0,41.0,0.333,0.58,0,0.0,0.317,0.333,0.0,,10.68,,0.0,1.0,0.0,middle,middle_overs_bowler,0.5,0.0,Mumbai
SS Majumder,14,16,274,316,6,0,6.92,22.57,19.57,0.875,1.02,5,0.312,0.281,0.375,0.0,6.6,6.93,7.02,0.109,0.591,0.299,powerplay,middle_overs_bowler,1.5,0.67,Tripura
SS Mundhe,12,23,367,507,20,0,8.29,42.25,30.58,0.522,0.73,3,0.13,0.357,0.87,0.0,7.38,8.23,10.18,0.425,0.36,0.215,powerplay,powerplay_bowler,0.89,0.29,Nagaland
SS Prabhudessai,2,9,102,129,3,1,7.59,64.5,51.0,0.222,0.44,0,0.0,0.255,0.333,0.111,,6.73,14.0,0.0,0.882,0.118,middle,middle_overs_bowler,0.25,0.2,Goa
SS Shinde,3,4,68,102,2,1,9.0,34.0,22.67,0.75,0.5,0,0.0,0.176,0.5,0.25,,8.89,9.43,0.0,0.794,0.206,middle,middle_overs_bowler,1.0,0.67,Gujarat
STR Binny,23,24,409,527,9,3,7.73,22.91,17.78,0.958,1.04,6,0.25,0.394,0.375,0.125,7.57,7.3,9.44,0.411,0.44,0.149,middle,powerplay_bowler,1.23,0.64,Karnataka
SZ Mulani,35,31,679,739,17,0,6.53,21.11,19.4,1.129,0.99,11,0.355,0.427,0.548,0.0,6.46,6.46,7.83,0.327,0.62,0.053,powerplay,middle_overs_bowler,1.08,1.29,Mumbai
Sachidanand Pandey,10,12,235,360,9,0,9.19,36.0,23.5,0.833,0.94,2,0.167,0.315,0.75,0.0,9.86,5.92,11.47,0.357,0.306,0.336,middle,all_phases_bowler,1.0,0.71,Services
Sachin Baby,5,9,106,129,0,0,7.3,25.8,21.2,0.556,0.73,1,0.111,0.33,0.0,0.0,6.0,7.29,7.88,0.057,0.792,0.151,powerplay,middle_overs_bowler,0.4,0.75,Kerala
Sachin Kumar,6,8,131,156,3,0,7.15,26.0,21.83,0.75,1.04,1,0.125,0.328,0.375,0.0,13.0,7.2,6.0,0.046,0.687,0.267,death,middle_overs_bowler,1.25,0.25,Bihar
Sagar Trivedi,17,17,354,550,15,4,9.32,32.35,20.82,1.0,1.17,4,0.235,0.305,0.882,0.235,9.73,9.29,8.9,0.373,0.288,0.339,death,all_phases_bowler,1.29,0.8,Puducherry
Sagar Udeshi,15,19,438,444,1,1,6.08,29.6,29.2,0.789,0.79,4,0.211,0.418,0.053,0.053,6.91,5.58,6.08,0.315,0.521,0.164,middle,middle_overs_bowler,1.14,0.58,Puducherry
Sahil Lotra,1,3,66,71,1,0,6.45,71.0,66.0,0.333,0.58,0,0.0,0.303,0.333,0.0,,6.45,,0.0,1.0,0.0,middle,middle_overs_bowler,0.0,1.0,Jammu & Kashmir
Samar Quadri,8,11,231,233,0,0,6.05,29.12,28.88,0.727,0.79,2,0.182,0.407,0.0,0.0,,5.28,11.2,0.0,0.87,0.13,middle,middle_overs_bowler,1.0,0.4,Bihar
Samarth Seth,2,5,50,88,2,0,10.56,44.0,25.0,0.4,0.55,0,0.0,0.2,0.4,0.0,19.0,6.0,16.71,0.12,0.6,0.28,middle,middle_overs_bowler,,0.4,Arunachal Pradesh
Sams Alam,1,3,52,111,1,0,12.81,111.0,52.0,0.333,0.58,0,0.0,0.25,0.333,0.0,10.0,25.5,17.0,0.692,0.077,0.231,powerplay,powerplay_bowler,,0.33,Arunachal Pradesh
Sandeep Sharma,24,25,540,656,10,0,7.29,27.33,22.5,0.96,0.98,4,0.16,0.402,0.4,0.0,6.45,5.43,8.75,0.522,0.078,0.4,middle,powerplay_bowler,1.07,0.8,Punjab
Sankar Paul,9,12,192,219,7,2,6.84,24.33,21.33,0.75,0.97,2,0.167,0.411,0.583,0.167,8.0,6.27,8.2,0.156,0.688,0.156,middle,middle_overs_bowler,0.6,0.86,Tripura
Santha Moorthy,6,3,60,85,2,0,8.5,14.17,10.0,2.0,2.65,1,0.333,0.4,0.667,0.0,9.2,6.25,14.0,0.5,0.4,0.1,middle,powerplay_bowler,5.0,0.5,Puducherry
Sanvir Singh,4,6,78,128,5,0,9.85,32.0,19.5,0.667,0.82,1,0.167,0.231,0.833,0.0,10.0,9.09,18.0,0.077,0.846,0.077,middle,middle_overs_bowler,0.0,1.0,Punjab
Saransh Jain,7,9,174,210,2,1,7.24,30.0,24.86,0.778,0.97,1,0.111,0.356,0.222,0.111,10.0,7.0,2.0,0.138,0.828,0.034,death,middle_overs_bowler,1.33,0.5,Madhya Pradesh
Sarbeswar Mohanty,1,4,54,68,6,0,7.56,68.0,54.0,0.25,0.5,0,0.0,0.389,1.5,0.0,,8.71,3.5,0.0,0.778,0.222,death,middle_overs_bowler,1.0,0.0,Odisha
Sarfaraz Ashraf,5,6,96,138,5,0,8.62,27.6,19.2,0.833,1.17,1,0.167,0.281,0.833,0.0,5.33,9.1,10.33,0.188,0.625,0.188,powerplay,middle_overs_bowler,,0.83,Bihar
Saruk Hossain,1,3,42,41,3,0,5.86,41.0,42.0,0.333,0.58,0,0.0,0.381,1.0,0.0,1.0,6.4,8.0,0.143,0.714,0.143,powerplay,middle_overs_bowler,0.33,,Tripura
Satish Jangir,3,4,60,70,0,0,7.0,23.33,20.0,0.75,0.96,1,0.25,0.35,0.0,0.0,,5.33,22.0,0.0,0.9,0.1,middle,middle_overs_bowler,,0.75,Puducherry
Satyajeet Bachhav,41,34,786,879,12,1,6.71,21.44,19.17,1.206,1.04,13,0.382,0.361,0.353,0.029,6.73,6.51,7.65,0.229,0.641,0.13,middle,middle_overs_bowler,1.38,0.92,Maharashtra
Saurabh Das,3,12,177,227,2,0,7.69,75.67,59.0,0.25,0.45,0,0.0,0.305,0.167,0.0,7.3,7.42,9.75,0.339,0.525,0.136,powerplay,middle_overs_bowler,0.33,0.22,Tripura
Saurabh Kumar,23,28,548,651,9,0,7.13,28.3,23.83,0.821,1.25,5,0.179,0.33,0.321,0.0,8.15,6.69,8.31,0.219,0.71,0.071,middle,middle_overs_bowler,1.2,0.38,Uttar Pradesh
Sayan Ghosh,32,25,534,681,25,1,7.65,21.28,16.69,1.28,1.4,7,0.28,0.382,1.0,0.04,7.0,7.06,8.47,0.213,0.36,0.427,powerplay,death_bowler,1.56,0.78,Bengal
Sayan Mondal,3,6,102,165,7,1,9.71,55.0,34.0,0.5,0.84,1,0.167,0.265,1.167,0.167,13.5,8.67,7.0,0.235,0.706,0.059,death,middle_overs_bowler,1.0,0.25,Bengal
Shahbaz Ahmed,27,29,594,670,8,1,6.77,24.81,22.0,0.931,0.8,6,0.207,0.37,0.276,0.034,6.82,6.24,11.5,0.172,0.747,0.081,middle,middle_overs_bowler,0.89,1.0,Bengal
Shakeeb Ahmed,17,14,270,403,9,2,8.96,23.71,15.88,1.214,0.97,6,0.429,0.363,0.643,0.143,7.92,8.25,10.59,0.533,0.089,0.378,powerplay,powerplay_bowler,1.67,0.88,Chhattisgarh
Shanu Saini,6,5,114,107,2,0,5.63,17.83,19.0,1.2,0.84,2,0.4,0.386,0.4,0.0,,4.73,9.0,0.0,0.789,0.211,middle,middle_overs_bowler,1.5,1.0,Uttar Pradesh
Sharafuddeen,1,3,48,84,0,0,10.5,84.0,48.0,0.333,0.58,0,0.0,0.354,0.0,0.0,10.8,11.5,7.0,0.625,0.25,0.125,death,powerplay_bowler,0.5,0.0,Kerala
Shashank Singh,11,15,228,319,5,0,8.39,29.0,20.73,0.733,1.1,3,0.2,0.276,0.333,0.0,9.25,8.19,8.62,0.105,0.684,0.211,middle,middle_overs_bowler,1.0,0.5,Chhattisgarh
Shasheem Rathour,7,10,162,149,4,0,5.52,21.29,23.14,0.7,0.67,1,0.1,0.451,0.4,0.0,4.33,5.25,7.75,0.111,0.741,0.148,powerplay,middle_overs_bowler,0.88,0.0,Bihar
Shashi Shekhar,3,4,81,89,1,1,6.59,29.67,27.0,0.75,0.96,1,0.25,0.481,0.25,0.25,5.83,22.0,8.0,0.889,0.037,0.074,powerplay,powerplay_bowler,,0.75,Bihar
Shiva Singh,7,15,307,346,2,0,6.76,49.43,43.86,0.467,0.64,1,0.067,0.375,0.133,0.0,7.33,6.36,11.05,0.117,0.821,0.062,middle,middle_overs_bowler,0.56,0.33,Uttar Pradesh
Shivam Chaudhary,3,14,184,227,4,0,7.4,75.67,61.33,0.214,0.43,0,0.0,0.337,0.286,0.0,8.19,7.33,2.0,0.283,0.685,0.033,death,middle_overs_bowler,0.33,0.12,Railways
Shivam Kumar,1,6,89,131,0,0,8.83,131.0,89.0,0.167,0.41,0,0.0,0.258,0.0,0.0,,8.83,,0.0,1.0,0.0,middle,middle_overs_bowler,,0.17,Bihar
Shivam Mavi,8,8,167,245,8,1,8.8,30.62,20.88,1.0,1.51,3,0.375,0.359,1.0,0.125,6.89,8.0,11.29,0.323,0.323,0.353,powerplay,all_phases_bowler,2.0,0.4,Uttar Pradesh
Shivam Sharma,7,6,109,108,1,0,5.94,15.43,15.57,1.167,1.33,3,0.5,0.468,0.167,0.0,13.0,5.65,5.0,0.055,0.78,0.165,death,middle_overs_bowler,1.25,1.0,Delhi
Shivam Shukla,2,3,60,71,2,0,7.1,35.5,30.0,0.667,0.58,0,0.0,0.317,0.667,0.0,8.33,6.57,,0.3,0.7,0.0,middle,middle_overs_bowler,0.5,1.0,Madhya Pradesh
Shivank Vashisth,16,8,174,166,0,0,5.72,10.38,10.88,2.0,1.69,4,0.5,0.46,0.0,0.0,4.67,5.8,7.0,0.103,0.862,0.034,powerplay,middle_overs_bowler,2.2,1.67,Delhi
Shivendra Singh,8,12,237,316,1,0,8.0,39.5,29.62,0.667,0.89,3,0.25,0.27,0.083,0.0,8.0,7.52,9.53,0.101,0.684,0.215,middle,middle_overs_bowler,0.67,0.67,Chhattisgarh
Shoaib Mohammed Khan,5,11,210,237,3,0,6.77,47.4,42.0,0.455,0.52,0,0.0,0.343,0.273,0.0,6.4,7.0,6.0,0.286,0.657,0.057,death,middle_overs_bowler,0.75,0.29,Andhra
Shreshth Nirmohi,5,8,156,238,2,1,9.15,47.6,31.2,0.625,0.74,1,0.125,0.359,0.25,0.125,7.11,8.75,18.75,0.692,0.154,0.154,powerplay,powerplay_bowler,0.5,0.67,Chandigarh
Shubham Kamal Sharma,4,4,90,85,1,0,5.67,21.25,22.5,1.0,1.41,1,0.25,0.422,0.25,0.0,4.0,6.5,,0.333,0.667,0.0,powerplay,middle_overs_bowler,1.33,0.0,Rajasthan
Shubham Ranjane,16,24,363,442,4,0,7.31,27.62,22.69,0.667,0.92,5,0.208,0.298,0.167,0.0,,7.11,8.92,0.0,0.893,0.107,middle,middle_overs_bowler,0.76,0.43,Mumbai
Shubham Sharma,1,3,30,24,0,0,4.8,24.0,30.0,0.333,0.58,0,0.0,0.4,0.0,0.0,,4.8,,0.0,1.0,0.0,middle,middle_overs_bowler,0.0,0.5,Madhya Pradesh
Shubham Singh,5,9,174,246,1,0,8.48,49.2,34.8,0.556,0.73,1,0.111,0.385,0.111,0.0,7.43,8.42,11.33,0.241,0.655,0.103,powerplay,middle_overs_bowler,0.33,1.0,Chhattisgarh
Sibsankar Roy,6,8,84,93,1,0,6.64,15.5,14.0,0.75,0.46,0,0.0,0.31,0.125,0.0,5.0,6.77,,0.071,0.929,0.0,powerplay,middle_overs_bowler,0.5,0.83,Assam
Sijomon Joseph,2,5,102,136,3,0,8.0,68.0,51.0,0.4,0.89,1,0.2,0.324,0.6,0.0,7.2,7.67,10.33,0.294,0.529,0.176,powerplay,middle_overs_bowler,0.0,0.5,Kerala
Simarjeet Singh,22,17,342,443,13,2,7.77,20.14,15.55,1.294,0.85,7,0.412,0.494,0.765,0.118,7.16,8.11,9.55,0.649,0.158,0.193,powerplay,powerplay_bowler,1.36,1.17,Delhi
Sinan Khadir,7,7,160,269,3,0,10.09,38.43,22.86,1.0,0.58,1,0.143,0.288,0.429,0.0,9.14,10.3,12.4,0.525,0.288,0.188,powerplay,powerplay_bowler,,1.0,Mizoram
Sirla Srinivas,5,6,101,118,0,0,7.01,23.6,20.2,0.833,0.98,2,0.333,0.376,0.0,0.0,5.5,7.01,10.0,0.119,0.822,0.059,powerplay,middle_overs_bowler,2.0,0.6,Andhra
Soaeb Tai,13,14,207,280,8,0,8.12,21.54,15.92,0.929,0.92,3,0.214,0.295,0.571,0.0,7.0,8.68,6.46,0.087,0.725,0.188,death,middle_overs_bowler,1.09,0.33,Baroda
Sohraab Dhaliwal,0,5,42,71,0,0,10.14,,,0.0,0.0,0,0.0,0.333,0.0,0.0,8.0,11.33,9.67,0.143,0.429,0.429,powerplay,death_bowler,0.0,0.0,Madhya Pradesh
Somorjit Salam,0,3,37,70,2,1,11.35,,,0.0,0.0,0,0.0,0.297,0.667,0.333,9.36,14.0,17.0,0.676,0.162,0.162,powerplay,powerplay_bowler,,0.0,Manipur
Sonu Singh,10,7,151,189,1,0,7.51,18.9,15.1,1.429,1.13,4,0.571,0.397,0.143,0.0,,7.81,4.0,0.0,0.921,0.079,death,middle_overs_bowler,1.33,1.5,Jharkhand
Sonu Yadav,9,5,114,146,7,1,7.68,16.22,12.67,1.8,1.1,2,0.4,0.5,1.4,0.2,6.25,2.5,10.11,0.421,0.105,0.474,middle,powerplay_bowler,1.8,,Tamil Nadu
Sourabh Majumdar,8,11,190,219,5,1,6.92,27.38,23.75,0.727,1.01,2,0.182,0.416,0.455,0.091,6.68,7.0,7.38,0.558,0.189,0.253,powerplay,powerplay_bowler,0.33,0.88,Chhattisgarh
Sourav Dey,1,3,48,55,1,1,6.88,55.0,48.0,0.333,0.58,0,0.0,0.271,0.333,0.333,,6.29,11.0,0.0,0.875,0.125,middle,middle_overs_bowler,0.5,0.0,Assam
Srinivas Fadte,2,5,60,94,2,0,9.4,47.0,30.0,0.4,0.55,0,0.0,0.383,0.4,0.0,6.5,9.33,12.5,0.2,0.6,0.2,powerplay,middle_overs_bowler,,0.4,Goa
Suboth Bhati,43,33,709,918,14,1,7.77,21.35,16.49,1.303,1.31,10,0.303,0.386,0.424,0.03,7.04,6.62,9.03,0.203,0.355,0.441,middle,death_bowler,1.55,0.82,Delhi
Sujit Nayak,2,5,78,70,0,0,5.38,35.0,39.0,0.4,0.55,0,0.0,0.423,0.0,0.0,,5.09,7.0,0.0,0.846,0.154,middle,middle_overs_bowler,0.5,0.0,Mumbai
Sultan Karim,8,10,141,224,3,2,9.53,28.0,17.62,0.8,0.92,1,0.1,0.298,0.3,0.2,,9.32,11.0,0.0,0.872,0.128,middle,middle_overs_bowler,1.0,0.78,Manipur
Sumanta Gupta,2,3,36,45,0,0,7.5,22.5,18.0,0.667,0.58,0,0.0,0.222,0.0,0.0,,7.5,,0.0,1.0,0.0,middle,middle_overs_bowler,0.67,,Bengal
Sumit Kumar,36,30,506,627,6,3,7.43,17.42,14.06,1.2,1.16,9,0.3,0.364,0.2,0.1,5.92,6.86,10.75,0.285,0.498,0.217,powerplay,all_phases_bowler,1.25,1.1,Haryana
Sumit Lama,7,7,114,179,3,1,9.42,25.57,16.29,1.0,1.15,2,0.286,0.368,0.429,0.143,9.73,8.8,9.33,0.579,0.263,0.158,middle,powerplay_bowler,,1.0,Mizoram
Sumit Ruikar,14,19,375,450,3,0,7.2,32.14,26.79,0.737,0.87,5,0.263,0.355,0.158,0.0,7.2,6.82,9.2,0.24,0.64,0.12,middle,middle_overs_bowler,1.0,0.64,Chhattisgarh
Sumit Singh,8,9,187,243,6,0,7.8,30.38,23.38,0.889,0.93,3,0.333,0.289,0.667,0.0,7.11,6.71,10.41,0.289,0.449,0.262,middle,all_phases_bowler,0.33,1.17,Services
Sunil Yadav,0,5,77,119,1,0,9.27,,,0.0,0.0,0,0.0,0.195,0.2,0.0,,7.73,18.55,0.0,0.857,0.143,middle,middle_overs_bowler,0.0,0.0,Maharashtra
Sunny Kashyap,5,5,96,116,2,0,7.25,23.2,19.2,1.0,0.71,1,0.2,0.333,0.4,0.0,7.4,6.83,7.6,0.312,0.375,0.312,middle,all_phases_bowler,1.25,0.0,Uttarakhand
Sunny Rana,13,10,204,264,2,0,7.76,20.31,15.69,1.3,0.95,6,0.6,0.368,0.2,0.0,7.18,4.0,8.93,0.5,0.059,0.441,middle,powerplay_bowler,1.83,0.5,Uttarakhand
Supriyo Chakraborty,2,3,60,84,1,0,8.4,42.0,30.0,0.667,0.58,0,0.0,0.333,0.333,0.0,8.0,9.83,4.5,0.2,0.6,0.2,death,middle_overs_bowler,0.67,,Jharkhand
Suryakant Pradhan,16,19,374,467,10,2,7.49,29.19,23.38,0.842,1.12,3,0.158,0.444,0.526,0.105,7.67,6.75,7.65,0.642,0.193,0.166,middle,powerplay_bowler,1.38,0.45,Odisha
Suryansh Shedge,5,3,48,79,0,1,9.88,15.8,9.6,1.667,0.58,2,0.667,0.271,0.0,0.333,,9.0,10.75,0.0,0.5,0.5,middle,death_bowler,1.67,,Mumbai
Susheel Kumar,3,5,104,154,1,1,8.88,51.33,34.67,0.6,0.55,0,0.0,0.346,0.2,0.2,8.0,3.5,11.32,0.462,0.115,0.423,middle,powerplay_bowler,0.5,0.67,Railways
Suyash Sharma,14,6,142,165,5,0,6.97,11.79,10.14,2.333,1.86,4,0.667,0.408,0.833,0.0,6.83,6.79,7.91,0.254,0.592,0.155,middle,middle_overs_bowler,3.0,1.0,Delhi
Swapnil Singh,32,33,694,800,12,0,6.92,25.0,21.69,0.97,0.81,8,0.242,0.38,0.364,0.0,7.11,6.41,9.55,0.156,0.718,0.127,middle,middle_overs_bowler,1.05,0.86,Baroda
Swarajeet Das,3,10,154,265,5,0,10.32,88.33,51.33,0.3,0.67,1,0.1,0.182,0.5,0.0,9.0,10.18,10.83,0.039,0.662,0.299,powerplay,middle_overs_bowler,1.0,0.12,Meghalaya
Swarupam Purkayastha,7,6,95,135,2,1,8.53,19.29,13.57,1.167,1.17,2,0.333,0.347,0.333,0.167,11.38,5.17,7.09,0.505,0.379,0.116,middle,powerplay_bowler,,1.17,Assam
Syed Sagar,1,4,66,86,1,3,7.82,86.0,66.0,0.25,0.5,0,0.0,0.288,0.25,0.75,,8.25,6.67,0.0,0.727,0.273,death,middle_overs_bowler,,0.25,Jammu & Kashmir
T Kohli,8,17,232,395,10,1,10.22,49.38,29.0,0.471,0.87,2,0.118,0.237,0.588,0.059,7.62,9.23,12.11,0.207,0.336,0.457,powerplay,death_bowler,0.0,0.5,Mizoram
T Natarajan,16,17,333,432,13,0,7.78,27.0,20.81,0.941,1.09,3,0.176,0.393,0.765,0.0,6.14,7.7,9.36,0.396,0.18,0.423,powerplay,death_bowler,1.25,0.2,Tamil Nadu
T Pradeep,15,17,366,555,15,1,9.1,37.0,24.4,0.882,0.78,2,0.118,0.363,0.882,0.059,7.35,8.0,12.68,0.557,0.131,0.311,powerplay,powerplay_bowler,0.86,0.9,Railways
TC Vanlalremruata,3,3,60,71,0,0,7.1,23.67,20.0,1.0,1.0,1,0.333,0.233,0.0,0.0,,7.1,,0.0,1.0,0.0,middle,middle_overs_bowler,,1.0,Mizoram
TS Saha,6,6,107,152,4,1,8.52,25.33,17.83,1.0,0.89,2,0.333,0.308,0.667,0.167,6.75,8.1,21.0,0.224,0.72,0.056,powerplay,middle_overs_bowler,,1.0,Tripura
TU Deshpande,51,30,662,867,19,6,7.86,17.0,12.98,1.7,1.21,17,0.567,0.408,0.633,0.2,7.93,7.28,8.28,0.39,0.284,0.326,middle,all_phases_bowler,1.82,1.38,Mumbai
Tahmeed Rahman,12,21,339,487,7,0,8.62,40.58,28.25,0.571,0.68,2,0.095,0.304,0.333,0.0,7.0,8.39,12.4,0.088,0.823,0.088,powerplay,middle_overs_bowler,0.75,0.53,Nagaland
Tajinder Singh,9,9,150,144,2,0,5.76,16.0,16.67,1.0,0.87,3,0.333,0.327,0.222,0.0,,5.92,2.0,0.0,0.96,0.04,death,middle_overs_bowler,1.14,0.5,Rajasthan
Tanay Thyagarajan,9,16,342,382,1,2,6.7,42.44,38.0,0.562,0.63,1,0.062,0.348,0.062,0.125,10.88,5.91,7.25,0.14,0.789,0.07,middle,middle_overs_bowler,0.89,0.14,Hyderabad (India)
Tanush Kotian,18,15,289,310,12,0,6.44,17.22,16.06,1.2,1.32,5,0.333,0.412,0.8,0.0,6.67,6.57,4.42,0.062,0.872,0.066,death,middle_overs_bowler,1.33,0.67,Mumbai
Tanveer Ul-Haq,13,12,234,250,8,0,6.41,19.23,18.0,1.083,1.24,2,0.167,0.47,0.667,0.0,5.96,5.71,10.75,0.718,0.179,0.103,middle,powerplay_bowler,1.67,0.5,Rajasthan
Techi Doria,7,9,138,193,9,4,8.39,27.57,19.71,0.778,1.3,2,0.222,0.261,1.0,0.444,,7.79,11.25,0.0,0.826,0.174,middle,middle_overs_bowler,,0.78,Arunachal Pradesh
Techi Neri,3,11,204,265,0,0,7.79,88.33,68.0,0.273,0.47,0,0.0,0.309,0.0,0.0,10.0,7.66,,0.059,0.941,0.0,middle,middle_overs_bowler,0.0,0.3,Arunachal Pradesh
Tejas Patel,9,11,209,287,6,4,8.24,31.89,23.22,0.818,1.08,3,0.273,0.435,0.545,0.364,8.44,7.86,8.14,0.517,0.201,0.282,middle,powerplay_bowler,1.12,0.0,Gujarat
Thomas Moirangthem,4,4,66,84,2,0,7.64,21.0,16.5,1.0,1.41,1,0.25,0.47,0.5,0.0,7.14,,8.5,0.636,0.0,0.364,powerplay,powerplay_bowler,,1.0,Manipur
Tilak Varma,2,6,60,78,1,0,7.8,39.0,30.0,0.333,0.52,0,0.0,0.233,0.167,0.0,7.5,7.29,12.0,0.2,0.7,0.1,middle,middle_overs_bowler,0.5,0.0,Hyderabad (India)
Toni Chishi,1,3,24,48,1,0,12.0,48.0,24.0,0.333,0.58,0,0.0,0.167,0.333,0.0,,16.5,7.5,0.0,0.5,0.5,death,death_bowler,,0.33,Nagaland
Tripuresh Singh,4,3,59,81,0,0,8.24,20.25,14.75,1.333,0.58,1,0.333,0.458,0.0,0.0,6.5,,15.82,0.814,0.0,0.186,powerplay,powerplay_bowler,1.0,2.0,Madhya Pradesh
Tukuna Sahoo,2,4,60,67,0,0,6.7,33.5,30.0,0.5,1.0,1,0.25,0.267,0.0,0.0,,6.7,,0.0,1.0,0.0,middle,middle_overs_bowler,,0.5,Odisha
U U Bose,2,5,50,69,0,0,8.28,34.5,25.0,0.4,0.55,0,0.0,0.24,0.0,0.0,,7.71,8.5,0.0,0.28,0.72,middle,death_bowler,,0.4,Tripura
UT Yadav,8,12,242,292,13,0,7.24,36.5,30.25,0.667,0.98,2,0.167,0.434,1.083,0.0,7.16,5.86,8.02,0.471,0.174,0.355,middle,powerplay_bowler,0.78,0.33,Vidarbha
Umar Alam,5,3,66,73,1,0,6.64,14.6,13.2,1.667,0.58,2,0.667,0.455,0.333,0.0,5.0,8.0,9.0,0.545,0.182,0.273,powerplay,powerplay_bowler,,1.67,Jammu & Kashmir
Umar Nazir,6,9,191,273,6,0,8.58,45.5,31.83,0.667,0.87,2,0.222,0.366,0.667,0.0,7.47,8.0,10.98,0.471,0.251,0.277,powerplay,powerplay_bowler,1.0,0.25,Jammu & Kashmir
Umran Malik,13,7,168,193,5,1,6.89,14.85,12.92,1.857,1.57,4,0.571,0.44,0.714,0.143,6.6,7.79,5.67,0.179,0.5,0.321,death,middle_overs_bowler,2.5,1.0,Jammu & Kashmir
Unnikrishnan Manukrishnan,19,14,300,349,3,4,6.98,18.37,15.79,1.357,1.08,5,0.357,0.427,0.214,0.286,6.47,4.67,10.27,0.6,0.18,0.22,middle,powerplay_bowler,1.12,1.67,Kerala
Utkarsh Singh,20,16,289,306,3,0,6.35,15.3,14.45,1.25,0.93,5,0.312,0.422,0.188,0.0,5.38,7.4,3.69,0.436,0.519,0.045,death,powerplay_bowler,1.75,0.75,Jharkhand
V Athisayaraj Davidson,12,9,180,237,10,0,7.9,19.75,15.0,1.333,1.5,2,0.222,0.328,1.111,0.0,8.0,8.38,7.57,0.267,0.267,0.467,death,death_bowler,1.0,1.75,Tamil Nadu
V Kaverappa,5,4,81,87,4,0,6.44,17.4,16.2,1.25,1.5,2,0.5,0.519,1.0,0.0,4.67,,10.0,0.667,0.0,0.333,powerplay,powerplay_bowler,2.0,1.0,Karnataka
V M Jivrajani,6,5,114,140,1,1,7.37,23.33,19.0,1.2,0.45,1,0.2,0.342,0.2,0.2,5.75,8.0,5.0,0.211,0.737,0.053,death,middle_overs_bowler,1.5,1.0,Saurashtra
V Pratap Singh,3,7,126,189,4,0,9.0,63.0,42.0,0.429,0.53,0,0.0,0.333,0.571,0.0,8.38,6.0,12.4,0.619,0.143,0.238,middle,powerplay_bowler,,0.43,Chhattisgarh
V Shankar,6,15,193,241,8,1,7.49,40.17,32.17,0.4,0.83,1,0.067,0.409,0.533,0.067,8.77,6.52,7.5,0.404,0.534,0.062,middle,powerplay_bowler,0.67,0.0,Tamil Nadu
V Tokas,2,3,37,65,0,1,10.54,32.5,18.5,0.667,1.15,1,0.333,0.351,0.0,0.333,13.33,8.5,6.86,0.486,0.324,0.189,death,powerplay_bowler,1.0,0.0,Delhi
VA Jagadeesh,6,7,114,145,2,0,7.63,24.17,19.0,0.857,0.69,1,0.143,0.281,0.286,0.0,,7.94,5.0,0.0,0.895,0.105,death,middle_overs_bowler,1.2,0.0,Kerala
VG Arora,19,15,328,387,19,0,7.08,20.37,17.26,1.267,1.16,6,0.4,0.494,1.267,0.0,6.36,6.83,10.14,0.713,0.11,0.177,powerplay,powerplay_bowler,1.1,1.6,Himachal
VK Saha,2,4,84,88,0,0,6.29,44.0,42.0,0.5,1.0,1,0.25,0.512,0.0,0.0,7.6,4.25,16.0,0.357,0.571,0.071,middle,middle_overs_bowler,2.0,0.0,Tripura
VR Aaron,26,22,457,707,23,2,9.28,27.19,17.58,1.182,1.05,8,0.364,0.409,1.045,0.091,8.12,9.3,11.32,0.446,0.302,0.252,powerplay,powerplay_bowler,1.25,1.14,Jharkhand
VR Iyer,22,30,462,547,18,0,7.1,24.86,21.0,0.733,0.74,5,0.167,0.39,0.6,0.0,7.07,6.75,9.0,0.195,0.675,0.13,middle,middle_overs_bowler,0.94,0.46,Madhya Pradesh
VV Gite,6,7,121,178,8,1,8.83,29.67,20.17,0.857,0.9,2,0.286,0.372,1.143,0.143,9.3,7.0,10.32,0.496,0.298,0.207,middle,powerplay_bowler,1.2,0.0,Maharashtra
Varun Choudhary,19,11,257,377,11,0,8.8,19.84,13.53,1.727,0.9,7,0.636,0.319,1.0,0.0,7.81,11.0,9.63,0.49,0.047,0.463,powerplay,powerplay_bowler,2.0,1.4,Services
Varun Sood,7,11,222,271,0,0,7.32,38.71,31.71,0.636,0.67,1,0.091,0.387,0.0,0.0,6.91,6.47,10.29,0.297,0.514,0.189,middle,middle_overs_bowler,1.0,0.56,Delhi
Vasuki Koushik,29,24,523,703,19,3,8.07,24.24,18.03,1.208,1.06,7,0.292,0.411,0.792,0.125,6.24,8.17,10.44,0.528,0.069,0.403,powerplay,powerplay_bowler,1.33,0.33,Karnataka
Vidyadhar Patil,5,6,132,181,3,0,8.23,36.2,26.4,0.833,0.41,0,0.0,0.235,0.5,0.0,4.71,8.14,11.38,0.318,0.318,0.364,powerplay,all_phases_bowler,0.75,1.0,Karnataka
Vijaykumar Vyshak,11,10,216,315,6,1,8.75,28.64,19.64,1.1,1.29,4,0.4,0.38,0.6,0.1,9.8,7.54,9.15,0.278,0.361,0.361,middle,all_phases_bowler,2.0,0.2,Karnataka
Vijesh Prabhudessai,7,8,147,273,10,1,11.14,39.0,21.0,0.875,0.99,1,0.125,0.313,1.25,0.125,11.67,7.75,12.0,0.49,0.163,0.347,middle,powerplay_bowler,2.0,0.5,Goa
Vikas Hathwala,1,3,54,54,0,0,6.0,54.0,54.0,0.333,0.58,0,0.0,0.389,0.0,0.0,,5.75,8.0,0.0,0.889,0.111,middle,middle_overs_bowler,0.0,0.5,Services
Vikas Yadav,20,20,462,506,4,0,6.57,25.3,23.1,1.0,1.21,3,0.15,0.331,0.2,0.0,5.2,6.8,5.43,0.065,0.844,0.091,powerplay,middle_overs_bowler,1.1,0.9,Services
Vikash Singh,14,20,408,582,22,6,8.56,41.57,29.14,0.7,0.92,4,0.2,0.409,1.1,0.3,6.97,8.47,11.05,0.471,0.221,0.309,powerplay,powerplay_bowler,0.62,0.86,Jharkhand
Vinod Kumar,0,3,60,96,3,0,9.6,,,0.0,0.0,0,0.0,0.2,1.0,0.0,8.5,10.2,9.33,0.2,0.5,0.3,powerplay,middle_overs_bowler,,0.0,Kerala
Vinoop Manoharan,7,6,114,148,0,0,7.79,21.14,16.29,1.167,0.75,2,0.333,0.307,0.0,0.0,,7.93,7.25,0.0,0.789,0.211,death,middle_overs_bowler,1.5,0.5,Kerala
Virat Singh,1,5,60,87,1,0,8.7,87.0,60.0,0.2,0.45,0,0.0,0.25,0.2,0.0,,9.33,3.0,0.0,0.9,0.1,death,middle_overs_bowler,0.25,0.0,Jharkhand
Vishal Das,4,4,78,101,0,0,7.77,25.25,19.5,1.0,0.82,1,0.25,0.397,0.0,0.0,6.88,6.5,11.0,0.615,0.154,0.231,middle,powerplay_bowler,1.0,1.0,Bihar
Vishal Kushwah,14,13,222,350,6,1,9.46,25.0,15.86,1.077,0.95,4,0.308,0.275,0.462,0.077,8.8,9.0,11.0,0.135,0.622,0.243,powerplay,middle_overs_bowler,0.5,1.33,Chhattisgarh
Vivek Kumar,4,8,161,230,2,2,8.57,57.5,40.25,0.5,0.76,1,0.125,0.354,0.25,0.25,7.72,9.0,11.38,0.671,0.149,0.18,powerplay,powerplay_bowler,0.0,0.57,Bihar
Vivek Singh,1,8,84,109,0,0,7.79,109.0,84.0,0.125,0.35,0,0.0,0.333,0.0,0.0,,7.79,,0.0,1.0,0.0,middle,middle_overs_bowler,0.2,0.0,Bengal
Vivekanand Tiwari,6,6,96,142,2,5,8.88,23.67,16.0,1.0,1.26,2,0.333,0.438,0.333,0.833,8.29,9.2,9.5,0.438,0.312,0.25,powerplay,powerplay_bowler,0.67,1.33,Jharkhand
Waseem Raza,11,14,255,337,1,0,7.93,30.64,23.18,0.786,1.19,3,0.214,0.31,0.071,0.0,8.4,7.59,9.33,0.118,0.741,0.141,middle,middle_overs_bowler,1.67,0.55,Jammu & Kashmir
Washington Sundar,21,27,570,599,8,0,6.31,28.52,27.14,0.778,0.97,6,0.222,0.416,0.296,0.0,6.26,5.74,8.29,0.358,0.495,0.147,middle,all_phases_bowler,0.94,0.55,Tamil Nadu
Writtick Chatterjee,15,15,276,291,2,0,6.33,19.4,18.4,1.0,0.85,3,0.2,0.395,0.133,0.0,3.71,6.15,11.2,0.152,0.739,0.109,powerplay,middle_overs_bowler,0.91,1.25,Bengal
YK Pathan,5,7,89,99,3,0,6.67,19.8,17.8,0.714,0.76,1,0.143,0.326,0.429,0.0,,7.0,4.36,0.0,0.876,0.124,death,middle_overs_bowler,0.5,1.0,Baroda
YS Chahal,20,27,555,685,14,0,7.41,34.25,27.75,0.741,0.98,3,0.111,0.377,0.519,0.0,8.77,6.75,10.2,0.141,0.751,0.108,middle,middle_overs_bowler,0.88,0.5,Haryana
Yab Niya,2,9,129,216,2,0,10.05,108.0,64.5,0.222,0.44,0,0.0,0.318,0.222,0.0,10.5,7.35,17.0,0.713,0.24,0.047,middle,powerplay_bowler,,0.22,Arunachal Pradesh
Yash Dayal,16,19,336,411,23,5,7.34,25.69,21.0,0.842,0.83,5,0.263,0.417,1.211,0.263,6.57,9.0,8.53,0.625,0.071,0.304,powerplay,powerplay_bowler,0.82,0.88,Uttar Pradesh
Yash Thakur,48,31,602,679,21,5,6.77,14.15,12.54,1.548,1.29,15,0.484,0.419,0.677,0.161,6.26,7.19,7.09,0.419,0.234,0.347,powerplay,powerplay_bowler,1.84,1.08,Vidarbha
Yashpal Singh,5,9,125,146,4,0,7.01,29.2,25.0,0.556,1.01,1,0.111,0.344,0.444,0.0,3.0,6.33,15.82,0.048,0.864,0.088,powerplay,middle_overs_bowler,0.0,0.62,Manipur
Yudhvir Singh,10,10,204,280,10,2,8.24,28.0,20.4,1.0,1.25,3,0.3,0.426,1.0,0.2,5.89,11.75,11.0,0.559,0.118,0.324,powerplay,powerplay_bowler,1.25,0.83,Hyderabad (India)
Yuvraj Chudasama,7,9,157,203,2,0,7.76,29.0,22.43,0.778,0.97,3,0.333,0.299,0.222,0.0,,7.65,24.0,0.0,0.994,0.006,middle,middle_overs_bowler,1.2,0.25,Saurashtra
Yuvraj Singh,16,20,284,379,4,0,8.01,23.69,17.75,0.8,1.2,5,0.25,0.405,0.2,0.0,5.0,10.34,8.89,0.359,0.356,0.285,powerplay,all_phases_bowler,1.12,0.58,Punjab
Zahoor Sofi,2,4,57,74,0,0,7.79,37.0,28.5,0.5,0.58,0,0.0,0.351,0.0,0.0,2.0,8.47,,0.105,0.895,0.0,powerplay,middle_overs_bowler,,0.5,Jammu & Kashmir
