player,total_wickets,total_matches_bowled,total_balls_bowled,total_runs_conceded,total_wides,total_noballs,economy_rate,bowling_average,bowling_strike_rate,avg_wickets_per_match,bowling_consistency,two_plus_hauls,two_plus_haul_rate,bowling_dot_rate,wide_rate,noball_rate,pp_runs_conceded,mid_runs_conceded,death_runs_conceded,pp_balls_bowled,mid_balls_bowled,death_balls_bowled,pp_economy,mid_economy,death_economy,pp_workload_pct,mid_workload_pct,death_workload_pct,dominant_phase,bowling_role,wickets_in_wins,wickets_in_losses,balls_bowled_per_match,sample_reliability_score,team,season_start_year,eligible_for_model
A Aravinddaraj,6,9,156,212,9,0,8.15,35.33,26.0,0.667,0.87,2,0.222,0.301,1.0,0.0,36,100,76,18,96,42,12.0,6.25,10.86,0.115,0.615,0.269,middle,middle_overs_bowler,1.25,0.2,17.33,1.0,Puducherry,2022,True
A Ashish Reddy,4,7,126,193,3,0,9.19,48.25,31.5,0.571,1.13,1,0.143,0.222,0.429,0.0,18,156,19,18,96,12,6.0,9.75,9.5,0.143,0.762,0.095,powerplay,middle_overs_bowler,0.0,0.8,18.0,0.938,Hyderabad (India),2018,True
A Badoni,2,4,42,74,1,0,10.57,37.0,21.0,0.5,1.0,1,0.25,0.214,0.25,0.0,17,36,21,6,24,12,17.0,9.0,10.5,0.143,0.571,0.286,middle,part_time_bowler,0.67,0.0,10.5,0.425,Delhi,2024,True
A Choudhary,30,25,510,586,12,1,6.89,19.53,17.0,1.2,0.82,7,0.28,0.467,0.48,0.04,271,36,279,270,36,204,6.02,6.0,8.21,0.529,0.071,0.4,middle,death_bowler,1.31,1.0,20.4,1.0,Rajasthan,2022,True
A Kamboj,6,4,66,81,5,0,7.36,13.5,11.0,1.5,1.0,1,0.25,0.5,1.25,0.0,45,11,25,42,6,18,6.43,11.0,8.33,0.636,0.091,0.273,powerplay,powerplay_bowler,1.0,1.67,16.5,0.525,Haryana,2023,True
A Mishra,23,26,510,688,12,2,8.09,29.91,22.17,0.885,1.14,6,0.231,0.312,0.462,0.077,54,508,126,42,378,90,7.71,8.06,8.4,0.082,0.741,0.176,powerplay,middle_overs_bowler,0.88,0.9,19.62,1.0,Haryana,2023,True
A Mithun,32,31,622,857,18,1,8.27,26.78,19.44,1.032,1.17,10,0.323,0.378,0.581,0.032,426,149,282,336,116,170,7.61,7.71,9.95,0.54,0.186,0.273,powerplay,powerplay_bowler,1.23,0.56,20.06,1.0,Karnataka,2020,True
A Nagwaswalla,36,26,543,653,23,3,7.22,18.14,15.08,1.385,1.72,7,0.269,0.446,0.885,0.115,307,112,234,294,84,165,6.27,8.0,8.51,0.541,0.155,0.304,powerplay,death_bowler,1.81,0.7,20.88,1.0,Gujarat,2023,True
A Nehra,1,2,36,46,1,0,7.67,46.0,36.0,0.5,0.71,0,0.0,0.389,0.5,0.0,31,6,9,24,6,6,7.75,6.0,9.0,0.667,0.167,0.167,middle,part_time_bowler,0.5,,18.0,0.275,Delhi,2015,False
A Palkar,9,6,107,117,3,0,6.56,13.0,11.89,1.5,1.05,3,0.5,0.477,0.5,0.0,67,0,50,72,0,35,5.58,,8.57,0.673,0.0,0.327,powerplay,death_bowler,2.0,0.5,17.83,0.821,Maharashtra,2021,True
A Panwar,1,1,24,51,2,0,12.75,51.0,24.0,1.0,0.0,0,0.0,0.167,2.0,0.0,22,0,29,12,0,12,11.0,,14.5,0.5,0.0,0.5,powerplay,part_time_bowler,,1.0,24.0,0.162,Saurashtra,2024,False
A Sheth,59,44,888,1167,14,0,7.89,19.78,15.05,1.341,1.26,16,0.364,0.408,0.318,0.0,499,231,437,420,183,285,7.13,7.57,9.2,0.473,0.206,0.321,powerplay,death_bowler,1.64,0.81,20.18,1.0,Baroda,2024,True
A Singhania,9,13,203,243,1,0,7.18,27.0,22.56,0.692,1.11,1,0.077,0.305,0.077,0.0,0,189,54,0,168,35,,6.75,9.26,0.0,0.828,0.172,middle,middle_overs_bowler,1.25,0.44,15.62,1.0,Meghalaya,2020,True
A Thapa,1,1,6,15,0,0,15.0,15.0,6.0,1.0,0.0,0,0.0,0.333,0.0,0.0,0,15,0,0,6,0,,15.0,,0.0,1.0,0.0,middle,part_time_bowler,,1.0,6.0,0.088,Arunachal Pradesh,2023,False
AA Bamal,3,5,120,118,1,1,5.9,39.33,40.0,0.6,0.89,1,0.2,0.342,0.2,0.2,0,93,25,0,96,24,,5.81,6.25,0.0,0.8,0.2,middle,middle_overs_bowler,1.0,0.33,24.0,0.812,Services,2017,True
AA Barot,1,1,18,31,0,0,10.33,31.0,18.0,1.0,0.0,0,0.0,0.333,0.0,0.0,0,31,0,0,18,0,,10.33,,0.0,1.0,0.0,middle,part_time_bowler,1.0,,18.0,0.138,Saurashtra,2020,False
AA Chakraborty,4,10,204,241,4,0,7.09,60.25,51.0,0.4,0.52,0,0.0,0.299,0.4,0.0,35,206,0,24,180,0,8.75,6.87,,0.118,0.882,0.0,middle,middle_overs_bowler,0.5,0.38,20.4,1.0,Tripura,2019,True
AA Choudhury,0,3,36,44,0,0,7.33,,,0.0,0.0,0,0.0,0.25,0.0,0.0,3,35,6,6,24,6,3.0,8.75,6.0,0.167,0.667,0.167,powerplay,part_time_bowler,0.0,,12.0,0.338,Assam,2023,True
AA Herwadkar,0,2,19,26,0,0,8.21,,,0.0,0.0,0,0.0,0.263,0.0,0.0,0,22,4,0,18,1,,7.33,24.0,0.0,0.947,0.053,middle,part_time_bowler,,0.0,9.5,0.204,Chhattisgarh,2021,False
AA Kazi,0,4,71,115,0,0,9.72,,,0.0,0.0,0,0.0,0.183,0.0,0.0,17,63,35,12,48,11,8.5,7.88,19.09,0.169,0.676,0.155,middle,middle_overs_bowler,,0.0,17.75,0.546,Nagaland,2018,True
AA Sanklecha,5,4,87,118,1,0,8.14,23.6,17.4,1.25,1.5,2,0.5,0.414,0.25,0.0,87,10,21,66,6,15,7.91,10.0,8.4,0.759,0.069,0.172,powerplay,powerplay_bowler,1.67,0.0,21.75,0.612,Maharashtra,2015,True
AA Sarwate,7,5,90,105,2,0,7.0,15.0,12.86,1.4,0.89,3,0.6,0.333,0.4,0.0,26,66,13,12,72,6,13.0,5.5,13.0,0.133,0.8,0.067,middle,middle_overs_bowler,1.75,0.0,18.0,0.688,Vidarbha,2022,True
AB Bhadoriya,0,2,42,43,0,0,6.14,,,0.0,0.0,0,0.0,0.381,0.0,0.0,0,43,0,0,42,0,,6.14,,0.0,1.0,0.0,middle,part_time_bowler,0.0,0.0,21.0,0.3,Madhya Pradesh,2022,False
AB Dinda,25,27,567,743,20,6,7.86,29.72,22.68,0.926,1.0,7,0.259,0.393,0.741,0.222,392,8,343,312,6,249,7.54,8.0,8.27,0.55,0.011,0.439,powerplay,death_bowler,0.88,1.0,21.0,1.0,Bengal,2020,True
AD Nath,5,8,99,142,3,0,8.61,28.4,19.8,0.625,0.74,1,0.125,0.192,0.375,0.0,0,90,52,0,60,39,,9.0,8.0,0.0,0.606,0.394,death,death_bowler,0.5,1.0,12.38,0.912,Uttar Pradesh,2019,True
AG Jungade,1,2,30,47,0,0,9.4,47.0,30.0,0.5,0.71,0,0.0,0.233,0.0,0.0,33,8,6,18,6,6,11.0,8.0,6.0,0.6,0.2,0.2,death,part_time_bowler,0.0,1.0,15.0,0.25,Vidarbha,2015,False
AG Rao,1,2,24,33,3,0,8.25,33.0,24.0,0.5,0.71,0,0.0,0.25,1.5,0.0,19,14,0,12,12,0,9.5,7.0,,0.5,0.5,0.0,middle,part_time_bowler,,0.5,12.0,0.225,Chhattisgarh,2020,False
AH Hooda,18,24,444,535,15,1,7.23,29.72,24.67,0.75,0.9,5,0.208,0.444,0.625,0.042,351,13,171,288,6,150,7.31,13.0,6.84,0.649,0.014,0.338,death,death_bowler,1.07,0.22,18.5,1.0,Haryana,2019,True
AH Passi,4,1,18,26,3,0,8.67,6.5,4.5,4.0,0.0,1,1.0,0.278,3.0,0.0,0,7,19,0,6,12,,7.0,9.5,0.0,0.333,0.667,middle,part_time_bowler,4.0,,18.0,0.138,Baroda,2023,False
AK Chahal,7,6,114,154,2,0,8.11,22.0,16.29,1.167,1.17,2,0.333,0.377,0.333,0.0,74,55,25,54,42,18,8.22,7.86,8.33,0.474,0.368,0.158,middle,powerplay_bowler,1.5,0.5,19.0,0.85,Haryana,2018,True
AK Sarkar,2,7,120,173,5,0,8.65,86.5,60.0,0.286,0.76,1,0.143,0.275,0.714,0.0,78,73,22,42,60,18,11.14,7.3,7.33,0.35,0.5,0.15,middle,powerplay_bowler,1.0,0.0,17.14,0.938,Tripura,2023,True
AL Menaria,2,4,66,58,1,0,5.27,29.0,33.0,0.5,0.58,0,0.0,0.348,0.25,0.0,19,28,11,18,36,12,6.33,4.67,5.5,0.273,0.545,0.182,middle,middle_overs_bowler,0.0,1.0,16.5,0.525,Rajasthan,2015,True
AM Nayar,6,8,144,184,7,0,7.67,30.67,24.0,0.75,0.71,1,0.125,0.257,0.875,0.0,4,180,0,6,138,0,4.0,7.83,,0.042,0.958,0.0,powerplay,middle_overs_bowler,1.0,0.33,18.0,1.0,Mumbai,2015,True
AN Ahmed,25,23,402,476,13,0,7.1,19.04,16.08,1.087,1.04,9,0.391,0.445,0.565,0.0,261,58,157,228,60,114,6.87,5.8,8.26,0.567,0.149,0.284,middle,powerplay_bowler,1.25,1.0,17.48,1.0,Assam,2021,True
AN Chauhan,7,5,96,139,6,0,8.69,19.86,13.71,1.4,1.67,2,0.4,0.375,1.2,0.0,56,41,42,42,18,36,8.0,13.67,7.0,0.438,0.188,0.375,death,death_bowler,1.0,1.67,19.2,0.712,Himachal,2017,True
AN Longchar,0,1,5,6,0,0,7.2,,,0.0,0.0,0,0.0,0.4,0.0,0.0,0,0,6,0,0,5,,,7.2,0.0,0.0,1.0,death,part_time_bowler,,0.0,5.0,0.083,Nagaland,2019,False
AP Majumdar,1,1,6,14,0,0,14.0,14.0,6.0,1.0,0.0,0,0.0,0.167,0.0,0.0,0,14,0,0,6,0,,14.0,,0.0,1.0,0.0,middle,part_time_bowler,1.0,,6.0,0.088,Bengal,2017,False
AP Sharma,4,6,108,119,1,0,6.61,29.75,27.0,0.667,0.82,1,0.167,0.444,0.167,0.0,24,84,11,12,84,12,12.0,6.0,5.5,0.111,0.778,0.111,death,middle_overs_bowler,1.0,0.0,18.0,0.825,Services,2018,True
AR Lamba,4,5,108,164,2,0,9.11,41.0,27.0,0.8,0.45,0,0.0,0.37,0.4,0.0,51,44,69,42,36,30,7.29,7.33,13.8,0.389,0.333,0.278,powerplay,powerplay_bowler,0.75,1.0,21.6,0.762,Rajasthan,2021,True
AR Pandey,4,13,195,309,4,1,9.51,77.25,48.75,0.308,0.63,1,0.077,0.323,0.308,0.077,125,112,72,84,78,33,8.93,8.62,13.09,0.431,0.4,0.169,middle,powerplay_bowler,0.2,0.38,15.0,1.0,Railways,2023,True
AR Patel,18,23,492,471,5,1,5.74,26.17,27.33,0.783,0.67,3,0.13,0.431,0.217,0.043,64,315,92,72,366,54,5.33,5.16,10.22,0.146,0.744,0.11,middle,middle_overs_bowler,0.67,0.91,21.39,1.0,Gujarat,2023,True
ARB Singh,1,1,24,29,1,1,7.25,29.0,24.0,1.0,0.0,0,0.0,0.333,1.0,1.0,0,29,0,0,24,0,,7.25,,0.0,1.0,0.0,middle,part_time_bowler,,1.0,24.0,0.162,Railways,2017,False
AS Bedi,2,1,24,17,0,0,4.25,8.5,12.0,2.0,0.0,1,1.0,0.542,0.0,0.0,1,16,0,6,18,0,1.0,5.33,,0.25,0.75,0.0,powerplay,part_time_bowler,2.0,,24.0,0.162,Himachal,2021,False
AS Karambelkar,0,3,30,58,1,0,11.6,,,0.0,0.0,0,0.0,0.167,0.333,0.0,0,58,0,0,30,0,,11.6,,0.0,1.0,0.0,middle,part_time_bowler,0.0,0.0,10.0,0.312,Baroda,2019,True
AS Kumar,1,1,12,11,0,0,5.5,11.0,12.0,1.0,0.0,0,0.0,0.5,0.0,0.0,7,4,0,6,6,0,7.0,4.0,,0.5,0.5,0.0,middle,part_time_bowler,1.0,,12.0,0.112,Haryana,2023,False
AS Rajpoot,55,36,768,903,23,2,7.05,16.42,13.96,1.528,1.25,18,0.5,0.438,0.639,0.056,424,96,383,420,84,264,6.06,6.86,8.7,0.547,0.109,0.344,powerplay,death_bowler,1.81,1.13,21.33,1.0,Uttar Pradesh,2021,True
AS Raut,10,18,313,368,9,0,7.05,36.8,31.3,0.556,0.78,1,0.056,0.339,0.5,0.0,0,293,75,0,246,67,,7.15,6.72,0.0,0.786,0.214,death,middle_overs_bowler,0.75,0.4,17.39,1.0,Odisha,2021,True
AS Roy,13,23,437,511,7,1,7.02,39.31,33.62,0.565,0.9,4,0.174,0.355,0.304,0.043,94,381,36,108,299,30,5.22,7.65,7.2,0.247,0.684,0.069,powerplay,middle_overs_bowler,0.62,0.5,19.0,1.0,Jharkhand,2021,True
AS Surwar,4,3,60,80,0,0,8.0,20.0,15.0,1.333,1.15,2,0.667,0.283,0.0,0.0,0,69,11,0,54,6,,7.67,11.0,0.0,0.9,0.1,middle,middle_overs_bowler,2.0,1.0,20.0,0.438,Jharkhand,2017,True
AS Thakare,4,3,69,68,0,0,5.91,17.0,17.25,1.333,0.58,1,0.333,0.406,0.0,0.0,39,15,14,36,18,15,6.5,5.0,5.6,0.522,0.261,0.217,middle,powerplay_bowler,2.0,1.0,23.0,0.475,Vidarbha,2021,True
AS Thakur,0,1,6,13,1,0,13.0,,,0.0,0.0,0,0.0,0.5,1.0,0.0,13,0,0,6,0,0,13.0,,,1.0,0.0,0.0,powerplay,part_time_bowler,0.0,,6.0,0.088,Chhattisgarh,2023,False
AV Rajput,6,5,69,106,3,0,9.22,17.67,11.5,1.2,1.64,1,0.2,0.275,0.6,0.0,0,81,25,0,51,18,,9.53,8.33,0.0,0.739,0.261,death,middle_overs_bowler,1.67,0.5,13.8,0.6,Baroda,2024,True
Aamir Aziz,1,1,24,22,0,0,5.5,22.0,24.0,1.0,0.0,0,0.0,0.333,0.0,0.0,0,22,0,0,24,0,,5.5,,0.0,1.0,0.0,middle,part_time_bowler,1.0,,24.0,0.162,Jammu & Kashmir,2020,False
Aamir Gani,7,6,132,152,2,0,6.91,21.71,18.86,1.167,0.41,1,0.167,0.318,0.333,0.0,8,101,43,6,90,36,8.0,6.73,7.17,0.045,0.682,0.273,middle,middle_overs_bowler,1.33,1.0,22.0,0.875,Bengal,2017,True
Aanshul Gupta,0,1,6,18,0,0,18.0,,,0.0,0.0,0,0.0,0.167,0.0,0.0,0,18,0,0,6,0,,18.0,,0.0,1.0,0.0,middle,part_time_bowler,,0.0,6.0,0.088,Services,2017,False
Aaqib Khan,1,1,18,24,1,0,8.0,24.0,18.0,1.0,0.0,0,0.0,0.5,1.0,0.0,24,0,0,18,0,0,8.0,,,1.0,0.0,0.0,powerplay,part_time_bowler,1.0,,18.0,0.138,Uttar Pradesh,2020,False
Aarya Desai,0,1,6,11,0,0,11.0,,,0.0,0.0,0,0.0,0.5,0.0,0.0,0,11,0,0,6,0,,11.0,,0.0,1.0,0.0,middle,part_time_bowler,,0.0,6.0,0.088,Gujarat,2023,False
Abdul Samad,1,7,60,77,0,0,7.7,77.0,60.0,0.143,0.38,0,0.0,0.283,0.0,0.0,0,77,0,0,60,0,,7.7,,0.0,1.0,0.0,middle,middle_overs_bowler,0.25,0.0,8.57,0.688,Jammu & Kashmir,2020,True
Abhay,1,1,6,5,0,0,5.0,5.0,6.0,1.0,0.0,0,0.0,0.5,0.0,0.0,0,5,0,0,6,0,,5.0,,0.0,1.0,0.0,middle,part_time_bowler,,1.0,6.0,0.088,Mizoram,2019,False
Abhay Negi,18,19,426,533,23,1,7.51,29.61,23.67,0.947,0.91,5,0.263,0.437,1.211,0.053,236,33,264,234,36,156,6.05,5.5,10.15,0.549,0.085,0.366,middle,death_bowler,1.17,0.85,22.42,1.0,Meghalaya,2020,True
Abhijeet Saket,13,10,195,275,19,1,8.46,21.15,15.0,1.3,1.16,4,0.4,0.421,1.9,0.1,210,35,30,156,20,19,8.08,10.5,9.47,0.8,0.103,0.097,powerplay,powerplay_bowler,2.5,1.0,19.5,1.0,Bihar,2022,True
Abhilash Gogoi,4,5,102,114,0,0,6.71,28.5,25.5,0.8,0.45,0,0.0,0.412,0.0,0.0,44,70,0,36,66,0,7.33,6.36,,0.353,0.647,0.0,middle,powerplay_bowler,1.0,0.75,20.4,0.738,Assam,2019,True
Abhilash Mallick,0,1,5,5,0,0,6.0,,,0.0,0.0,0,0.0,0.6,0.0,0.0,0,0,5,0,0,5,,,6.0,0.0,0.0,1.0,death,part_time_bowler,,0.0,5.0,0.083,Odisha,2015,False
Abhimanyu Chauhan,0,1,6,12,1,0,12.0,,,0.0,0.0,0,0.0,0.167,1.0,0.0,0,12,0,0,6,0,,12.0,,0.0,1.0,0.0,middle,part_time_bowler,,0.0,6.0,0.088,Chhattisgarh,2017,False
Abhishek Mohan,5,4,90,122,1,0,8.13,24.4,18.0,1.25,1.26,1,0.25,0.267,0.25,0.0,20,45,57,18,42,30,6.67,6.43,11.4,0.2,0.467,0.333,middle,death_bowler,3.0,0.67,22.5,0.625,Kerala,2018,True
Abhishek Sakuja,0,2,48,64,1,0,8.0,,,0.0,0.0,0,0.0,0.292,0.5,0.0,36,18,10,24,6,18,9.0,18.0,3.33,0.5,0.125,0.375,death,part_time_bowler,0.0,0.0,24.0,0.325,Services,2017,False
Abhishek Sharma,18,23,384,444,10,0,6.94,24.67,21.33,0.783,0.9,5,0.217,0.391,0.435,0.0,218,181,45,198,156,30,6.61,6.96,9.0,0.516,0.406,0.078,powerplay,powerplay_bowler,0.5,1.09,16.7,1.0,Punjab,2023,True
Abhishek Tanwar,7,7,131,137,3,0,6.27,19.57,18.71,1.0,1.15,2,0.286,0.473,0.429,0.0,75,9,53,96,6,29,4.69,9.0,10.97,0.733,0.046,0.221,powerplay,powerplay_bowler,0.8,1.5,18.71,0.938,Tamil Nadu,2018,True
Abhishek Yadav,1,3,29,36,0,0,7.45,36.0,29.0,0.333,0.58,0,0.0,0.345,0.0,0.0,0,30,6,0,24,5,,7.5,7.2,0.0,0.828,0.172,death,part_time_bowler,,0.33,9.67,0.308,Odisha,2015,True
Abid Mushtaq,11,14,294,298,0,0,6.08,27.09,26.73,0.786,0.89,4,0.286,0.418,0.0,0.0,52,181,65,60,192,42,5.2,5.66,9.29,0.204,0.653,0.143,powerplay,middle_overs_bowler,1.0,0.57,21.0,1.0,Jammu & Kashmir,2023,True
Achit Shigwan,2,5,30,44,0,1,8.8,22.0,15.0,0.4,0.55,0,0.0,0.233,0.0,0.2,0,35,9,0,24,6,,8.75,9.0,0.0,0.8,0.2,middle,part_time_bowler,,0.4,6.0,0.438,Goa,2019,True
Adil Reshi,0,1,6,13,0,0,13.0,,,0.0,0.0,0,0.0,0.0,0.0,0.0,0,13,0,0,6,0,,13.0,,0.0,1.0,0.0,middle,part_time_bowler,,0.0,6.0,0.088,Jammu & Kashmir,2015,False
Aditya Garhwal,2,1,18,16,0,0,5.33,8.0,9.0,2.0,0.0,1,1.0,0.167,0.0,0.0,0,11,5,0,12,6,,5.5,5.0,0.0,0.667,0.333,death,part_time_bowler,2.0,,18.0,0.138,Rajasthan,2017,False
Aditya Jadeja,3,3,42,41,2,1,5.86,13.67,14.0,1.0,0.0,0,0.0,0.571,0.667,0.333,31,3,7,30,6,6,6.2,3.0,7.0,0.714,0.143,0.143,middle,part_time_bowler,1.0,1.0,14.0,0.362,Saurashtra,2023,True
Aditya Waghmode,0,1,1,1,0,0,6.0,,,0.0,0.0,0,0.0,0.0,0.0,0.0,0,0,1,0,0,1,,,6.0,0.0,0.0,1.0,death,part_time_bowler,0.0,,1.0,0.067,Baroda,2019,False
Agrim Tiwari,9,5,120,167,1,0,8.35,18.56,13.33,1.8,1.1,4,0.8,0.317,0.2,0.0,61,32,74,42,30,48,8.71,6.4,9.25,0.35,0.25,0.4,middle,death_bowler,1.0,2.33,24.0,0.812,Uttarakhand,2022,True
Ahitesh Varma,2,2,42,63,0,0,9.0,31.5,21.0,1.0,1.41,1,0.5,0.31,0.0,0.0,0,63,0,0,42,0,,9.0,,0.0,1.0,0.0,middle,part_time_bowler,0.0,2.0,21.0,0.3,Andhra,2021,False
Aishwary Mourya,7,5,108,161,6,0,8.94,23.0,15.43,1.4,1.14,2,0.4,0.324,1.2,0.0,23,82,56,24,60,24,5.75,8.2,14.0,0.222,0.556,0.222,powerplay,middle_overs_bowler,2.0,1.0,21.6,0.762,Chhattisgarh,2018,True
Ajay Dev Goud,8,2,48,39,0,0,4.88,4.88,6.0,4.0,0.0,2,1.0,0.5,0.0,0.0,15,14,10,12,30,6,7.5,2.8,10.0,0.25,0.625,0.125,middle,part_time_bowler,4.0,4.0,24.0,0.325,Hyderabad (India),2020,False
Ajay Kumar,0,1,12,14,0,0,7.0,,,0.0,0.0,0,0.0,0.333,0.0,0.0,0,14,0,0,12,0,,7.0,,0.0,1.0,0.0,middle,part_time_bowler,,0.0,12.0,0.112,Andhra,2015,False
Ajay Mandal,26,26,504,596,7,0,7.1,22.92,19.38,1.0,0.94,7,0.269,0.331,0.269,0.0,109,382,105,96,342,66,6.81,6.7,9.55,0.19,0.679,0.131,middle,middle_overs_bowler,1.67,0.65,19.38,1.0,Chhattisgarh,2023,True
Ajay Pradhan,2,1,24,34,0,0,8.5,17.0,12.0,2.0,0.0,1,1.0,0.375,0.0,0.0,0,26,8,0,18,6,,8.67,8.0,0.0,0.75,0.25,death,part_time_bowler,,2.0,24.0,0.162,Sikkim,2020,False
Ajay Sarkar,16,24,477,608,12,5,7.65,38.0,29.81,0.667,0.96,4,0.167,0.382,0.5,0.208,246,159,203,204,132,141,7.24,7.23,8.64,0.428,0.277,0.296,middle,powerplay_bowler,0.9,0.5,19.88,1.0,Tripura,2023,True
Ajay Yadav,0,2,24,25,2,0,6.25,,,0.0,0.0,0,0.0,0.667,1.0,0.0,16,9,0,18,6,0,5.33,9.0,,0.75,0.25,0.0,powerplay,part_time_bowler,0.0,,12.0,0.225,Jharkhand,2018,False
Akash Bhandari,12,16,312,339,1,0,6.52,28.25,26.0,0.75,0.68,2,0.125,0.304,0.062,0.0,16,287,36,18,264,30,5.33,6.52,7.2,0.058,0.846,0.096,powerplay,middle_overs_bowler,1.0,0.64,19.5,1.0,Hyderabad (India),2019,True
Akash Choudhary,19,18,349,416,9,0,7.15,21.89,18.37,1.056,0.87,5,0.278,0.456,0.5,0.0,231,54,131,210,43,96,6.6,7.53,8.19,0.602,0.123,0.275,powerplay,powerplay_bowler,1.57,0.73,19.39,1.0,Meghalaya,2023,True
Akash Deep,25,21,455,517,9,1,6.82,20.68,18.2,1.19,1.12,8,0.381,0.453,0.429,0.048,234,128,155,222,108,125,6.32,7.11,7.44,0.488,0.237,0.275,powerplay,powerplay_bowler,1.67,0.56,21.67,1.0,Bengal,2023,True
Akash Luitel,0,2,25,32,1,0,7.68,,,0.0,0.0,0,0.0,0.36,0.5,0.0,0,28,4,0,24,1,,7.0,24.0,0.0,0.96,0.04,middle,part_time_bowler,,0.0,12.5,0.229,Sikkim,2021,False
Akash Madhwal,20,18,386,513,9,8,7.97,25.65,19.3,1.111,1.37,6,0.333,0.435,0.5,0.444,221,64,228,186,54,146,7.13,7.11,9.37,0.482,0.14,0.378,middle,death_bowler,1.5,0.92,21.44,1.0,Uttarakhand,2022,True
Akash Pandey,6,4,60,99,0,0,9.9,16.5,10.0,1.5,1.91,2,0.5,0.383,0.0,0.0,16,77,6,12,36,12,8.0,12.83,3.0,0.2,0.6,0.2,death,middle_overs_bowler,4.0,0.67,15.0,0.5,Railways,2023,True
Akash Parkar,7,7,114,183,4,0,9.63,26.14,16.29,1.0,1.15,2,0.286,0.289,0.571,0.0,61,82,40,36,60,18,10.17,8.2,13.33,0.316,0.526,0.158,middle,powerplay_bowler,1.75,0.0,16.29,0.912,Mumbai,2020,True
Akash Sengupta,8,4,79,114,3,1,8.66,14.25,9.88,2.0,1.41,3,0.75,0.316,0.75,0.25,35,33,46,24,30,25,8.75,6.6,11.04,0.304,0.38,0.316,middle,death_bowler,3.0,1.0,19.75,0.579,Assam,2023,True
Akash Singh,4,7,132,176,3,0,8.0,44.0,33.0,0.571,0.79,1,0.143,0.386,0.429,0.0,78,43,55,66,30,36,7.09,8.6,9.17,0.5,0.227,0.273,powerplay,powerplay_bowler,0.0,0.67,18.86,0.938,Nagaland,2024,True
Akash Sudan,5,3,60,94,4,1,9.4,18.8,12.0,1.667,0.58,2,0.667,0.583,1.333,0.333,12,33,49,18,24,18,4.0,8.25,16.33,0.3,0.4,0.3,powerplay,all_phases_bowler,1.67,,20.0,0.438,Delhi,2015,True
Akash Vasisht,6,8,118,123,0,0,6.25,20.5,19.67,0.75,0.89,2,0.25,0.407,0.0,0.0,0,86,37,0,90,28,,5.73,7.93,0.0,0.763,0.237,middle,middle_overs_bowler,1.2,0.0,14.75,0.992,Himachal,2022,True
Akhil Rajput,0,1,6,10,0,0,10.0,,,0.0,0.0,0,0.0,0.167,0.0,0.0,0,10,0,0,6,0,,10.0,,0.0,1.0,0.0,middle,part_time_bowler,,0.0,6.0,0.088,Mizoram,2018,False
Akhilesh Sahani,25,20,393,537,17,0,8.2,21.48,15.72,1.25,1.29,10,0.5,0.359,0.85,0.0,279,90,168,234,51,108,7.15,10.59,9.33,0.595,0.13,0.275,powerplay,powerplay_bowler,4.0,1.11,19.65,1.0,Arunachal Pradesh,2021,True
Akoijam Singh,0,1,7,21,0,0,18.0,,,0.0,0.0,0,0.0,0.0,0.0,0.0,0,0,21,0,0,7,,,18.0,0.0,0.0,1.0,death,part_time_bowler,,0.0,7.0,0.092,Manipur,2018,False
Akshay Chandran,3,4,54,86,3,0,9.56,28.67,18.0,0.75,0.5,0,0.0,0.259,0.75,0.0,35,51,0,18,36,0,11.67,8.5,,0.333,0.667,0.0,middle,part_time_bowler,1.0,0.5,13.5,0.475,Kerala,2020,True
Akshay Jain,3,5,96,124,1,0,7.75,41.33,32.0,0.6,0.55,0,0.0,0.26,0.2,0.0,46,58,20,30,54,12,9.2,6.44,10.0,0.312,0.562,0.125,middle,powerplay_bowler,1.0,0.5,19.2,0.712,Puducherry,2018,True
Akshay Karnewar,43,43,849,836,22,0,5.91,19.44,19.74,1.0,1.07,14,0.326,0.419,0.512,0.0,141,553,142,114,612,123,7.42,5.42,6.93,0.134,0.721,0.145,middle,middle_overs_bowler,1.3,0.5,19.74,1.0,Vidarbha,2022,True
Akshay Wakhare,35,40,808,888,17,0,6.59,25.37,23.09,0.875,0.85,6,0.15,0.359,0.425,0.0,41,756,91,54,690,64,4.56,6.57,8.53,0.067,0.854,0.079,powerplay,middle_overs_bowler,0.92,0.81,20.2,1.0,Vidarbha,2022,True
Alok Sahoo,2,5,96,124,7,0,7.75,62.0,48.0,0.4,0.89,1,0.2,0.438,1.4,0.0,61,42,21,48,30,18,7.62,8.4,7.0,0.5,0.312,0.188,death,powerplay_bowler,,0.4,19.2,0.712,Odisha,2015,True
Aman Hakim Khan,4,7,96,126,3,0,7.88,31.5,24.0,0.571,0.79,1,0.143,0.427,0.429,0.0,63,37,26,42,36,18,9.0,6.17,8.67,0.438,0.375,0.188,middle,powerplay_bowler,0.67,0.0,13.71,0.838,Mumbai,2022,True
Amandeep Khare,0,1,2,3,1,0,9.0,,,0.0,0.0,0,0.0,0.0,1.0,0.0,0,3,0,0,2,0,,9.0,,0.0,1.0,0.0,middle,part_time_bowler,,0.0,2.0,0.071,Chhattisgarh,2017,False
Ambikeshwar Mishra,1,1,18,15,0,0,5.0,15.0,18.0,1.0,0.0,0,0.0,0.444,0.0,0.0,0,15,0,0,18,0,,5.0,,0.0,1.0,0.0,middle,part_time_bowler,,1.0,18.0,0.138,Railways,2018,False
Amiangshu Sen,7,7,96,136,2,1,8.5,19.43,13.71,1.0,1.15,2,0.286,0.302,0.286,0.143,3,110,23,6,72,18,3.0,9.17,7.67,0.062,0.75,0.188,powerplay,middle_overs_bowler,0.5,1.2,13.71,0.838,Meghalaya,2019,True
Amit Ali,11,7,125,115,1,0,5.52,10.45,11.36,1.571,1.72,3,0.429,0.464,0.143,0.0,0,94,21,0,114,11,,4.95,11.45,0.0,0.912,0.088,middle,middle_overs_bowler,2.75,0.0,17.86,0.938,Tripura,2023,True
Amit Kuila,1,2,30,52,1,0,10.4,52.0,30.0,0.5,0.71,0,0.0,0.267,0.5,0.0,28,6,18,18,6,6,9.33,6.0,18.0,0.6,0.2,0.2,middle,part_time_bowler,1.0,0.0,15.0,0.25,Railways,2021,False
Amit Mishra,35,25,527,710,8,5,8.08,20.29,15.06,1.4,1.12,11,0.44,0.38,0.32,0.2,261,118,331,246,78,203,6.37,9.08,9.78,0.467,0.148,0.385,powerplay,death_bowler,1.44,1.33,21.08,1.0,Uttar Pradesh,2018,True
Amit Sinha,2,2,24,28,0,0,7.0,14.0,12.0,1.0,1.41,1,0.5,0.458,0.0,0.0,0,21,7,0,18,6,,7.0,7.0,0.0,0.75,0.25,middle,part_time_bowler,2.0,0.0,12.0,0.225,Assam,2021,False
Amit Verma,6,16,199,305,0,0,9.2,50.83,33.17,0.375,0.89,2,0.125,0.281,0.0,0.0,13,235,57,12,145,42,6.5,9.72,8.14,0.06,0.729,0.211,powerplay,middle_overs_bowler,0.83,0.1,12.44,1.0,Goa,2020,True
Amit Yadav,11,8,168,153,2,0,5.46,13.91,15.27,1.375,1.51,3,0.375,0.524,0.25,0.0,29,101,23,72,78,18,2.42,7.77,7.67,0.429,0.464,0.107,powerplay,powerplay_bowler,2.33,0.8,21.0,1.0,Goa,2022,True
Amlanjyoti Das,3,9,150,202,11,0,8.08,67.33,50.0,0.333,0.71,1,0.111,0.373,1.222,0.0,84,85,33,66,66,18,7.64,7.73,11.0,0.44,0.44,0.12,powerplay,powerplay_bowler,0.67,0.17,16.67,1.0,Assam,2021,True
Amod Yadav,8,6,120,126,3,0,6.3,15.75,15.0,1.333,1.51,2,0.333,0.492,0.5,0.0,89,0,37,84,0,36,6.36,,6.17,0.7,0.0,0.3,death,death_bowler,1.6,0.0,20.0,0.875,Bihar,2021,True
Amogh Desai,4,4,48,60,3,0,7.5,15.0,12.0,1.0,1.41,1,0.25,0.354,0.75,0.0,9,24,27,6,18,24,9.0,8.0,6.75,0.125,0.375,0.5,death,part_time_bowler,,1.0,12.0,0.45,Goa,2018,True
Amos Rai,0,3,30,69,3,0,13.8,,,0.0,0.0,0,0.0,0.133,1.0,0.0,0,69,0,0,30,0,,13.8,,0.0,1.0,0.0,middle,part_time_bowler,,0.0,10.0,0.312,Sikkim,2018,True
Amrit Lubana,1,2,24,30,0,0,7.5,30.0,24.0,0.5,0.71,0,0.0,0.417,0.0,0.0,0,28,2,0,18,6,,9.33,2.0,0.0,0.75,0.25,death,part_time_bowler,0.0,1.0,12.0,0.225,Chandigarh,2024,False
Amulya Pandrekar,11,16,286,339,2,0,7.11,30.82,26.0,0.688,0.7,2,0.125,0.329,0.125,0.0,60,214,65,66,180,40,5.45,7.13,9.75,0.231,0.629,0.14,powerplay,middle_overs_bowler,0.6,0.73,17.88,1.0,Goa,2022,True
Anand Singh,7,15,192,267,10,1,8.34,38.14,27.43,0.467,0.74,2,0.133,0.25,0.667,0.067,0,231,36,0,162,30,,8.56,7.2,0.0,0.844,0.156,death,middle_overs_bowler,0.6,0.2,12.8,1.0,Jharkhand,2021,True
Ananta Saha,1,2,42,32,1,0,4.57,32.0,42.0,0.5,0.71,0,0.0,0.619,0.5,0.0,30,2,0,36,6,0,5.0,2.0,,0.857,0.143,0.0,middle,part_time_bowler,1.0,0.0,21.0,0.3,Railways,2021,False
Andrew Vanlalhruaia,1,3,48,107,4,0,13.38,107.0,48.0,0.333,0.58,0,0.0,0.208,1.333,0.0,0,87,20,0,42,6,,12.43,20.0,0.0,0.875,0.125,middle,part_time_bowler,,0.33,16.0,0.388,Mizoram,2020,True
Anil Subba,0,1,2,3,0,0,9.0,,,0.0,0.0,0,0.0,0.0,0.0,0.0,3,0,0,2,0,0,9.0,,,1.0,0.0,0.0,powerplay,part_time_bowler,,0.0,2.0,0.071,Sikkim,2019,False
Aniruddha Joshi,0,1,6,13,0,0,13.0,,,0.0,0.0,0,0.0,0.167,0.0,0.0,0,13,0,0,6,0,,13.0,,0.0,1.0,0.0,middle,part_time_bowler,,0.0,6.0,0.088,Karnataka,2015,False
Anirudh Kanwar,2,3,66,73,0,0,6.64,36.5,33.0,0.667,0.58,0,0.0,0.379,0.0,0.0,9,45,19,6,48,12,9.0,5.62,9.5,0.091,0.727,0.182,middle,middle_overs_bowler,1.0,0.0,22.0,0.462,Chandigarh,2019,True
Anish Charak,2,9,124,129,2,0,6.24,64.5,62.0,0.222,0.44,0,0.0,0.427,0.222,0.0,47,82,0,42,82,0,6.71,6.0,,0.339,0.661,0.0,middle,powerplay_bowler,0.2,0.25,13.78,1.0,Meghalaya,2023,True
Ankit Chaudhary,12,9,199,200,1,0,6.03,16.67,16.58,1.333,1.12,3,0.333,0.407,0.111,0.0,20,162,18,18,163,18,6.67,5.96,6.0,0.09,0.819,0.09,middle,middle_overs_bowler,2.0,0.8,22.11,1.0,Uttar Pradesh,2018,True
Ankit Dabas,0,2,30,50,2,0,10.0,,,0.0,0.0,0,0.0,0.2,1.0,0.0,0,50,0,0,30,0,,10.0,,0.0,1.0,0.0,middle,part_time_bowler,0.0,0.0,15.0,0.25,Jharkhand,2015,False
Ankit Kaushik,1,1,12,30,0,0,15.0,30.0,12.0,1.0,0.0,0,0.0,0.25,0.0,0.0,17,0,13,6,0,6,17.0,,13.0,0.5,0.0,0.5,death,part_time_bowler,,1.0,12.0,0.112,Himachal,2017,False
Ankit Kushwah,4,6,125,166,8,0,7.97,41.5,31.25,0.667,0.52,0,0.0,0.392,1.333,0.0,51,29,86,42,36,47,7.29,4.83,10.98,0.336,0.288,0.376,middle,death_bowler,0.75,0.5,20.83,0.875,Madhya Pradesh,2022,True
Ankit Lamba,0,1,6,13,3,0,13.0,,,0.0,0.0,0,0.0,0.0,3.0,0.0,0,13,0,0,6,0,,13.0,,0.0,1.0,0.0,middle,part_time_bowler,0.0,,6.0,0.088,Rajasthan,2017,False
Ankit Maini,12,5,120,122,2,0,6.1,10.17,10.0,2.4,0.89,4,0.8,0.4,0.4,0.0,32,85,5,24,90,6,8.0,5.67,5.0,0.2,0.75,0.05,death,middle_overs_bowler,2.75,1.0,24.0,0.812,Himachal,2018,True
Ankit Manori,0,1,18,29,1,0,9.67,,,0.0,0.0,0,0.0,0.389,1.0,0.0,19,10,0,12,6,0,9.5,10.0,,0.667,0.333,0.0,powerplay,part_time_bowler,,0.0,18.0,0.138,Uttarakhand,2021,False
Ankit Sharma,19,20,406,496,14,1,7.33,26.11,21.37,0.95,0.83,6,0.3,0.32,0.7,0.05,41,424,31,30,346,30,8.2,7.35,6.2,0.074,0.852,0.074,death,middle_overs_bowler,1.1,0.8,20.3,1.0,Madhya Pradesh,2022,True
Ankit Singh,1,1,12,28,0,0,14.0,28.0,12.0,1.0,0.0,0,0.0,0.083,0.0,0.0,0,28,0,0,12,0,,14.0,,0.0,1.0,0.0,middle,part_time_bowler,,1.0,12.0,0.112,Arunachal Pradesh,2018,False
Ankit Yadav,4,6,84,123,1,0,8.79,30.75,21.0,0.667,0.52,0,0.0,0.274,0.167,0.0,21,45,57,18,36,30,7.0,7.5,11.4,0.214,0.429,0.357,powerplay,death_bowler,0.5,0.75,14.0,0.725,Odisha,2020,True
Ankitkar Jaiswal,0,1,19,25,0,0,7.89,,,0.0,0.0,0,0.0,0.368,0.0,0.0,7,14,4,6,12,1,7.0,7.0,24.0,0.316,0.632,0.053,powerplay,part_time_bowler,,0.0,19.0,0.142,Odisha,2020,False
Ansh Patel,1,3,42,52,0,0,7.43,52.0,42.0,0.333,0.58,0,0.0,0.357,0.0,0.0,0,36,16,0,36,6,,6.0,16.0,0.0,0.857,0.143,middle,part_time_bowler,1.0,0.0,14.0,0.362,Baroda,2021,True
Antony Dhas,7,3,55,48,0,0,5.24,6.86,7.86,2.333,2.08,2,0.667,0.436,0.0,0.0,0,16,32,0,24,31,,4.0,6.19,0.0,0.436,0.564,middle,part_time_bowler,2.33,,18.33,0.417,Tamil Nadu,2015,True
Anuj Raj,10,6,130,143,6,0,6.6,14.3,13.0,1.667,1.63,3,0.5,0.5,1.0,0.0,86,0,57,78,0,52,6.62,,6.58,0.6,0.0,0.4,death,death_bowler,2.0,1.0,21.67,0.875,Bihar,2022,True
Anunay Singh,1,2,25,42,1,0,10.08,42.0,25.0,0.5,0.71,0,0.0,0.2,0.5,0.0,29,9,4,18,6,1,9.67,9.0,24.0,0.72,0.24,0.04,middle,part_time_bowler,,0.5,12.5,0.229,Bihar,2022,False
Anurag Tiwari,3,6,113,156,2,1,8.28,52.0,37.67,0.5,0.55,0,0.0,0.283,0.333,0.167,16,122,18,12,89,12,8.0,8.22,9.0,0.106,0.788,0.106,powerplay,middle_overs_bowler,0.33,0.67,18.83,0.846,Bengal,2017,True
Anureet Singh,22,23,486,649,19,0,8.01,29.5,22.09,0.957,0.93,5,0.217,0.393,0.826,0.0,213,113,323,198,90,198,6.45,7.53,9.79,0.407,0.185,0.407,powerplay,death_bowler,1.0,0.93,21.13,1.0,Railways,2020,True
Arjit Gupta,3,1,24,12,0,0,3.0,4.0,8.0,3.0,0.0,1,1.0,0.542,0.0,0.0,2,10,0,6,18,0,2.0,3.33,,0.25,0.75,0.0,powerplay,part_time_bowler,3.0,,24.0,0.162,Rajasthan,2019,False
Arjun Tendulkar,10,7,150,203,17,1,8.12,20.3,15.0,1.429,1.27,2,0.286,0.453,2.429,0.143,116,21,66,78,18,54,8.92,7.0,7.33,0.52,0.12,0.36,middle,death_bowler,0.5,1.8,21.43,0.938,Goa,2023,True
Arnab Nandi,8,9,186,193,2,0,6.23,24.12,23.25,0.889,0.78,2,0.222,0.392,0.222,0.0,27,123,43,30,126,30,5.4,5.86,8.6,0.161,0.677,0.161,powerplay,middle_overs_bowler,0.6,1.25,20.67,1.0,Bengal,2020,True
Arpit Pannu,2,3,72,95,1,0,7.92,47.5,36.0,0.667,0.58,0,0.0,0.236,0.333,0.0,18,77,0,12,60,0,9.0,7.7,,0.167,0.833,0.0,middle,middle_overs_bowler,1.0,0.5,24.0,0.488,Chandigarh,2021,True
Arpit Vasavada,4,4,35,14,0,0,2.4,3.5,8.75,1.0,0.82,1,0.25,0.657,0.0,0.0,0,12,2,0,30,5,,2.4,2.4,0.0,0.857,0.143,middle,part_time_bowler,1.0,,8.75,0.396,Saurashtra,2019,True
Arshad Khan,0,2,20,31,0,0,9.3,,,0.0,0.0,0,0.0,0.35,0.0,0.0,25,0,6,18,0,2,8.33,,18.0,0.9,0.0,0.1,powerplay,part_time_bowler,,0.0,10.0,0.208,Madhya Pradesh,2023,False
Arshdeep Singh,20,17,381,475,26,1,7.48,23.75,19.05,1.176,1.13,5,0.294,0.428,1.529,0.059,220,49,206,192,42,147,6.88,7.0,8.41,0.504,0.11,0.386,powerplay,death_bowler,1.46,0.25,22.41,1.0,Punjab,2023,True
Arun Chaprana,16,15,325,412,21,2,7.61,25.75,20.31,1.067,1.1,5,0.333,0.391,1.4,0.133,207,52,153,156,54,115,7.96,5.78,7.98,0.48,0.166,0.354,middle,death_bowler,1.1,1.0,21.67,1.0,Haryana,2020,True
Arup Das,4,10,169,249,5,0,8.84,62.25,42.25,0.4,0.52,0,0.0,0.42,0.5,0.0,159,34,56,126,18,25,7.57,11.33,13.44,0.746,0.107,0.148,powerplay,powerplay_bowler,0.25,0.5,16.9,1.0,Assam,2020,True
Ashish Rai,3,3,54,62,2,0,6.89,20.67,18.0,1.0,1.0,1,0.333,0.407,0.667,0.0,33,13,16,30,12,12,6.6,6.5,8.0,0.556,0.222,0.222,middle,part_time_bowler,1.0,1.0,18.0,0.412,Odisha,2021,True
Ashish Yadav,14,15,300,341,4,0,6.82,24.36,21.43,0.933,1.16,4,0.267,0.367,0.267,0.0,77,248,16,72,216,12,6.42,6.89,8.0,0.24,0.72,0.04,powerplay,middle_overs_bowler,1.17,0.78,20.0,1.0,Railways,2018,True
Ashith Rajiv,9,12,264,326,8,0,7.41,36.22,29.33,0.75,1.06,3,0.25,0.394,0.667,0.0,94,113,119,102,78,84,5.53,8.69,8.5,0.386,0.295,0.318,powerplay,death_bowler,0.43,1.2,22.0,1.0,Puducherry,2021,True
Ashutosh Aman,27,23,474,481,5,1,6.09,17.81,17.56,1.174,1.47,9,0.391,0.365,0.217,0.043,68,353,60,60,354,60,6.8,5.98,6.0,0.127,0.747,0.127,middle,middle_overs_bowler,2.5,0.47,20.61,1.0,Bihar,2022,True
Ashutosh Das,1,2,18,29,0,0,9.67,29.0,18.0,0.5,0.71,0,0.0,0.389,0.0,0.0,29,0,0,18,0,0,9.67,,,1.0,0.0,0.0,powerplay,part_time_bowler,0.0,1.0,9.0,0.2,Odisha,2019,False
Ashutosh Singh,1,2,24,21,0,0,5.25,21.0,24.0,0.5,0.71,0,0.0,0.375,0.0,0.0,0,21,0,0,24,0,,5.25,,0.0,1.0,0.0,middle,part_time_bowler,0.5,,12.0,0.225,Chhattisgarh,2017,False
Ashwani Kumar,1,2,30,50,1,0,10.0,50.0,30.0,0.5,0.71,0,0.0,0.267,0.5,0.0,14,11,25,6,12,12,14.0,5.5,12.5,0.2,0.4,0.4,middle,part_time_bowler,0.5,,15.0,0.25,Punjab,2022,False
Ashwin Das,8,6,121,168,4,0,8.33,21.0,15.12,1.333,1.63,3,0.5,0.421,0.667,0.0,71,15,82,66,6,49,6.45,15.0,10.04,0.545,0.05,0.405,powerplay,death_bowler,2.0,0.67,20.17,0.875,Madhya Pradesh,2022,True
Ashwin Hebbar,0,5,54,110,2,0,12.22,,,0.0,0.0,0,0.0,0.315,0.4,0.0,10,90,10,6,42,6,10.0,12.86,10.0,0.111,0.778,0.111,powerplay,part_time_bowler,,0.0,10.8,0.538,Andhra,2020,True
Aswin Crist,3,3,54,101,0,0,11.22,33.67,18.0,1.0,1.0,1,0.333,0.278,0.0,0.0,47,38,16,18,30,6,15.67,7.6,16.0,0.333,0.556,0.111,middle,part_time_bowler,1.0,,18.0,0.412,Tamil Nadu,2020,True
Atharva Ankolekar,9,11,246,240,0,0,5.85,26.67,27.33,0.818,0.75,2,0.182,0.39,0.0,0.0,74,136,30,78,138,30,5.69,5.91,6.0,0.317,0.561,0.122,powerplay,powerplay_bowler,1.0,0.5,22.36,1.0,Mumbai,2024,True
Atharva Taide,10,12,150,135,3,1,5.4,13.5,15.0,0.833,0.94,4,0.333,0.433,0.25,0.083,0,104,31,0,120,30,,5.2,6.2,0.0,0.8,0.2,middle,middle_overs_bowler,1.11,0.0,12.5,1.0,Vidarbha,2021,True
Atif Attarwala,1,2,42,47,0,0,6.71,47.0,42.0,0.5,0.71,0,0.0,0.19,0.0,0.0,7,26,14,6,24,12,7.0,6.5,7.0,0.143,0.571,0.286,middle,part_time_bowler,0.5,,21.0,0.3,Mumbai,2019,False
Auqib Nabi,13,11,210,303,4,3,8.66,23.31,16.15,1.182,1.4,4,0.364,0.338,0.364,0.273,77,144,82,54,108,48,8.56,8.0,10.25,0.257,0.514,0.229,middle,middle_overs_bowler,2.0,0.5,19.09,1.0,Jammu & Kashmir,2023,True
Avesh Khan,39,28,618,797,18,2,7.74,20.44,15.85,1.393,1.4,10,0.357,0.429,0.643,0.071,366,99,332,306,85,227,7.18,6.99,8.78,0.495,0.138,0.367,middle,death_bowler,2.07,0.62,22.07,1.0,Madhya Pradesh,2024,True
Avinash Yadav,1,3,72,76,0,0,6.33,76.0,72.0,0.333,0.58,0,0.0,0.458,0.0,0.0,57,15,4,54,12,6,6.33,7.5,4.0,0.75,0.167,0.083,death,powerplay_bowler,,0.33,24.0,0.488,Mizoram,2022,True
Avishek Sinha,5,9,199,214,2,0,6.45,42.8,39.8,0.556,0.88,2,0.222,0.342,0.222,0.0,0,170,44,0,156,43,,6.54,6.14,0.0,0.784,0.216,death,middle_overs_bowler,1.25,0.0,22.11,1.0,Services,2017,True
Avneesh Sudha,0,2,24,47,0,0,11.75,,,0.0,0.0,0,0.0,0.167,0.0,0.0,8,39,0,6,18,0,8.0,13.0,,0.25,0.75,0.0,powerplay,part_time_bowler,,0.0,12.0,0.225,Uttarakhand,2022,False
Ayan Bhattacharjee,4,7,114,122,4,1,6.42,30.5,28.5,0.571,0.79,1,0.143,0.368,0.571,0.143,12,93,17,12,90,12,6.0,6.2,8.5,0.105,0.789,0.105,powerplay,middle_overs_bowler,0.5,1.0,16.29,0.912,Bengal,2019,True
Ayan Khan,1,1,12,7,0,0,3.5,7.0,12.0,1.0,0.0,0,0.0,0.417,0.0,0.0,0,3,4,0,6,6,,3.0,4.0,0.0,0.5,0.5,middle,part_time_bowler,1.0,,12.0,0.112,Madhya Pradesh,2015,False
Ayush Jamwal,13,20,434,452,10,0,6.25,34.77,33.38,0.65,0.81,4,0.2,0.403,0.5,0.0,111,261,80,114,249,71,5.84,6.29,6.76,0.263,0.574,0.164,powerplay,middle_overs_bowler,0.58,0.75,21.7,1.0,Himachal,2021,True
Azim Kazi,24,27,536,629,6,1,7.04,26.21,22.33,0.889,0.89,7,0.259,0.369,0.222,0.037,81,466,82,72,408,56,6.75,6.85,8.79,0.134,0.761,0.104,powerplay,middle_overs_bowler,1.12,0.55,19.85,1.0,Maharashtra,2021,True
B Aparajith,10,16,222,216,4,0,5.84,21.6,22.2,0.625,0.81,3,0.188,0.414,0.25,0.0,71,129,16,78,132,12,5.46,5.86,8.0,0.351,0.595,0.054,powerplay,powerplay_bowler,0.71,0.0,13.88,1.0,Tamil Nadu,2023,True
B Kumar,17,10,219,222,8,0,6.08,13.06,12.88,1.7,1.64,5,0.5,0.47,0.8,0.0,96,7,119,120,6,93,4.8,7.0,7.68,0.548,0.027,0.425,powerplay,death_bowler,2.0,1.4,21.9,1.0,Uttar Pradesh,2024,True
B Lalnunfela,0,1,6,6,0,0,6.0,,,0.0,0.0,0,0.0,0.5,0.0,0.0,0,6,0,0,6,0,,6.0,,0.0,1.0,0.0,middle,part_time_bowler,0.0,,6.0,0.088,Mizoram,2021,False
B Punnaiah,1,1,18,22,0,0,7.33,22.0,18.0,1.0,0.0,0,0.0,0.333,0.0,0.0,7,15,0,6,12,0,7.0,7.5,,0.333,0.667,0.0,powerplay,part_time_bowler,,1.0,18.0,0.138,Hyderabad (India),2022,False
B Shiva,0,1,12,18,0,0,9.0,,,0.0,0.0,0,0.0,0.25,0.0,0.0,10,0,8,6,0,6,10.0,,8.0,0.5,0.0,0.5,death,part_time_bowler,,0.0,12.0,0.112,Odisha,2021,False
BA Bhatt,13,19,390,393,7,0,6.05,30.23,30.0,0.684,0.95,6,0.316,0.405,0.368,0.0,108,276,9,108,270,12,6.0,6.13,4.5,0.277,0.692,0.031,death,middle_overs_bowler,0.85,0.33,20.53,1.0,Baroda,2020,True
BA Pathan,12,14,264,307,14,1,6.98,25.58,22.0,0.857,1.03,2,0.143,0.432,1.0,0.071,93,114,100,84,108,72,6.64,6.33,8.33,0.318,0.409,0.273,middle,powerplay_bowler,0.9,0.75,18.86,1.0,Baroda,2021,True
BB Debnath,0,1,12,18,0,0,9.0,,,0.0,0.0,0,0.0,0.167,0.0,0.0,0,6,12,0,6,6,,6.0,12.0,0.0,0.5,0.5,middle,part_time_bowler,0.0,,12.0,0.112,Tripura,2023,False
BB Dey,1,3,42,69,2,0,9.86,69.0,42.0,0.333,0.58,0,0.0,0.238,0.667,0.0,14,43,12,6,30,6,14.0,8.6,12.0,0.143,0.714,0.143,middle,part_time_bowler,1.0,0.0,14.0,0.362,Meghalaya,2019,True
BB Roy,2,4,66,67,2,0,6.09,33.5,33.0,0.5,1.0,1,0.25,0.303,0.5,0.0,0,28,39,0,30,36,,5.6,6.5,0.0,0.455,0.545,middle,death_bowler,1.0,0.0,16.5,0.525,Tripura,2015,True
BB Samantray,10,12,180,208,3,0,6.93,20.8,18.0,0.833,0.94,4,0.333,0.45,0.25,0.0,0,156,52,0,138,42,,6.78,7.43,0.0,0.767,0.233,middle,middle_overs_bowler,1.0,0.75,15.0,1.0,Odisha,2018,True
BB Sran,9,9,195,240,6,3,7.38,26.67,21.67,1.0,1.5,3,0.333,0.431,0.667,0.333,63,108,69,48,102,45,7.88,6.35,9.2,0.246,0.523,0.231,middle,middle_overs_bowler,1.0,1.0,21.67,1.0,Punjab,2019,True
BM Chingakham,1,4,60,97,2,0,9.7,97.0,60.0,0.25,0.5,0,0.0,0.333,0.5,0.0,40,33,24,24,24,12,10.0,8.25,12.0,0.4,0.4,0.2,middle,powerplay_bowler,,0.25,15.0,0.5,Manipur,2023,True
Babul Kumar,0,2,18,27,0,0,9.0,,,0.0,0.0,0,0.0,0.333,0.0,0.0,0,27,0,0,18,0,,9.0,,0.0,1.0,0.0,middle,part_time_bowler,0.0,0.0,9.0,0.2,Bihar,2018,False
Bal Krishna,6,4,90,116,1,0,7.73,19.33,15.0,1.5,1.73,1,0.25,0.433,0.25,0.0,29,37,50,24,42,24,7.25,5.29,12.5,0.267,0.467,0.267,middle,middle_overs_bowler,2.5,0.5,22.5,0.625,Jharkhand,2021,True
Baltej Singh,36,27,597,774,11,2,7.78,21.5,16.58,1.333,1.18,10,0.37,0.429,0.407,0.074,303,197,274,234,180,183,7.77,6.57,8.98,0.392,0.302,0.307,middle,death_bowler,1.53,1.0,22.11,1.0,Punjab,2023,True
Bandaru Ayyappa,29,23,513,661,14,1,7.73,22.79,17.69,1.261,1.01,11,0.478,0.396,0.609,0.043,310,89,262,264,70,179,7.05,7.63,8.78,0.515,0.136,0.349,powerplay,death_bowler,1.58,0.91,22.3,1.0,Andhra,2022,True
Bandeep Singh,1,2,30,37,0,0,7.4,37.0,30.0,0.5,0.71,0,0.0,0.367,0.0,0.0,0,31,6,0,24,6,,7.75,6.0,0.0,0.8,0.2,death,part_time_bowler,1.0,0.0,15.0,0.25,Jammu & Kashmir,2018,False
Basant Mohanty,4,5,114,154,5,1,8.11,38.5,28.5,0.8,0.84,1,0.2,0.412,1.0,0.2,79,14,61,60,18,36,7.9,4.67,10.17,0.526,0.158,0.316,middle,death_bowler,,0.8,22.8,0.788,Odisha,2015,True
Basil Thampi,33,32,677,950,8,3,8.42,28.79,20.52,1.031,1.12,9,0.281,0.381,0.25,0.094,369,222,359,288,174,215,7.69,7.66,10.02,0.425,0.257,0.318,middle,death_bowler,1.1,0.92,21.16,1.0,Kerala,2022,True
Bavanaka Sandeep,7,21,264,297,2,0,6.75,42.43,37.71,0.333,0.66,2,0.095,0.307,0.095,0.0,44,231,22,42,204,18,6.29,6.79,7.33,0.159,0.773,0.068,powerplay,middle_overs_bowler,0.6,0.25,12.57,1.0,Hyderabad (India),2021,True
Benoy Upreti,0,1,5,6,0,0,7.2,,,0.0,0.0,0,0.0,0.4,0.0,0.0,0,6,0,0,5,0,,7.2,,0.0,1.0,0.0,middle,part_time_bowler,,0.0,5.0,0.083,Sikkim,2019,False
Bhagmender Lather,5,6,90,130,3,2,8.67,26.0,18.0,0.833,0.75,1,0.167,0.356,0.5,0.333,0,75,55,0,54,36,,8.33,9.17,0.0,0.6,0.4,middle,death_bowler,1.0,0.8,15.0,0.75,Chandigarh,2024,True
Bharat Sharma,7,6,144,148,2,1,6.17,21.14,20.57,1.167,1.6,2,0.333,0.444,0.333,0.167,44,82,22,48,78,18,5.5,6.31,7.33,0.333,0.542,0.125,powerplay,powerplay_bowler,2.0,1.0,24.0,0.875,Puducherry,2022,True
Bhavik Patel,0,1,24,49,1,0,12.25,,,0.0,0.0,0,0.0,0.167,1.0,0.0,16,21,12,6,12,6,16.0,10.5,12.0,0.25,0.5,0.25,middle,part_time_bowler,,0.0,24.0,0.162,Nagaland,2018,False
Bhima Rao,0,1,24,23,1,0,5.75,,,0.0,0.0,0,0.0,0.583,1.0,0.0,14,9,0,12,12,0,7.0,4.5,,0.5,0.5,0.0,middle,part_time_bowler,0.0,,24.0,0.162,Chhattisgarh,2018,False
Bhushan Subba,0,1,6,11,0,0,11.0,,,0.0,0.0,0,0.0,0.167,0.0,0.0,0,0,11,0,0,6,,,11.0,0.0,0.0,1.0,death,part_time_bowler,,0.0,6.0,0.088,Sikkim,2020,False
Bikash K Rout,5,3,72,93,1,0,7.75,18.6,14.4,1.667,1.53,2,0.667,0.306,0.333,0.0,0,72,21,0,54,18,,8.0,7.0,0.0,0.75,0.25,death,middle_overs_bowler,3.0,1.0,24.0,0.488,Odisha,2021,True
Bikash Singh,0,1,6,12,1,0,12.0,,,0.0,0.0,0,0.0,0.167,1.0,0.0,0,12,0,0,6,0,,12.0,,0.0,1.0,0.0,middle,part_time_bowler,,0.0,6.0,0.088,Manipur,2023,False
Bipul Sharma,17,21,456,457,11,0,6.01,26.88,26.82,0.81,0.87,4,0.19,0.432,0.524,0.0,203,201,53,246,180,30,4.95,6.7,10.6,0.539,0.395,0.066,powerplay,powerplay_bowler,0.86,0.79,21.71,1.0,Chandigarh,2020,True
Bishworjit Konthoujam,20,24,467,556,9,0,7.14,27.8,23.35,0.833,1.09,5,0.208,0.415,0.375,0.0,274,72,210,237,102,128,6.94,4.24,9.84,0.507,0.218,0.274,middle,powerplay_bowler,2.25,0.55,19.46,1.0,Manipur,2023,True
Bobby Yadav,2,3,60,77,4,0,7.7,38.5,30.0,0.667,1.15,1,0.333,0.35,1.333,0.0,34,10,33,24,12,24,8.5,5.0,8.25,0.4,0.2,0.4,middle,death_bowler,0.0,2.0,20.0,0.438,Uttar Pradesh,2018,True
Bobby Zothansanga,9,13,226,276,5,0,7.33,30.67,25.11,0.692,0.75,2,0.154,0.354,0.385,0.0,19,184,73,18,172,36,6.33,6.42,12.17,0.08,0.761,0.159,powerplay,middle_overs_bowler,2.0,0.58,17.38,1.0,Mizoram,2022,True
Bodavarapu Sudhakar,7,5,96,111,1,0,6.94,15.86,13.71,1.4,1.34,3,0.6,0.479,0.2,0.0,18,66,27,18,66,12,6.0,6.0,13.5,0.188,0.688,0.125,powerplay,middle_overs_bowler,2.0,1.25,19.2,0.712,Andhra,2015,True
C Sakariya,40,23,538,651,33,4,7.26,16.27,13.45,1.739,1.32,11,0.478,0.413,1.435,0.174,267,156,228,252,120,166,6.36,7.8,8.24,0.468,0.223,0.309,powerplay,death_bowler,1.79,1.67,23.39,1.0,Saurashtra,2022,True
CK Paul,7,8,162,184,1,0,6.81,26.29,23.14,0.875,0.83,2,0.25,0.34,0.125,0.0,5,151,28,6,138,18,5.0,6.57,9.33,0.037,0.852,0.111,powerplay,middle_overs_bowler,1.25,0.5,20.25,1.0,Tripura,2022,True
CP Singh,21,20,384,443,11,0,6.92,21.1,18.29,1.05,1.15,7,0.35,0.315,0.55,0.0,0,420,23,0,366,18,,6.89,7.67,0.0,0.953,0.047,middle,middle_overs_bowler,0.92,1.29,19.2,1.0,Rajasthan,2020,True
CV Milind,40,31,667,888,17,1,7.99,22.2,16.68,1.29,1.35,11,0.355,0.376,0.548,0.032,337,139,412,282,126,259,7.17,6.62,9.54,0.423,0.189,0.388,middle,death_bowler,2.23,0.61,21.52,1.0,Hyderabad (India),2023,True
CV Varun,5,3,72,80,0,1,6.67,16.0,14.4,1.667,0.58,2,0.667,0.333,0.0,0.333,31,26,23,30,24,18,6.2,6.5,7.67,0.417,0.333,0.25,powerplay,powerplay_bowler,2.0,1.5,24.0,0.488,Tamil Nadu,2023,True
Chaitanya Bishnoi,0,3,24,30,0,0,7.5,,,0.0,0.0,0,0.0,0.167,0.0,0.0,0,23,7,0,18,6,,7.67,7.0,0.0,0.75,0.25,death,part_time_bowler,,0.0,8.0,0.288,Haryana,2021,True
Chandan Ray,0,3,42,61,0,0,8.71,,,0.0,0.0,0,0.0,0.381,0.0,0.0,0,61,0,0,42,0,,8.71,,0.0,1.0,0.0,middle,part_time_bowler,,0.0,14.0,0.362,Tripura,2020,True
Chanderpal Saini,1,4,72,97,1,0,8.08,97.0,72.0,0.25,0.5,0,0.0,0.264,0.25,0.0,0,78,19,0,60,12,,7.8,9.5,0.0,0.833,0.167,middle,middle_overs_bowler,,0.25,18.0,0.55,Railways,2017,True
Cheepurapalli Stephen,42,22,487,516,15,3,6.36,12.29,11.6,1.909,1.69,10,0.455,0.501,0.682,0.136,253,23,240,252,48,187,6.02,2.88,7.7,0.517,0.099,0.384,middle,death_bowler,2.43,1.67,22.14,1.0,Andhra,2023,True
Chengkam Sangma,5,9,150,153,7,0,6.12,30.6,30.0,0.556,0.73,1,0.111,0.5,0.778,0.0,89,34,30,90,36,24,5.93,5.67,7.5,0.6,0.24,0.16,middle,powerplay_bowler,0.67,0.33,16.67,1.0,Meghalaya,2023,True
Chinta Gandhi,4,8,144,166,5,0,6.92,41.5,36.0,0.5,0.53,0,0.0,0.382,0.625,0.0,15,108,43,12,90,42,7.5,7.2,6.14,0.083,0.625,0.292,death,middle_overs_bowler,0.75,0.25,18.0,1.0,Baroda,2022,True
Chintan Gaja,24,20,395,490,10,0,7.44,20.42,16.46,1.2,1.15,8,0.4,0.438,0.5,0.0,255,159,76,198,126,71,7.73,7.57,6.42,0.501,0.319,0.18,death,powerplay_bowler,1.43,0.67,19.75,1.0,Gujarat,2023,True
Chintapalli Kranthi Kumar,1,1,6,16,0,1,16.0,16.0,6.0,1.0,0.0,0,0.0,0.333,0.0,1.0,0,16,0,0,6,0,,16.0,,0.0,1.0,0.0,middle,part_time_bowler,,1.0,6.0,0.088,Andhra,2020,False
Chirag Jani,28,36,737,936,22,1,7.62,33.43,26.32,0.778,0.93,6,0.167,0.343,0.611,0.028,241,412,283,192,396,149,7.53,6.24,11.4,0.261,0.537,0.202,middle,middle_overs_bowler,0.62,1.0,20.47,1.0,Saurashtra,2024,True
Chirag Khurana,5,6,97,98,2,0,6.06,19.6,19.4,0.833,0.98,2,0.333,0.402,0.333,0.0,33,51,14,30,55,12,6.6,5.56,7.0,0.309,0.567,0.124,middle,powerplay_bowler,1.25,0.0,16.17,0.779,Meghalaya,2021,True
Chirag Parmar,0,1,12,20,1,0,10.0,,,0.0,0.0,0,0.0,0.167,1.0,0.0,0,20,0,0,12,0,,10.0,,0.0,1.0,0.0,middle,part_time_bowler,0.0,,12.0,0.112,Gujarat,2017,False
Chongtham Mehul,0,1,12,35,0,0,17.5,,,0.0,0.0,0,0.0,0.083,0.0,0.0,0,14,21,0,6,6,,14.0,21.0,0.0,0.5,0.5,middle,part_time_bowler,,0.0,12.0,0.112,Manipur,2021,False
Chopise Hopongkyu,4,5,74,110,1,0,8.92,27.5,18.5,0.8,0.84,1,0.2,0.405,0.2,0.0,74,29,7,42,24,8,10.57,7.25,5.25,0.568,0.324,0.108,death,powerplay_bowler,1.0,0.75,14.8,0.621,Nagaland,2022,True
Codanda Ajit Karthik,5,4,90,92,3,1,6.13,18.4,18.0,1.25,0.96,2,0.5,0.456,0.75,0.25,47,12,33,36,24,30,7.83,3.0,6.6,0.4,0.267,0.333,middle,death_bowler,2.0,1.0,22.5,0.625,Sikkim,2021,True
D Dhapola,0,2,30,48,2,0,9.6,,,0.0,0.0,0,0.0,0.433,1.0,0.0,33,0,15,24,0,6,8.25,,15.0,0.8,0.0,0.2,powerplay,part_time_bowler,0.0,0.0,15.0,0.25,Uttarakhand,2018,False
D Joshi,0,1,1,2,0,0,12.0,,,0.0,0.0,0,0.0,0.0,0.0,0.0,0,0,2,0,0,1,,,12.0,0.0,0.0,1.0,death,part_time_bowler,,0.0,1.0,0.067,Uttar Pradesh,2022,False
D Rabha,0,2,24,41,0,0,10.25,,,0.0,0.0,0,0.0,0.25,0.0,0.0,13,16,12,6,6,12,13.0,16.0,6.0,0.25,0.25,0.5,death,part_time_bowler,0.0,0.0,12.0,0.225,Assam,2022,False
D Rai,2,3,60,72,1,0,7.2,36.0,30.0,0.667,1.15,1,0.333,0.383,0.333,0.0,40,32,0,30,30,0,8.0,6.4,,0.5,0.5,0.0,middle,powerplay_bowler,2.0,0.0,20.0,0.438,Services,2015,True
D Siva Kumar,4,4,84,105,0,0,7.5,26.25,21.0,1.0,0.82,1,0.25,0.429,0.0,0.0,79,10,16,66,12,6,7.18,5.0,16.0,0.786,0.143,0.071,middle,powerplay_bowler,1.0,,21.0,0.6,Andhra,2017,True
DB Ravi Teja,2,2,12,5,0,0,2.5,2.5,6.0,1.0,0.0,0,0.0,0.583,0.0,0.0,0,5,0,0,12,0,,2.5,,0.0,1.0,0.0,middle,part_time_bowler,1.0,,6.0,0.175,Meghalaya,2021,False
DG Kumar,0,2,24,47,1,0,11.75,,,0.0,0.0,0,0.0,0.292,0.5,0.0,13,34,0,6,18,0,13.0,11.33,,0.25,0.75,0.0,middle,part_time_bowler,,0.0,12.0,0.225,Himachal,2017,False
DG Nalkande,45,26,514,667,36,2,7.79,14.82,11.42,1.731,1.59,11,0.423,0.434,1.385,0.077,366,133,168,276,112,126,7.96,7.12,8.0,0.537,0.218,0.245,middle,powerplay_bowler,1.41,2.33,19.77,1.0,Vidarbha,2024,True
DJ Hooda,8,18,264,326,8,1,7.41,40.75,33.0,0.444,0.78,1,0.056,0.337,0.444,0.056,70,206,50,48,174,42,8.75,7.1,7.14,0.182,0.659,0.159,middle,middle_overs_bowler,0.58,0.17,14.67,1.0,Baroda,2021,True
DJ Muthuswami,22,11,240,311,2,2,7.78,14.14,10.91,2.0,1.0,7,0.636,0.408,0.182,0.182,170,36,105,156,24,60,6.54,9.0,10.5,0.65,0.1,0.25,powerplay,powerplay_bowler,2.33,1.6,21.82,1.0,Maharashtra,2018,True
DK Sharma,0,1,12,17,0,1,8.5,,,0.0,0.0,0,0.0,0.5,0.0,1.0,17,0,0,12,0,0,8.5,,,1.0,0.0,0.0,powerplay,part_time_bowler,,0.0,12.0,0.112,Uttarakhand,2019,False
DL Chahar,34,19,422,445,15,0,6.33,13.09,12.41,1.789,1.36,10,0.526,0.474,0.789,0.0,258,30,157,275,42,105,5.63,4.29,8.97,0.652,0.1,0.249,middle,powerplay_bowler,1.73,2.0,22.21,1.0,Rajasthan,2020,True
DM Parwani,2,1,20,33,0,0,9.9,16.5,10.0,2.0,0.0,1,1.0,0.35,0.0,0.0,0,8,25,0,12,8,,4.0,18.75,0.0,0.6,0.4,middle,part_time_bowler,,2.0,20.0,0.146,Vidarbha,2024,False
DR Deshmukh,9,7,156,264,3,4,10.15,29.33,17.33,1.286,0.95,2,0.286,0.333,0.429,0.571,116,34,114,78,18,60,8.92,11.33,11.4,0.5,0.115,0.385,powerplay,death_bowler,1.4,1.0,22.29,0.938,Maharashtra,2019,True
DR Shorey,0,1,6,9,0,0,9.0,,,0.0,0.0,0,0.0,0.0,0.0,0.0,0,0,9,0,0,6,,,9.0,0.0,0.0,1.0,death,part_time_bowler,0.0,,6.0,0.088,Delhi,2019,False
DS Kulkarni,46,39,867,1078,36,2,7.46,23.43,18.85,1.179,1.02,13,0.333,0.442,0.923,0.051,484,68,526,444,66,357,6.54,6.18,8.84,0.512,0.076,0.412,middle,death_bowler,1.25,1.07,22.23,1.0,Mumbai,2023,True
Damodaran Rohit,4,13,132,201,1,0,9.14,50.25,33.0,0.308,0.63,1,0.077,0.227,0.077,0.0,39,158,4,24,102,6,9.75,9.29,4.0,0.182,0.773,0.045,death,middle_overs_bowler,0.0,0.4,10.15,1.0,Puducherry,2022,True
Darshan Misal,21,33,668,794,13,0,7.13,37.81,31.81,0.636,0.86,6,0.182,0.353,0.394,0.0,168,463,163,162,408,98,6.22,6.81,9.98,0.243,0.611,0.147,powerplay,middle_overs_bowler,1.0,0.52,20.24,1.0,Goa,2022,True
Dasari Swaroop Kumar,3,3,48,57,2,0,7.12,19.0,16.0,1.0,1.73,1,0.333,0.188,0.667,0.0,0,57,0,0,48,0,,7.12,,0.0,1.0,0.0,middle,part_time_bowler,1.0,,16.0,0.388,Andhra,2019,True
Debabrata Pradhan,11,12,234,264,8,0,6.77,24.0,21.27,0.917,1.08,2,0.167,0.44,0.667,0.0,113,75,76,108,66,60,6.28,6.82,7.6,0.462,0.282,0.256,powerplay,powerplay_bowler,0.86,1.0,19.5,1.0,Odisha,2021,True
Deendyal Upadhyay,0,2,36,61,2,0,10.17,,,0.0,0.0,0,0.0,0.361,1.0,0.0,51,0,10,24,0,12,12.75,,5.0,0.667,0.0,0.333,death,part_time_bowler,0.0,0.0,18.0,0.275,Arunachal Pradesh,2018,False
Deepak Behera,8,5,104,131,2,0,7.56,16.38,13.0,1.6,0.55,3,0.6,0.481,0.4,0.0,82,15,34,66,24,14,7.45,3.75,14.57,0.635,0.231,0.135,middle,powerplay_bowler,,1.6,20.8,0.746,Odisha,2015,True
Deepak Gohain,1,1,24,9,0,0,2.25,9.0,24.0,1.0,0.0,0,0.0,0.625,0.0,0.0,0,9,0,0,24,0,,2.25,,0.0,1.0,0.0,middle,part_time_bowler,1.0,,24.0,0.162,Assam,2018,False
Deepak Punia,8,11,228,306,4,0,8.05,38.25,28.5,0.727,0.9,1,0.091,0.342,0.364,0.0,79,159,68,54,144,30,8.78,6.62,13.6,0.237,0.632,0.132,middle,middle_overs_bowler,1.0,0.25,20.73,1.0,Saurashtra,2021,True
Deepraj Gaonkar,9,14,240,331,3,0,8.28,36.78,26.67,0.643,0.84,1,0.071,0.238,0.214,0.0,15,258,58,12,192,36,7.5,8.06,9.67,0.05,0.8,0.15,powerplay,middle_overs_bowler,1.2,0.33,17.14,1.0,Goa,2023,True
Dharmendrasinh Jadeja,26,38,722,859,12,0,7.14,33.04,27.77,0.684,0.87,8,0.211,0.348,0.316,0.0,96,670,93,90,572,60,6.4,7.03,9.3,0.125,0.792,0.083,powerplay,middle_overs_bowler,0.91,0.33,19.0,1.0,Saurashtra,2024,True
Dhrumil Matkar,1,5,78,122,3,0,9.38,122.0,78.0,0.2,0.45,0,0.0,0.321,0.6,0.0,31,86,5,18,54,6,10.33,9.56,5.0,0.231,0.692,0.077,death,middle_overs_bowler,1.0,0.0,15.6,0.638,Mumbai,2019,True
Dhrushant Soni,11,8,166,238,5,0,8.6,21.64,15.09,1.375,1.06,4,0.5,0.325,0.625,0.0,29,125,84,18,90,58,9.67,8.33,8.69,0.108,0.542,0.349,middle,death_bowler,1.33,1.4,20.75,1.0,Railways,2022,True
Dhruv Patel,1,4,48,93,4,0,11.62,93.0,48.0,0.25,0.5,0,0.0,0.25,1.0,0.0,28,38,27,18,18,12,9.33,12.67,13.5,0.375,0.375,0.25,powerplay,part_time_bowler,1.0,0.0,12.0,0.45,Baroda,2022,True
Digvijay Rangi,3,7,87,103,0,0,7.1,34.33,29.0,0.429,0.53,0,0.0,0.379,0.0,0.0,12,48,43,6,54,27,12.0,5.33,9.56,0.069,0.621,0.31,middle,death_bowler,0.6,0.0,12.43,0.8,Himachal,2022,True
Dikshanshu Negi,11,16,264,291,0,0,6.61,26.45,24.0,0.688,0.79,3,0.188,0.386,0.0,0.0,50,226,15,42,210,12,7.14,6.46,7.5,0.159,0.795,0.045,middle,middle_overs_bowler,0.25,0.83,16.5,1.0,Uttarakhand,2022,True
Dinesh Rai,2,4,39,50,0,0,7.69,25.0,19.5,0.5,1.0,1,0.25,0.385,0.0,0.0,0,39,11,0,36,3,,6.5,22.0,0.0,0.923,0.077,middle,part_time_bowler,,0.5,9.75,0.412,Sikkim,2019,True
Dippu Sangma,6,7,120,122,9,3,6.1,20.33,20.0,0.857,0.38,0,0.0,0.483,1.286,0.429,64,34,24,48,54,18,8.0,3.78,8.0,0.4,0.45,0.15,middle,powerplay_bowler,0.8,1.0,17.14,0.938,Meghalaya,2021,True
Divyang Hinganekar,19,19,313,360,2,0,6.9,18.95,16.47,1.0,1.29,5,0.263,0.332,0.105,0.0,63,206,91,54,192,67,7.0,6.44,8.15,0.173,0.613,0.214,middle,middle_overs_bowler,1.23,0.5,16.47,1.0,Maharashtra,2021,True
Diwesh Pathania,31,25,575,733,18,2,7.65,23.65,18.55,1.24,1.01,10,0.4,0.412,0.72,0.08,375,39,319,372,42,161,6.05,5.57,11.89,0.647,0.073,0.28,middle,powerplay_bowler,1.58,0.92,23.0,1.0,Services,2021,True
E Sanketh,0,1,12,18,1,0,9.0,,,0.0,0.0,0,0.0,0.083,1.0,0.0,18,0,0,12,0,0,9.0,,,1.0,0.0,0.0,powerplay,part_time_bowler,0.0,,12.0,0.112,Hyderabad (India),2021,False
FY Fazal,1,2,18,18,0,0,6.0,18.0,18.0,0.5,0.71,0,0.0,0.333,0.0,0.0,0,18,0,0,18,0,,6.0,,0.0,1.0,0.0,middle,part_time_bowler,1.0,0.0,9.0,0.2,Vidarbha,2019,False
Fabid Ahmed,20,26,494,573,1,0,6.96,28.65,24.7,0.769,0.91,6,0.231,0.358,0.038,0.0,161,349,63,156,288,50,6.19,7.27,7.56,0.316,0.583,0.101,powerplay,powerplay_bowler,1.09,0.53,19.0,1.0,Puducherry,2021,True
Faiz Ahmed,1,2,14,12,0,0,5.14,12.0,14.0,0.5,0.71,0,0.0,0.429,0.0,0.0,0,10,2,0,12,2,,5.0,6.0,0.0,0.857,0.143,middle,part_time_bowler,0.0,1.0,7.0,0.183,Railways,2015,False
Felix Alemao,11,12,210,347,13,4,9.91,31.55,19.09,0.917,0.79,3,0.25,0.352,1.083,0.333,155,134,58,90,90,30,10.33,8.93,11.6,0.429,0.429,0.143,middle,powerplay_bowler,0.67,1.0,17.5,1.0,Goa,2023,True
G Anikethreddy,3,3,72,66,0,0,5.5,22.0,24.0,1.0,1.0,1,0.333,0.514,0.0,0.0,18,40,8,18,48,6,6.0,5.0,8.0,0.25,0.667,0.083,middle,middle_overs_bowler,1.0,,24.0,0.488,Hyderabad (India),2023,True
G Lalbiakvela,11,23,360,587,14,6,9.78,53.36,32.73,0.478,0.67,2,0.087,0.292,0.609,0.261,159,264,164,96,204,60,9.94,7.76,16.4,0.267,0.567,0.167,middle,middle_overs_bowler,1.0,0.45,15.65,1.0,Mizoram,2023,True
G Periyaswamy,9,8,128,168,10,0,7.88,18.67,14.22,1.125,0.99,2,0.25,0.32,1.25,0.0,36,35,97,24,24,80,9.0,8.75,7.28,0.188,0.188,0.625,death,death_bowler,1.17,1.0,16.0,1.0,Tamil Nadu,2020,True
GH Vihari,9,17,210,273,3,0,7.8,30.33,23.33,0.529,0.62,1,0.059,0.257,0.176,0.0,45,228,0,36,174,0,7.5,7.86,,0.171,0.829,0.0,powerplay,middle_overs_bowler,0.6,0.43,12.35,1.0,Andhra,2021,True
GK Singh,2,1,18,11,0,0,3.67,5.5,9.0,2.0,0.0,1,1.0,0.611,0.0,0.0,0,11,0,0,18,0,,3.67,,0.0,1.0,0.0,middle,part_time_bowler,2.0,,18.0,0.138,Himachal,2018,False
Gagandeep Singh,0,2,30,30,0,0,6.0,,,0.0,0.0,0,0.0,0.367,0.0,0.0,5,25,0,6,24,0,5.0,6.25,,0.2,0.8,0.0,powerplay,part_time_bowler,0.0,0.0,15.0,0.25,Chhattisgarh,2023,False
Gaurav,1,1,12,27,2,0,13.5,27.0,12.0,1.0,0.0,0,0.0,0.25,2.0,0.0,10,17,0,6,6,0,10.0,17.0,,0.5,0.5,0.0,powerplay,part_time_bowler,,1.0,12.0,0.112,Nagaland,2018,False
Gaurav Chaudhary,2,2,48,60,0,0,7.5,30.0,24.0,1.0,1.41,1,0.5,0.438,0.0,0.0,24,36,0,30,18,0,4.8,12.0,,0.625,0.375,0.0,powerplay,part_time_bowler,2.0,0.0,24.0,0.325,Punjab,2022,False
Gaurav Gambhir,5,8,132,123,0,0,5.59,24.6,26.4,0.625,1.06,1,0.125,0.439,0.0,0.0,7,116,0,6,126,0,7.0,5.52,,0.045,0.955,0.0,middle,middle_overs_bowler,1.0,0.0,16.5,1.0,Chandigarh,2020,True
Gaurav Kumar,0,1,18,36,1,0,12.0,,,0.0,0.0,0,0.0,0.333,1.0,0.0,27,9,0,12,6,0,13.5,9.0,,0.667,0.333,0.0,middle,part_time_bowler,0.0,,18.0,0.138,Delhi,2018,False
Gaurav Singh,1,1,11,18,1,0,9.82,18.0,11.0,1.0,0.0,0,0.0,0.182,1.0,0.0,18,0,0,11,0,0,9.82,,,1.0,0.0,0.0,powerplay,part_time_bowler,,1.0,11.0,0.108,Uttarakhand,2018,False
Gaurav Yadav,8,8,161,217,10,0,8.09,27.12,20.12,1.0,0.93,3,0.375,0.429,1.25,0.0,104,35,78,96,18,47,6.5,11.67,9.96,0.596,0.112,0.292,powerplay,powerplay_bowler,1.25,0.75,20.12,1.0,Madhya Pradesh,2022,True
Girinath Reddy,11,17,249,307,4,0,7.4,27.91,22.64,0.647,0.79,3,0.176,0.313,0.235,0.0,72,157,78,60,120,69,7.2,7.85,6.78,0.241,0.482,0.277,death,middle_overs_bowler,0.56,0.75,14.65,1.0,Andhra,2022,True
Girish Rauturi,5,7,96,161,6,2,10.06,32.2,19.2,0.714,1.11,1,0.143,0.302,0.857,0.286,59,42,60,36,30,30,9.83,8.4,12.0,0.375,0.312,0.312,middle,death_bowler,0.33,1.0,13.71,0.838,Uttarakhand,2020,True
Govinda Poddar,11,15,234,261,3,1,6.69,23.73,21.27,0.733,0.88,2,0.133,0.355,0.2,0.067,61,153,47,66,132,36,5.55,6.95,7.83,0.282,0.564,0.154,powerplay,middle_overs_bowler,1.2,0.5,15.6,1.0,Odisha,2021,True
Gurinder Singh,29,28,612,739,15,0,7.25,25.48,21.1,1.036,0.92,8,0.286,0.387,0.536,0.0,49,541,149,36,468,108,8.17,6.94,8.28,0.059,0.765,0.176,middle,middle_overs_bowler,1.44,0.84,21.86,1.0,Chandigarh,2021,True
Gurkeerat Singh,1,7,84,95,2,0,6.79,95.0,84.0,0.143,0.38,0,0.0,0.298,0.286,0.0,0,78,17,0,72,12,,6.5,8.5,0.0,0.857,0.143,middle,middle_overs_bowler,0.2,0.0,12.0,0.788,Punjab,2020,True
HH Pandya,14,11,216,237,6,0,6.58,16.93,15.43,1.273,1.1,4,0.364,0.454,0.545,0.0,62,140,35,54,126,36,6.89,6.67,5.83,0.25,0.583,0.167,death,middle_overs_bowler,1.14,1.5,19.64,1.0,Baroda,2024,True
HM Chauhan,1,1,24,37,0,0,9.25,37.0,24.0,1.0,0.0,0,0.0,0.333,0.0,0.0,19,18,0,12,12,0,9.5,9.0,,0.5,0.5,0.0,middle,part_time_bowler,,1.0,24.0,0.162,Delhi,2024,False
HP Patel,30,26,547,606,13,0,6.65,20.2,18.23,1.154,0.97,8,0.308,0.375,0.5,0.0,106,454,46,114,391,42,5.58,6.97,6.57,0.208,0.715,0.077,powerplay,middle_overs_bowler,1.53,0.64,21.04,1.0,Gujarat,2022,True
HR Shokeen,3,2,18,22,1,0,7.33,7.33,6.0,1.5,0.71,1,0.5,0.389,0.5,0.0,11,11,0,6,12,0,11.0,5.5,,0.333,0.667,0.0,middle,part_time_bowler,1.5,,9.0,0.2,Delhi,2023,False
HV Patel,32,25,519,706,19,1,8.16,22.06,16.22,1.28,1.06,10,0.4,0.385,0.76,0.04,276,150,280,219,102,198,7.56,8.82,8.48,0.422,0.197,0.382,powerplay,death_bowler,1.93,0.45,20.76,1.0,Haryana,2023,True
Harbhajan Singh,16,15,312,326,10,0,6.27,20.38,19.5,1.067,1.03,6,0.4,0.417,0.667,0.0,0,308,18,0,294,18,,6.29,6.0,0.0,0.942,0.058,death,middle_overs_bowler,1.12,1.0,20.8,1.0,Punjab,2018,True
Hardik Rathod,0,1,12,20,0,0,10.0,,,0.0,0.0,0,0.0,0.333,0.0,0.0,20,0,0,12,0,0,10.0,,,1.0,0.0,0.0,powerplay,part_time_bowler,0.0,,12.0,0.112,Saurashtra,2018,False
Hari Nishaanth,0,2,11,18,1,0,9.82,,,0.0,0.0,0,0.0,0.364,0.5,0.0,0,18,0,0,11,0,,9.82,,0.0,1.0,0.0,middle,part_time_bowler,0.0,,5.5,0.171,Tamil Nadu,2020,False
Harishankar Reddy,24,20,419,635,22,1,9.09,26.46,17.46,1.2,1.28,7,0.35,0.334,1.1,0.05,224,179,232,168,120,131,8.0,8.95,10.63,0.401,0.286,0.313,powerplay,death_bowler,1.56,0.91,20.95,1.0,Andhra,2023,True
Harmeet Singh,2,8,129,171,5,0,7.95,85.5,64.5,0.25,0.46,0,0.0,0.388,0.625,0.0,101,47,23,59,52,18,10.27,5.42,7.67,0.457,0.403,0.14,middle,powerplay_bowler,0.5,0.17,16.12,1.0,Tripura,2019,True
Harpreet Brar,36,32,640,733,13,0,6.87,20.36,17.78,1.125,1.07,9,0.281,0.398,0.406,0.0,163,447,123,132,438,70,7.41,6.12,10.54,0.206,0.684,0.109,middle,middle_overs_bowler,1.33,0.73,20.0,1.0,Punjab,2023,True
Harpreet Singh,3,5,81,77,3,0,5.7,25.67,27.0,0.6,0.89,1,0.2,0.37,0.6,0.0,0,77,0,0,81,0,,5.7,,0.0,1.0,0.0,middle,middle_overs_bowler,1.0,0.0,16.2,0.65,Madhya Pradesh,2020,True
Harsh Dubey,2,4,66,73,1,0,6.64,36.5,33.0,0.5,0.58,0,0.0,0.333,0.25,0.0,16,51,6,12,48,6,8.0,6.38,6.0,0.182,0.727,0.091,death,middle_overs_bowler,0.33,1.0,16.5,0.525,Vidarbha,2024,True
Harsh Tyagi,18,30,565,668,3,1,7.09,37.11,31.39,0.6,0.67,3,0.1,0.342,0.1,0.033,81,446,141,78,391,96,6.23,6.84,8.81,0.138,0.692,0.17,powerplay,middle_overs_bowler,0.64,0.56,18.83,1.0,Railways,2024,True
Harsh Vikram Singh,3,6,90,143,5,0,9.53,47.67,30.0,0.5,0.84,1,0.167,0.267,0.833,0.0,72,24,47,36,24,30,12.0,6.0,9.4,0.4,0.267,0.333,middle,death_bowler,0.0,0.6,15.0,0.75,Bihar,2022,True
Harshit Rana,2,3,54,78,1,1,8.67,39.0,27.0,0.667,1.15,1,0.333,0.278,0.333,0.333,24,9,45,24,6,24,6.0,9.0,11.25,0.444,0.111,0.444,powerplay,part_time_bowler,0.67,,18.0,0.412,Delhi,2023,True
Harshit Rathod,1,1,24,24,1,0,6.0,24.0,24.0,1.0,0.0,0,0.0,0.375,1.0,0.0,3,21,0,6,18,0,3.0,7.0,,0.25,0.75,0.0,powerplay,part_time_bowler,,1.0,24.0,0.162,Odisha,2021,False
Hem Chetri,2,2,24,31,0,0,7.75,15.5,12.0,1.0,0.0,0,0.0,0.458,0.0,0.0,0,31,0,0,24,0,,7.75,,0.0,1.0,0.0,middle,part_time_bowler,1.0,,12.0,0.225,Nagaland,2020,False
Hemang Patel,10,12,164,197,5,0,7.21,19.7,16.4,0.833,0.94,2,0.167,0.378,0.417,0.0,28,136,33,36,108,20,4.67,7.56,9.9,0.22,0.659,0.122,powerplay,middle_overs_bowler,1.0,0.71,13.67,1.0,Gujarat,2023,True
Henry Renthlei,1,2,24,41,2,0,10.25,41.0,24.0,0.5,0.71,0,0.0,0.208,1.0,0.0,8,16,17,6,12,6,8.0,8.0,17.0,0.25,0.5,0.25,powerplay,part_time_bowler,,0.5,12.0,0.225,Mizoram,2019,False
Heramb Parab,8,7,108,146,3,0,8.11,18.25,13.5,1.143,2.04,2,0.286,0.324,0.429,0.0,92,31,23,66,24,18,8.36,7.75,7.67,0.611,0.222,0.167,death,powerplay_bowler,1.5,1.0,15.43,0.888,Goa,2020,True
Himan Phukan,1,2,42,37,1,0,5.29,37.0,42.0,0.5,0.71,0,0.0,0.405,0.5,0.0,0,32,5,0,36,6,,5.33,5.0,0.0,0.857,0.143,death,part_time_bowler,0.5,,21.0,0.3,Meghalaya,2021,False
Himanshu Bisht,11,15,252,310,6,0,7.38,28.18,22.91,0.733,1.1,2,0.133,0.345,0.4,0.0,14,234,62,6,198,48,14.0,7.09,7.75,0.024,0.786,0.19,middle,middle_overs_bowler,1.14,0.38,16.8,1.0,Uttarakhand,2022,True
Himanshu Sangwan,5,7,140,226,1,0,9.69,45.2,28.0,0.714,0.76,1,0.143,0.243,0.143,0.0,76,46,104,44,36,60,10.36,7.67,10.4,0.314,0.257,0.429,middle,death_bowler,1.0,0.5,20.0,0.938,Railways,2021,True
Himmat Singh,1,1,3,0,0,0,0.0,0.0,3.0,1.0,0.0,0,0.0,1.0,0.0,0.0,0,0,0,0,0,3,,,0.0,0.0,0.0,1.0,death,part_time_bowler,1.0,,3.0,0.075,Delhi,2020,False
Hiten Dalal,1,1,12,16,1,0,8.0,16.0,12.0,1.0,0.0,0,0.0,0.417,1.0,0.0,0,0,16,0,0,12,,,8.0,0.0,0.0,1.0,death,part_time_bowler,1.0,,12.0,0.112,Delhi,2019,False
Hitesh Kadam,0,2,30,45,0,0,9.0,,,0.0,0.0,0,0.0,0.3,0.0,0.0,0,45,0,0,30,0,,9.0,,0.0,1.0,0.0,middle,part_time_bowler,0.0,0.0,15.0,0.25,Railways,2019,False
Hitesh Yadav,0,1,18,21,0,0,7.0,,,0.0,0.0,0,0.0,0.333,0.0,0.0,5,16,0,6,12,0,5.0,8.0,,0.333,0.667,0.0,powerplay,part_time_bowler,,0.0,18.0,0.138,Hyderabad (India),2020,False
Hmar Zothanchhunga,1,1,18,17,0,0,5.67,17.0,18.0,1.0,0.0,0,0.0,0.389,0.0,0.0,17,0,0,18,0,0,5.67,,,1.0,0.0,0.0,powerplay,part_time_bowler,,1.0,18.0,0.138,Mizoram,2020,False
Hokaito Zhimomi,3,5,42,61,0,0,8.71,20.33,14.0,0.6,0.89,1,0.2,0.286,0.0,0.0,0,61,0,0,42,0,,8.71,,0.0,1.0,0.0,middle,part_time_bowler,1.5,0.0,8.4,0.488,Nagaland,2022,True
Homendro Kabrambam,5,13,210,314,7,0,8.97,62.8,42.0,0.385,0.65,1,0.077,0.343,0.538,0.0,200,88,26,144,54,12,8.33,9.78,13.0,0.686,0.257,0.057,powerplay,powerplay_bowler,1.0,0.33,16.15,1.0,Manipur,2021,True
Hrishi Raj,4,2,42,70,8,0,10.0,17.5,10.5,2.0,1.41,1,0.5,0.381,4.0,0.0,24,28,18,12,18,12,12.0,9.33,9.0,0.286,0.429,0.286,death,part_time_bowler,3.0,1.0,21.0,0.3,Bihar,2021,False
I Sharma,20,18,367,431,14,4,7.05,21.55,18.35,1.111,0.76,6,0.333,0.477,0.778,0.222,217,115,99,228,72,67,5.71,9.58,8.87,0.621,0.196,0.183,powerplay,powerplay_bowler,1.33,0.67,20.39,1.0,Delhi,2024,True
IC Pandey,29,25,556,650,15,0,7.01,22.41,19.17,1.16,0.94,8,0.32,0.417,0.6,0.0,305,111,234,312,90,154,5.87,7.4,9.12,0.561,0.162,0.277,powerplay,powerplay_bowler,1.14,1.18,22.24,1.0,Madhya Pradesh,2020,True
IC Porel,26,21,456,511,13,2,6.72,19.65,17.54,1.238,1.51,8,0.381,0.45,0.619,0.095,272,44,195,270,36,150,6.04,7.33,7.8,0.592,0.079,0.329,powerplay,death_bowler,1.77,0.38,21.71,1.0,Bengal,2023,True
IK Pathan,16,14,304,423,16,0,8.35,26.44,19.0,1.143,1.1,4,0.286,0.418,1.143,0.0,202,80,141,174,60,70,6.97,8.0,12.09,0.572,0.197,0.23,powerplay,powerplay_bowler,1.25,1.0,21.71,1.0,Baroda,2018,True
Imliwati Lemtur,14,21,371,449,9,0,7.26,32.07,26.5,0.667,1.11,3,0.143,0.38,0.429,0.0,97,336,16,78,278,15,7.46,7.25,6.4,0.21,0.749,0.04,death,middle_overs_bowler,2.0,0.53,17.67,1.0,Nagaland,2023,True
Inakato Zhimomi,1,3,17,41,0,0,14.47,41.0,17.0,0.333,0.58,0,0.0,0.235,0.0,0.0,0,28,13,0,11,6,,15.27,13.0,0.0,0.647,0.353,death,part_time_bowler,,0.33,5.67,0.258,Nagaland,2019,True
Iqbal Abdulla,6,14,282,298,3,0,6.34,49.67,47.0,0.429,0.76,2,0.143,0.433,0.214,0.0,79,178,41,84,162,36,5.64,6.59,6.83,0.298,0.574,0.128,powerplay,middle_overs_bowler,0.0,0.5,20.14,1.0,Uttarakhand,2021,True
Irfan-ul-Haq,0,1,6,18,0,0,18.0,,,0.0,0.0,0,0.0,0.0,0.0,0.0,0,0,18,0,0,6,,,18.0,0.0,0.0,1.0,death,part_time_bowler,,0.0,6.0,0.088,Jammu & Kashmir,2021,False
Ishwar Chaudhary,11,16,286,421,22,1,8.83,38.27,26.0,0.688,0.87,2,0.125,0.409,1.375,0.062,304,29,88,216,18,52,8.44,9.67,10.15,0.755,0.063,0.182,powerplay,powerplay_bowler,2.0,0.6,17.88,1.0,Sikkim,2019,True
J Butte,0,1,24,28,0,0,7.0,,,0.0,0.0,0,0.0,0.417,0.0,0.0,22,6,0,12,12,0,11.0,3.0,,0.5,0.5,0.0,middle,part_time_bowler,,0.0,24.0,0.162,Chhattisgarh,2023,False
J Kousik,5,5,78,93,3,0,7.15,18.6,15.6,1.0,1.22,1,0.2,0.397,0.6,0.0,67,21,5,54,18,6,7.44,7.0,5.0,0.692,0.231,0.077,death,powerplay_bowler,1.0,,15.6,0.638,Tamil Nadu,2021,True
J Suchith,29,37,756,902,19,0,7.16,31.1,26.07,0.784,0.67,5,0.135,0.333,0.514,0.0,156,708,38,120,612,24,7.8,6.94,9.5,0.159,0.81,0.032,middle,middle_overs_bowler,0.85,0.6,20.43,1.0,Karnataka,2022,True
J Syed Mohammad,6,4,60,62,2,0,6.2,10.33,10.0,1.5,1.29,2,0.5,0.367,0.5,0.0,0,46,16,0,42,18,,6.57,5.33,0.0,0.7,0.3,death,middle_overs_bowler,1.0,2.0,15.0,0.5,Assam,2015,True
J Yadav,24,34,617,689,13,0,6.7,28.71,25.71,0.706,0.97,7,0.206,0.366,0.382,0.0,187,453,49,168,414,35,6.68,6.57,8.4,0.272,0.671,0.057,middle,middle_overs_bowler,0.95,0.36,18.15,1.0,Haryana,2023,True
JD Unadkat,65,41,941,1042,24,1,6.64,16.03,14.48,1.585,1.18,20,0.488,0.427,0.585,0.024,496,115,431,486,120,335,6.12,5.75,7.72,0.516,0.128,0.356,middle,death_bowler,2.0,0.94,22.95,1.0,Saurashtra,2024,True
JJ Bumrah,14,9,208,222,0,2,6.4,15.86,14.86,1.556,1.24,4,0.444,0.438,0.0,0.222,84,28,110,96,18,94,5.25,9.33,7.02,0.462,0.087,0.452,powerplay,death_bowler,2.17,0.33,23.11,1.0,Gujarat,2015,True
JP Zope,3,3,56,70,0,0,7.5,23.33,18.67,1.0,1.0,1,0.333,0.196,0.0,0.0,0,61,9,0,50,6,,7.32,9.0,0.0,0.893,0.107,middle,part_time_bowler,0.0,1.5,18.67,0.421,Maharashtra,2017,True
Jagjit Singh,5,8,158,182,6,0,6.91,36.4,31.6,0.625,1.41,1,0.125,0.468,0.75,0.0,76,23,83,96,18,44,4.75,7.67,11.32,0.608,0.114,0.278,powerplay,powerplay_bowler,0.33,0.8,19.75,1.0,Chandigarh,2024,True
Jaideep Bhambhu,0,2,24,30,0,0,7.5,,,0.0,0.0,0,0.0,0.167,0.0,0.0,3,27,0,6,18,0,3.0,9.0,,0.25,0.75,0.0,powerplay,part_time_bowler,0.0,0.0,12.0,0.225,Haryana,2021,False
Jalaj S Saxena,23,20,408,423,4,0,6.22,18.39,17.74,1.15,1.14,7,0.35,0.414,0.2,0.0,98,284,41,108,270,30,5.44,6.31,8.2,0.265,0.662,0.074,powerplay,middle_overs_bowler,1.6,0.7,20.4,1.0,Kerala,2023,True
Jaskaran Singh,25,22,490,599,21,2,7.33,23.96,19.6,1.136,1.08,7,0.318,0.416,0.955,0.091,244,103,252,198,108,184,7.39,5.72,8.22,0.404,0.22,0.376,middle,death_bowler,1.5,0.83,22.27,1.0,Chandigarh,2021,True
Jasmer Dhankhar,4,4,72,78,2,0,6.5,19.5,18.0,1.0,0.0,0,0.0,0.361,0.5,0.0,0,78,0,0,72,0,,6.5,,0.0,1.0,0.0,middle,middle_overs_bowler,1.0,,18.0,0.55,Uttar Pradesh,2023,True
Jay Bista,2,5,54,68,2,0,7.56,34.0,27.0,0.4,0.55,0,0.0,0.296,0.4,0.0,0,49,19,0,42,12,,7.0,9.5,0.0,0.778,0.222,middle,part_time_bowler,0.33,0.5,10.8,0.538,Mumbai,2021,True
Jay Chauhan,6,4,72,63,0,0,5.25,10.5,12.0,1.5,1.0,1,0.25,0.486,0.0,0.0,3,54,6,6,60,6,3.0,5.4,6.0,0.083,0.833,0.083,powerplay,middle_overs_bowler,1.5,,18.0,0.55,Saurashtra,2019,True
Jayanta Behera,7,6,120,126,0,0,6.3,18.0,17.14,1.167,1.17,2,0.333,0.35,0.0,0.0,24,91,11,18,84,18,8.0,6.5,3.67,0.15,0.7,0.15,death,middle_overs_bowler,1.33,1.0,20.0,0.875,Odisha,2021,True
Jayveer Parmar,10,6,110,162,4,0,8.84,16.2,11.0,1.667,1.37,3,0.5,0.318,0.667,0.0,81,33,48,54,24,32,9.0,8.25,9.0,0.491,0.218,0.291,middle,powerplay_bowler,4.0,1.2,18.33,0.833,Gujarat,2019,True
Jitumoni Kalita,4,5,71,68,1,0,5.75,17.0,17.75,0.8,0.84,1,0.2,0.451,0.2,0.0,9,47,12,6,48,17,9.0,5.88,4.24,0.085,0.676,0.239,death,middle_overs_bowler,1.0,0.5,14.2,0.608,Assam,2018,True
Jogeswar Bhumij,0,1,24,39,1,0,9.75,,,0.0,0.0,0,0.0,0.333,1.0,0.0,10,0,29,12,0,12,5.0,,14.5,0.5,0.0,0.5,powerplay,part_time_bowler,,0.0,24.0,0.162,Assam,2015,False
Johnson Singh,0,1,12,15,1,0,7.5,,,0.0,0.0,0,0.0,0.333,1.0,0.0,0,15,0,0,12,0,,7.5,,0.0,1.0,0.0,middle,part_time_bowler,,0.0,12.0,0.112,Manipur,2021,False
Jonty Sidhu,2,1,12,7,1,0,3.5,3.5,6.0,2.0,0.0,1,1.0,0.75,1.0,0.0,0,0,7,0,0,12,,,3.5,0.0,0.0,1.0,death,part_time_bowler,2.0,,12.0,0.112,Delhi,2020,False
Joseph Lalthankhuma,0,1,6,7,0,0,7.0,,,0.0,0.0,0,0.0,0.333,0.0,0.0,0,7,0,0,6,0,,7.0,,0.0,1.0,0.0,middle,part_time_bowler,,0.0,6.0,0.088,Mizoram,2021,False
Joshua Ozukum,1,1,6,8,0,0,8.0,8.0,6.0,1.0,0.0,0,0.0,0.5,0.0,0.0,0,8,0,0,6,0,,8.0,,0.0,1.0,0.0,middle,part_time_bowler,1.0,,6.0,0.088,Nagaland,2020,False
K Bhagath Varma,1,1,12,11,0,0,5.5,11.0,12.0,1.0,0.0,0,0.0,0.5,0.0,0.0,0,11,0,0,12,0,,5.5,,0.0,1.0,0.0,middle,part_time_bowler,1.0,,12.0,0.112,Hyderabad (India),2022,False
K D Patel,12,17,370,555,13,4,9.0,46.25,30.83,0.706,0.77,3,0.176,0.27,0.765,0.235,218,153,184,156,102,112,8.38,9.0,9.86,0.422,0.276,0.303,powerplay,death_bowler,0.78,0.62,21.76,1.0,Saurashtra,2023,True
K Gowtham,26,26,570,693,13,0,7.29,26.65,21.92,1.0,0.89,8,0.308,0.356,0.5,0.0,140,450,103,96,396,78,8.75,6.82,7.92,0.168,0.695,0.137,middle,middle_overs_bowler,1.19,0.7,21.92,1.0,Karnataka,2023,True
K Kartikeya,18,16,336,367,1,0,6.55,20.39,18.67,1.125,0.96,4,0.25,0.42,0.062,0.0,34,257,76,30,264,42,6.8,5.84,10.86,0.089,0.786,0.125,middle,middle_overs_bowler,1.5,0.75,21.0,1.0,Madhya Pradesh,2024,True
K Khejroliya,12,9,210,242,6,2,6.91,20.17,17.5,1.333,1.32,2,0.222,0.443,0.667,0.222,87,66,89,66,78,66,7.91,5.08,8.09,0.314,0.371,0.314,middle,death_bowler,1.71,0.0,23.33,1.0,Delhi,2023,True
K Lalhmingmawia,0,3,42,72,1,0,10.29,,,0.0,0.0,0,0.0,0.095,0.333,0.0,8,64,0,6,36,0,8.0,10.67,,0.143,0.857,0.0,powerplay,part_time_bowler,,0.0,14.0,0.362,Mizoram,2020,True
K Makwana,2,2,30,47,1,0,9.4,23.5,15.0,1.0,1.41,1,0.5,0.233,0.5,0.0,0,44,3,0,24,6,,11.0,3.0,0.0,0.8,0.2,death,part_time_bowler,2.0,0.0,15.0,0.25,Saurashtra,2015,False
K Saiteja,2,1,18,12,2,0,4.0,6.0,9.0,2.0,0.0,1,1.0,0.611,2.0,0.0,10,0,2,12,0,6,5.0,,2.0,0.667,0.0,0.333,death,part_time_bowler,2.0,,18.0,0.138,Andhra,2023,False
K Tewatiya,2,2,47,74,1,1,9.45,37.0,23.5,1.0,1.41,1,0.5,0.447,0.5,0.5,19,3,52,18,6,23,6.33,3.0,13.57,0.383,0.128,0.489,middle,part_time_bowler,,1.0,23.5,0.321,Nagaland,2023,False
K Tripathi,4,2,48,48,1,0,6.0,12.0,12.0,2.0,2.83,1,0.5,0.396,0.5,0.0,1,30,17,6,24,18,1.0,7.5,5.67,0.125,0.5,0.375,powerplay,part_time_bowler,4.0,0.0,24.0,0.325,Madhya Pradesh,2022,False
K Upadhyay,16,17,384,484,5,0,7.56,30.25,24.0,0.941,0.97,5,0.294,0.406,0.294,0.0,288,118,78,252,90,42,6.86,7.87,11.14,0.656,0.234,0.109,powerplay,powerplay_bowler,0.75,1.11,22.59,1.0,Railways,2019,True
K V Sasikanth,25,29,590,831,37,1,8.45,33.24,23.6,0.862,1.13,6,0.207,0.325,1.276,0.034,239,374,218,186,282,122,7.71,7.96,10.72,0.315,0.478,0.207,powerplay,powerplay_bowler,1.36,0.56,20.34,1.0,Andhra,2023,True
KC Cariappa,31,26,598,567,14,2,5.69,18.29,19.29,1.192,1.13,10,0.385,0.421,0.538,0.077,145,257,165,160,276,162,5.44,5.59,6.11,0.268,0.462,0.271,powerplay,middle_overs_bowler,1.28,1.0,23.0,1.0,Karnataka,2023,True
KD Pandey,1,1,12,11,0,0,5.5,11.0,12.0,1.0,0.0,0,0.0,0.5,0.0,0.0,11,0,0,12,0,0,5.5,,,1.0,0.0,0.0,powerplay,part_time_bowler,,1.0,12.0,0.112,Puducherry,2022,False
KH Pandya,24,29,624,730,22,0,7.02,30.42,26.0,0.828,1.04,6,0.207,0.33,0.759,0.0,212,399,119,168,366,90,7.57,6.54,7.93,0.269,0.587,0.144,middle,middle_overs_bowler,1.0,0.55,21.52,1.0,Baroda,2024,True
KK Ahmed,34,24,520,665,21,4,7.67,19.56,15.29,1.417,1.35,10,0.417,0.356,0.875,0.167,215,147,303,180,126,214,7.17,7.0,8.5,0.346,0.242,0.412,middle,death_bowler,1.31,1.62,21.67,1.0,Rajasthan,2022,True
KK Nair,2,6,48,43,1,0,5.38,21.5,24.0,0.333,0.52,0,0.0,0.354,0.167,0.0,0,37,6,0,42,6,,5.29,6.0,0.0,0.875,0.125,middle,part_time_bowler,0.25,0.5,8.0,0.575,Karnataka,2021,True
KL Nagarkoti,8,6,115,154,5,1,8.03,19.25,14.38,1.333,1.03,2,0.333,0.4,0.833,0.167,44,46,64,30,42,43,8.8,6.57,8.93,0.261,0.365,0.374,middle,death_bowler,1.75,0.5,19.17,0.854,Rajasthan,2022,True
KM Asif,18,18,343,482,12,1,8.43,26.78,19.06,1.0,0.91,3,0.167,0.394,0.667,0.056,155,121,206,144,78,121,6.46,9.31,10.21,0.42,0.227,0.353,powerplay,death_bowler,0.88,1.1,19.06,1.0,Kerala,2023,True
KN Luitel,1,4,48,80,3,0,10.0,80.0,48.0,0.25,0.5,0,0.0,0.25,0.75,0.0,16,61,3,12,30,6,8.0,12.2,3.0,0.25,0.625,0.125,death,part_time_bowler,,0.25,12.0,0.45,Sikkim,2018,True
KP Kakad,0,3,18,35,0,0,11.67,,,0.0,0.0,0,0.0,0.111,0.0,0.0,0,35,0,0,18,0,,11.67,,0.0,1.0,0.0,middle,part_time_bowler,0.0,0.0,6.0,0.262,Railways,2019,True
KR Kakade,8,12,161,185,5,2,6.89,23.12,20.12,0.667,0.89,3,0.25,0.335,0.417,0.167,46,115,24,42,96,23,6.57,7.19,6.26,0.261,0.596,0.143,death,middle_overs_bowler,0.83,0.5,13.42,1.0,Baroda,2022,True
KR Mahajan,1,2,18,25,1,0,8.33,25.0,18.0,0.5,0.71,0,0.0,0.389,0.5,0.0,0,25,0,0,18,0,,8.33,,0.0,1.0,0.0,middle,part_time_bowler,1.0,0.0,9.0,0.2,Railways,2015,False
KR Sen,15,21,422,613,21,2,8.72,40.87,28.13,0.714,0.9,4,0.19,0.372,1.0,0.095,321,94,198,234,54,134,8.23,10.44,8.87,0.555,0.128,0.318,powerplay,death_bowler,0.67,0.78,20.1,1.0,Madhya Pradesh,2023,True
KR Singh,8,11,129,193,3,0,8.98,24.12,16.12,0.727,0.9,3,0.273,0.295,0.273,0.0,0,184,9,0,120,9,,9.2,6.0,0.0,0.93,0.07,death,middle_overs_bowler,0.5,1.0,11.73,1.0,Jharkhand,2021,True
KS Sharma,2,3,36,37,1,0,6.17,18.5,18.0,0.667,0.58,0,0.0,0.361,0.333,0.0,16,21,0,12,24,0,8.0,5.25,,0.333,0.667,0.0,middle,part_time_bowler,0.5,1.0,12.0,0.338,Uttar Pradesh,2022,True
KV Sharma,33,36,763,911,7,0,7.16,27.61,23.12,0.917,1.11,7,0.194,0.345,0.194,0.0,60,736,115,36,655,72,10.0,6.74,9.58,0.047,0.858,0.094,middle,middle_overs_bowler,1.06,0.8,21.19,1.0,Railways,2023,True
Kamal Das,3,4,66,69,0,0,6.27,23.0,22.0,0.75,0.5,0,0.0,0.303,0.0,0.0,11,58,0,12,54,0,5.5,6.44,,0.182,0.818,0.0,powerplay,middle_overs_bowler,0.0,1.0,16.5,0.525,Tripura,2018,True
Kangabam Singh,8,13,226,324,8,0,8.6,40.5,28.25,0.615,0.96,2,0.154,0.341,0.615,0.0,66,161,97,42,136,48,9.43,7.1,12.12,0.186,0.602,0.212,middle,middle_overs_bowler,2.5,0.27,17.38,1.0,Manipur,2021,True
Kanishk Seth,16,14,294,419,10,0,8.55,26.19,18.38,1.143,1.03,6,0.429,0.391,0.714,0.0,263,63,93,192,54,48,8.22,7.0,11.62,0.653,0.184,0.163,middle,powerplay_bowler,1.33,0.8,21.0,1.0,Bengal,2024,True
Kant Singh,1,1,24,50,0,1,12.5,50.0,24.0,1.0,0.0,0,0.0,0.167,0.0,1.0,21,12,17,12,6,6,10.5,12.0,17.0,0.5,0.25,0.25,powerplay,part_time_bowler,,1.0,24.0,0.162,Chhattisgarh,2018,False
Kanwar Abhinay,18,21,420,532,13,1,7.6,29.56,23.33,0.857,0.91,5,0.238,0.405,0.619,0.048,178,110,244,156,120,144,6.85,5.5,10.17,0.371,0.286,0.343,middle,death_bowler,1.08,0.56,20.0,1.0,Himachal,2022,True
Karan Dagar,5,2,48,29,1,0,3.62,5.8,9.6,2.5,2.12,1,0.5,0.583,0.5,0.0,0,20,9,0,36,12,,3.33,4.5,0.0,0.75,0.25,middle,part_time_bowler,2.5,,24.0,0.325,Delhi,2019,False
Karan Kaila,5,8,150,163,1,0,6.52,32.6,30.0,0.625,1.06,1,0.125,0.373,0.125,0.0,54,71,38,54,60,36,6.0,7.1,6.33,0.36,0.4,0.24,powerplay,powerplay_bowler,1.0,0.0,18.75,1.0,Punjab,2019,True
Karan Lal,4,4,60,49,1,0,4.9,12.25,15.0,1.0,0.0,0,0.0,0.45,0.25,0.0,0,39,10,6,48,6,0.0,4.88,10.0,0.1,0.8,0.1,powerplay,middle_overs_bowler,1.0,1.0,15.0,0.5,Bengal,2021,True
Karan Patel,4,6,90,108,1,0,7.2,27.0,22.5,0.667,0.52,0,0.0,0.378,0.167,0.0,12,66,30,18,54,18,4.0,7.33,10.0,0.2,0.6,0.2,powerplay,middle_overs_bowler,1.0,0.5,15.0,0.75,Gujarat,2021,True
Karan Thakur,0,2,42,50,1,0,7.14,,,0.0,0.0,0,0.0,0.333,0.5,0.0,25,11,14,18,12,12,8.33,5.5,7.0,0.429,0.286,0.286,middle,part_time_bowler,,0.0,21.0,0.3,Railways,2017,False
Karanveer Singh,3,1,24,15,0,0,3.75,5.0,8.0,3.0,0.0,1,1.0,0.667,0.0,0.0,0,7,8,0,12,12,,3.5,4.0,0.0,0.5,0.5,middle,part_time_bowler,3.0,,24.0,0.162,Chandigarh,2019,False
Karkir Taye,0,4,48,93,1,0,11.62,,,0.0,0.0,0,0.0,0.229,0.25,0.0,48,45,0,24,24,0,12.0,11.25,,0.5,0.5,0.0,middle,part_time_bowler,,0.0,12.0,0.45,Arunachal Pradesh,2021,True
Karthik Raman,9,6,102,182,1,1,10.71,20.22,11.33,1.5,1.64,3,0.5,0.265,0.167,0.167,35,95,52,18,54,30,11.67,10.56,10.4,0.176,0.529,0.294,death,middle_overs_bowler,2.0,1.0,17.0,0.8,Railways,2019,True
Kartik Tyagi,3,7,109,156,11,3,8.59,52.0,36.33,0.429,0.53,0,0.0,0.477,1.571,0.429,37,101,18,18,66,25,12.33,9.18,4.32,0.165,0.606,0.229,death,middle_overs_bowler,0.6,0.0,15.57,0.892,Uttar Pradesh,2023,True
Kartikeya Kak,4,2,42,74,0,0,10.57,18.5,10.5,2.0,1.41,1,0.5,0.357,0.0,0.0,32,0,42,24,0,18,8.0,,14.0,0.571,0.0,0.429,powerplay,part_time_bowler,,2.0,21.0,0.3,Hyderabad (India),2020,False
Kaushik Maity,0,1,12,18,0,0,9.0,,,0.0,0.0,0,0.0,0.417,0.0,0.0,0,18,0,0,12,0,,9.0,,0.0,1.0,0.0,middle,part_time_bowler,,0.0,12.0,0.112,Bengal,2023,False
Kengo Bam,2,5,68,113,1,0,9.97,56.5,34.0,0.4,0.89,1,0.2,0.279,0.2,0.0,13,80,20,6,49,13,13.0,9.8,9.23,0.088,0.721,0.191,death,middle_overs_bowler,,0.4,13.6,0.596,Arunachal Pradesh,2021,True
Keshav Kumar,0,1,6,10,0,0,10.0,,,0.0,0.0,0,0.0,0.333,0.0,0.0,0,10,0,0,6,0,,10.0,,0.0,1.0,0.0,middle,part_time_bowler,,0.0,6.0,0.088,Bihar,2018,False
Khizer Dafedar,0,1,12,20,0,0,10.0,,,0.0,0.0,0,0.0,0.417,0.0,0.0,11,9,0,6,6,0,11.0,9.0,,0.5,0.5,0.0,middle,part_time_bowler,,0.0,12.0,0.112,Mumbai,2017,False
Khrievitso Kense,13,9,185,168,1,0,5.45,12.92,14.23,1.444,1.24,5,0.556,0.47,0.111,0.0,7,156,5,12,167,6,3.5,5.6,5.0,0.065,0.903,0.032,powerplay,middle_overs_bowler,1.8,1.0,20.56,1.0,Nagaland,2023,True
Kilco R Marak,13,12,164,225,5,1,8.23,17.31,12.62,1.083,1.0,4,0.333,0.335,0.417,0.083,30,116,79,18,96,50,10.0,7.25,9.48,0.11,0.585,0.305,middle,death_bowler,1.4,0.86,13.67,1.0,Meghalaya,2023,True
Kiran Reddy,0,2,36,51,6,0,8.5,,,0.0,0.0,0,0.0,0.361,3.0,0.0,16,18,17,18,12,6,5.33,9.0,17.0,0.5,0.333,0.167,powerplay,part_time_bowler,,0.0,18.0,0.275,Nagaland,2018,False
Kishan Lyngdoh,0,1,6,5,0,0,5.0,,,0.0,0.0,0,0.0,0.167,0.0,0.0,0,0,5,0,0,6,,,5.0,0.0,0.0,1.0,death,part_time_bowler,0.0,,6.0,0.088,Meghalaya,2021,False
Kishan Thokchom,3,8,144,237,8,1,9.88,79.0,48.0,0.375,0.52,0,0.0,0.347,1.0,0.125,94,36,107,78,24,42,7.23,9.0,15.29,0.542,0.167,0.292,powerplay,powerplay_bowler,0.5,0.33,18.0,1.0,Manipur,2021,True
Kranthi Kumar,3,4,90,137,4,0,9.13,45.67,30.0,0.75,0.96,1,0.25,0.389,1.0,0.0,38,13,86,36,18,36,6.33,4.33,14.33,0.4,0.2,0.4,middle,death_bowler,0.0,1.0,22.5,0.625,Sikkim,2021,True
Krishan Alang,7,5,102,130,3,0,7.65,18.57,14.57,1.4,1.67,2,0.4,0.314,0.6,0.0,17,82,31,12,72,18,8.5,6.83,10.33,0.118,0.706,0.176,middle,middle_overs_bowler,2.33,0.0,20.4,0.738,Punjab,2021,True
Krishna Das,3,10,192,225,3,0,7.03,75.0,64.0,0.3,0.48,0,0.0,0.453,0.3,0.0,137,29,59,132,30,30,6.23,5.8,11.8,0.688,0.156,0.156,middle,powerplay_bowler,0.5,0.25,19.2,1.0,Goa,2018,True
Krishnamoorthy Vignesh,12,9,188,259,7,0,8.27,21.58,15.67,1.333,1.5,2,0.222,0.404,0.778,0.0,148,29,82,120,18,50,7.4,9.67,9.84,0.638,0.096,0.266,powerplay,powerplay_bowler,1.67,0.67,20.89,1.0,Tamil Nadu,2018,True
Kruthik Hanagavadi,1,2,36,55,0,0,9.17,55.0,36.0,0.5,0.71,0,0.0,0.306,0.0,0.0,19,31,5,12,18,6,9.5,10.33,5.0,0.333,0.5,0.167,death,part_time_bowler,0.0,1.0,18.0,0.275,Mumbai,2020,False
Kshitiz Sharma,2,4,66,89,1,0,8.09,44.5,33.0,0.5,1.0,1,0.25,0.348,0.25,0.0,0,73,16,0,54,12,,8.11,8.0,0.0,0.818,0.182,death,middle_overs_bowler,2.0,0.0,16.5,0.525,Arunachal Pradesh,2018,True
Kukna Ajay Singh,2,2,42,50,0,0,7.14,25.0,21.0,1.0,0.0,0,0.0,0.262,0.0,0.0,0,41,9,0,36,6,,6.83,9.0,0.0,0.857,0.143,middle,part_time_bowler,1.0,1.0,21.0,0.3,Rajasthan,2015,False
Kuldeep Yadav,20,19,402,476,4,0,7.1,23.8,20.1,1.053,1.08,6,0.316,0.299,0.211,0.0,6,415,55,6,348,48,6.0,7.16,6.88,0.015,0.866,0.119,powerplay,middle_overs_bowler,1.29,0.4,21.16,1.0,Uttar Pradesh,2022,True
Kunal Mahajan,0,1,6,12,0,0,12.0,,,0.0,0.0,0,0.0,0.333,0.0,0.0,0,12,0,0,6,0,,12.0,,0.0,1.0,0.0,middle,part_time_bowler,,0.0,6.0,0.088,Chandigarh,2021,False
L Kishan Singha,10,13,248,338,2,1,8.18,33.8,24.8,0.769,0.73,2,0.154,0.306,0.154,0.077,70,207,61,42,176,30,10.0,7.06,12.2,0.169,0.71,0.121,middle,middle_overs_bowler,1.33,0.6,19.08,1.0,Manipur,2023,True
LI Meriwala,62,40,830,1019,10,0,7.37,16.44,13.39,1.55,1.4,17,0.425,0.383,0.25,0.0,364,222,433,348,180,302,6.28,7.4,8.6,0.419,0.217,0.364,powerplay,death_bowler,2.04,0.54,20.75,1.0,Baroda,2024,True
LM Yadav,4,4,83,113,3,0,8.17,28.25,20.75,1.0,0.82,1,0.25,0.386,0.75,0.0,28,41,44,18,36,29,9.33,6.83,9.1,0.217,0.434,0.349,middle,death_bowler,0.5,1.5,20.75,0.596,Vidarbha,2022,True
Lagnajit Samal,0,2,24,46,1,0,11.5,,,0.0,0.0,0,0.0,0.208,0.5,0.0,30,16,0,12,12,0,15.0,8.0,,0.5,0.5,0.0,middle,part_time_bowler,,0.0,12.0,0.225,Odisha,2017,False
Lakhan Singh,6,9,114,173,4,0,9.11,28.83,19.0,0.667,0.5,0,0.0,0.342,0.444,0.0,27,102,44,18,72,24,9.0,8.5,11.0,0.158,0.632,0.211,middle,middle_overs_bowler,0.67,0.67,12.67,0.975,Services,2021,True
Lakshay Garg,26,33,671,936,29,1,8.37,36.0,25.81,0.788,0.89,8,0.242,0.355,0.879,0.03,451,165,320,312,162,197,8.67,6.11,9.75,0.465,0.241,0.294,middle,powerplay_bowler,1.56,0.5,20.33,1.0,Goa,2023,True
Lalfakzuala Renthlei,0,3,16,23,1,0,8.62,,,0.0,0.0,0,0.0,0.125,0.333,0.0,8,15,0,6,10,0,8.0,9.0,,0.375,0.625,0.0,powerplay,part_time_bowler,,0.0,5.33,0.254,Mizoram,2019,True
Lalhmangaiha,3,7,85,133,2,0,9.39,44.33,28.33,0.429,0.79,1,0.143,0.235,0.286,0.0,0,115,18,0,79,6,,8.73,18.0,0.0,0.929,0.071,middle,middle_overs_bowler,,0.43,12.14,0.792,Mizoram,2021,True
Lalhruai Ralte,13,22,384,626,9,3,9.78,48.15,29.54,0.591,0.91,4,0.182,0.344,0.409,0.136,405,113,108,246,84,54,9.88,8.07,12.0,0.641,0.219,0.141,middle,powerplay_bowler,,0.59,17.45,1.0,Mizoram,2023,True
Lalhruaizela,5,6,72,98,2,0,8.17,19.6,14.4,0.833,1.17,1,0.167,0.306,0.333,0.0,6,83,9,6,54,12,6.0,9.22,4.5,0.083,0.75,0.167,death,middle_overs_bowler,,0.83,12.0,0.675,Mizoram,2020,True
Lalit Yadav,25,35,667,756,9,0,6.8,30.24,26.68,0.714,0.86,5,0.143,0.355,0.257,0.0,141,474,141,132,438,97,6.41,6.49,8.72,0.198,0.657,0.145,powerplay,middle_overs_bowler,0.71,0.73,19.06,1.0,Delhi,2023,True
Lalith Mohan,4,6,138,178,1,0,7.74,44.5,34.5,0.667,0.82,1,0.167,0.362,0.167,0.0,33,131,14,30,102,6,6.6,7.71,14.0,0.217,0.739,0.043,powerplay,middle_overs_bowler,0.33,1.0,23.0,0.875,Andhra,2023,True
Lalnunkima Varte,6,11,198,304,8,1,9.21,50.67,33.0,0.545,0.82,2,0.182,0.394,0.727,0.091,212,25,67,144,24,30,8.83,6.25,13.4,0.727,0.121,0.152,middle,powerplay_bowler,,0.55,18.0,1.0,Mizoram,2020,True
Lalrempuia,0,3,35,64,0,0,10.97,,,0.0,0.0,0,0.0,0.257,0.0,0.0,0,44,20,0,29,6,,9.1,20.0,0.0,0.829,0.171,middle,part_time_bowler,,0.0,11.67,0.333,Mizoram,2018,True
Lamabam Singh,10,15,259,362,1,0,8.39,36.2,25.9,0.667,0.72,2,0.133,0.278,0.067,0.0,82,213,67,54,168,37,9.11,7.61,10.86,0.208,0.649,0.143,middle,middle_overs_bowler,1.25,0.45,17.27,1.0,Manipur,2023,True
Langlonyamba Meitan Keishangbam,1,3,19,23,0,0,7.26,23.0,19.0,0.333,0.58,0,0.0,0.368,0.0,0.0,0,19,4,0,18,1,,6.33,24.0,0.0,0.947,0.053,middle,part_time_bowler,,0.33,6.33,0.267,Manipur,2023,True
Larry Sangma,0,1,6,7,0,0,7.0,,,0.0,0.0,0,0.0,0.5,0.0,0.0,0,0,7,0,0,6,,,7.0,0.0,0.0,1.0,death,part_time_bowler,0.0,,6.0,0.088,Meghalaya,2021,False
Lee Yong Lepcha,1,9,93,165,1,0,10.65,165.0,93.0,0.111,0.33,0,0.0,0.215,0.111,0.0,0,165,0,0,93,0,,10.65,,0.0,1.0,0.0,middle,middle_overs_bowler,0.0,0.12,10.33,0.888,Sikkim,2021,True
Licha Tehi,2,10,186,260,4,2,8.39,130.0,93.0,0.2,0.42,0,0.0,0.36,0.4,0.2,177,34,49,132,30,24,8.05,6.8,12.25,0.71,0.161,0.129,middle,powerplay_bowler,,0.2,18.6,1.0,Arunachal Pradesh,2019,True
Logesh Prabagaran,0,1,6,12,0,0,12.0,,,0.0,0.0,0,0.0,0.333,0.0,0.0,0,12,0,0,6,0,,12.0,,0.0,1.0,0.0,middle,part_time_bowler,,0.0,6.0,0.088,Puducherry,2021,False
Lone Nasir Muzaffar,2,2,30,35,1,0,7.0,17.5,15.0,1.0,0.0,0,0.0,0.367,0.5,0.0,0,35,0,0,30,0,,7.0,,0.0,1.0,0.0,middle,part_time_bowler,1.0,,15.0,0.25,Jammu & Kashmir,2023,False
M Abin Mathew,1,1,24,42,0,0,10.5,42.0,24.0,1.0,0.0,0,0.0,0.25,0.0,0.0,0,16,26,0,12,12,,8.0,13.0,0.0,0.5,0.5,middle,part_time_bowler,,1.0,24.0,0.162,Puducherry,2022,False
M Ashwin,44,38,783,901,32,2,6.9,20.48,17.8,1.158,1.0,14,0.368,0.36,0.842,0.053,1,689,211,6,642,135,1.0,6.44,9.38,0.008,0.82,0.172,powerplay,middle_overs_bowler,1.16,1.14,20.61,1.0,Tamil Nadu,2021,True
M Markande,35,35,704,884,10,1,7.53,25.26,20.11,1.0,1.06,10,0.286,0.354,0.286,0.029,59,726,99,54,583,67,6.56,7.47,8.87,0.077,0.828,0.095,powerplay,middle_overs_bowler,1.17,0.64,20.11,1.0,Punjab,2023,True
M Mohammed,27,31,498,643,11,1,7.75,23.81,18.44,0.871,0.99,6,0.194,0.299,0.355,0.032,49,327,267,36,300,162,8.17,6.54,9.89,0.072,0.602,0.325,middle,death_bowler,1.0,0.43,16.06,1.0,Tamil Nadu,2023,True
M Prasidh Krishna,19,21,435,552,13,0,7.61,29.05,22.89,0.905,0.94,4,0.19,0.46,0.619,0.0,286,111,155,228,94,113,7.53,7.09,8.23,0.524,0.216,0.26,middle,powerplay_bowler,1.07,0.5,20.71,1.0,Karnataka,2023,True
M Shahrukh Khan,0,1,12,21,0,0,10.5,,,0.0,0.0,0,0.0,0.167,0.0,0.0,0,0,21,0,0,12,,,10.5,0.0,0.0,1.0,death,part_time_bowler,0.0,,12.0,0.112,Tamil Nadu,2015,False
M Siddharth,15,5,108,87,1,1,4.83,5.8,7.2,3.0,1.73,4,0.8,0.62,0.2,0.2,21,66,0,30,72,6,4.2,5.5,0.0,0.278,0.667,0.056,death,middle_overs_bowler,3.75,0.0,21.6,0.762,Tamil Nadu,2020,True
M Vijay,0,1,6,3,0,0,3.0,,,0.0,0.0,0,0.0,0.5,0.0,0.0,0,3,0,0,6,0,,3.0,,0.0,1.0,0.0,middle,part_time_bowler,,0.0,6.0,0.088,Tamil Nadu,2018,False
MB Darshan,6,4,84,127,2,0,9.07,21.17,14.0,1.5,1.29,2,0.5,0.321,0.5,0.0,26,49,52,18,36,30,8.67,8.17,10.4,0.214,0.429,0.357,middle,death_bowler,1.5,1.5,21.0,0.6,Karnataka,2021,True
MD Ingale,6,6,108,164,6,0,9.11,27.33,18.0,1.0,0.89,2,0.333,0.343,1.0,0.0,85,19,60,60,18,30,8.5,6.33,12.0,0.556,0.167,0.278,middle,powerplay_bowler,1.33,0.67,18.0,0.825,Maharashtra,2020,True
MD Nidheesh,10,10,198,256,10,0,7.76,25.6,19.8,1.0,1.05,3,0.3,0.424,1.0,0.0,119,54,83,108,42,48,6.61,7.71,10.38,0.545,0.212,0.242,powerplay,powerplay_bowler,1.29,0.33,19.8,1.0,Kerala,2020,True
MG Sirur,13,9,190,241,1,0,7.61,18.54,14.62,1.444,1.51,3,0.333,0.337,0.111,0.0,25,149,67,18,132,40,8.33,6.77,10.05,0.095,0.695,0.211,middle,middle_overs_bowler,1.5,1.43,21.11,1.0,Goa,2020,True
MJ Suthar,0,1,18,24,0,0,8.0,,,0.0,0.0,0,0.0,0.167,0.0,0.0,9,15,0,6,12,0,9.0,7.5,,0.333,0.667,0.0,middle,part_time_bowler,,0.0,18.0,0.138,Rajasthan,2022,False
MK Lomror,3,16,170,203,6,0,7.16,67.67,56.67,0.188,0.4,0,0.0,0.318,0.375,0.0,15,170,18,7,149,14,12.86,6.85,7.71,0.041,0.876,0.082,middle,middle_overs_bowler,0.1,0.33,10.62,1.0,Rajasthan,2021,True
MK Mahale,0,1,18,39,0,0,13.0,,,0.0,0.0,0,0.0,0.056,0.0,0.0,0,15,24,0,12,6,,7.5,24.0,0.0,0.667,0.333,middle,part_time_bowler,,0.0,18.0,0.138,Vidarbha,2024,False
MK Tiwary,13,17,265,356,12,0,8.06,27.38,20.38,0.765,1.15,4,0.235,0.26,0.706,0.0,0,257,99,0,204,61,,7.56,9.74,0.0,0.77,0.23,middle,middle_overs_bowler,1.0,0.33,15.59,1.0,Bengal,2020,True
MM Patel,3,8,174,180,3,1,6.21,60.0,58.0,0.375,0.52,0,0.0,0.448,0.375,0.125,129,17,34,138,18,18,5.61,5.67,11.33,0.793,0.103,0.103,powerplay,powerplay_bowler,0.4,0.33,21.75,1.0,Baroda,2015,True
MM Sharma,7,13,276,357,4,0,7.76,51.0,39.43,0.538,0.88,1,0.077,0.438,0.308,0.0,150,3,204,156,6,114,5.77,3.0,10.74,0.565,0.022,0.413,middle,death_bowler,0.71,0.33,21.23,1.0,Haryana,2023,True
MN Singh,0,1,6,8,0,0,8.0,,,0.0,0.0,0,0.0,0.167,0.0,0.0,8,0,0,6,0,0,8.0,,,1.0,0.0,0.0,powerplay,part_time_bowler,,0.0,6.0,0.088,Rajasthan,2015,False
MP Yadav,3,3,54,70,3,0,7.78,23.33,18.0,1.0,1.0,1,0.333,0.315,1.0,0.0,24,34,12,18,24,12,8.0,8.5,6.0,0.333,0.444,0.222,death,part_time_bowler,0.0,1.5,18.0,0.412,Delhi,2023,True
MR Raut,3,5,54,97,1,0,10.78,32.33,18.0,0.6,0.89,1,0.2,0.222,0.2,0.0,6,81,10,6,42,6,6.0,11.57,10.0,0.111,0.778,0.111,powerplay,part_time_bowler,0.0,0.75,10.8,0.538,Railways,2022,True
MS Akhil,3,3,48,75,1,0,9.38,25.0,16.0,1.0,1.0,1,0.333,0.167,0.333,0.0,0,51,24,0,36,12,,8.5,12.0,0.0,0.75,0.25,middle,part_time_bowler,1.5,0.0,16.0,0.388,Kerala,2021,True
MS Bhandage,7,9,108,170,1,0,9.44,24.29,15.43,0.778,0.83,2,0.222,0.296,0.111,0.0,35,135,0,18,90,0,11.67,9.0,,0.167,0.833,0.0,middle,middle_overs_bowler,1.0,0.33,12.0,0.95,Karnataka,2023,True
MS Gony,13,12,241,298,6,1,7.42,22.92,18.54,1.083,1.16,3,0.25,0.49,0.5,0.083,201,45,52,174,36,31,6.93,7.5,10.06,0.722,0.149,0.129,powerplay,powerplay_bowler,1.43,0.6,20.08,1.0,Punjab,2018,True
MS Redkar,4,2,48,60,1,0,7.5,15.0,12.0,2.0,0.0,2,1.0,0.375,0.5,0.0,25,32,3,18,24,6,8.33,8.0,3.0,0.375,0.5,0.125,death,part_time_bowler,2.0,2.0,24.0,0.325,Goa,2023,False
MV Pithiya,0,3,24,23,0,0,5.75,,,0.0,0.0,0,0.0,0.333,0.0,0.0,0,23,0,0,24,0,,5.75,,0.0,1.0,0.0,middle,part_time_bowler,0.0,0.0,8.0,0.288,Baroda,2024,True
Madhav Avsh,0,1,6,16,0,0,16.0,,,0.0,0.0,0,0.0,0.0,0.0,0.0,0,16,0,0,6,0,,16.0,,0.0,1.0,0.0,middle,part_time_bowler,,0.0,6.0,0.088,Arunachal Pradesh,2018,False
Malay Raj,3,2,36,52,2,0,8.67,17.33,12.0,1.5,0.71,1,0.5,0.444,1.0,0.0,15,37,0,6,30,0,15.0,7.4,,0.167,0.833,0.0,middle,part_time_bowler,,1.5,18.0,0.275,Bihar,2022,False
Manan Sharma,9,7,150,206,2,0,8.24,22.89,16.67,1.286,1.38,2,0.286,0.387,0.286,0.0,58,140,8,48,96,6,7.25,8.75,8.0,0.32,0.64,0.04,powerplay,powerplay_bowler,1.6,0.5,21.43,0.938,Delhi,2015,True
Mandeep Singh,4,13,135,171,7,0,7.6,42.75,33.75,0.308,0.48,0,0.0,0.289,0.538,0.0,15,111,45,9,84,42,10.0,7.93,6.43,0.067,0.622,0.311,death,death_bowler,0.25,0.4,10.38,1.0,Punjab,2020,True
Mandup Bhutia,1,6,90,134,0,0,8.93,134.0,90.0,0.167,0.41,0,0.0,0.356,0.0,0.0,15,119,0,18,72,0,5.0,9.92,,0.2,0.8,0.0,powerplay,middle_overs_bowler,1.0,0.0,15.0,0.75,Sikkim,2021,True
Mangal Mahrour,1,3,24,38,0,0,9.5,38.0,24.0,0.333,0.58,0,0.0,0.208,0.0,0.0,0,31,7,0,18,6,,10.33,7.0,0.0,0.75,0.25,death,part_time_bowler,0.0,0.5,8.0,0.288,Bihar,2021,True
Manik Gupta,2,2,36,42,0,0,7.0,21.0,18.0,1.0,0.0,0,0.0,0.389,0.0,0.0,0,42,0,0,36,0,,7.0,,0.0,1.0,0.0,middle,part_time_bowler,1.0,1.0,18.0,0.275,Jammu & Kashmir,2017,False
Manisankar Murasingh,27,37,727,902,38,9,7.44,33.41,26.93,0.73,0.69,5,0.135,0.444,1.027,0.243,579,52,271,516,54,157,6.73,5.78,10.36,0.71,0.074,0.216,middle,powerplay_bowler,1.17,0.52,19.65,1.0,Tripura,2023,True
Manish Golamaru,9,10,216,223,0,0,6.19,24.78,24.0,0.9,0.57,1,0.1,0.394,0.0,0.0,31,192,0,42,174,0,4.43,6.62,,0.194,0.806,0.0,powerplay,middle_overs_bowler,1.0,0.8,21.6,1.0,Andhra,2023,True
Manish Sharma,3,2,42,47,1,0,6.71,15.67,14.0,1.5,0.71,1,0.5,0.381,0.5,0.0,19,28,0,24,18,0,4.75,9.33,,0.571,0.429,0.0,powerplay,part_time_bowler,1.0,2.0,21.0,0.3,Gujarat,2018,False
Manjeet Singh,5,4,85,110,3,2,7.76,22.0,17.0,1.25,0.96,2,0.5,0.412,0.75,0.5,33,52,25,24,36,25,8.25,8.67,6.0,0.282,0.424,0.294,death,middle_overs_bowler,2.0,0.5,21.25,0.604,Railways,2018,True
Manjinder Singh,1,2,24,34,0,0,8.5,34.0,24.0,0.5,0.71,0,0.0,0.542,0.0,0.0,34,0,0,24,0,0,8.5,,,1.0,0.0,0.0,powerplay,part_time_bowler,,0.5,12.0,0.225,Nagaland,2018,False
Manogaran Pooviarasan,0,1,18,37,2,2,12.33,,,0.0,0.0,0,0.0,0.222,2.0,2.0,0,24,13,0,12,6,,12.0,13.0,0.0,0.667,0.333,middle,part_time_bowler,,0.0,18.0,0.138,Puducherry,2021,False
Manoj Barik,1,3,48,68,0,0,8.5,68.0,48.0,0.333,0.58,0,0.0,0.25,0.0,0.0,9,59,0,6,42,0,9.0,8.43,,0.125,0.875,0.0,middle,part_time_bowler,,0.33,16.0,0.388,Odisha,2015,True
Manvan Patel,6,7,132,196,5,1,8.91,32.67,22.0,0.857,1.46,1,0.143,0.303,0.714,0.143,96,59,41,66,42,24,8.73,8.43,10.25,0.5,0.318,0.182,middle,powerplay_bowler,,0.86,18.86,0.938,Arunachal Pradesh,2021,True
Manzoor Dar,2,6,41,69,1,1,10.1,34.5,20.5,0.333,0.52,0,0.0,0.268,0.167,0.167,6,40,23,6,18,17,6.0,13.33,8.12,0.146,0.439,0.415,powerplay,part_time_bowler,0.33,0.33,6.83,0.546,Jammu & Kashmir,2018,True
Marimuthu Vikneshwaran,2,4,25,37,1,0,8.88,18.5,12.5,0.5,1.0,1,0.25,0.24,0.25,0.0,5,20,12,6,12,7,5.0,10.0,10.29,0.24,0.48,0.28,powerplay,part_time_bowler,0.0,0.67,6.25,0.354,Puducherry,2021,True
Mark Ingty,0,2,18,27,0,0,9.0,,,0.0,0.0,0,0.0,0.389,0.0,0.0,27,0,0,18,0,0,9.0,,,1.0,0.0,0.0,powerplay,part_time_bowler,,0.0,9.0,0.2,Meghalaya,2019,False
Mayank Dagar,31,30,641,628,5,0,5.88,20.26,20.68,1.033,0.76,9,0.3,0.402,0.167,0.0,49,464,115,54,484,103,5.44,5.75,6.7,0.084,0.755,0.161,powerplay,middle_overs_bowler,1.41,0.54,21.37,1.0,Himachal,2022,True
Mayank Mishra,18,16,317,377,3,1,7.14,20.94,17.61,1.125,1.2,5,0.312,0.404,0.188,0.062,103,183,91,84,186,47,7.36,5.9,11.62,0.265,0.587,0.148,middle,middle_overs_bowler,1.75,0.92,19.81,1.0,Uttarakhand,2022,True
Mayank Raghav,1,3,48,98,1,0,12.25,98.0,48.0,0.333,0.58,0,0.0,0.167,0.333,0.0,0,85,13,0,42,6,,12.14,13.0,0.0,0.875,0.125,middle,part_time_bowler,,0.33,16.0,0.388,Manipur,2018,True
Mayank Rawat,0,1,6,9,0,0,9.0,,,0.0,0.0,0,0.0,0.333,0.0,0.0,0,9,0,0,6,0,,9.0,,0.0,1.0,0.0,middle,part_time_bowler,,0.0,6.0,0.088,Delhi,2024,False
Md Nazim,0,1,6,10,0,0,10.0,,,0.0,0.0,0,0.0,0.333,0.0,0.0,0,10,0,0,6,0,,10.0,,0.0,1.0,0.0,middle,part_time_bowler,,0.0,6.0,0.088,Uttarakhand,2021,False
Md Saptula,1,5,90,96,0,0,6.4,96.0,90.0,0.2,0.45,0,0.0,0.344,0.0,0.0,35,51,10,36,48,6,5.83,6.38,10.0,0.4,0.533,0.067,powerplay,powerplay_bowler,0.0,0.25,18.0,0.688,Sikkim,2021,True
Mehdi Hassan,19,19,424,516,3,0,7.3,27.16,22.32,1.0,1.15,6,0.316,0.368,0.158,0.0,145,297,74,126,252,46,6.9,7.07,9.65,0.297,0.594,0.108,powerplay,middle_overs_bowler,1.0,1.0,22.32,1.0,Hyderabad (India),2021,True
Merenka Jamir,0,1,6,19,0,0,19.0,,,0.0,0.0,0,0.0,0.0,0.0,0.0,19,0,0,6,0,0,19.0,,,1.0,0.0,0.0,powerplay,part_time_bowler,,0.0,6.0,0.088,Nagaland,2022,False
Mickil Jaiswal,1,2,12,11,1,0,5.5,11.0,12.0,0.5,0.71,0,0.0,0.417,0.5,0.0,0,11,0,0,12,0,,5.5,,0.0,1.0,0.0,middle,part_time_bowler,1.0,0.0,6.0,0.175,Hyderabad (India),2022,False
Mihir Hirwani,17,22,419,503,9,0,7.2,29.59,24.65,0.773,0.92,3,0.136,0.313,0.409,0.0,0,467,36,0,384,35,,7.3,6.17,0.0,0.916,0.084,death,middle_overs_bowler,0.64,1.0,19.05,1.0,Madhya Pradesh,2021,True
Milind Kumar,2,5,48,68,0,0,8.5,34.0,24.0,0.4,0.89,1,0.2,0.25,0.0,0.0,14,41,13,12,24,12,7.0,10.25,6.5,0.25,0.5,0.25,death,part_time_bowler,0.0,1.0,9.6,0.512,Delhi,2018,True
Moakumzuk Tzudir,0,1,6,12,0,0,12.0,,,0.0,0.0,0,0.0,0.333,0.0,0.0,12,0,0,6,0,0,12.0,,,1.0,0.0,0.0,powerplay,part_time_bowler,,0.0,6.0,0.088,Nagaland,2019,False
Mohammad Ronak,0,1,6,21,0,0,21.0,,,0.0,0.0,0,0.0,0.0,0.0,0.0,21,0,0,6,0,0,21.0,,,1.0,0.0,0.0,powerplay,part_time_bowler,0.0,,6.0,0.088,Sikkim,2020,False
Mohammad Saif,1,2,25,24,0,0,5.76,24.0,25.0,0.5,0.71,0,0.0,0.44,0.0,0.0,16,4,4,12,12,1,8.0,2.0,24.0,0.48,0.48,0.04,middle,part_time_bowler,1.0,0.0,12.5,0.229,Railways,2023,False
Mohammed Mudhasir,10,10,194,248,6,4,7.67,24.8,19.4,1.0,0.82,3,0.3,0.505,0.6,0.4,171,13,64,144,12,38,7.12,6.5,10.11,0.742,0.062,0.196,middle,powerplay_bowler,1.0,1.0,19.4,1.0,Jammu & Kashmir,2017,True
Mohammed Shami,8,4,86,117,4,0,8.16,14.62,10.75,2.0,0.82,3,0.75,0.465,1.0,0.0,67,0,50,54,0,32,7.44,,9.38,0.628,0.0,0.372,powerplay,death_bowler,2.0,2.0,21.5,0.608,Bengal,2024,True
Mohammed Siraj,38,23,520,665,17,0,7.67,17.5,13.68,1.652,1.11,13,0.565,0.415,0.739,0.0,295,66,304,252,60,208,7.02,6.6,8.77,0.485,0.115,0.4,middle,death_bowler,1.67,1.64,22.61,1.0,Hyderabad (India),2021,True
Mohd Israr,2,1,18,12,1,0,4.0,6.0,9.0,2.0,0.0,1,1.0,0.611,1.0,0.0,5,7,0,12,6,0,2.5,7.0,,0.667,0.333,0.0,powerplay,part_time_bowler,,2.0,18.0,0.138,Uttar Pradesh,2017,False
Mohit Avasthi,18,13,288,376,10,1,7.83,20.89,16.0,1.385,1.12,7,0.538,0.417,0.769,0.077,144,46,186,150,36,102,5.76,7.67,10.94,0.521,0.125,0.354,powerplay,death_bowler,1.5,1.0,22.15,1.0,Mumbai,2024,True
Mohit Jain,4,1,24,15,0,0,3.75,3.75,6.0,4.0,0.0,1,1.0,0.542,0.0,0.0,2,12,1,6,12,6,2.0,6.0,1.0,0.25,0.5,0.25,death,part_time_bowler,4.0,,24.0,0.162,Rajasthan,2021,False
Mohit Jangra,4,6,126,164,2,0,7.81,41.0,31.5,0.667,0.52,0,0.0,0.397,0.333,0.0,94,24,46,78,18,30,7.23,8.0,9.2,0.619,0.143,0.238,powerplay,powerplay_bowler,0.0,0.8,21.0,0.875,Mizoram,2023,True
Mohit Kumar,22,14,319,401,7,2,7.54,18.23,14.5,1.571,0.85,7,0.5,0.386,0.5,0.143,132,88,181,132,78,109,6.0,6.77,9.96,0.414,0.245,0.342,powerplay,death_bowler,1.56,1.6,22.79,1.0,Services,2020,True
Mohit Mongia,1,1,12,13,0,0,6.5,13.0,12.0,1.0,0.0,0,0.0,0.333,0.0,0.0,0,13,0,0,12,0,,6.5,,0.0,1.0,0.0,middle,part_time_bowler,,1.0,12.0,0.112,Baroda,2018,False
Mohsin Khan,34,25,516,620,13,1,7.21,18.24,15.18,1.36,0.95,13,0.52,0.432,0.52,0.04,248,171,201,210,162,144,7.09,6.33,8.38,0.407,0.314,0.279,middle,powerplay_bowler,1.55,1.21,20.64,1.0,Uttar Pradesh,2024,True
Mohsin Khan (2),4,2,48,53,0,0,6.62,13.25,12.0,2.0,1.41,1,0.5,0.354,0.0,0.0,27,26,0,24,24,0,6.75,6.5,,0.5,0.5,0.0,middle,part_time_bowler,2.0,,24.0,0.325,Uttar Pradesh,2023,False
Monu Kumar,26,19,413,489,18,0,7.1,18.81,15.88,1.368,1.26,8,0.421,0.45,0.947,0.0,258,23,208,240,36,137,6.45,3.83,9.11,0.581,0.087,0.332,middle,death_bowler,1.78,1.0,21.74,1.0,Jharkhand,2021,True
Mrinmoy Dutta,14,14,262,365,14,4,8.36,26.07,18.71,1.0,1.04,5,0.357,0.401,1.0,0.286,212,46,107,150,60,52,8.48,4.6,12.35,0.573,0.229,0.198,middle,powerplay_bowler,1.43,0.57,18.71,1.0,Assam,2023,True
Mughavi Wotsa,0,3,30,46,0,0,9.2,,,0.0,0.0,0,0.0,0.3,0.0,0.0,0,46,0,0,30,0,,9.2,,0.0,1.0,0.0,middle,part_time_bowler,0.0,0.0,10.0,0.312,Nagaland,2019,True
Mujtaba Yousuf,9,11,228,301,6,3,7.92,33.44,25.33,0.818,0.75,2,0.182,0.434,0.545,0.273,128,86,87,108,54,66,7.11,9.56,7.91,0.474,0.237,0.289,powerplay,powerplay_bowler,1.0,0.6,20.73,1.0,Jammu & Kashmir,2021,True
Mukesh Choudhary,16,11,241,351,19,2,8.74,21.94,15.06,1.455,0.93,4,0.364,0.432,1.727,0.182,130,47,174,120,30,91,6.5,9.4,11.47,0.498,0.124,0.378,powerplay,death_bowler,1.8,1.17,21.91,1.0,Maharashtra,2021,True
Mukesh Kumar,19,17,380,491,15,1,7.75,25.84,20.0,1.118,0.78,4,0.235,0.426,0.882,0.059,207,105,179,188,90,102,6.61,7.0,10.53,0.495,0.237,0.268,powerplay,powerplay_bowler,1.29,1.0,22.35,1.0,Bengal,2023,True
Mukhtar Hussain,22,19,384,520,11,6,8.12,23.64,17.45,1.158,1.21,6,0.316,0.422,0.579,0.316,303,68,149,228,60,96,7.97,6.8,9.31,0.594,0.156,0.25,middle,powerplay_bowler,1.55,0.62,20.21,1.0,Assam,2023,True
Myendung Singpho,5,7,86,137,1,0,9.56,27.4,17.2,0.714,1.11,1,0.143,0.244,0.143,0.0,17,91,29,12,56,18,8.5,9.75,9.67,0.14,0.651,0.209,powerplay,middle_overs_bowler,,0.71,12.29,0.796,Arunachal Pradesh,2021,True
N Rana,23,28,409,438,5,0,6.43,19.04,17.78,0.821,0.98,6,0.214,0.357,0.179,0.0,0,295,143,0,285,124,,6.21,6.92,0.0,0.697,0.303,middle,death_bowler,1.0,0.58,14.61,1.0,Delhi,2024,True
N Sindhu,2,3,24,21,0,0,5.25,10.5,12.0,0.667,1.15,1,0.333,0.5,0.0,0.0,21,0,0,24,0,0,5.25,,,1.0,0.0,0.0,powerplay,part_time_bowler,0.0,1.0,8.0,0.288,Haryana,2023,True
NA Rathva,27,27,420,477,4,0,6.81,17.67,15.56,1.0,1.18,8,0.296,0.374,0.148,0.0,61,365,51,60,318,42,6.1,6.89,7.29,0.143,0.757,0.1,powerplay,middle_overs_bowler,1.07,0.92,15.56,1.0,Baroda,2023,True
NB Singh,17,7,156,136,7,1,5.23,8.0,9.18,2.429,1.51,5,0.714,0.519,1.0,0.143,24,29,83,42,36,78,3.43,4.83,6.38,0.269,0.231,0.5,powerplay,death_bowler,2.33,2.5,22.29,0.938,Rajasthan,2018,True
NN Bhute,0,2,30,56,2,0,11.2,,,0.0,0.0,0,0.0,0.3,1.0,0.0,38,18,0,18,12,0,12.67,9.0,,0.6,0.4,0.0,middle,part_time_bowler,,0.0,15.0,0.25,Vidarbha,2020,False
NN Sen Chowdhary,1,4,35,49,0,0,8.4,49.0,35.0,0.25,0.5,0,0.0,0.143,0.0,0.0,0,32,17,0,24,11,,8.0,9.27,0.0,0.686,0.314,middle,part_time_bowler,0.0,0.33,8.75,0.396,Tripura,2018,True
NR Dhumal,0,1,18,28,1,0,9.33,,,0.0,0.0,0,0.0,0.5,1.0,0.0,8,20,0,6,12,0,8.0,10.0,,0.333,0.667,0.0,powerplay,part_time_bowler,0.0,,18.0,0.138,Maharashtra,2019,False
NS Sharma,1,1,24,26,0,0,6.5,26.0,24.0,1.0,0.0,0,0.0,0.375,0.0,0.0,9,9,8,6,12,6,9.0,4.5,8.0,0.25,0.5,0.25,middle,part_time_bowler,,1.0,24.0,0.162,Chandigarh,2024,False
Nabam Tempol,1,4,54,82,2,0,9.11,82.0,54.0,0.25,0.5,0,0.0,0.315,0.5,0.0,28,54,0,18,36,0,9.33,9.0,,0.333,0.667,0.0,middle,part_time_bowler,,0.25,13.5,0.475,Arunachal Pradesh,2020,True
Nagaho Chishi,8,15,227,281,7,4,7.43,35.12,28.38,0.533,0.83,1,0.067,0.396,0.467,0.267,167,52,62,132,47,48,7.59,6.64,7.75,0.581,0.207,0.211,middle,powerplay_bowler,1.0,0.22,15.13,1.0,Nagaland,2023,True
Naren Reddy,4,6,83,85,0,0,6.14,21.25,20.75,0.667,0.82,1,0.167,0.349,0.0,0.0,16,65,4,12,66,5,8.0,5.91,4.8,0.145,0.795,0.06,death,middle_overs_bowler,0.67,0.67,13.83,0.721,Andhra,2020,True
Naushad Shaikh,9,14,191,189,1,0,5.94,21.0,21.22,0.643,0.84,1,0.071,0.356,0.071,0.0,15,163,11,24,161,6,3.75,6.07,11.0,0.126,0.843,0.031,powerplay,middle_overs_bowler,0.8,0.25,13.64,1.0,Maharashtra,2021,True
Navdeep Saini,19,27,585,673,25,5,6.9,35.42,30.79,0.704,0.72,4,0.148,0.443,0.926,0.185,335,134,204,324,117,144,6.2,6.87,8.5,0.554,0.2,0.246,powerplay,powerplay_bowler,0.81,0.55,21.67,1.0,Delhi,2023,True
Nazeeb Saiyed,2,4,71,86,4,0,7.27,43.0,35.5,0.5,0.58,0,0.0,0.423,1.0,0.0,46,10,30,48,6,17,5.75,10.0,10.59,0.676,0.085,0.239,powerplay,powerplay_bowler,,0.5,17.75,0.546,Arunachal Pradesh,2020,True
Neelambuj Vats,0,3,31,50,0,1,9.68,,,0.0,0.0,0,0.0,0.258,0.0,0.333,14,36,0,6,25,0,14.0,8.64,,0.194,0.806,0.0,middle,part_time_bowler,,0.0,10.33,0.317,Tripura,2019,True
Neetesh Sharma,1,2,12,27,0,0,13.5,27.0,12.0,0.5,0.71,0,0.0,0.333,0.0,0.0,0,27,0,0,12,0,,13.5,,0.0,1.0,0.0,middle,part_time_bowler,,0.5,6.0,0.175,Meghalaya,2018,False
Nihal Surlaker,0,1,12,24,0,0,12.0,,,0.0,0.0,0,0.0,0.167,0.0,0.0,24,0,0,12,0,0,12.0,,,1.0,0.0,0.0,powerplay,part_time_bowler,,0.0,12.0,0.112,Goa,2021,False
Nikhil Chaudhary,2,5,84,120,1,0,8.57,60.0,42.0,0.4,0.55,0,0.0,0.298,0.2,0.0,29,64,27,12,60,12,14.5,6.4,13.5,0.143,0.714,0.143,middle,middle_overs_bowler,0.5,0.33,16.8,0.662,Punjab,2019,True
Nikhil Gangta,1,5,42,67,0,1,9.57,67.0,42.0,0.2,0.45,0,0.0,0.238,0.0,0.2,0,67,0,0,42,0,,9.57,,0.0,1.0,0.0,middle,part_time_bowler,0.5,0.0,8.4,0.488,Himachal,2018,True
Nikhil Kohli,4,6,112,172,5,2,9.21,43.0,28.0,0.667,1.21,1,0.167,0.393,0.833,0.333,84,18,70,66,12,34,7.64,9.0,12.35,0.589,0.107,0.304,powerplay,death_bowler,1.0,0.6,18.67,0.842,Uttarakhand,2021,True
Nipan Deka,0,1,18,27,0,0,9.0,,,0.0,0.0,0,0.0,0.167,0.0,0.0,11,11,5,6,6,6,11.0,11.0,5.0,0.333,0.333,0.333,death,part_time_bowler,,0.0,18.0,0.138,Assam,2017,False
Nishunk Birla,0,1,6,17,0,0,17.0,,,0.0,0.0,0,0.0,0.333,0.0,0.0,17,0,0,6,0,0,17.0,,,1.0,0.0,0.0,powerplay,part_time_bowler,,0.0,6.0,0.088,Chandigarh,2024,False
Nitesh Gupta,3,2,42,40,2,0,5.71,13.33,14.0,1.5,0.71,1,0.5,0.333,1.0,0.0,4,36,0,6,36,0,4.0,6.0,,0.143,0.857,0.0,powerplay,part_time_bowler,,1.5,21.0,0.3,Sikkim,2020,False
Nitesh Hooda,0,1,12,14,0,0,7.0,,,0.0,0.0,0,0.0,0.167,0.0,0.0,0,14,0,0,12,0,,7.0,,0.0,1.0,0.0,middle,part_time_bowler,,0.0,12.0,0.112,Haryana,2021,False
Nitesh Lohchab,0,2,24,36,1,0,9.0,,,0.0,0.0,0,0.0,0.375,0.5,0.0,23,13,0,18,6,0,7.67,13.0,,0.75,0.25,0.0,powerplay,part_time_bowler,,0.0,12.0,0.225,Nagaland,2018,False
Nitesh Sedai,2,9,132,194,1,0,8.82,97.0,66.0,0.222,0.44,0,0.0,0.273,0.111,0.0,45,140,9,24,102,6,11.25,8.24,9.0,0.182,0.773,0.045,middle,middle_overs_bowler,0.0,0.25,14.67,1.0,Manipur,2023,True
Nithish Kumar Reddy,0,1,6,22,0,0,22.0,,,0.0,0.0,0,0.0,0.0,0.0,0.0,22,0,0,6,0,0,22.0,,,1.0,0.0,0.0,powerplay,part_time_bowler,,0.0,6.0,0.088,Andhra,2021,False
Nitin Tanwar,8,8,167,194,4,0,6.97,24.25,20.88,1.0,0.76,2,0.25,0.383,0.5,0.0,37,141,16,24,131,12,9.25,6.46,8.0,0.144,0.784,0.072,middle,middle_overs_bowler,0.67,1.2,20.88,1.0,Services,2021,True
Nitin Yadav,15,10,234,324,6,0,8.31,21.6,15.6,1.5,1.18,4,0.4,0.372,0.6,0.0,138,58,128,102,60,72,8.12,5.8,10.67,0.436,0.256,0.308,middle,death_bowler,1.6,1.4,23.4,1.0,Services,2021,True
Nitish Rao,1,1,6,9,0,0,9.0,9.0,6.0,1.0,0.0,0,0.0,0.333,0.0,0.0,0,9,0,0,6,0,,9.0,,0.0,1.0,0.0,middle,part_time_bowler,,1.0,6.0,0.088,Chhattisgarh,2017,False
Niyas Nizar,3,1,24,14,0,0,3.5,4.67,8.0,3.0,0.0,1,1.0,0.667,0.0,0.0,6,4,4,12,6,6,3.0,4.0,4.0,0.5,0.25,0.25,powerplay,part_time_bowler,3.0,,24.0,0.162,Kerala,2015,False
Nongthombam Denin,2,2,42,46,0,0,6.57,23.0,21.0,1.0,0.0,0,0.0,0.429,0.0,0.0,13,16,17,12,24,6,6.5,4.0,17.0,0.286,0.571,0.143,middle,part_time_bowler,,1.0,21.0,0.3,Manipur,2020,False
Nongthombam Sarojkumar,0,1,24,21,0,0,5.25,,,0.0,0.0,0,0.0,0.375,0.0,0.0,0,17,4,0,18,6,,5.67,4.0,0.0,0.75,0.25,death,part_time_bowler,,0.0,24.0,0.162,Manipur,2020,False
P Awana,9,6,132,140,0,0,6.36,15.56,14.67,1.5,1.22,2,0.333,0.515,0.0,0.0,84,26,30,78,30,24,6.46,5.2,7.5,0.591,0.227,0.182,middle,powerplay_bowler,1.75,1.0,22.0,0.875,Delhi,2015,True
P Chopra,0,6,48,69,1,0,8.62,,,0.0,0.0,0,0.0,0.271,0.167,0.0,0,63,6,0,42,6,,9.0,6.0,0.0,0.875,0.125,death,part_time_bowler,0.0,0.0,8.0,0.575,Himachal,2019,True
P Dogra,0,1,1,1,0,0,6.0,,,0.0,0.0,0,0.0,0.0,0.0,0.0,0,0,1,0,0,1,,,6.0,0.0,0.0,1.0,death,part_time_bowler,,0.0,1.0,0.067,Puducherry,2019,False
P Dubey,17,17,291,345,2,0,7.11,20.29,17.12,1.0,1.22,5,0.294,0.33,0.118,0.0,23,293,29,12,246,33,11.5,7.15,5.27,0.041,0.845,0.113,death,middle_overs_bowler,1.18,0.67,17.12,1.0,Karnataka,2021,True
P Dutta,1,1,18,25,0,0,8.33,25.0,18.0,1.0,0.0,0,0.0,0.5,0.0,0.0,0,11,14,0,12,6,,5.5,14.0,0.0,0.667,0.333,middle,part_time_bowler,1.0,,18.0,0.138,Punjab,2023,False
P Karia,0,1,24,14,0,0,3.5,,,0.0,0.0,0,0.0,0.667,0.0,0.0,0,1,13,0,12,12,,0.5,6.5,0.0,0.5,0.5,middle,part_time_bowler,0.0,,24.0,0.162,Saurashtra,2023,False
P Kumar,7,12,236,324,9,1,8.24,46.29,33.71,0.583,0.67,1,0.083,0.381,0.75,0.083,221,36,67,174,12,50,7.62,18.0,8.04,0.737,0.051,0.212,powerplay,powerplay_bowler,0.56,0.67,19.67,1.0,Uttar Pradesh,2017,True
P Mardi,0,1,12,23,1,0,11.5,,,0.0,0.0,0,0.0,0.167,1.0,0.0,0,23,0,0,12,0,,11.5,,0.0,1.0,0.0,middle,part_time_bowler,,0.0,12.0,0.112,Bihar,2022,False
P Negi,27,29,559,720,12,0,7.73,26.67,20.7,0.931,0.96,6,0.207,0.367,0.414,0.0,69,503,148,48,435,76,8.62,6.94,11.68,0.086,0.778,0.136,middle,middle_overs_bowler,1.1,0.5,19.28,1.0,Delhi,2020,True
P Prasanth,15,12,270,287,3,0,6.38,19.13,18.0,1.25,1.22,4,0.333,0.363,0.25,0.0,59,178,50,42,180,48,8.43,5.93,6.25,0.156,0.667,0.178,middle,middle_overs_bowler,2.0,0.2,22.5,1.0,Kerala,2017,True
P Ray Barman,4,5,72,91,0,0,7.58,22.75,18.0,0.8,1.79,1,0.2,0.361,0.0,0.0,2,89,0,6,66,0,2.0,8.09,,0.083,0.917,0.0,powerplay,middle_overs_bowler,2.0,0.0,14.4,0.612,Bengal,2020,True
P Saravana Kumar,7,3,54,89,2,1,9.89,12.71,7.71,2.333,2.52,2,0.667,0.481,0.667,0.333,52,0,37,42,0,12,7.43,,18.5,0.778,0.0,0.222,powerplay,part_time_bowler,2.5,2.0,18.0,0.412,Tamil Nadu,2021,True
P Suyal,5,7,150,184,5,1,7.36,36.8,30.0,0.714,0.76,1,0.143,0.493,0.714,0.143,79,37,68,96,24,30,4.94,9.25,13.6,0.64,0.16,0.2,powerplay,powerplay_bowler,2.0,0.5,21.43,0.938,Nagaland,2020,True
P Thamaraikannan,7,8,114,157,3,0,8.26,22.43,16.29,0.875,1.36,1,0.125,0.272,0.375,0.0,19,87,51,6,78,30,19.0,6.69,10.2,0.053,0.684,0.263,middle,middle_overs_bowler,4.0,0.43,14.25,0.975,Puducherry,2020,True
PB Mehta,0,1,6,9,0,0,9.0,,,0.0,0.0,0,0.0,0.167,0.0,0.0,9,0,0,6,0,0,9.0,,,1.0,0.0,0.0,powerplay,part_time_bowler,0.0,,6.0,0.088,Haryana,2015,False
PH Solanki,2,2,42,70,0,0,10.0,35.0,21.0,1.0,0.0,0,0.0,0.333,0.0,0.0,14,38,18,6,30,6,14.0,7.6,18.0,0.143,0.714,0.143,middle,part_time_bowler,1.0,,21.0,0.3,Mumbai,2022,False
PJ Sangwan,26,18,396,509,9,3,7.71,19.58,15.23,1.444,0.98,8,0.444,0.465,0.5,0.167,251,94,164,240,60,96,6.28,9.4,10.25,0.606,0.152,0.242,powerplay,powerplay_bowler,1.85,0.4,22.0,1.0,Delhi,2023,True
PM Singh,2,1,18,8,1,0,2.67,4.0,9.0,2.0,0.0,1,1.0,0.611,1.0,0.0,2,6,0,6,12,0,2.0,3.0,,0.333,0.667,0.0,powerplay,part_time_bowler,2.0,,18.0,0.138,Chhattisgarh,2018,False
PN Mankad,19,25,375,552,13,4,8.83,29.05,19.74,0.76,1.01,5,0.2,0.251,0.52,0.16,69,436,47,48,291,36,8.62,8.99,7.83,0.128,0.776,0.096,death,middle_overs_bowler,1.0,0.4,15.0,1.0,Saurashtra,2024,True
PP Chawla,67,43,987,1049,9,3,6.38,15.66,14.73,1.558,1.12,26,0.605,0.433,0.209,0.07,98,693,258,102,684,201,5.76,6.08,7.7,0.103,0.693,0.204,powerplay,middle_overs_bowler,1.71,1.27,22.95,1.0,Gujarat,2023,True
PP Ojha,5,6,90,123,0,0,8.2,24.6,18.0,0.833,1.33,2,0.333,0.267,0.0,0.0,21,102,0,12,78,0,10.5,7.85,,0.133,0.867,0.0,middle,middle_overs_bowler,0.75,1.0,15.0,0.75,Hyderabad (India),2017,True
PR Rekhade,0,1,18,28,0,0,9.33,,,0.0,0.0,0,0.0,0.222,0.0,0.0,15,13,0,6,12,0,15.0,6.5,,0.333,0.667,0.0,middle,part_time_bowler,,0.0,18.0,0.138,Vidarbha,2024,False
PR Veer,3,1,18,7,0,0,2.33,2.33,6.0,3.0,0.0,1,1.0,0.778,0.0,0.0,0,7,0,0,18,0,,2.33,,0.0,1.0,0.0,middle,part_time_bowler,3.0,,18.0,0.138,Uttar Pradesh,2023,False
PR Yadav,1,1,6,18,1,0,18.0,18.0,6.0,1.0,0.0,0,0.0,0.333,1.0,0.0,0,18,0,0,6,0,,18.0,,0.0,1.0,0.0,middle,part_time_bowler,,1.0,6.0,0.088,Rajasthan,2015,False
PS Kataria,1,3,60,71,2,0,7.1,71.0,60.0,0.333,0.58,0,0.0,0.35,0.667,0.0,0,60,11,0,54,6,,6.67,11.0,0.0,0.9,0.1,middle,middle_overs_bowler,,0.33,20.0,0.438,Arunachal Pradesh,2018,True
PS Painkra,2,3,38,67,1,1,10.58,33.5,19.0,0.667,0.58,0,0.0,0.316,0.333,0.333,39,0,28,24,0,14,9.75,,12.0,0.632,0.0,0.368,powerplay,part_time_bowler,1.0,0.5,12.67,0.346,Chhattisgarh,2023,True
PS Sairam,3,4,84,99,3,1,7.07,33.0,28.0,0.75,0.96,1,0.25,0.274,0.75,0.25,17,58,24,12,54,18,8.5,6.44,8.0,0.143,0.643,0.214,middle,middle_overs_bowler,,0.75,21.0,0.6,Hyderabad (India),2018,True
PV Tambe,10,8,186,214,9,0,6.9,21.4,18.6,1.25,1.04,3,0.375,0.301,1.125,0.0,49,155,10,30,144,12,9.8,6.46,5.0,0.161,0.774,0.065,death,middle_overs_bowler,1.0,1.67,23.25,1.0,Mumbai,2015,True
Padam Limboo,0,2,18,30,1,0,10.0,,,0.0,0.0,0,0.0,0.333,0.5,0.0,20,10,0,12,6,0,10.0,10.0,,0.667,0.333,0.0,powerplay,part_time_bowler,,0.0,9.0,0.2,Sikkim,2019,False
Pallav Kumar Das,7,12,156,163,4,0,6.27,23.29,22.29,0.583,0.67,1,0.083,0.391,0.333,0.0,6,157,0,6,150,0,6.0,6.28,,0.038,0.962,0.0,powerplay,middle_overs_bowler,0.71,0.4,13.0,1.0,Assam,2023,True
Palzor Tamang,9,17,238,320,4,1,8.07,35.56,26.44,0.529,0.87,4,0.235,0.37,0.235,0.059,124,144,52,96,108,34,7.75,8.0,9.18,0.403,0.454,0.143,powerplay,powerplay_bowler,,0.53,14.0,1.0,Sikkim,2021,True
Pankaj Jaswal,43,30,559,725,13,1,7.78,16.86,13.0,1.433,1.45,9,0.3,0.388,0.433,0.033,273,209,243,201,180,178,8.15,6.97,8.19,0.36,0.322,0.318,middle,death_bowler,1.75,1.07,18.63,1.0,Himachal,2022,True
Pankaj Rao,15,16,303,391,10,2,7.74,26.07,20.2,0.938,1.06,4,0.25,0.399,0.625,0.125,241,43,107,210,42,51,6.89,6.14,12.59,0.693,0.139,0.168,middle,powerplay_bowler,1.57,0.44,18.94,1.0,Chhattisgarh,2022,True
Pankaj Shaw,0,2,18,42,1,0,14.0,,,0.0,0.0,0,0.0,0.222,0.5,0.0,9,33,0,6,12,0,9.0,16.5,,0.333,0.667,0.0,powerplay,part_time_bowler,0.0,0.0,9.0,0.2,Bengal,2015,False
Pankaj Singh,10,15,322,415,9,0,7.73,41.5,32.2,0.667,0.82,3,0.2,0.447,0.6,0.0,211,31,173,210,24,88,6.03,7.75,11.8,0.652,0.075,0.273,powerplay,powerplay_bowler,0.75,0.64,21.47,1.0,Puducherry,2020,True
Pappu Roy,19,15,316,309,4,1,5.87,16.26,16.63,1.267,1.39,5,0.333,0.465,0.267,0.067,95,164,50,72,196,48,7.92,5.02,6.25,0.228,0.62,0.152,middle,middle_overs_bowler,2.0,0.78,21.07,1.0,Odisha,2020,True
Paresh Patel,1,1,8,6,0,0,4.5,6.0,8.0,1.0,0.0,0,0.0,0.375,0.0,0.0,0,0,6,0,0,8,,,4.5,0.0,0.0,1.0,death,part_time_bowler,1.0,,8.0,0.096,Odisha,2017,False
Pargat Singh,2,2,18,17,0,0,5.67,8.5,9.0,1.0,1.41,1,0.5,0.389,0.0,0.0,0,7,10,0,6,12,,7.0,5.0,0.0,0.333,0.667,death,part_time_bowler,1.0,,9.0,0.2,Punjab,2015,False
Parikshit Valsangkar,3,8,162,219,2,0,8.11,73.0,54.0,0.375,0.74,1,0.125,0.296,0.25,0.0,45,153,21,30,120,12,9.0,7.65,10.5,0.185,0.741,0.074,middle,middle_overs_bowler,0.75,0.0,20.25,1.0,Mumbai,2019,True
Parivesh Dhar,1,1,24,29,3,0,7.25,29.0,24.0,1.0,0.0,0,0.0,0.292,3.0,0.0,10,4,15,6,6,12,10.0,4.0,7.5,0.25,0.25,0.5,middle,part_time_bowler,,1.0,24.0,0.162,Chhattisgarh,2020,False
Parmesh Vaidik,2,2,42,70,0,0,10.0,35.0,21.0,1.0,0.0,0,0.0,0.333,0.0,0.0,36,34,0,24,18,0,9.0,11.33,,0.571,0.429,0.0,powerplay,part_time_bowler,,1.0,21.0,0.3,Chandigarh,2021,False
Parth Bhut,3,5,84,108,0,0,7.71,36.0,28.0,0.6,0.55,0,0.0,0.369,0.0,0.0,22,69,17,12,60,12,11.0,6.9,8.5,0.143,0.714,0.143,middle,middle_overs_bowler,1.0,0.0,16.8,0.662,Saurashtra,2023,True
Parth Chauhan,2,4,42,68,5,0,9.71,34.0,21.0,0.5,0.58,0,0.0,0.286,1.25,0.0,0,47,21,0,36,6,,7.83,21.0,0.0,0.857,0.143,middle,part_time_bowler,1.0,0.33,10.5,0.425,Saurashtra,2020,True
Parth Sahani,6,13,132,196,1,1,8.91,32.67,22.0,0.462,0.66,1,0.077,0.311,0.077,0.077,25,143,28,12,96,24,12.5,8.94,7.0,0.091,0.727,0.182,death,middle_overs_bowler,0.43,0.5,10.15,1.0,Madhya Pradesh,2023,True
Parvez Ahmed,1,9,108,181,1,0,10.06,181.0,108.0,0.111,0.33,0,0.0,0.278,0.111,0.0,20,147,14,12,90,6,10.0,9.8,14.0,0.111,0.833,0.056,middle,middle_overs_bowler,,0.11,12.0,0.95,Mizoram,2022,True
Parvez Rasool,29,26,612,684,7,0,6.71,23.59,21.1,1.115,0.99,10,0.385,0.332,0.269,0.0,61,464,159,78,426,108,4.69,6.54,8.83,0.127,0.696,0.176,powerplay,middle_overs_bowler,1.33,1.0,23.54,1.0,Jammu & Kashmir,2021,True
Parvez Sultan,4,5,84,104,1,0,7.43,26.0,21.0,0.8,1.3,1,0.2,0.44,0.2,0.0,19,79,6,18,60,6,6.33,7.9,6.0,0.214,0.714,0.071,death,middle_overs_bowler,1.33,0.0,16.8,0.662,Tripura,2023,True
Pavan Deshpande,2,7,66,109,0,0,9.91,54.5,33.0,0.286,0.76,1,0.143,0.212,0.0,0.0,0,75,34,0,48,18,,9.38,11.33,0.0,0.727,0.273,middle,middle_overs_bowler,0.4,0.0,9.43,0.712,Karnataka,2021,True
Pinninit Tapaswi,3,3,60,84,3,1,8.4,28.0,20.0,1.0,1.73,1,0.333,0.25,1.0,0.333,13,37,34,6,30,24,13.0,7.4,8.5,0.1,0.5,0.4,middle,death_bowler,0.0,1.5,20.0,0.438,Andhra,2021,True
Prabesh Gurung,1,2,12,19,1,0,9.5,19.0,12.0,0.5,0.71,0,0.0,0.25,0.5,0.0,13,6,0,6,6,0,13.0,6.0,,0.5,0.5,0.0,middle,part_time_bowler,,0.5,6.0,0.175,Sikkim,2019,False
Pradeep Chamoli,2,3,58,103,0,0,10.66,51.5,29.0,0.667,0.58,0,0.0,0.259,0.0,0.0,51,10,42,36,6,16,8.5,10.0,15.75,0.621,0.103,0.276,powerplay,part_time_bowler,,0.67,19.33,0.429,Uttarakhand,2019,True
Pradeep Dadhe,4,5,77,111,2,0,8.65,27.75,19.25,0.8,0.84,1,0.2,0.416,0.4,0.0,47,14,50,42,12,23,6.71,7.0,13.04,0.545,0.156,0.299,powerplay,powerplay_bowler,0.5,1.0,15.4,0.633,Maharashtra,2021,True
Pradipta Pramanik,12,10,162,178,5,0,6.59,14.83,13.5,1.2,1.03,4,0.4,0.444,0.5,0.0,23,139,16,18,132,12,7.67,6.32,8.0,0.111,0.815,0.074,middle,middle_overs_bowler,1.6,0.8,16.2,1.0,Bengal,2024,True
Prakash Seet,7,5,114,143,3,0,7.53,20.43,16.29,1.4,0.89,3,0.6,0.404,0.6,0.0,42,31,70,48,30,36,5.25,6.2,11.67,0.421,0.263,0.316,powerplay,death_bowler,1.25,2.0,22.8,0.788,Jharkhand,2015,True
Pramod Chandila,1,2,30,44,0,0,8.8,44.0,30.0,0.5,0.71,0,0.0,0.133,0.0,0.0,0,28,16,0,24,6,,7.0,16.0,0.0,0.8,0.2,middle,part_time_bowler,,0.5,15.0,0.25,Bengal,2015,False
Pranshu Vijayran,6,12,186,253,1,1,8.16,42.17,31.0,0.5,0.67,1,0.083,0.371,0.083,0.083,64,125,64,42,102,42,9.14,7.35,9.14,0.226,0.548,0.226,middle,middle_overs_bowler,0.62,0.25,15.5,1.0,Delhi,2022,True
Prashant Awasthi,3,6,90,99,0,0,6.6,33.0,30.0,0.5,0.84,1,0.167,0.278,0.0,0.0,3,90,6,6,78,6,3.0,6.92,6.0,0.067,0.867,0.067,powerplay,middle_overs_bowler,0.67,0.33,15.0,0.75,Railways,2018,True
Prashant Singh,3,5,80,104,0,0,7.8,34.67,26.67,0.6,0.89,1,0.2,0.412,0.0,0.0,52,12,40,54,8,18,5.78,9.0,13.33,0.675,0.1,0.225,powerplay,powerplay_bowler,2.0,0.25,16.0,0.646,Bihar,2018,True
Prashanth Kumar,1,4,36,45,1,0,7.5,45.0,36.0,0.25,0.5,0,0.0,0.444,0.25,0.0,0,45,0,0,36,0,,7.5,,0.0,1.0,0.0,middle,part_time_bowler,0.0,0.33,9.0,0.4,Andhra,2020,True
Pratap Singh,5,2,48,45,1,1,5.62,9.0,9.6,2.5,0.71,2,1.0,0.458,0.5,0.5,22,12,11,30,12,6,4.4,6.0,11.0,0.625,0.25,0.125,powerplay,part_time_bowler,2.0,3.0,24.0,0.325,Bengal,2015,False
Prateek Jain,1,4,84,132,4,0,9.43,132.0,84.0,0.25,0.5,0,0.0,0.262,1.0,0.0,32,43,57,24,30,30,8.0,8.6,11.4,0.286,0.357,0.357,powerplay,death_bowler,0.0,0.5,21.0,0.6,Karnataka,2021,True
Prathamesh Dake,3,1,18,24,2,0,8.0,8.0,6.0,3.0,0.0,1,1.0,0.333,2.0,0.0,14,8,2,6,6,6,14.0,8.0,2.0,0.333,0.333,0.333,death,part_time_bowler,3.0,,18.0,0.138,Mumbai,2020,False
Pratik Desai,3,4,82,119,6,0,8.71,39.67,27.33,0.75,0.96,1,0.25,0.293,1.5,0.0,44,50,25,34,36,12,7.76,8.33,12.5,0.415,0.439,0.146,powerplay,powerplay_bowler,,0.75,20.5,0.592,Mizoram,2020,True
Pratik Sargade,4,6,132,135,0,0,6.14,33.75,33.0,0.667,0.82,1,0.167,0.402,0.0,0.0,60,75,0,66,66,0,5.45,6.82,,0.5,0.5,0.0,powerplay,powerplay_bowler,,0.67,22.0,0.875,Puducherry,2018,True
Pratyush Singh,2,8,91,118,0,0,7.78,59.0,45.5,0.25,0.46,0,0.0,0.22,0.0,0.0,0,83,35,0,74,17,,6.73,12.35,0.0,0.813,0.187,middle,middle_overs_bowler,0.5,0.17,11.38,0.879,Tripura,2021,True
Prayas Singh,5,7,84,98,3,0,7.0,19.6,16.8,0.714,1.11,1,0.143,0.345,0.429,0.0,21,77,0,18,66,0,7.0,7.0,,0.214,0.786,0.0,powerplay,middle_overs_bowler,1.25,0.0,12.0,0.788,Odisha,2021,True
Prince Yadav,3,2,42,66,0,0,9.43,22.0,14.0,1.5,2.12,1,0.5,0.381,0.0,0.0,6,45,15,6,24,12,6.0,11.25,7.5,0.143,0.571,0.286,powerplay,part_time_bowler,3.0,0.0,21.0,0.3,Delhi,2024,False
Pritam Das,19,21,420,581,11,6,8.3,30.58,22.11,0.905,1.09,7,0.333,0.331,0.524,0.286,249,78,254,210,60,150,7.11,7.8,10.16,0.5,0.143,0.357,powerplay,death_bowler,1.5,0.67,20.0,1.0,Assam,2021,True
Pritam Nirala,3,4,72,94,2,0,7.83,31.33,24.0,0.75,0.96,1,0.25,0.472,0.5,0.0,53,41,0,42,30,0,7.57,8.2,,0.583,0.417,0.0,powerplay,powerplay_bowler,,0.75,18.0,0.55,Sikkim,2019,True
Priyank Panchal,0,3,24,23,0,0,5.75,,,0.0,0.0,0,0.0,0.292,0.0,0.0,0,23,0,0,24,0,,5.75,,0.0,1.0,0.0,middle,part_time_bowler,0.0,0.0,8.0,0.288,Gujarat,2015,True
Pulkit Narang,6,6,124,182,4,0,8.81,30.33,20.67,1.0,0.89,2,0.333,0.315,0.667,0.0,0,133,49,0,102,22,,7.82,13.36,0.0,0.823,0.177,middle,middle_overs_bowler,1.33,0.67,20.67,0.875,Services,2020,True
Puneet Datey,14,15,312,379,9,1,7.29,27.07,22.29,0.933,1.16,3,0.2,0.426,0.6,0.067,159,50,170,156,48,108,6.12,6.25,9.44,0.5,0.154,0.346,powerplay,death_bowler,1.0,0.83,20.8,1.0,Madhya Pradesh,2022,True
Punit Bisht,0,1,6,11,0,0,11.0,,,0.0,0.0,0,0.0,0.5,0.0,0.0,0,11,0,0,6,0,,11.0,,0.0,1.0,0.0,middle,part_time_bowler,0.0,,6.0,0.088,Meghalaya,2020,False
R Ashwin,9,7,168,205,4,0,7.32,22.78,18.67,1.286,1.11,3,0.429,0.399,0.571,0.0,31,75,99,30,84,54,6.2,5.36,11.0,0.179,0.5,0.321,middle,death_bowler,1.75,0.67,24.0,0.938,Tamil Nadu,2019,True
R Bhatia,9,9,204,222,4,0,6.53,24.67,22.67,1.0,1.0,2,0.222,0.299,0.444,0.0,0,183,39,0,174,30,,6.31,7.8,0.0,0.853,0.147,middle,middle_overs_bowler,1.4,0.5,22.67,1.0,Uttarakhand,2018,True
R Dhawan,34,29,555,707,21,1,7.64,20.79,16.32,1.172,1.26,11,0.379,0.404,0.724,0.034,294,136,277,270,108,177,6.53,7.56,9.39,0.486,0.195,0.319,powerplay,death_bowler,1.71,0.42,19.14,1.0,Himachal,2022,True
R Parag,23,28,544,605,6,0,6.67,26.3,23.65,0.821,0.9,7,0.25,0.375,0.214,0.0,102,441,62,84,388,72,7.29,6.82,5.17,0.154,0.713,0.132,death,middle_overs_bowler,0.92,0.73,19.43,1.0,Assam,2023,True
R Pratap Singh,1,1,18,24,0,0,8.0,24.0,18.0,1.0,0.0,0,0.0,0.333,0.0,0.0,9,0,15,6,0,12,9.0,,7.5,0.333,0.0,0.667,death,part_time_bowler,1.0,,18.0,0.138,Bihar,2022,False
R Ralte,1,1,12,31,1,0,15.5,31.0,12.0,1.0,0.0,0,0.0,0.167,1.0,0.0,11,20,0,6,6,0,11.0,20.0,,0.5,0.5,0.0,powerplay,part_time_bowler,,1.0,12.0,0.112,Mizoram,2023,False
R Rohit,1,3,49,80,1,0,9.8,80.0,49.0,0.333,0.58,0,0.0,0.347,0.333,0.0,23,24,33,18,24,7,7.67,6.0,28.29,0.367,0.49,0.143,middle,part_time_bowler,0.0,0.5,16.33,0.392,Tamil Nadu,2018,True
R Sai Kishore,44,39,843,781,23,0,5.56,17.75,19.16,1.128,1.22,11,0.282,0.465,0.59,0.0,300,358,123,336,395,112,5.36,5.44,6.59,0.399,0.469,0.133,powerplay,powerplay_bowler,1.37,0.33,21.62,1.0,Tamil Nadu,2023,True
R Sanjay Yadav,17,20,414,478,13,0,6.93,28.12,24.35,0.85,0.81,5,0.25,0.379,0.65,0.0,110,197,171,120,192,102,5.5,6.16,10.06,0.29,0.464,0.246,powerplay,middle_overs_bowler,1.0,0.67,20.7,1.0,Meghalaya,2023,True
R Sathish,4,4,84,77,5,0,5.5,19.25,21.0,1.0,0.82,1,0.25,0.512,1.25,0.0,51,26,0,60,24,0,5.1,6.5,,0.714,0.286,0.0,powerplay,powerplay_bowler,1.0,,21.0,0.6,Tamil Nadu,2015,True
R Shukla,22,20,384,577,15,1,9.02,26.23,17.45,1.1,1.33,7,0.35,0.352,0.75,0.05,220,83,274,168,66,150,7.86,7.55,10.96,0.438,0.172,0.391,middle,death_bowler,1.67,0.64,19.2,1.0,Jharkhand,2021,True
R Tewatia,17,26,381,460,4,0,7.24,27.06,22.41,0.654,0.85,4,0.154,0.341,0.154,0.0,36,359,65,30,312,39,7.2,6.9,10.0,0.079,0.819,0.102,middle,middle_overs_bowler,0.82,0.33,14.65,1.0,Haryana,2023,True
R Vinay Kumar,34,28,608,708,11,4,6.99,20.82,17.88,1.214,1.17,10,0.357,0.423,0.393,0.143,347,65,296,336,60,212,6.2,6.5,8.38,0.553,0.099,0.349,powerplay,death_bowler,1.16,1.33,21.71,1.0,Karnataka,2019,True
RA Bawa,2,1,24,27,0,0,6.75,13.5,12.0,2.0,0.0,1,1.0,0.458,0.0,0.0,0,27,0,0,24,0,,6.75,,0.0,1.0,0.0,middle,part_time_bowler,,2.0,24.0,0.162,Chandigarh,2024,False
RA Sharma,1,1,18,18,0,0,6.0,18.0,18.0,1.0,0.0,0,0.0,0.444,0.0,0.0,12,6,0,12,6,0,6.0,6.0,,0.667,0.333,0.0,powerplay,part_time_bowler,,1.0,18.0,0.138,Railways,2023,False
RA Tripathi,4,9,108,140,3,1,7.78,35.0,27.0,0.444,0.88,2,0.222,0.296,0.333,0.111,12,124,4,12,90,6,6.0,8.27,4.0,0.111,0.833,0.056,death,middle_overs_bowler,0.8,0.0,12.0,0.95,Maharashtra,2023,True
RB Bishnoi Jr,6,5,114,130,8,0,6.84,21.67,19.0,1.2,1.1,1,0.2,0.316,1.6,0.0,36,75,19,24,72,18,9.0,6.25,6.33,0.211,0.632,0.158,middle,middle_overs_bowler,,1.2,22.8,0.788,Arunachal Pradesh,2023,True
RD Banik,1,2,18,37,0,0,12.33,37.0,18.0,0.5,0.71,0,0.0,0.222,0.0,0.0,0,23,14,0,12,6,,11.5,14.0,0.0,0.667,0.333,middle,part_time_bowler,,0.5,9.0,0.2,Tripura,2015,False
RD Chahar,26,19,415,462,2,0,6.68,17.77,15.96,1.368,1.42,8,0.421,0.393,0.105,0.0,95,339,28,78,306,31,7.31,6.65,5.42,0.188,0.737,0.075,death,middle_overs_bowler,1.75,0.71,21.84,1.0,Rajasthan,2022,True
RD Hynniewta,0,1,12,13,0,0,6.5,,,0.0,0.0,0,0.0,0.333,0.0,0.0,0,13,0,0,12,0,,6.5,,0.0,1.0,0.0,middle,part_time_bowler,,0.0,12.0,0.112,Meghalaya,2023,False
RG More,14,12,246,374,14,0,9.12,26.71,17.57,1.167,1.27,5,0.417,0.394,1.167,0.0,183,60,131,138,36,72,7.96,10.0,10.92,0.561,0.146,0.293,powerplay,powerplay_bowler,1.44,0.33,20.5,1.0,Karnataka,2020,True
RH Bhatt,3,7,101,125,2,0,7.43,41.67,33.67,0.429,0.53,0,0.0,0.218,0.286,0.0,0,120,5,0,95,6,,7.58,5.0,0.0,0.941,0.059,death,middle_overs_bowler,0.75,0.0,14.43,0.858,Gujarat,2017,True
RJ Balhara,0,1,12,17,0,0,8.5,,,0.0,0.0,0,0.0,0.583,0.0,0.0,17,0,0,12,0,0,8.5,,,1.0,0.0,0.0,powerplay,part_time_bowler,0.0,,12.0,0.112,Haryana,2019,False
RK Bhui,0,1,18,19,0,0,6.33,,,0.0,0.0,0,0.0,0.222,0.0,0.0,0,5,14,0,6,12,,5.0,7.0,0.0,0.333,0.667,middle,part_time_bowler,0.0,,18.0,0.138,Andhra,2018,False
RK Singh,2,2,30,35,1,0,7.0,17.5,15.0,1.0,0.0,0,0.0,0.267,0.5,0.0,0,24,11,0,24,6,,6.0,11.0,0.0,0.8,0.2,middle,part_time_bowler,1.0,1.0,15.0,0.25,Uttar Pradesh,2021,False
RL Jangid,15,20,378,424,11,0,6.73,28.27,25.2,0.75,0.97,5,0.25,0.304,0.55,0.0,79,236,109,78,228,72,6.08,6.21,9.08,0.206,0.603,0.19,powerplay,middle_overs_bowler,0.82,0.67,18.9,1.0,Vidarbha,2018,True
RM Dagar,0,1,6,6,0,0,6.0,,,0.0,0.0,0,0.0,0.167,0.0,0.0,0,6,0,0,6,0,,6.0,,0.0,1.0,0.0,middle,part_time_bowler,,0.0,6.0,0.088,Haryana,2015,False
RN Gurbani,12,15,288,399,12,0,8.31,33.25,24.0,0.8,0.77,1,0.067,0.431,0.8,0.0,265,21,113,210,24,54,7.57,5.25,12.56,0.729,0.083,0.188,middle,powerplay_bowler,1.14,0.5,19.2,1.0,Vidarbha,2019,True
RP Singh,14,9,216,233,4,0,6.47,16.64,15.43,1.556,1.13,3,0.333,0.407,0.444,0.0,130,51,52,138,42,36,5.65,7.29,8.67,0.639,0.194,0.167,powerplay,powerplay_bowler,2.0,0.67,24.0,1.0,Gujarat,2015,True
RR Biswa,7,10,210,270,4,0,7.71,38.57,30.0,0.7,0.82,2,0.2,0.229,0.4,0.0,64,182,24,54,138,18,7.11,7.91,8.0,0.257,0.657,0.086,powerplay,middle_overs_bowler,1.0,0.57,21.0,1.0,Meghalaya,2019,True
RR Raje,7,4,84,114,0,0,8.14,16.29,12.0,1.75,1.26,3,0.75,0.429,0.0,0.0,30,28,56,24,24,36,7.5,7.0,9.33,0.286,0.286,0.429,middle,death_bowler,2.0,1.5,21.0,0.6,Mumbai,2015,True
RR Rathod,0,1,6,11,0,0,11.0,,,0.0,0.0,0,0.0,0.5,0.0,0.0,11,0,0,6,0,0,11.0,,,1.0,0.0,0.0,powerplay,part_time_bowler,0.0,,6.0,0.088,Vidarbha,2018,False
RR Singh,3,6,140,155,6,0,6.64,51.67,46.67,0.5,0.55,0,0.0,0.486,1.0,0.0,80,23,52,90,18,32,5.33,7.67,9.75,0.643,0.129,0.229,powerplay,powerplay_bowler,1.0,0.4,23.33,0.875,Goa,2015,True
RS Hangargekar,0,2,42,62,2,1,8.86,,,0.0,0.0,0,0.0,0.333,1.0,0.5,24,5,33,18,6,18,8.0,5.0,11.0,0.429,0.143,0.429,middle,part_time_bowler,,0.0,21.0,0.3,Maharashtra,2020,False
RS Jaganath Sinivas,4,2,48,65,0,0,8.12,16.25,12.0,2.0,1.41,1,0.5,0.396,0.0,0.0,21,6,38,24,6,18,5.25,6.0,12.67,0.5,0.125,0.375,powerplay,part_time_bowler,,2.0,24.0,0.325,Nagaland,2023,False
RT Arothe,28,29,525,721,12,3,8.24,25.75,18.75,0.966,1.05,6,0.207,0.314,0.414,0.103,220,207,294,168,168,189,7.86,7.39,9.33,0.32,0.32,0.36,middle,death_bowler,1.15,0.56,18.1,1.0,Baroda,2019,True
RV Gomez,5,7,96,109,2,0,6.81,21.8,19.2,0.714,0.76,1,0.143,0.365,0.286,0.0,6,92,11,6,78,12,6.0,7.08,5.5,0.062,0.812,0.125,death,middle_overs_bowler,0.8,0.5,13.71,0.838,Kerala,2015,True
RV Patel,0,3,18,33,0,0,11.0,,,0.0,0.0,0,0.0,0.167,0.0,0.0,0,33,0,0,18,0,,11.0,,0.0,1.0,0.0,middle,part_time_bowler,0.0,0.0,6.0,0.262,Gujarat,2021,True
Rachit Bhatia,2,2,36,52,2,0,8.67,26.0,18.0,1.0,1.41,1,0.5,0.389,1.0,0.0,37,0,15,30,0,6,7.4,,15.0,0.833,0.0,0.167,powerplay,part_time_bowler,,1.0,18.0,0.275,Nagaland,2018,False
Raghav Dhawan,0,1,12,16,1,0,8.0,,,0.0,0.0,0,0.0,0.25,1.0,0.0,0,10,6,0,6,6,,10.0,6.0,0.0,0.5,0.5,death,part_time_bowler,,0.0,12.0,0.112,Himachal,2015,False
Raghu Sharma,3,3,66,89,1,1,8.09,29.67,22.0,1.0,1.0,1,0.333,0.303,0.333,0.333,0,89,0,0,66,0,,8.09,,0.0,1.0,0.0,middle,middle_overs_bowler,,1.0,22.0,0.462,Puducherry,2021,True
Ragupathy Silambarasan,0,1,22,31,0,0,8.45,,,0.0,0.0,0,0.0,0.227,0.0,0.0,5,4,22,6,6,10,5.0,4.0,13.2,0.273,0.273,0.455,middle,part_time_bowler,,0.0,22.0,0.154,Tamil Nadu,2021,False
Rahil Sambyal,2,1,24,43,0,1,10.75,21.5,12.0,2.0,0.0,1,1.0,0.417,0.0,1.0,13,16,14,6,12,6,13.0,8.0,14.0,0.25,0.5,0.25,middle,part_time_bowler,,2.0,24.0,0.162,Jammu & Kashmir,2015,False
Rahil Shah,18,18,361,366,6,0,6.08,20.33,20.06,1.0,1.33,6,0.333,0.424,0.333,0.0,78,230,58,90,222,49,5.2,6.22,7.1,0.249,0.615,0.136,powerplay,middle_overs_bowler,1.45,0.29,20.06,1.0,Tamil Nadu,2021,True
Rahul Batham,4,6,114,148,6,0,7.79,37.0,28.5,0.667,0.82,1,0.167,0.254,1.0,0.0,15,112,21,18,78,18,5.0,8.62,7.0,0.158,0.684,0.158,powerplay,middle_overs_bowler,0.8,0.0,19.0,0.85,Madhya Pradesh,2024,True
Rahul Buddhi,0,1,2,4,0,0,12.0,,,0.0,0.0,0,0.0,0.5,0.0,0.0,0,0,4,0,0,2,,,12.0,0.0,0.0,1.0,death,part_time_bowler,,0.0,2.0,0.071,Hyderabad (India),2020,False
Rahul Khajan Singh,6,7,162,207,0,0,7.67,34.5,27.0,0.857,0.69,1,0.143,0.241,0.0,0.0,25,152,30,18,132,12,8.33,6.91,15.0,0.111,0.815,0.074,middle,middle_overs_bowler,1.0,0.83,23.14,0.938,Services,2021,True
Rahul Kumar,0,2,30,39,2,5,7.8,,,0.0,0.0,0,0.0,0.667,1.0,2.5,35,0,4,24,0,6,8.75,,4.0,0.8,0.0,0.2,death,part_time_bowler,0.0,,15.0,0.25,Bihar,2020,False
Rahul Sharma,0,1,12,19,0,0,9.5,,,0.0,0.0,0,0.0,0.5,0.0,0.0,19,0,0,12,0,0,9.5,,,1.0,0.0,0.0,powerplay,part_time_bowler,,0.0,12.0,0.112,Nagaland,2018,False
Rahul Singh,1,5,96,125,0,0,7.81,125.0,96.0,0.2,0.45,0,0.0,0.26,0.0,0.0,0,113,12,0,90,6,,7.53,12.0,0.0,0.938,0.062,middle,middle_overs_bowler,0.5,0.0,19.2,0.712,Assam,2020,True
Rajan Kumar,6,4,90,89,3,0,5.93,14.83,15.0,1.5,1.0,3,0.75,0.522,0.75,0.0,37,32,20,54,18,18,4.11,10.67,6.67,0.6,0.2,0.2,powerplay,powerplay_bowler,1.33,2.0,22.5,0.625,Uttarakhand,2022,True
Rajat Dey,1,2,18,29,0,0,9.67,29.0,18.0,0.5,0.71,0,0.0,0.111,0.0,0.0,0,29,0,0,18,0,,9.67,,0.0,1.0,0.0,middle,part_time_bowler,,0.5,9.0,0.2,Tripura,2023,False
Rajat Paliwal,5,10,132,158,4,0,7.18,31.6,26.4,0.5,0.71,1,0.1,0.28,0.4,0.0,0,123,35,0,114,18,,6.47,11.67,0.0,0.864,0.136,middle,middle_overs_bowler,0.67,0.25,13.2,1.0,Services,2019,True
Rajesh Mohanty,8,12,195,243,4,2,7.48,30.38,24.38,0.667,0.78,2,0.167,0.441,0.333,0.167,175,24,44,150,14,31,7.0,10.29,8.52,0.769,0.072,0.159,powerplay,powerplay_bowler,1.0,0.5,16.25,1.0,Odisha,2021,True
Rajesh Singh,2,5,66,99,0,0,9.0,49.5,33.0,0.4,0.55,0,0.0,0.258,0.0,0.0,41,33,25,24,30,12,10.25,6.6,12.5,0.364,0.455,0.182,middle,powerplay_bowler,,0.4,13.2,0.588,Bihar,2019,True
Rajiv Darjee,1,4,54,81,1,0,9.0,81.0,54.0,0.25,0.5,0,0.0,0.204,0.25,0.0,0,81,0,0,54,0,,9.0,,0.0,1.0,0.0,middle,part_time_bowler,,0.25,13.5,0.475,Sikkim,2020,True
Rajjakuddin Ahmed,17,25,348,484,4,4,8.34,28.47,20.47,0.68,0.75,2,0.08,0.307,0.16,0.16,83,294,107,54,228,66,9.22,7.74,9.73,0.155,0.655,0.19,middle,middle_overs_bowler,1.0,0.43,13.92,1.0,Assam,2022,True
Rakesh Kumar,2,4,83,85,1,0,6.14,42.5,41.5,0.5,0.58,0,0.0,0.289,0.25,0.0,0,85,0,0,83,0,,6.14,,0.0,1.0,0.0,middle,middle_overs_bowler,,0.5,20.75,0.596,Arunachal Pradesh,2020,True
Rakshan Readdi,9,9,188,267,0,1,8.52,29.67,20.89,1.0,0.87,3,0.333,0.372,0.0,0.111,139,39,89,114,26,48,7.32,9.0,11.12,0.606,0.138,0.255,powerplay,powerplay_bowler,0.8,1.25,20.89,1.0,Hyderabad (India),2023,True
Ram Dayal,11,14,270,356,4,1,7.91,32.36,24.55,0.786,0.89,4,0.286,0.393,0.286,0.071,213,23,120,186,18,66,6.87,7.67,10.91,0.689,0.067,0.244,powerplay,powerplay_bowler,0.83,0.75,19.29,1.0,Jammu & Kashmir,2021,True
Ram Gurung,1,3,54,49,0,0,5.44,49.0,54.0,0.333,0.58,0,0.0,0.333,0.0,0.0,0,45,4,0,48,6,,5.62,4.0,0.0,0.889,0.111,death,part_time_bowler,0.5,0.0,18.0,0.412,Meghalaya,2021,True
Ramandeep Singh,7,10,114,161,7,0,8.47,23.0,16.29,0.7,0.95,3,0.3,0.298,0.7,0.0,0,155,6,0,108,6,,8.61,6.0,0.0,0.947,0.053,death,middle_overs_bowler,1.0,0.0,11.4,0.975,Punjab,2023,True
Rana Dutta,12,16,303,373,7,0,7.39,31.08,25.25,0.75,1.13,3,0.188,0.393,0.438,0.0,219,49,105,198,36,69,6.64,8.17,9.13,0.653,0.119,0.228,powerplay,powerplay_bowler,1.5,0.3,18.94,1.0,Tripura,2022,True
Ranjeet Mali,10,5,98,117,4,1,7.16,11.7,9.8,2.0,2.0,3,0.6,0.49,0.8,0.2,50,20,47,48,18,32,6.25,6.67,8.81,0.49,0.184,0.327,powerplay,death_bowler,4.0,0.67,19.6,0.721,Railways,2015,True
Rasikh Salam,9,9,202,265,4,2,7.87,29.44,22.44,1.0,1.22,2,0.222,0.416,0.444,0.222,110,67,88,90,42,70,7.33,9.57,7.54,0.446,0.208,0.347,powerplay,death_bowler,1.5,0.6,22.44,1.0,Jammu & Kashmir,2023,True
Raushan Raj,10,5,120,135,5,0,6.75,13.5,12.0,2.0,1.0,3,0.6,0.45,1.0,0.0,86,0,49,84,0,36,6.14,,8.17,0.7,0.0,0.3,powerplay,death_bowler,2.0,2.0,24.0,0.812,Services,2015,True
Ravi Bishnoi,29,19,438,427,16,0,5.85,14.72,15.1,1.526,0.9,9,0.474,0.427,0.842,0.0,30,312,85,30,336,72,6.0,5.57,7.08,0.068,0.767,0.164,middle,middle_overs_bowler,1.5,1.57,23.05,1.0,Rajasthan,2023,True
Ravi Kiran,20,19,411,531,10,1,7.75,26.55,20.55,1.053,1.22,7,0.368,0.35,0.526,0.053,234,54,243,204,48,159,6.88,6.75,9.17,0.496,0.117,0.387,middle,death_bowler,2.2,0.64,21.63,1.0,Hyderabad (India),2022,True
Ravi Teja,28,20,413,526,12,1,7.64,18.79,14.75,1.4,1.6,7,0.35,0.344,0.6,0.05,127,257,142,108,204,101,7.06,7.56,8.44,0.262,0.494,0.245,powerplay,middle_overs_bowler,2.22,0.73,20.65,1.0,Hyderabad (India),2023,True
Ravikant Singh,2,1,24,31,0,0,7.75,15.5,12.0,2.0,0.0,1,1.0,0.167,0.0,0.0,7,12,12,6,6,12,7.0,12.0,6.0,0.25,0.25,0.5,death,part_time_bowler,2.0,,24.0,0.162,Bengal,2019,False
Ravikumar Thakur,22,12,269,366,5,0,8.16,16.64,12.23,1.833,1.27,7,0.583,0.338,0.417,0.0,88,91,187,66,72,131,8.0,7.58,8.56,0.245,0.268,0.487,middle,death_bowler,2.17,1.5,22.42,1.0,Vidarbha,2017,True
Remruatdika Ralte,3,8,124,166,3,0,8.03,55.33,41.33,0.375,0.74,1,0.125,0.363,0.375,0.0,61,54,51,48,48,28,7.62,6.75,10.93,0.387,0.387,0.226,middle,powerplay_bowler,2.0,0.14,15.5,1.0,Mizoram,2023,True
Reuben Lalhruaizela,1,2,18,41,1,0,13.67,41.0,18.0,0.5,0.71,0,0.0,0.111,0.5,0.0,0,24,17,0,12,6,,12.0,17.0,0.0,0.667,0.333,middle,part_time_bowler,,0.5,9.0,0.2,Mizoram,2019,False
Rex Rajkumar,8,16,269,360,5,1,8.03,45.0,33.62,0.5,0.97,3,0.188,0.413,0.312,0.062,241,62,57,198,46,25,7.3,8.09,13.68,0.736,0.171,0.093,powerplay,powerplay_bowler,1.0,0.38,16.81,1.0,Manipur,2023,True
Rinsangzela Hmamte,3,5,85,100,1,0,7.06,33.33,28.33,0.6,0.55,0,0.0,0.224,0.2,0.0,6,83,11,6,67,12,6.0,7.43,5.5,0.071,0.788,0.141,death,middle_overs_bowler,0.0,0.75,17.0,0.667,Mizoram,2022,True
Rinzing Bhutia,1,2,30,40,1,0,8.0,40.0,30.0,0.5,0.71,0,0.0,0.167,0.5,0.0,0,35,5,0,24,6,,8.75,5.0,0.0,0.8,0.2,death,part_time_bowler,,0.5,15.0,0.25,Sikkim,2018,False
Rishabh Chouhan,1,1,6,4,0,0,4.0,4.0,6.0,1.0,0.0,0,0.0,0.833,0.0,0.0,0,0,4,0,0,6,,,4.0,0.0,0.0,1.0,death,part_time_bowler,1.0,,6.0,0.088,Madhya Pradesh,2018,False
Ritesh Negi,1,3,54,90,1,0,10.0,90.0,54.0,0.333,0.58,0,0.0,0.352,0.333,0.0,49,12,29,30,12,12,9.8,6.0,14.5,0.556,0.222,0.222,middle,part_time_bowler,1.0,0.0,18.0,0.412,Services,2015,True
Ritwik Roy Chowdhury,0,1,6,7,0,0,7.0,,,0.0,0.0,0,0.0,0.333,0.0,0.0,0,7,0,0,6,0,,7.0,,0.0,1.0,0.0,middle,part_time_bowler,0.0,,6.0,0.088,Bengal,2018,False
Rohan Prem,3,6,78,61,0,0,4.69,20.33,26.0,0.5,0.84,1,0.167,0.474,0.0,0.0,0,61,0,0,78,0,,4.69,,0.0,1.0,0.0,middle,middle_overs_bowler,0.5,,13.0,0.7,Kerala,2018,True
Rohit Dahiya,5,8,126,204,3,1,9.71,40.8,25.2,0.625,1.06,1,0.125,0.278,0.375,0.125,14,142,48,6,102,18,14.0,8.35,16.0,0.048,0.81,0.143,middle,middle_overs_bowler,1.0,0.25,15.75,1.0,Gujarat,2017,True
Rohit Dangwal,4,5,102,130,2,0,7.65,32.5,25.5,0.8,1.3,1,0.2,0.294,0.4,0.0,68,62,0,60,42,0,6.8,8.86,,0.588,0.412,0.0,powerplay,powerplay_bowler,1.33,0.0,20.4,0.738,Uttarakhand,2018,True
Rohit Rayudu,1,2,12,17,0,0,8.5,17.0,12.0,0.5,0.71,0,0.0,0.333,0.0,0.0,0,17,0,0,12,0,,8.5,,0.0,1.0,0.0,middle,part_time_bowler,0.5,,6.0,0.175,Hyderabad (India),2021,False
Rohit Sharma,0,5,84,97,6,1,6.93,,,0.0,0.0,0,0.0,0.488,1.2,0.2,80,10,7,72,6,6,6.67,10.0,7.0,0.857,0.071,0.071,powerplay,powerplay_bowler,,0.0,16.8,0.662,Jammu & Kashmir,2015,True
Rojith Ganesh,0,1,6,16,0,0,16.0,,,0.0,0.0,0,0.0,0.167,0.0,0.0,0,16,0,0,6,0,,16.0,,0.0,1.0,0.0,middle,part_time_bowler,,0.0,6.0,0.088,Kerala,2021,False
Rongsen Jonathan,2,6,83,103,4,0,7.45,51.5,41.5,0.333,0.52,0,0.0,0.313,0.667,0.0,0,75,28,0,66,17,,6.82,9.88,0.0,0.795,0.205,middle,middle_overs_bowler,1.0,0.2,13.83,0.721,Nagaland,2023,True
Roosh Kalaria,28,24,498,610,10,0,7.35,21.79,17.79,1.167,0.76,7,0.292,0.398,0.417,0.0,255,57,298,240,66,192,6.38,5.18,9.31,0.482,0.133,0.386,middle,death_bowler,1.2,1.11,20.75,1.0,Gujarat,2022,True
Roshan Alam,10,12,246,264,6,0,6.44,26.4,24.6,0.833,0.94,2,0.167,0.366,0.5,0.0,5,182,77,6,198,42,5.0,5.52,11.0,0.024,0.805,0.171,powerplay,middle_overs_bowler,1.0,0.71,20.5,1.0,Assam,2022,True
Royston Dias,3,4,82,142,3,0,10.39,47.33,27.33,0.75,0.96,1,0.25,0.341,0.75,0.0,66,36,40,42,18,22,9.43,12.0,10.91,0.512,0.22,0.268,powerplay,powerplay_bowler,1.0,0.5,20.5,0.592,Mumbai,2024,True
S Akhil,0,1,12,10,1,0,5.0,,,0.0,0.0,0,0.0,0.5,1.0,0.0,0,10,0,0,12,0,,5.0,,0.0,1.0,0.0,middle,part_time_bowler,0.0,,12.0,0.112,Andhra,2023,False
S Aravind,20,12,254,300,6,1,7.09,15.0,12.7,1.667,0.98,5,0.417,0.394,0.5,0.083,150,39,111,132,36,86,6.82,6.5,7.74,0.52,0.142,0.339,middle,death_bowler,1.43,2.0,21.17,1.0,Karnataka,2017,True
S Ashish,1,1,24,24,0,0,6.0,24.0,24.0,1.0,0.0,0,0.0,0.292,0.0,0.0,0,24,0,0,24,0,,6.0,,0.0,1.0,0.0,middle,part_time_bowler,,1.0,24.0,0.162,Andhra,2020,False
S Baliyan,1,2,36,42,0,0,7.0,42.0,36.0,0.5,0.71,0,0.0,0.222,0.0,0.0,0,33,9,0,30,6,,6.6,9.0,0.0,0.833,0.167,middle,part_time_bowler,1.0,0.0,18.0,0.275,Uttarakhand,2022,False
S Dube,29,34,596,842,21,5,8.48,29.03,20.55,0.853,0.89,7,0.206,0.29,0.618,0.147,100,502,240,78,384,134,7.69,7.84,10.75,0.131,0.644,0.225,powerplay,middle_overs_bowler,1.1,0.46,17.53,1.0,Mumbai,2024,True
S Gani,0,1,6,8,0,0,8.0,,,0.0,0.0,0,0.0,0.333,0.0,0.0,0,8,0,0,6,0,,8.0,,0.0,1.0,0.0,middle,part_time_bowler,0.0,,6.0,0.088,Bihar,2020,False
S Gopal,38,27,500,563,5,0,6.76,14.82,13.16,1.407,1.53,11,0.407,0.408,0.185,0.0,30,497,36,18,434,48,10.0,6.87,4.5,0.036,0.868,0.096,death,middle_overs_bowler,1.68,0.2,18.52,1.0,Karnataka,2023,True
S Hegde,1,3,60,84,0,0,8.4,84.0,60.0,0.333,0.58,0,0.0,0.283,0.0,0.0,13,71,0,6,54,0,13.0,7.89,,0.1,0.9,0.0,middle,middle_overs_bowler,1.0,0.0,20.0,0.438,Karnataka,2023,True
S Kaul,60,47,1028,1360,23,2,7.94,22.67,17.13,1.277,1.21,17,0.362,0.407,0.489,0.043,485,227,648,456,162,410,6.38,8.41,9.48,0.444,0.158,0.399,powerplay,death_bowler,1.31,1.22,21.87,1.0,Punjab,2023,True
S Ladda,3,1,24,30,0,1,7.5,10.0,8.0,3.0,0.0,1,1.0,0.583,0.0,1.0,6,24,0,6,18,0,6.0,8.0,,0.25,0.75,0.0,powerplay,part_time_bowler,3.0,,24.0,0.162,Punjab,2015,False
S Midhun,24,24,530,588,8,0,6.66,24.5,22.08,1.0,1.1,5,0.208,0.355,0.333,0.0,58,432,98,42,404,84,8.29,6.42,7.0,0.079,0.762,0.158,middle,middle_overs_bowler,1.13,0.78,22.08,1.0,Kerala,2022,True
S Nadeem,29,28,647,692,12,1,6.42,23.86,22.31,1.036,0.96,7,0.25,0.368,0.429,0.036,132,432,128,114,414,119,6.95,6.26,6.45,0.176,0.64,0.184,middle,middle_overs_bowler,1.33,0.69,23.11,1.0,Jharkhand,2021,True
S Sanandia,21,10,212,227,1,2,6.42,10.81,10.1,2.1,0.88,8,0.8,0.467,0.1,0.2,132,18,77,120,18,74,6.6,6.0,6.24,0.566,0.085,0.349,middle,death_bowler,2.33,1.75,21.2,1.0,Saurashtra,2017,True
S Sandeep Warrier,35,37,785,968,33,6,7.4,27.66,22.43,0.946,0.91,10,0.27,0.462,0.892,0.162,497,119,352,468,114,203,6.37,6.26,10.4,0.596,0.145,0.259,middle,powerplay_bowler,1.04,0.73,21.22,1.0,Kerala,2023,True
S Santhosh Kumaran,0,1,4,11,1,0,16.5,,,0.0,0.0,0,0.0,0.0,1.0,0.0,0,0,11,0,0,4,,,16.5,0.0,0.0,1.0,death,part_time_bowler,,0.0,4.0,0.079,Puducherry,2018,False
S Solanki,0,2,24,36,0,0,9.0,,,0.0,0.0,0,0.0,0.375,0.0,0.0,0,18,18,0,18,6,,6.0,18.0,0.0,0.75,0.25,middle,part_time_bowler,,0.0,12.0,0.225,Madhya Pradesh,2023,False
S Sreesanth,4,4,84,136,5,0,9.71,34.0,21.0,1.0,0.82,1,0.25,0.345,1.25,0.0,58,50,28,36,36,12,9.67,8.33,14.0,0.429,0.429,0.143,middle,powerplay_bowler,1.5,0.5,21.0,0.6,Kerala,2020,True
SB Jakati,13,11,248,306,4,0,7.4,23.54,19.08,1.182,1.54,4,0.364,0.355,0.364,0.0,11,174,121,6,168,74,11.0,6.21,9.81,0.024,0.677,0.298,middle,middle_overs_bowler,0.0,1.3,22.55,1.0,Goa,2017,True
SB Kurkalang,0,1,6,13,1,0,13.0,,,0.0,0.0,0,0.0,0.0,1.0,0.0,0,13,0,0,6,0,,13.0,,0.0,1.0,0.0,middle,part_time_bowler,,0.0,6.0,0.088,Meghalaya,2023,False
SB Wagh,32,23,451,531,19,1,7.06,16.59,14.09,1.391,1.16,10,0.435,0.424,0.826,0.043,332,4,195,306,12,133,6.51,2.0,8.8,0.678,0.027,0.295,middle,powerplay_bowler,1.53,1.12,19.61,1.0,Vidarbha,2021,True
SC Das,1,2,30,47,0,0,9.4,47.0,30.0,0.5,0.71,0,0.0,0.167,0.0,0.0,0,22,25,0,18,12,,7.33,12.5,0.0,0.6,0.4,middle,part_time_bowler,,0.5,15.0,0.25,Tripura,2015,False
SD Lad,17,26,324,391,16,1,7.24,23.0,19.06,0.654,1.2,4,0.154,0.358,0.615,0.038,68,285,38,54,234,36,7.56,7.31,6.33,0.167,0.722,0.111,death,middle_overs_bowler,0.75,0.5,12.46,1.0,Mumbai,2022,True
SD Patel,0,1,6,20,1,0,20.0,,,0.0,0.0,0,0.0,0.167,1.0,0.0,0,20,0,0,6,0,,20.0,,0.0,1.0,0.0,middle,part_time_bowler,,0.0,6.0,0.088,Baroda,2022,False
SI Sopariya,3,4,90,100,0,0,6.67,33.33,30.0,0.75,0.5,0,0.0,0.467,0.0,0.0,29,42,29,48,30,12,3.62,8.4,14.5,0.533,0.333,0.133,powerplay,powerplay_bowler,0.67,1.0,22.5,0.625,Baroda,2023,True
SJ Barman,2,4,90,107,0,0,7.13,53.5,45.0,0.5,0.58,0,0.0,0.256,0.0,0.0,14,92,1,6,78,6,14.0,7.08,1.0,0.067,0.867,0.067,death,middle_overs_bowler,,0.5,22.5,0.625,Assam,2017,True
SK Das,0,1,6,15,0,0,15.0,,,0.0,0.0,0,0.0,0.167,0.0,0.0,15,0,0,6,0,0,15.0,,,1.0,0.0,0.0,powerplay,part_time_bowler,,0.0,6.0,0.088,Arunachal Pradesh,2023,False
SK Ismail,4,5,110,166,4,0,9.05,41.5,27.5,0.8,1.3,1,0.2,0.255,0.8,0.0,16,126,24,12,90,8,8.0,8.4,18.0,0.109,0.818,0.073,powerplay,middle_overs_bowler,1.5,0.33,22.0,0.771,Andhra,2020,True
SK Raina,2,10,108,112,2,0,6.22,56.0,54.0,0.2,0.42,0,0.0,0.259,0.2,0.0,0,68,44,0,66,42,,6.18,6.29,0.0,0.611,0.389,middle,death_bowler,0.25,0.0,10.8,0.95,Uttar Pradesh,2020,True
SK Rasheed,0,2,24,32,0,0,8.0,,,0.0,0.0,0,0.0,0.25,0.0,0.0,0,32,0,0,24,0,,8.0,,0.0,1.0,0.0,middle,part_time_bowler,0.0,,12.0,0.225,Andhra,2022,False
SL Verma,2,3,30,29,0,0,5.8,14.5,15.0,0.667,0.58,0,0.0,0.267,0.0,0.0,0,25,4,0,24,6,,6.25,4.0,0.0,0.8,0.2,death,part_time_bowler,0.5,1.0,10.0,0.312,Himachal,2022,True
SM Fallah,26,28,604,750,23,0,7.45,28.85,23.23,0.929,0.6,4,0.143,0.389,0.821,0.0,335,34,381,348,32,224,5.78,6.38,10.21,0.576,0.053,0.371,powerplay,death_bowler,1.19,0.58,21.57,1.0,Maharashtra,2020,True
SM Gugale,4,4,51,97,1,2,11.41,24.25,12.75,1.0,1.41,1,0.25,0.196,0.25,0.5,0,62,35,0,30,21,,12.4,10.0,0.0,0.588,0.412,death,part_time_bowler,2.0,0.0,12.75,0.462,Maharashtra,2017,True
SM Kazi,18,14,288,352,2,0,7.33,19.56,16.0,1.286,0.83,5,0.357,0.319,0.143,0.0,52,258,42,36,216,36,8.67,7.17,7.0,0.125,0.75,0.125,death,middle_overs_bowler,1.25,1.33,20.57,1.0,Maharashtra,2020,True
SN Khan,0,1,6,6,0,0,6.0,,,0.0,0.0,0,0.0,0.167,0.0,0.0,0,0,6,0,0,6,,,6.0,0.0,0.0,1.0,death,part_time_bowler,,0.0,6.0,0.088,Mumbai,2020,False
SN Patel,4,3,60,95,1,0,9.5,23.75,15.0,1.333,2.31,1,0.333,0.433,0.333,0.0,35,27,33,24,24,12,8.75,6.75,16.5,0.4,0.4,0.2,middle,powerplay_bowler,1.33,,20.0,0.438,Gujarat,2023,True
SN Thakur,35,32,675,925,35,2,8.22,26.43,19.29,1.094,0.86,11,0.344,0.391,1.094,0.062,471,143,311,348,120,207,8.12,7.15,9.01,0.516,0.178,0.307,middle,death_bowler,1.26,0.67,21.09,1.0,Mumbai,2024,True
SP Tari,1,2,36,51,0,0,8.5,51.0,36.0,0.5,0.71,0,0.0,0.444,0.0,0.0,26,6,19,18,6,12,8.67,6.0,9.5,0.5,0.167,0.333,middle,part_time_bowler,0.0,1.0,18.0,0.275,Goa,2023,False
SS Agarwal,9,8,137,154,3,0,6.74,17.11,15.22,1.125,1.73,2,0.25,0.365,0.375,0.0,12,114,28,12,102,23,6.0,6.71,7.3,0.088,0.745,0.168,powerplay,middle_overs_bowler,1.67,0.8,17.12,1.0,Chhattisgarh,2023,True
SS Bandekar,10,6,132,143,5,0,6.5,14.3,13.2,1.667,1.37,3,0.5,0.47,0.833,0.0,57,32,54,72,24,36,4.75,8.0,9.0,0.545,0.182,0.273,powerplay,powerplay_bowler,2.0,1.6,22.0,0.875,Goa,2015,True
SS Bandiwar,3,3,60,76,3,1,7.6,25.33,20.0,1.0,0.0,0,0.0,0.433,1.0,0.333,63,13,0,54,6,0,7.0,13.0,,0.9,0.1,0.0,powerplay,powerplay_bowler,,1.0,20.0,0.438,Vidarbha,2015,True
SS Dobal,1,1,6,4,0,0,4.0,4.0,6.0,1.0,0.0,0,0.0,0.333,0.0,0.0,0,4,0,0,6,0,,4.0,,0.0,1.0,0.0,middle,part_time_bowler,,1.0,6.0,0.088,Rajasthan,2015,False
SS Ghosh,0,3,42,47,0,0,6.71,,,0.0,0.0,0,0.0,0.31,0.0,0.0,29,18,0,24,18,0,7.25,6.0,,0.571,0.429,0.0,middle,part_time_bowler,0.0,0.0,14.0,0.362,Tripura,2023,True
SS Iyer,1,3,41,73,1,0,10.68,73.0,41.0,0.333,0.58,0,0.0,0.317,0.333,0.0,0,73,0,0,41,0,,10.68,,0.0,1.0,0.0,middle,part_time_bowler,0.5,0.0,13.67,0.358,Mumbai,2019,True
SS Majumder,14,16,274,316,6,0,6.92,22.57,19.57,0.875,1.02,5,0.312,0.281,0.375,0.0,33,187,96,30,162,82,6.6,6.93,7.02,0.109,0.591,0.299,powerplay,middle_overs_bowler,1.5,0.67,17.12,1.0,Tripura,2023,True
SS Mundhe,12,23,367,507,20,0,8.29,42.25,30.58,0.522,0.73,3,0.13,0.357,0.87,0.0,192,181,134,156,132,79,7.38,8.23,10.18,0.425,0.36,0.215,powerplay,powerplay_bowler,0.89,0.29,15.96,1.0,Nagaland,2022,True
SS Prabhudessai,2,9,102,129,3,1,7.59,64.5,51.0,0.222,0.44,0,0.0,0.255,0.333,0.111,0,101,28,0,90,12,,6.73,14.0,0.0,0.882,0.118,middle,middle_overs_bowler,0.25,0.2,11.33,0.925,Goa,2022,True
SS Shinde,3,4,68,102,2,1,9.0,34.0,22.67,0.75,0.5,0,0.0,0.176,0.5,0.25,0,80,22,0,54,14,,8.89,9.43,0.0,0.794,0.206,middle,middle_overs_bowler,1.0,0.67,17.0,0.533,Gujarat,2017,True
SS Tiwary,0,1,6,8,0,0,8.0,,,0.0,0.0,0,0.0,0.5,0.0,0.0,0,0,8,0,0,6,,,8.0,0.0,0.0,1.0,death,part_time_bowler,0.0,,6.0,0.088,Jharkhand,2018,False
SSK Chaudhary,1,1,24,24,0,0,6.0,24.0,24.0,1.0,0.0,0,0.0,0.5,0.0,0.0,0,24,0,0,24,0,,6.0,,0.0,1.0,0.0,middle,part_time_bowler,,1.0,24.0,0.162,Bengal,2024,False
STR Binny,23,24,409,527,9,3,7.73,22.91,17.78,0.958,1.04,6,0.25,0.394,0.375,0.125,212,219,96,168,180,61,7.57,7.3,9.44,0.411,0.44,0.149,middle,powerplay_bowler,1.23,0.64,17.04,1.0,Karnataka,2020,True
SZ Mulani,35,31,679,739,17,0,6.53,21.11,19.4,1.129,0.99,11,0.355,0.427,0.548,0.0,239,453,47,222,421,36,6.46,6.46,7.83,0.327,0.62,0.053,powerplay,powerplay_bowler,1.08,1.29,21.9,1.0,Mumbai,2023,True
Sachidanand Pandey,10,12,235,360,9,0,9.19,36.0,23.5,0.833,0.94,2,0.167,0.315,0.75,0.0,138,71,151,84,72,79,9.86,5.92,11.47,0.357,0.306,0.336,middle,death_bowler,1.0,0.71,19.58,1.0,Services,2021,True
Sachin Baby,5,9,106,129,0,0,7.3,25.8,21.2,0.556,0.73,1,0.111,0.33,0.0,0.0,6,102,21,6,84,16,6.0,7.29,7.88,0.057,0.792,0.151,powerplay,middle_overs_bowler,0.4,0.75,11.78,0.942,Kerala,2021,True
Sachin Kumar,6,8,131,156,3,0,7.15,26.0,21.83,0.75,1.04,1,0.125,0.328,0.375,0.0,13,108,35,6,90,35,13.0,7.2,6.0,0.046,0.687,0.267,death,middle_overs_bowler,1.25,0.25,16.38,1.0,Bihar,2022,True
Sagar Trivedi,17,17,354,550,15,4,9.32,32.35,20.82,1.0,1.17,4,0.235,0.305,0.882,0.235,214,158,178,132,102,120,9.73,9.29,8.9,0.373,0.288,0.339,death,death_bowler,1.29,0.8,20.82,1.0,Puducherry,2021,True
Sagar Udeshi,15,19,438,444,1,1,6.08,29.6,29.2,0.789,0.79,4,0.211,0.418,0.053,0.053,159,212,73,138,228,72,6.91,5.58,6.08,0.315,0.521,0.164,middle,powerplay_bowler,1.14,0.58,23.05,1.0,Puducherry,2022,True
Sahban Khan,0,1,16,15,2,0,5.62,,,0.0,0.0,0,0.0,0.5,2.0,0.0,0,3,12,0,6,10,,3.0,7.2,0.0,0.375,0.625,middle,part_time_bowler,,0.0,16.0,0.129,Chhattisgarh,2022,False
Sahil Lotra,1,3,66,71,1,0,6.45,71.0,66.0,0.333,0.58,0,0.0,0.303,0.333,0.0,0,71,0,0,66,0,,6.45,,0.0,1.0,0.0,middle,middle_overs_bowler,0.0,1.0,22.0,0.462,Jammu & Kashmir,2023,True
Sairaj Patil,0,2,18,35,1,1,11.67,,,0.0,0.0,0,0.0,0.278,0.5,0.5,12,0,23,6,0,12,12.0,,11.5,0.333,0.0,0.667,death,part_time_bowler,0.0,,9.0,0.2,Mumbai,2022,False
Sakib Hussain,4,2,24,47,5,0,11.75,11.75,6.0,2.0,2.83,1,0.5,0.333,2.5,0.0,0,47,0,0,24,0,,11.75,,0.0,1.0,0.0,middle,part_time_bowler,,2.0,12.0,0.225,Bihar,2022,False
Salman Baig,0,2,12,21,0,0,10.5,,,0.0,0.0,0,0.0,0.167,0.0,0.0,0,21,0,0,12,0,,10.5,,0.0,1.0,0.0,middle,part_time_bowler,,0.0,6.0,0.175,Madhya Pradesh,2018,False
Samar Quadri,8,11,231,233,0,0,6.05,29.12,28.88,0.727,0.79,2,0.182,0.407,0.0,0.0,0,177,56,0,201,30,,5.28,11.2,0.0,0.87,0.13,middle,middle_overs_bowler,1.0,0.4,21.0,1.0,Bihar,2021,True
Samarth Seth,2,5,50,88,2,0,10.56,44.0,25.0,0.4,0.55,0,0.0,0.2,0.4,0.0,19,30,39,6,30,14,19.0,6.0,16.71,0.12,0.6,0.28,middle,part_time_bowler,,0.4,10.0,0.521,Arunachal Pradesh,2019,True
Sameer Choudhary,1,1,24,33,0,0,8.25,33.0,24.0,1.0,0.0,0,0.0,0.25,0.0,0.0,29,4,0,18,6,0,9.67,4.0,,0.75,0.25,0.0,middle,part_time_bowler,,1.0,24.0,0.162,Uttar Pradesh,2021,False
Sammar Gajjar,0,1,5,14,0,0,16.8,,,0.0,0.0,0,0.0,0.2,0.0,0.0,0,7,7,0,3,2,,14.0,21.0,0.0,0.6,0.4,middle,part_time_bowler,,0.0,5.0,0.083,Saurashtra,2024,False
Sams Alam,1,3,52,111,1,0,12.81,111.0,52.0,0.333,0.58,0,0.0,0.25,0.333,0.0,60,17,34,36,4,12,10.0,25.5,17.0,0.692,0.077,0.231,powerplay,part_time_bowler,,0.33,17.33,0.404,Arunachal Pradesh,2018,True
Sandeep Sharma,24,25,540,656,10,0,7.29,27.33,22.5,0.96,0.98,4,0.16,0.402,0.4,0.0,303,38,315,282,42,216,6.45,5.43,8.75,0.522,0.078,0.4,middle,death_bowler,1.07,0.8,21.6,1.0,Punjab,2024,True
Sanjay Budhwar,0,2,39,46,2,0,7.08,,,0.0,0.0,0,0.0,0.256,1.0,0.0,0,33,13,0,30,9,,6.6,8.67,0.0,0.769,0.231,middle,part_time_bowler,,0.0,19.5,0.288,Haryana,2015,False
Sanjay Raghunath,0,1,12,10,0,0,5.0,,,0.0,0.0,0,0.0,0.583,0.0,0.0,0,0,10,0,0,12,,,5.0,0.0,0.0,1.0,death,part_time_bowler,0.0,,12.0,0.112,Vidarbha,2021,False
Sankar Paul,9,12,192,219,7,2,6.84,24.33,21.33,0.75,0.97,2,0.167,0.411,0.583,0.167,40,138,41,30,132,30,8.0,6.27,8.2,0.156,0.688,0.156,middle,middle_overs_bowler,0.6,0.86,16.0,1.0,Tripura,2023,True
Santha Moorthy,6,3,60,85,2,0,8.5,14.17,10.0,2.0,2.65,1,0.333,0.4,0.667,0.0,46,25,14,30,24,6,9.2,6.25,14.0,0.5,0.4,0.1,middle,powerplay_bowler,5.0,0.5,20.0,0.438,Puducherry,2020,True
Sanvir Singh,4,6,78,128,5,0,9.85,32.0,19.5,0.667,0.82,1,0.167,0.231,0.833,0.0,10,100,18,6,66,6,10.0,9.09,18.0,0.077,0.846,0.077,middle,middle_overs_bowler,0.0,1.0,13.0,0.7,Punjab,2023,True
Sarang Rawat,1,1,18,30,0,0,10.0,30.0,18.0,1.0,0.0,0,0.0,0.278,0.0,0.0,0,30,0,0,18,0,,10.0,,0.0,1.0,0.0,middle,part_time_bowler,1.0,,18.0,0.138,Delhi,2015,False
Saransh Jain,7,9,174,210,2,1,7.24,30.0,24.86,0.778,0.97,1,0.111,0.356,0.222,0.111,40,168,2,24,144,6,10.0,7.0,2.0,0.138,0.828,0.034,death,middle_overs_bowler,1.33,0.5,19.33,1.0,Madhya Pradesh,2023,True
Sarbeswar Mohanty,1,4,54,68,6,0,7.56,68.0,54.0,0.25,0.5,0,0.0,0.389,1.5,0.0,0,61,7,0,42,12,,8.71,3.5,0.0,0.778,0.222,death,part_time_bowler,1.0,0.0,13.5,0.475,Odisha,2021,True
Sarfaraz Ashraf,5,6,96,138,5,0,8.62,27.6,19.2,0.833,1.17,1,0.167,0.281,0.833,0.0,16,91,31,18,60,18,5.33,9.1,10.33,0.188,0.625,0.188,powerplay,middle_overs_bowler,,0.83,16.0,0.775,Bihar,2019,True
Saruk Hossain,1,3,42,41,3,0,5.86,41.0,42.0,0.333,0.58,0,0.0,0.381,1.0,0.0,1,32,8,6,30,6,1.0,6.4,8.0,0.143,0.714,0.143,powerplay,part_time_bowler,0.33,,14.0,0.362,Tripura,2021,True
Sarul Kanwar,0,1,6,13,0,0,13.0,,,0.0,0.0,0,0.0,0.0,0.0,0.0,0,13,0,0,6,0,,13.0,,0.0,1.0,0.0,middle,part_time_bowler,0.0,,6.0,0.088,Chandigarh,2021,False
Satender Thakran,0,2,30,42,0,0,8.4,,,0.0,0.0,0,0.0,0.133,0.0,0.0,17,25,0,12,18,0,8.5,8.33,,0.4,0.6,0.0,middle,part_time_bowler,,0.0,15.0,0.25,Railways,2017,False
Satish Jangir,3,4,60,70,0,0,7.0,23.33,20.0,0.75,0.96,1,0.25,0.35,0.0,0.0,0,48,22,0,54,6,,5.33,22.0,0.0,0.9,0.1,middle,middle_overs_bowler,,0.75,15.0,0.5,Puducherry,2022,True
Satyajeet Bachhav,41,34,786,879,12,1,6.71,21.44,19.17,1.206,1.04,13,0.382,0.361,0.353,0.029,202,547,130,180,504,102,6.73,6.51,7.65,0.229,0.641,0.13,middle,middle_overs_bowler,1.38,0.92,23.12,1.0,Maharashtra,2021,True
Saurabh Das,3,12,177,227,2,0,7.69,75.67,59.0,0.25,0.45,0,0.0,0.305,0.167,0.0,73,115,39,60,93,24,7.3,7.42,9.75,0.339,0.525,0.136,powerplay,powerplay_bowler,0.33,0.22,14.75,1.0,Tripura,2021,True
Saurabh Dubey,0,2,12,16,0,0,8.0,,,0.0,0.0,0,0.0,0.333,0.0,0.0,0,7,9,0,6,6,,7.0,9.0,0.0,0.5,0.5,middle,part_time_bowler,0.0,,6.0,0.175,Uttar Pradesh,2015,False
Saurabh Kumar,23,28,548,651,9,0,7.13,28.3,23.83,0.821,1.25,5,0.179,0.33,0.321,0.0,163,434,54,120,389,39,8.15,6.69,8.31,0.219,0.71,0.071,middle,middle_overs_bowler,1.2,0.38,19.57,1.0,Uttar Pradesh,2021,True
Saurabh Rawat,0,1,6,14,1,0,14.0,,,0.0,0.0,0,0.0,0.167,1.0,0.0,0,14,0,0,6,0,,14.0,,0.0,1.0,0.0,middle,part_time_bowler,,0.0,6.0,0.088,Uttarakhand,2018,False
Saurabh Wakaskar,0,1,6,6,0,0,6.0,,,0.0,0.0,0,0.0,0.167,0.0,0.0,0,6,0,0,6,0,,6.0,,0.0,1.0,0.0,middle,part_time_bowler,,0.0,6.0,0.088,Railways,2015,False
Saurav Chauhan,0,1,6,11,0,0,11.0,,,0.0,0.0,0,0.0,0.167,0.0,0.0,0,11,0,0,6,0,,11.0,,0.0,1.0,0.0,middle,part_time_bowler,0.0,,6.0,0.088,Gujarat,2022,False
Sayan Ghosh,32,25,534,681,25,1,7.65,21.28,16.69,1.28,1.4,7,0.28,0.382,1.0,0.04,133,226,322,114,192,228,7.0,7.06,8.47,0.213,0.36,0.427,powerplay,death_bowler,1.56,0.78,21.36,1.0,Bengal,2024,True
Sayan Mondal,3,6,102,165,7,1,9.71,55.0,34.0,0.5,0.84,1,0.167,0.265,1.167,0.167,54,104,7,24,72,6,13.5,8.67,7.0,0.235,0.706,0.059,death,middle_overs_bowler,1.0,0.25,17.0,0.8,Bengal,2015,True
Shahbaz Ahmed,27,29,594,670,8,1,6.77,24.81,22.0,0.931,0.8,6,0.207,0.37,0.276,0.034,116,462,92,102,444,48,6.82,6.24,11.5,0.172,0.747,0.081,middle,middle_overs_bowler,0.89,1.0,20.48,1.0,Bengal,2024,True
Shakeeb Ahmed,17,14,270,403,9,2,8.96,23.71,15.88,1.214,0.97,6,0.429,0.363,0.643,0.143,190,33,180,144,24,102,7.92,8.25,10.59,0.533,0.089,0.378,powerplay,death_bowler,1.67,0.88,19.29,1.0,Chhattisgarh,2019,True
Shanu Saini,6,5,114,107,2,0,5.63,17.83,19.0,1.2,0.84,2,0.4,0.386,0.4,0.0,0,71,36,0,90,24,,4.73,9.0,0.0,0.789,0.211,middle,middle_overs_bowler,1.5,1.0,22.8,0.788,Uttar Pradesh,2020,True
Sharafuddeen,1,3,48,84,0,0,10.5,84.0,48.0,0.333,0.58,0,0.0,0.354,0.0,0.0,54,23,7,30,12,6,10.8,11.5,7.0,0.625,0.25,0.125,death,part_time_bowler,0.5,0.0,16.0,0.388,Kerala,2021,True
Sharukh Dar,1,1,24,30,1,0,7.5,30.0,24.0,1.0,0.0,0,0.0,0.375,1.0,0.0,12,9,9,12,6,6,6.0,9.0,9.0,0.5,0.25,0.25,powerplay,part_time_bowler,1.0,,24.0,0.162,Jammu & Kashmir,2018,False
Shashank Singh,11,15,228,319,5,0,8.39,29.0,20.73,0.733,1.1,3,0.2,0.276,0.333,0.0,37,213,69,24,156,48,9.25,8.19,8.62,0.105,0.684,0.211,middle,middle_overs_bowler,1.0,0.5,15.2,1.0,Chhattisgarh,2023,True
Shasheem Rathour,7,10,162,149,4,0,5.52,21.29,23.14,0.7,0.67,1,0.1,0.451,0.4,0.0,13,105,31,18,120,24,4.33,5.25,7.75,0.111,0.741,0.148,powerplay,middle_overs_bowler,0.88,0.0,16.2,1.0,Bihar,2020,True
Shashi Anand,0,1,4,12,0,0,18.0,,,0.0,0.0,0,0.0,0.25,0.0,0.0,12,0,0,4,0,0,18.0,,,1.0,0.0,0.0,powerplay,part_time_bowler,,0.0,4.0,0.079,Bihar,2021,False
Shashi Shekhar,3,4,81,89,1,1,6.59,29.67,27.0,0.75,0.96,1,0.25,0.481,0.25,0.25,70,11,8,72,3,6,5.83,22.0,8.0,0.889,0.037,0.074,powerplay,powerplay_bowler,,0.75,20.25,0.588,Bihar,2019,True
Shashwat Rawat,1,1,2,6,0,0,18.0,6.0,2.0,1.0,0.0,0,0.0,0.5,0.0,0.0,0,0,6,0,0,2,,,18.0,0.0,0.0,1.0,death,part_time_bowler,,1.0,2.0,0.071,Baroda,2024,False
Shiva Chauhan,0,1,12,17,0,0,8.5,,,0.0,0.0,0,0.0,0.25,0.0,0.0,0,17,0,0,12,0,,8.5,,0.0,1.0,0.0,middle,part_time_bowler,0.0,,12.0,0.112,Rajasthan,2021,False
Shiva Singh,7,15,307,346,2,0,6.76,49.43,43.86,0.467,0.64,1,0.067,0.375,0.133,0.0,44,267,35,36,252,19,7.33,6.36,11.05,0.117,0.821,0.062,middle,middle_overs_bowler,0.56,0.33,20.47,1.0,Uttar Pradesh,2023,True
Shivam Chaudhary,3,14,184,227,4,0,7.4,75.67,61.33,0.214,0.43,0,0.0,0.337,0.286,0.0,71,154,2,52,126,6,8.19,7.33,2.0,0.283,0.685,0.033,death,middle_overs_bowler,0.33,0.12,13.14,1.0,Railways,2023,True
Shivam Kumar,1,6,89,131,0,0,8.83,131.0,89.0,0.167,0.41,0,0.0,0.258,0.0,0.0,0,131,0,0,89,0,,8.83,,0.0,1.0,0.0,middle,middle_overs_bowler,,0.17,14.83,0.746,Bihar,2019,True
Shivam Mavi,8,8,167,245,8,1,8.8,30.62,20.88,1.0,1.51,3,0.375,0.359,1.0,0.125,62,72,111,54,54,59,6.89,8.0,11.29,0.323,0.323,0.353,powerplay,death_bowler,2.0,0.4,20.88,1.0,Uttar Pradesh,2024,True
Shivam Sharma,7,6,109,108,1,0,5.94,15.43,15.57,1.167,1.33,3,0.5,0.468,0.167,0.0,13,80,15,6,85,18,13.0,5.65,5.0,0.055,0.78,0.165,death,middle_overs_bowler,1.25,1.0,18.17,0.829,Delhi,2021,True
Shivam Shukla,2,3,60,71,2,0,7.1,35.5,30.0,0.667,0.58,0,0.0,0.317,0.667,0.0,25,46,0,18,42,0,8.33,6.57,,0.3,0.7,0.0,middle,middle_overs_bowler,0.5,1.0,20.0,0.438,Madhya Pradesh,2024,True
Shivank Vashisth,16,8,174,166,0,0,5.72,10.38,10.88,2.0,1.69,4,0.5,0.46,0.0,0.0,14,145,7,18,150,6,4.67,5.8,7.0,0.103,0.862,0.034,powerplay,middle_overs_bowler,2.2,1.67,21.75,1.0,Delhi,2022,True
Shivendra Singh,8,12,237,316,1,0,8.0,39.5,29.62,0.667,0.89,3,0.25,0.27,0.083,0.0,32,203,81,24,162,51,8.0,7.52,9.53,0.101,0.684,0.215,middle,middle_overs_bowler,0.67,0.67,19.75,1.0,Chhattisgarh,2020,True
Shoaib Mohammed Khan,5,11,210,237,3,0,6.77,47.4,42.0,0.455,0.52,0,0.0,0.343,0.273,0.0,64,161,12,60,138,12,6.4,7.0,6.0,0.286,0.657,0.057,death,middle_overs_bowler,0.75,0.29,19.09,1.0,Andhra,2022,True
Shourabh Kharwar,0,1,6,17,0,0,17.0,,,0.0,0.0,0,0.0,0.167,0.0,0.0,0,17,0,0,6,0,,17.0,,0.0,1.0,0.0,middle,part_time_bowler,,0.0,6.0,0.088,Chhattisgarh,2020,False
Shreshth Nirmohi,5,8,156,238,2,1,9.15,47.6,31.2,0.625,0.74,1,0.125,0.359,0.25,0.125,128,35,75,108,24,24,7.11,8.75,18.75,0.692,0.154,0.154,powerplay,powerplay_bowler,0.5,0.67,19.5,1.0,Chandigarh,2021,True
Shubham Chaubey,0,2,18,30,0,0,10.0,,,0.0,0.0,0,0.0,0.056,0.0,0.0,0,30,0,0,18,0,,10.0,,0.0,1.0,0.0,middle,part_time_bowler,0.0,0.0,9.0,0.2,Railways,2021,False
Shubham Kamal Sharma,4,4,90,85,1,0,5.67,21.25,22.5,1.0,1.41,1,0.25,0.422,0.25,0.0,20,65,0,30,60,0,4.0,6.5,,0.333,0.667,0.0,powerplay,powerplay_bowler,1.33,0.0,22.5,0.625,Rajasthan,2021,True
Shubham Kumar Singh,1,2,36,56,2,0,9.33,56.0,36.0,0.5,0.71,0,0.0,0.361,1.0,0.0,31,0,25,24,0,12,7.75,,12.5,0.667,0.0,0.333,powerplay,part_time_bowler,0.0,1.0,18.0,0.275,Jharkhand,2021,False
Shubham Pundir,0,1,18,22,2,0,7.33,,,0.0,0.0,0,0.0,0.167,2.0,0.0,0,22,0,0,18,0,,7.33,,0.0,1.0,0.0,middle,part_time_bowler,,0.0,18.0,0.138,Jammu & Kashmir,2023,False
Shubham Ranjane,16,24,363,442,4,0,7.31,27.62,22.69,0.667,0.92,5,0.208,0.298,0.167,0.0,0,384,58,0,324,39,,7.11,8.92,0.0,0.893,0.107,middle,middle_overs_bowler,0.76,0.43,15.12,1.0,Mumbai,2021,True
Shubham Sharma,1,3,30,24,0,0,4.8,24.0,30.0,0.333,0.58,0,0.0,0.4,0.0,0.0,0,24,0,0,30,0,,4.8,,0.0,1.0,0.0,middle,part_time_bowler,0.0,0.5,10.0,0.312,Madhya Pradesh,2023,True
Shubham Singh,5,9,174,246,1,0,8.48,49.2,34.8,0.556,0.73,1,0.111,0.385,0.111,0.0,52,160,34,42,114,18,7.43,8.42,11.33,0.241,0.655,0.103,powerplay,middle_overs_bowler,0.33,1.0,19.33,1.0,Chhattisgarh,2019,True
Sibsankar Roy,6,8,84,93,1,0,6.64,15.5,14.0,0.75,0.46,0,0.0,0.31,0.125,0.0,5,88,0,6,78,0,5.0,6.77,,0.071,0.929,0.0,powerplay,middle_overs_bowler,0.5,0.83,10.5,0.85,Assam,2023,True
Siddhant Sharma,0,1,6,9,0,0,9.0,,,0.0,0.0,0,0.0,0.5,0.0,0.0,9,0,0,6,0,0,9.0,,,1.0,0.0,0.0,powerplay,part_time_bowler,0.0,,6.0,0.088,Delhi,2020,False
Siddhesh Neral,1,1,18,13,3,0,4.33,13.0,18.0,1.0,0.0,0,0.0,0.667,3.0,0.0,8,0,5,12,0,6,4.0,,5.0,0.667,0.0,0.333,powerplay,part_time_bowler,1.0,,18.0,0.138,Vidarbha,2021,False
Sidharth Sharma,0,1,24,27,1,0,6.75,,,0.0,0.0,0,0.0,0.417,1.0,0.0,14,13,0,12,12,0,7.0,6.5,,0.5,0.5,0.0,middle,part_time_bowler,,0.0,24.0,0.162,Himachal Pradesh,2022,False
Sijomon Joseph,2,5,102,136,3,0,8.0,68.0,51.0,0.4,0.89,1,0.2,0.324,0.6,0.0,36,69,31,30,54,18,7.2,7.67,10.33,0.294,0.529,0.176,powerplay,middle_overs_bowler,0.0,0.5,20.4,0.738,Kerala,2023,True
Simarjeet Singh,22,17,342,443,13,2,7.77,20.14,15.55,1.294,0.85,7,0.412,0.494,0.765,0.118,265,73,105,222,54,66,7.16,8.11,9.55,0.649,0.158,0.193,powerplay,powerplay_bowler,1.36,1.17,20.12,1.0,Delhi,2024,True
Sinan Khadir,7,7,160,269,3,0,10.09,38.43,22.86,1.0,0.58,1,0.143,0.288,0.429,0.0,128,79,62,84,46,30,9.14,10.3,12.4,0.525,0.288,0.188,powerplay,powerplay_bowler,,1.0,22.86,0.938,Mizoram,2018,True
Sirla Srinivas,5,6,101,118,0,0,7.01,23.6,20.2,0.833,0.98,2,0.333,0.376,0.0,0.0,11,97,10,12,83,6,5.5,7.01,10.0,0.119,0.822,0.059,powerplay,middle_overs_bowler,2.0,0.6,16.83,0.796,Andhra,2015,True
Skalzang Kalyan,0,1,6,13,0,0,13.0,,,0.0,0.0,0,0.0,0.167,0.0,0.0,0,13,0,0,6,0,,13.0,,0.0,1.0,0.0,middle,part_time_bowler,0.0,,6.0,0.088,Jammu & Kashmir,2020,False
Soaeb Tai,13,14,207,280,8,0,8.12,21.54,15.92,0.929,0.92,3,0.214,0.295,0.571,0.0,21,217,42,18,150,39,7.0,8.68,6.46,0.087,0.725,0.188,death,middle_overs_bowler,1.09,0.33,14.79,1.0,Baroda,2017,True
Sohraab Dhaliwal,0,5,42,71,0,0,10.14,,,0.0,0.0,0,0.0,0.333,0.0,0.0,8,34,29,6,18,18,8.0,11.33,9.67,0.143,0.429,0.429,powerplay,part_time_bowler,0.0,0.0,8.4,0.488,Madhya Pradesh,2018,True
Somnath Soni,1,1,6,15,0,0,15.0,15.0,6.0,1.0,0.0,0,0.0,0.167,0.0,0.0,15,0,0,6,0,0,15.0,,,1.0,0.0,0.0,powerplay,part_time_bowler,,1.0,6.0,0.088,Arunachal Pradesh,2018,False
Somorjit Salam,0,3,37,70,2,1,11.35,,,0.0,0.0,0,0.0,0.297,0.667,0.333,39,14,17,25,6,6,9.36,14.0,17.0,0.676,0.162,0.162,powerplay,part_time_bowler,,0.0,12.33,0.342,Manipur,2021,True
Sonu Singh,10,7,151,189,1,0,7.51,18.9,15.1,1.429,1.13,4,0.571,0.397,0.143,0.0,0,181,8,0,139,12,,7.81,4.0,0.0,0.921,0.079,death,middle_overs_bowler,1.33,1.5,21.57,0.938,Jharkhand,2019,True
Sonu Yadav,9,5,114,146,7,1,7.68,16.22,12.67,1.8,1.1,2,0.4,0.5,1.4,0.2,50,5,91,48,12,54,6.25,2.5,10.11,0.421,0.105,0.474,middle,death_bowler,1.8,,22.8,0.788,Tamil Nadu,2020,True
Sooraj Rai,1,1,24,26,0,0,6.5,26.0,24.0,1.0,0.0,0,0.0,0.5,0.0,0.0,17,0,9,12,0,12,8.5,,4.5,0.5,0.0,0.5,death,part_time_bowler,1.0,,24.0,0.162,Vidarbha,2021,False
Sourabh Majumdar,8,11,190,219,5,1,6.92,27.38,23.75,0.727,1.01,2,0.182,0.416,0.455,0.091,118,42,59,106,36,48,6.68,7.0,7.38,0.558,0.189,0.253,powerplay,powerplay_bowler,0.33,0.88,17.27,1.0,Chhattisgarh,2023,True
Sourav Dey,1,3,48,55,1,1,6.88,55.0,48.0,0.333,0.58,0,0.0,0.271,0.333,0.333,0,44,11,0,42,6,,6.29,11.0,0.0,0.875,0.125,middle,part_time_bowler,0.5,0.0,16.0,0.388,Assam,2023,True
Srinivas Fadte,2,5,60,94,2,0,9.4,47.0,30.0,0.4,0.55,0,0.0,0.383,0.4,0.0,13,56,25,12,36,12,6.5,9.33,12.5,0.2,0.6,0.2,powerplay,middle_overs_bowler,,0.4,12.0,0.562,Goa,2017,True
Subham Nayak,1,1,18,22,0,0,7.33,22.0,18.0,1.0,0.0,0,0.0,0.278,0.0,0.0,0,22,0,0,18,0,,7.33,,0.0,1.0,0.0,middle,part_time_bowler,,1.0,18.0,0.138,Odisha,2018,False
Subhash Sharma,2,2,43,51,3,0,7.12,25.5,21.5,1.0,0.0,0,0.0,0.442,1.5,0.0,43,4,4,36,6,1,7.17,4.0,24.0,0.837,0.14,0.023,middle,part_time_bowler,1.0,1.0,21.5,0.304,Arunachal Pradesh,2018,False
Suboth Bhati,43,33,709,918,14,1,7.77,21.35,16.49,1.303,1.31,10,0.303,0.386,0.424,0.03,169,278,471,144,252,313,7.04,6.62,9.03,0.203,0.355,0.441,middle,death_bowler,1.55,0.82,21.48,1.0,Delhi,2021,True
Subramanian Anand,2,1,12,14,1,0,7.0,7.0,6.0,2.0,0.0,1,1.0,0.667,1.0,0.0,0,14,0,0,12,0,,7.0,,0.0,1.0,0.0,middle,part_time_bowler,,2.0,12.0,0.112,Puducherry,2019,False
Sujit Nayak,2,5,78,70,0,0,5.38,35.0,39.0,0.4,0.55,0,0.0,0.423,0.0,0.0,0,56,14,0,66,12,,5.09,7.0,0.0,0.846,0.154,middle,middle_overs_bowler,0.5,0.0,15.6,0.638,Mumbai,2020,True
Sujit Yadav,0,1,24,27,1,0,6.75,,,0.0,0.0,0,0.0,0.292,1.0,0.0,0,27,0,0,24,0,,6.75,,0.0,1.0,0.0,middle,part_time_bowler,0.0,,24.0,0.162,Bengal,2021,False
Sultan Karim,8,10,141,224,3,2,9.53,28.0,17.62,0.8,0.92,1,0.1,0.298,0.3,0.2,0,191,33,0,123,18,,9.32,11.0,0.0,0.872,0.128,middle,middle_overs_bowler,1.0,0.78,14.1,1.0,Manipur,2023,True
Sumanta Gupta,2,3,36,45,0,0,7.5,22.5,18.0,0.667,0.58,0,0.0,0.222,0.0,0.0,0,45,0,0,36,0,,7.5,,0.0,1.0,0.0,middle,part_time_bowler,0.67,,12.0,0.338,Bengal,2017,True
Sumit Kumar,36,30,506,627,6,3,7.43,17.42,14.06,1.2,1.16,9,0.3,0.364,0.2,0.1,142,288,197,144,252,110,5.92,6.86,10.75,0.285,0.498,0.217,powerplay,middle_overs_bowler,1.25,1.1,16.87,1.0,Haryana,2023,True
Sumit Lama,7,7,114,179,3,1,9.42,25.57,16.29,1.0,1.15,2,0.286,0.368,0.429,0.143,107,44,28,66,30,18,9.73,8.8,9.33,0.579,0.263,0.158,middle,powerplay_bowler,,1.0,16.29,0.912,Mizoram,2020,True
Sumit Ruikar,14,19,375,450,3,0,7.2,32.14,26.79,0.737,0.87,5,0.263,0.355,0.158,0.0,108,273,69,90,240,45,7.2,6.82,9.2,0.24,0.64,0.12,middle,middle_overs_bowler,1.0,0.64,19.74,1.0,Chhattisgarh,2023,True
Sumit Singh,8,9,187,243,6,0,7.8,30.38,23.38,0.889,0.93,3,0.333,0.289,0.667,0.0,64,94,85,54,84,49,7.11,6.71,10.41,0.289,0.449,0.262,middle,middle_overs_bowler,0.33,1.17,20.78,1.0,Services,2021,True
Sunil Roul,0,2,30,58,0,0,11.6,,,0.0,0.0,0,0.0,0.233,0.0,0.0,22,21,15,12,12,6,11.0,10.5,15.0,0.4,0.4,0.2,middle,part_time_bowler,,0.0,15.0,0.25,Odisha,2020,False
Sunil Salam,0,1,6,18,0,0,18.0,,,0.0,0.0,0,0.0,0.167,0.0,0.0,0,18,0,0,6,0,,18.0,,0.0,1.0,0.0,middle,part_time_bowler,,0.0,6.0,0.088,Manipur,2021,False
Sunil Yadav,0,5,77,119,1,0,9.27,,,0.0,0.0,0,0.0,0.195,0.2,0.0,0,85,34,0,66,11,,7.73,18.55,0.0,0.857,0.143,middle,middle_overs_bowler,0.0,0.0,15.4,0.633,Maharashtra,2021,True
Sunny Gupta,0,1,12,18,0,0,9.0,,,0.0,0.0,0,0.0,0.333,0.0,0.0,0,18,0,0,12,0,,9.0,,0.0,1.0,0.0,middle,part_time_bowler,,0.0,12.0,0.112,Jharkhand,2017,False
Sunny Kashyap,5,5,96,116,2,0,7.25,23.2,19.2,1.0,0.71,1,0.2,0.333,0.4,0.0,37,41,38,30,36,30,7.4,6.83,7.6,0.312,0.375,0.312,middle,death_bowler,1.25,0.0,19.2,0.712,Uttarakhand,2018,True
Sunny Rana,13,10,204,264,2,0,7.76,20.31,15.69,1.3,0.95,6,0.6,0.368,0.2,0.0,122,8,134,102,12,90,7.18,4.0,8.93,0.5,0.059,0.441,middle,death_bowler,1.83,0.5,20.4,1.0,Uttarakhand,2019,True
Supriyo Chakraborty,2,3,60,84,1,0,8.4,42.0,30.0,0.667,0.58,0,0.0,0.333,0.333,0.0,16,59,9,12,36,12,8.0,9.83,4.5,0.2,0.6,0.2,death,middle_overs_bowler,0.67,,20.0,0.438,Jharkhand,2019,True
Suraj Kashyap,1,2,30,35,0,0,7.0,35.0,30.0,0.5,0.71,0,0.0,0.333,0.0,0.0,11,18,6,6,18,6,11.0,6.0,6.0,0.2,0.6,0.2,middle,part_time_bowler,,0.5,15.0,0.25,Bihar,2021,False
Surendra Malviya,0,1,24,53,1,2,13.25,,,0.0,0.0,0,0.0,0.208,1.0,2.0,22,0,31,12,0,12,11.0,,15.5,0.5,0.0,0.5,powerplay,part_time_bowler,0.0,,24.0,0.162,Madhya Pradesh,2020,False
Suresh Kumar,4,2,30,30,0,0,6.0,7.5,7.5,2.0,2.83,1,0.5,0.433,0.0,0.0,0,28,2,0,24,6,,7.0,2.0,0.0,0.8,0.2,death,part_time_bowler,4.0,0.0,15.0,0.25,Puducherry,2019,False
Suresh Vishweshwar,0,2,42,64,5,1,9.14,,,0.0,0.0,0,0.0,0.333,2.5,0.5,16,11,37,18,6,18,5.33,11.0,12.33,0.429,0.143,0.429,powerplay,part_time_bowler,0.0,0.0,21.0,0.3,Kerala,2021,False
Suryakant Pradhan,16,19,374,467,10,2,7.49,29.19,23.38,0.842,1.12,3,0.158,0.444,0.526,0.105,307,81,79,240,72,62,7.67,6.75,7.65,0.642,0.193,0.166,middle,powerplay_bowler,1.38,0.45,19.68,1.0,Odisha,2020,True
Suryansh Shedge,5,3,48,79,0,1,9.88,15.8,9.6,1.667,0.58,2,0.667,0.271,0.0,0.333,0,36,43,0,24,24,,9.0,10.75,0.0,0.5,0.5,middle,part_time_bowler,1.67,,16.0,0.388,Mumbai,2024,True
Susheel Kumar,3,5,104,154,1,1,8.88,51.33,34.67,0.6,0.55,0,0.0,0.346,0.2,0.2,64,7,83,48,12,44,8.0,3.5,11.32,0.462,0.115,0.423,middle,death_bowler,0.5,0.67,20.8,0.746,Railways,2023,True
Suyash Sharma,14,6,142,165,5,0,6.97,11.79,10.14,2.333,1.86,4,0.667,0.408,0.833,0.0,41,95,29,36,84,22,6.83,6.79,7.91,0.254,0.592,0.155,middle,middle_overs_bowler,3.0,1.0,23.67,0.875,Delhi,2024,True
Swapnil Singh,32,33,694,800,12,0,6.92,25.0,21.69,0.97,0.81,8,0.242,0.38,0.364,0.0,128,532,140,108,498,88,7.11,6.41,9.55,0.156,0.718,0.127,middle,middle_overs_bowler,1.05,0.86,21.03,1.0,Baroda,2022,True
Swarajeet Das,3,10,154,265,5,0,10.32,88.33,51.33,0.3,0.67,1,0.1,0.182,0.5,0.0,9,173,83,6,102,46,9.0,10.18,10.83,0.039,0.662,0.299,powerplay,middle_overs_bowler,1.0,0.12,15.4,1.0,Meghalaya,2019,True
Swarupam Purkayastha,7,6,95,135,2,1,8.53,19.29,13.57,1.167,1.17,2,0.333,0.347,0.333,0.167,91,31,13,48,36,11,11.38,5.17,7.09,0.505,0.379,0.116,middle,powerplay_bowler,,1.17,15.83,0.771,Assam,2019,True
Syed Sagar,1,4,66,86,1,3,7.82,86.0,66.0,0.25,0.5,0,0.0,0.288,0.25,0.75,0,66,20,0,48,18,,8.25,6.67,0.0,0.727,0.273,death,middle_overs_bowler,,0.25,16.5,0.525,Jammu & Kashmir,2015,True
T Kohli,8,17,232,395,10,1,10.22,49.38,29.0,0.471,0.87,2,0.118,0.237,0.588,0.059,61,120,214,48,78,106,7.62,9.23,12.11,0.207,0.336,0.457,powerplay,death_bowler,0.0,0.5,13.65,1.0,Mizoram,2022,True
T Natarajan,16,17,333,432,13,0,7.78,27.0,20.81,0.941,1.09,3,0.176,0.393,0.765,0.0,135,77,220,132,60,141,6.14,7.7,9.36,0.396,0.18,0.423,powerplay,death_bowler,1.25,0.2,19.59,1.0,Tamil Nadu,2023,True
T Pradeep,15,17,366,555,15,1,9.1,37.0,24.4,0.882,0.78,2,0.118,0.363,0.882,0.059,250,64,241,204,48,114,7.35,8.0,12.68,0.557,0.131,0.311,powerplay,death_bowler,0.86,0.9,21.53,1.0,Railways,2022,True
T R Dhillon,3,2,48,51,0,0,6.38,17.0,16.0,1.5,0.71,1,0.5,0.458,0.0,0.0,4,47,0,12,36,0,2.0,7.83,,0.25,0.75,0.0,powerplay,part_time_bowler,,1.5,24.0,0.325,Maharashtra,2020,False
T Teti,0,1,6,30,2,0,30.0,,,0.0,0.0,0,0.0,0.167,2.0,0.0,0,30,0,0,6,0,,30.0,,0.0,1.0,0.0,middle,part_time_bowler,,0.0,6.0,0.088,Arunachal Pradesh,2023,False
T Vijay,3,2,48,91,0,0,11.38,30.33,16.0,1.5,0.71,1,0.5,0.25,0.0,0.0,0,82,9,0,42,6,,11.71,9.0,0.0,0.875,0.125,death,part_time_bowler,1.0,2.0,24.0,0.325,Andhra,2023,False
TC Vanlalremruata,3,3,60,71,0,0,7.1,23.67,20.0,1.0,1.0,1,0.333,0.233,0.0,0.0,0,71,0,0,60,0,,7.1,,0.0,1.0,0.0,middle,middle_overs_bowler,,1.0,20.0,0.438,Mizoram,2023,True
TS Saha,6,6,107,152,4,1,8.52,25.33,17.83,1.0,0.89,2,0.333,0.308,0.667,0.167,27,104,21,24,77,6,6.75,8.1,21.0,0.224,0.72,0.056,powerplay,middle_overs_bowler,,1.0,17.83,0.821,Tripura,2020,True
TU Deshpande,51,30,662,867,19,6,7.86,17.0,12.98,1.7,1.21,17,0.567,0.408,0.633,0.2,341,228,298,258,188,216,7.93,7.28,8.28,0.39,0.284,0.326,middle,death_bowler,1.82,1.38,22.07,1.0,Mumbai,2023,True
Tahmeed Rahman,12,21,339,487,7,0,8.62,40.58,28.25,0.571,0.68,2,0.095,0.304,0.333,0.0,35,390,62,30,279,30,7.0,8.39,12.4,0.088,0.823,0.088,powerplay,middle_overs_bowler,0.75,0.53,16.14,1.0,Nagaland,2023,True
Tajinder Singh,9,9,150,144,2,0,5.76,16.0,16.67,1.0,0.87,3,0.333,0.327,0.222,0.0,0,142,2,0,144,6,,5.92,2.0,0.0,0.96,0.04,death,middle_overs_bowler,1.14,0.5,16.67,1.0,Rajasthan,2018,True
Tanay Thyagarajan,9,16,342,382,1,2,6.7,42.44,38.0,0.562,0.63,1,0.062,0.348,0.062,0.125,87,266,29,48,270,24,10.88,5.91,7.25,0.14,0.789,0.07,middle,middle_overs_bowler,0.89,0.14,21.38,1.0,Hyderabad (India),2023,True
Tanush Kotian,18,15,289,310,12,0,6.44,17.22,16.06,1.2,1.32,5,0.333,0.412,0.8,0.0,20,276,14,18,252,19,6.67,6.57,4.42,0.062,0.872,0.066,death,middle_overs_bowler,1.33,0.67,19.27,1.0,Mumbai,2024,True
Tanveer Ul-Haq,13,12,234,250,8,0,6.41,19.23,18.0,1.083,1.24,2,0.167,0.47,0.667,0.0,167,40,43,168,42,24,5.96,5.71,10.75,0.718,0.179,0.103,middle,powerplay_bowler,1.67,0.5,19.5,1.0,Rajasthan,2021,True
Tarani Sa,2,2,36,56,0,1,9.33,28.0,18.0,1.0,1.41,1,0.5,0.222,0.0,0.5,15,13,28,12,12,12,7.5,6.5,14.0,0.333,0.333,0.333,middle,part_time_bowler,0.0,2.0,18.0,0.275,Odisha,2020,False
Tashi Bhalla,0,2,18,51,0,1,17.0,,,0.0,0.0,0,0.0,0.278,0.0,0.5,0,51,0,0,18,0,,17.0,,0.0,1.0,0.0,middle,part_time_bowler,,0.0,9.0,0.2,Sikkim,2018,False
Techi Doria,7,9,138,193,9,4,8.39,27.57,19.71,0.778,1.3,2,0.222,0.261,1.0,0.444,0,148,45,0,114,24,,7.79,11.25,0.0,0.826,0.174,middle,middle_overs_bowler,,0.78,15.33,1.0,Arunachal Pradesh,2021,True
Techi Neri,3,11,204,265,0,0,7.79,88.33,68.0,0.273,0.47,0,0.0,0.309,0.0,0.0,20,245,0,12,192,0,10.0,7.66,,0.059,0.941,0.0,middle,middle_overs_bowler,0.0,0.3,18.55,1.0,Arunachal Pradesh,2021,True
Tejas Baroka,0,2,18,45,0,0,15.0,,,0.0,0.0,0,0.0,0.167,0.0,0.0,0,45,0,0,18,0,,15.0,,0.0,1.0,0.0,middle,part_time_bowler,0.0,0.0,9.0,0.2,Delhi,2017,False
Tejas Patel,9,11,209,287,6,4,8.24,31.89,23.22,0.818,1.08,3,0.273,0.435,0.545,0.364,152,55,80,108,42,59,8.44,7.86,8.14,0.517,0.201,0.282,middle,powerplay_bowler,1.12,0.0,19.0,1.0,Gujarat,2022,True
Thivagar Gopal,1,1,18,26,2,0,8.67,26.0,18.0,1.0,0.0,0,0.0,0.611,2.0,0.0,8,0,18,12,0,6,4.0,,18.0,0.667,0.0,0.333,powerplay,part_time_bowler,,1.0,18.0,0.138,Puducherry,2022,False
Thomas Moirangthem,4,4,66,84,2,0,7.64,21.0,16.5,1.0,1.41,1,0.25,0.47,0.5,0.0,50,0,34,42,0,24,7.14,,8.5,0.636,0.0,0.364,powerplay,death_bowler,,1.0,16.5,0.525,Manipur,2019,True
Tilak Varma,2,6,60,78,1,0,7.8,39.0,30.0,0.333,0.52,0,0.0,0.233,0.167,0.0,15,51,12,12,42,6,7.5,7.29,12.0,0.2,0.7,0.1,middle,middle_overs_bowler,0.5,0.0,10.0,0.625,Hyderabad (India),2023,True
Toni Chishi,1,3,24,48,1,0,12.0,48.0,24.0,0.333,0.58,0,0.0,0.167,0.333,0.0,0,33,15,0,12,12,,16.5,7.5,0.0,0.5,0.5,death,part_time_bowler,,0.33,8.0,0.288,Nagaland,2019,True
Tripuresh Singh,4,3,59,81,0,0,8.24,20.25,14.75,1.333,0.58,1,0.333,0.458,0.0,0.0,52,0,29,48,0,11,6.5,,15.82,0.814,0.0,0.186,powerplay,part_time_bowler,1.0,2.0,19.67,0.433,Madhya Pradesh,2024,True
Trishank Gupta,0,2,24,26,1,0,6.5,,,0.0,0.0,0,0.0,0.333,0.5,0.0,0,26,0,0,24,0,,6.5,,0.0,1.0,0.0,middle,part_time_bowler,0.0,,12.0,0.225,Hyderabad (India),2022,False
Tukuna Sahoo,2,4,60,67,0,0,6.7,33.5,30.0,0.5,1.0,1,0.25,0.267,0.0,0.0,0,67,0,0,60,0,,6.7,,0.0,1.0,0.0,middle,middle_overs_bowler,,0.5,15.0,0.5,Odisha,2015,True
U U Bose,2,5,50,69,0,0,8.28,34.5,25.0,0.4,0.55,0,0.0,0.24,0.0,0.0,0,18,51,0,14,36,,7.71,8.5,0.0,0.28,0.72,middle,part_time_bowler,,0.4,10.0,0.521,Tripura,2020,True
UT Yadav,8,12,242,292,13,0,7.24,36.5,30.25,0.667,0.98,2,0.167,0.434,1.083,0.0,136,41,115,114,42,86,7.16,5.86,8.02,0.471,0.174,0.355,middle,death_bowler,0.78,0.33,20.17,1.0,Vidarbha,2022,True
Umang Sharma,0,2,24,36,0,0,9.0,,,0.0,0.0,0,0.0,0.208,0.0,0.0,0,36,0,0,24,0,,9.0,,0.0,1.0,0.0,middle,part_time_bowler,0.0,0.0,12.0,0.225,Uttar Pradesh,2017,False
Umar Alam,5,3,66,73,1,0,6.64,14.6,13.2,1.667,0.58,2,0.667,0.455,0.333,0.0,30,16,27,36,12,18,5.0,8.0,9.0,0.545,0.182,0.273,powerplay,powerplay_bowler,,1.67,22.0,0.462,Jammu & Kashmir,2015,True
Umar Nazir,6,9,191,273,6,0,8.58,45.5,31.83,0.667,0.87,2,0.222,0.366,0.667,0.0,112,64,97,90,48,53,7.47,8.0,10.98,0.471,0.251,0.277,powerplay,powerplay_bowler,1.0,0.25,21.22,1.0,Jammu & Kashmir,2020,True
Umran Malik,13,7,168,193,5,1,6.89,14.85,12.92,1.857,1.57,4,0.571,0.44,0.714,0.143,33,109,51,30,84,54,6.6,7.79,5.67,0.179,0.5,0.321,death,death_bowler,2.5,1.0,24.0,0.938,Jammu & Kashmir,2023,True
Unnikrishnan Manukrishnan,19,14,300,349,3,4,6.98,18.37,15.79,1.357,1.08,5,0.357,0.427,0.214,0.286,194,42,113,180,54,66,6.47,4.67,10.27,0.6,0.18,0.22,middle,powerplay_bowler,1.12,1.67,21.43,1.0,Kerala,2023,True
Utkarsh Singh,20,16,289,306,3,0,6.35,15.3,14.45,1.25,0.93,5,0.312,0.422,0.188,0.0,113,185,8,126,150,13,5.38,7.4,3.69,0.436,0.519,0.045,death,powerplay_bowler,1.75,0.75,18.06,1.0,Jharkhand,2021,True
V Athisayaraj Davidson,12,9,180,237,10,0,7.9,19.75,15.0,1.333,1.5,2,0.222,0.328,1.111,0.0,64,67,106,48,48,84,8.0,8.38,7.57,0.267,0.267,0.467,death,death_bowler,1.0,1.75,20.0,1.0,Tamil Nadu,2017,True
V Dhaka,0,1,18,23,0,0,7.67,,,0.0,0.0,0,0.0,0.333,0.0,0.0,0,23,0,0,18,0,,7.67,,0.0,1.0,0.0,middle,part_time_bowler,,0.0,18.0,0.138,Railways,2020,False
V Kaverappa,5,4,81,87,4,0,6.44,17.4,16.2,1.25,1.5,2,0.5,0.519,1.0,0.0,42,0,45,54,0,27,4.67,,10.0,0.667,0.0,0.333,powerplay,death_bowler,2.0,1.0,20.25,0.588,Karnataka,2023,True
V M Jivrajani,6,5,114,140,1,1,7.37,23.33,19.0,1.2,0.45,1,0.2,0.342,0.2,0.2,23,112,5,24,84,6,5.75,8.0,5.0,0.211,0.737,0.053,death,middle_overs_bowler,1.5,1.0,22.8,0.788,Saurashtra,2019,True
V Nigam,0,1,12,22,1,0,11.0,,,0.0,0.0,0,0.0,0.333,1.0,0.0,0,22,0,0,12,0,,11.0,,0.0,1.0,0.0,middle,part_time_bowler,,0.0,12.0,0.112,Uttar Pradesh,2024,False
V Panwar,1,1,24,34,0,0,8.5,34.0,24.0,1.0,0.0,0,0.0,0.25,0.0,0.0,8,22,4,6,12,6,8.0,11.0,4.0,0.25,0.5,0.25,death,part_time_bowler,,1.0,24.0,0.162,Uttar Pradesh,2024,False
V Pratap Singh,3,7,126,189,4,0,9.0,63.0,42.0,0.429,0.53,0,0.0,0.333,0.571,0.0,109,18,62,78,18,30,8.38,6.0,12.4,0.619,0.143,0.238,middle,powerplay_bowler,,0.43,18.0,0.938,Chhattisgarh,2021,True
V Shankar,6,15,193,241,8,1,7.49,40.17,32.17,0.4,0.83,1,0.067,0.409,0.533,0.067,114,112,15,78,103,12,8.77,6.52,7.5,0.404,0.534,0.062,middle,powerplay_bowler,0.67,0.0,12.87,1.0,Tamil Nadu,2021,True
V Tokas,2,3,37,65,0,1,10.54,32.5,18.5,0.667,1.15,1,0.333,0.351,0.0,0.333,40,17,8,18,12,7,13.33,8.5,6.86,0.486,0.324,0.189,death,part_time_bowler,1.0,0.0,12.33,0.342,Delhi,2018,True
VA Jagadeesh,6,7,114,145,2,0,7.63,24.17,19.0,0.857,0.69,1,0.143,0.281,0.286,0.0,0,135,10,0,102,12,,7.94,5.0,0.0,0.895,0.105,death,middle_overs_bowler,1.2,0.0,16.29,0.912,Kerala,2015,True
VA Naik,0,2,18,16,0,1,5.33,,,0.0,0.0,0,0.0,0.333,0.0,0.5,0,16,0,0,18,0,,5.33,,0.0,1.0,0.0,middle,part_time_bowler,0.0,0.0,9.0,0.2,Goa,2022,False
VG Arora,19,15,328,387,19,0,7.08,20.37,17.26,1.267,1.16,6,0.4,0.494,1.267,0.0,248,41,98,234,36,58,6.36,6.83,10.14,0.713,0.11,0.177,powerplay,powerplay_bowler,1.1,1.6,21.87,1.0,Himachal,2022,True
VK Saha,2,4,84,88,0,0,6.29,44.0,42.0,0.5,1.0,1,0.25,0.512,0.0,0.0,38,34,16,30,48,6,7.6,4.25,16.0,0.357,0.571,0.071,middle,powerplay_bowler,2.0,0.0,21.0,0.6,Tripura,2023,True
VK Singh,1,2,30,34,1,0,6.8,34.0,30.0,0.5,0.71,0,0.0,0.6,0.5,0.0,0,34,0,0,30,0,,6.8,,0.0,1.0,0.0,middle,part_time_bowler,1.0,0.0,15.0,0.25,Goa,2023,False
VR Aaron,26,22,457,707,23,2,9.28,27.19,17.58,1.182,1.05,8,0.364,0.409,1.045,0.091,276,214,217,204,138,115,8.12,9.3,11.32,0.446,0.302,0.252,powerplay,powerplay_bowler,1.25,1.14,20.77,1.0,Jharkhand,2022,True
VR Iyer,22,30,462,547,18,0,7.1,24.86,21.0,0.733,0.74,5,0.167,0.39,0.6,0.0,106,351,90,90,312,60,7.07,6.75,9.0,0.195,0.675,0.13,middle,middle_overs_bowler,0.94,0.46,15.4,1.0,Madhya Pradesh,2024,True
VV Gite,6,7,121,178,8,1,8.83,29.67,20.17,0.857,0.9,2,0.286,0.372,1.143,0.143,93,42,43,60,36,25,9.3,7.0,10.32,0.496,0.298,0.207,middle,powerplay_bowler,1.2,0.0,17.29,0.938,Maharashtra,2019,True
Vaibhav Govekar,0,1,2,2,0,0,6.0,,,0.0,0.0,0,0.0,0.0,0.0,0.0,0,0,2,0,0,2,,,6.0,0.0,0.0,1.0,death,part_time_bowler,,0.0,2.0,0.071,Goa,2018,False
Vaibhav Singh Panwar,0,2,20,24,0,0,7.2,,,0.0,0.0,0,0.0,0.35,0.0,0.0,7,17,0,6,14,0,7.0,7.29,,0.3,0.7,0.0,powerplay,part_time_bowler,0.0,0.0,10.0,0.208,Uttarakhand,2019,False
Vaisakh Chandran,0,1,6,4,0,0,4.0,,,0.0,0.0,0,0.0,0.333,0.0,0.0,4,0,0,6,0,0,4.0,,,1.0,0.0,0.0,powerplay,part_time_bowler,,0.0,6.0,0.088,Kerala,2022,False
Varun Choudhary,19,11,257,377,11,0,8.8,19.84,13.53,1.727,0.9,7,0.636,0.319,1.0,0.0,164,22,191,126,12,119,7.81,11.0,9.63,0.49,0.047,0.463,powerplay,death_bowler,2.0,1.4,23.36,1.0,Services,2021,True
Varun Sood,7,11,222,271,0,0,7.32,38.71,31.71,0.636,0.67,1,0.091,0.387,0.0,0.0,76,123,72,66,114,42,6.91,6.47,10.29,0.297,0.514,0.189,middle,middle_overs_bowler,1.0,0.56,20.18,1.0,Delhi,2020,True
Vasuki Koushik,29,24,523,703,19,3,8.07,24.24,18.03,1.208,1.06,7,0.292,0.411,0.792,0.125,287,49,367,276,36,211,6.24,8.17,10.44,0.528,0.069,0.403,powerplay,death_bowler,1.33,0.33,21.79,1.0,Karnataka,2022,True
Vidyadhar Patil,5,6,132,181,3,0,8.23,36.2,26.4,0.833,0.41,0,0.0,0.235,0.5,0.0,33,57,91,42,42,48,4.71,8.14,11.38,0.318,0.318,0.364,powerplay,death_bowler,0.75,1.0,22.0,0.875,Karnataka,2021,True
Vignesh Kannan,1,1,24,40,1,0,10.0,40.0,24.0,1.0,0.0,0,0.0,0.333,1.0,0.0,3,37,0,6,18,0,3.0,12.33,,0.25,0.75,0.0,powerplay,part_time_bowler,1.0,,24.0,0.162,Puducherry,2020,False
Vijaykumar Vyshak,11,10,216,315,6,1,8.75,28.64,19.64,1.1,1.29,4,0.4,0.38,0.6,0.1,98,98,119,60,78,78,9.8,7.54,9.15,0.278,0.361,0.361,middle,death_bowler,2.0,0.2,21.6,1.0,Karnataka,2023,True
Vijesh Prabhudessai,7,8,147,273,10,1,11.14,39.0,21.0,0.875,0.99,1,0.125,0.313,1.25,0.125,140,31,102,72,24,51,11.67,7.75,12.0,0.49,0.163,0.347,middle,death_bowler,2.0,0.5,18.38,1.0,Goa,2020,True
Vikas Hathwala,1,3,54,54,0,0,6.0,54.0,54.0,0.333,0.58,0,0.0,0.389,0.0,0.0,0,46,8,0,48,6,,5.75,8.0,0.0,0.889,0.111,middle,part_time_bowler,0.0,0.5,18.0,0.412,Services,2015,True
Vikas Mishra,0,1,24,26,2,0,6.5,,,0.0,0.0,0,0.0,0.667,2.0,0.0,18,8,0,18,6,0,6.0,8.0,,0.75,0.25,0.0,powerplay,part_time_bowler,,0.0,24.0,0.162,Delhi,2019,False
Vikas Yadav,20,20,462,506,4,0,6.57,25.3,23.1,1.0,1.21,3,0.15,0.331,0.2,0.0,26,442,38,30,390,42,5.2,6.8,5.43,0.065,0.844,0.091,powerplay,middle_overs_bowler,1.1,0.9,23.1,1.0,Services,2021,True
Vikash Singh,14,20,408,582,22,6,8.56,41.57,29.14,0.7,0.92,4,0.2,0.409,1.1,0.3,223,127,232,192,90,126,6.97,8.47,11.05,0.471,0.221,0.309,powerplay,death_bowler,0.62,0.86,20.4,1.0,Jharkhand,2021,True
Vikrant Rajput,0,2,12,25,1,0,12.5,,,0.0,0.0,0,0.0,0.167,0.5,0.0,0,25,0,0,12,0,,12.5,,0.0,1.0,0.0,middle,part_time_bowler,,0.0,6.0,0.175,Railways,2020,False
Vinod Kumar,0,3,60,96,3,0,9.6,,,0.0,0.0,0,0.0,0.2,1.0,0.0,17,51,28,12,30,18,8.5,10.2,9.33,0.2,0.5,0.3,powerplay,all_phases_bowler,,0.0,20.0,0.438,Kerala,2023,True
Vinoop Manoharan,7,6,114,148,0,0,7.79,21.14,16.29,1.167,0.75,2,0.333,0.307,0.0,0.0,0,119,29,0,90,24,,7.93,7.25,0.0,0.789,0.211,death,middle_overs_bowler,1.5,0.5,19.0,0.85,Kerala,2018,True
Vipin Kumar,0,1,12,10,1,0,5.0,,,0.0,0.0,0,0.0,0.5,1.0,0.0,6,4,0,6,6,0,6.0,4.0,,0.5,0.5,0.0,middle,part_time_bowler,0.0,,12.0,0.112,Haryana,2019,False
Vipul Krishna,2,2,30,72,1,0,14.4,36.0,15.0,1.0,1.41,1,0.5,0.333,0.5,0.0,43,0,29,18,0,12,14.33,,14.5,0.6,0.0,0.4,powerplay,part_time_bowler,,1.0,15.0,0.25,Bihar,2019,False
Virat Singh,1,5,60,87,1,0,8.7,87.0,60.0,0.2,0.45,0,0.0,0.25,0.2,0.0,0,84,3,0,54,6,,9.33,3.0,0.0,0.9,0.1,death,middle_overs_bowler,0.25,0.0,12.0,0.562,Jharkhand,2018,True
Vishal Das,4,4,78,101,0,0,7.77,25.25,19.5,1.0,0.82,1,0.25,0.397,0.0,0.0,55,13,33,48,12,18,6.88,6.5,11.0,0.615,0.154,0.231,middle,powerplay_bowler,1.0,1.0,19.5,0.575,Bihar,2018,True
Vishal Jayswal,2,2,24,50,0,0,12.5,25.0,12.0,1.0,1.41,1,0.5,0.167,0.0,0.0,34,9,7,12,6,6,17.0,9.0,7.0,0.5,0.25,0.25,death,part_time_bowler,,1.0,12.0,0.225,Gujarat,2023,False
Vishal Kushwah,14,13,222,350,6,1,9.46,25.0,15.86,1.077,0.95,4,0.308,0.275,0.462,0.077,44,207,99,30,138,54,8.8,9.0,11.0,0.135,0.622,0.243,powerplay,middle_overs_bowler,0.5,1.33,17.08,1.0,Chhattisgarh,2020,True
Vishal Sharma,0,1,18,29,0,0,9.67,,,0.0,0.0,0,0.0,0.333,0.0,0.0,10,19,0,6,12,0,10.0,9.5,,0.333,0.667,0.0,middle,part_time_bowler,,0.0,18.0,0.138,Hyderabad (India),2015,False
Vishnu Solanki,0,1,6,9,0,0,9.0,,,0.0,0.0,0,0.0,0.167,0.0,0.0,0,9,0,0,6,0,,9.0,,0.0,1.0,0.0,middle,part_time_bowler,0.0,,6.0,0.088,Baroda,2017,False
Vishnu Vinod,0,2,19,24,1,0,7.58,,,0.0,0.0,0,0.0,0.263,0.5,0.0,0,16,8,0,12,7,,8.0,6.86,0.0,0.632,0.368,death,part_time_bowler,0.0,0.0,9.5,0.204,Kerala,2020,False
Vivek Kumar,4,8,161,230,2,2,8.57,57.5,40.25,0.5,0.76,1,0.125,0.354,0.25,0.25,139,36,55,108,24,29,7.72,9.0,11.38,0.671,0.149,0.18,powerplay,powerplay_bowler,0.0,0.57,20.12,1.0,Bihar,2019,True
Vivek Singh,1,8,84,109,0,0,7.79,109.0,84.0,0.125,0.35,0,0.0,0.333,0.0,0.0,0,109,0,0,84,0,,7.79,,0.0,1.0,0.0,middle,middle_overs_bowler,0.2,0.0,10.5,0.85,Bengal,2018,True
Vivekanand Tiwari,6,6,96,142,2,5,8.88,23.67,16.0,1.0,1.26,2,0.333,0.438,0.333,0.833,58,46,38,42,30,24,8.29,9.2,9.5,0.438,0.312,0.25,powerplay,powerplay_bowler,0.67,1.33,16.0,0.775,Jharkhand,2021,True
Waseem Raza,11,14,255,337,1,0,7.93,30.64,23.18,0.786,1.19,3,0.214,0.31,0.071,0.0,42,239,56,30,189,36,8.4,7.59,9.33,0.118,0.741,0.141,middle,middle_overs_bowler,1.67,0.55,18.21,1.0,Jammu & Kashmir,2021,True
Washington Sundar,21,27,570,599,8,0,6.31,28.52,27.14,0.778,0.97,6,0.222,0.416,0.296,0.0,213,270,116,204,282,84,6.26,5.74,8.29,0.358,0.495,0.147,middle,powerplay_bowler,0.94,0.55,21.11,1.0,Tamil Nadu,2023,True
Writtick Chatterjee,15,15,276,291,2,0,6.33,19.4,18.4,1.0,0.85,3,0.2,0.395,0.133,0.0,26,209,56,42,204,30,3.71,6.15,11.2,0.152,0.739,0.109,powerplay,middle_overs_bowler,0.91,1.25,18.4,1.0,Bengal,2024,True
Y Prithvi Raj,5,2,47,92,7,0,11.74,18.4,9.4,2.5,0.71,2,1.0,0.362,3.5,0.0,33,51,8,12,24,11,16.5,12.75,4.36,0.255,0.511,0.234,death,part_time_bowler,3.0,2.0,23.5,0.321,Andhra,2023,False
Y Sera,0,2,24,62,4,1,15.5,,,0.0,0.0,0,0.0,0.292,2.0,0.5,62,0,0,24,0,0,15.5,,,1.0,0.0,0.0,powerplay,part_time_bowler,,0.0,12.0,0.225,Arunachal Pradesh,2023,False
YBK Jaiswal,0,2,12,24,0,0,12.0,,,0.0,0.0,0,0.0,0.333,0.0,0.0,0,24,0,0,12,0,,12.0,,0.0,1.0,0.0,middle,part_time_bowler,,0.0,6.0,0.175,Mumbai,2021,False
YD Gardharia,0,1,12,28,1,0,14.0,,,0.0,0.0,0,0.0,0.333,1.0,0.0,17,11,0,6,6,0,17.0,11.0,,0.5,0.5,0.0,middle,part_time_bowler,,0.0,12.0,0.112,Gujarat,2018,False
YK Pathan,5,7,89,99,3,0,6.67,19.8,17.8,0.714,0.76,1,0.143,0.326,0.429,0.0,0,91,8,0,78,11,,7.0,4.36,0.0,0.876,0.124,death,middle_overs_bowler,0.5,1.0,12.71,0.808,Baroda,2019,True
YS Chahal,20,27,555,685,14,0,7.41,34.25,27.75,0.741,0.98,3,0.111,0.377,0.519,0.0,114,469,102,78,417,60,8.77,6.75,10.2,0.141,0.751,0.108,middle,middle_overs_bowler,0.88,0.5,20.56,1.0,Haryana,2023,True
Yab Niya,2,9,129,216,2,0,10.05,108.0,64.5,0.222,0.44,0,0.0,0.318,0.222,0.0,161,38,17,92,31,6,10.5,7.35,17.0,0.713,0.24,0.047,middle,powerplay_bowler,,0.22,14.33,1.0,Arunachal Pradesh,2023,True
Yash Dayal,16,19,336,411,23,5,7.34,25.69,21.0,0.842,0.83,5,0.263,0.417,1.211,0.263,230,36,145,210,24,102,6.57,9.0,8.53,0.625,0.071,0.304,powerplay,death_bowler,0.82,0.88,17.68,1.0,Uttar Pradesh,2023,True
Yash Thakur,48,31,602,679,21,5,6.77,14.15,12.54,1.548,1.29,15,0.484,0.419,0.677,0.161,263,169,247,252,141,209,6.26,7.19,7.09,0.419,0.234,0.347,powerplay,death_bowler,1.84,1.08,19.42,1.0,Vidarbha,2024,True
Yashpal Singh,5,9,125,146,4,0,7.01,29.2,25.0,0.556,1.01,1,0.111,0.344,0.444,0.0,3,114,29,6,108,11,3.0,6.33,15.82,0.048,0.864,0.088,powerplay,middle_overs_bowler,0.0,0.62,13.89,1.0,Manipur,2019,True
Yogesh Sharma,1,2,42,43,0,0,6.14,43.0,42.0,0.5,0.71,0,0.0,0.381,0.0,0.0,19,24,0,18,24,0,6.33,6.0,,0.429,0.571,0.0,middle,part_time_bowler,1.0,0.0,21.0,0.3,Delhi,2022,False
Yudhvir Singh,10,10,204,280,10,2,8.24,28.0,20.4,1.0,1.25,3,0.3,0.426,1.0,0.2,112,47,121,114,24,66,5.89,11.75,11.0,0.559,0.118,0.324,powerplay,death_bowler,1.25,0.83,20.4,1.0,Hyderabad (India),2023,True
Yuvraj Chaudhary,1,1,24,26,0,0,6.5,26.0,24.0,1.0,0.0,0,0.0,0.5,0.0,0.0,0,18,8,0,18,6,,6.0,8.0,0.0,0.75,0.25,middle,part_time_bowler,1.0,,24.0,0.162,Chandigarh,2021,False
Yuvraj Chudasama,7,9,157,203,2,0,7.76,29.0,22.43,0.778,0.97,3,0.333,0.299,0.222,0.0,0,199,4,0,156,1,,7.65,24.0,0.0,0.994,0.006,middle,middle_overs_bowler,1.2,0.25,17.44,1.0,Saurashtra,2022,True
Yuvraj Singh,16,20,284,379,4,0,8.01,23.69,17.75,0.8,1.2,5,0.25,0.405,0.2,0.0,85,174,120,102,101,81,5.0,10.34,8.89,0.359,0.356,0.285,powerplay,powerplay_bowler,1.12,0.58,14.2,1.0,Punjab,2023,True
Zahoor Sofi,2,4,57,74,0,0,7.79,37.0,28.5,0.5,0.58,0,0.0,0.351,0.0,0.0,2,72,0,6,51,0,2.0,8.47,,0.105,0.895,0.0,powerplay,part_time_bowler,,0.5,14.25,0.488,Jammu & Kashmir,2015,True
Zeeshan Ansari,0,1,24,32,1,0,8.0,,,0.0,0.0,0,0.0,0.292,1.0,0.0,0,32,0,0,24,0,,8.0,,0.0,1.0,0.0,middle,part_time_bowler,0.0,,24.0,0.162,Uttar Pradesh,2018,False
