player,total_runs,total_matches,total_balls_faced,total_fours,total_sixes,total_dismissed,avg_runs,highest_score,lowest_score,not_out_rate,duck_count,duck_rate,consistency_score,innings_above_30,innings_above_50,innings_above_30_pct,innings_above_50_pct,strike_rate,boundary_rate,six_rate,four_rate,boundary_runs_pct,dot_ball_rate,pp_runs_pct,mid_runs_pct,death_runs_pct,pp_strike_rate,mid_strike_rate,death_strike_rate,dominant_phase,avg_runs_in_wins,avg_runs_in_losses,team,typical_position,avg_position,position_role,batting_role
A Ashish Reddy,135,12,129,8,3,12,11.25,37,0,0.0,1,0.083,10.72,1,0,0.083,0.0,104.65,0.085,0.023,0.062,0.37,0.318,0.052,0.541,0.407,87.5,92.41,130.95,death,19.33,8.56,Hyderabad (India),6,5.583333333333333,middle_order,middle_order
A Badoni,267,10,216,22,10,5,26.7,80,5,0.5,0,0.0,22.8,3,1,0.3,0.1,123.61,0.148,0.046,0.102,0.554,0.356,0.079,0.427,0.494,91.3,99.13,169.23,death,25.33,28.75,Delhi,4,4.0,top_order,top_order_anchor
A Choudhary,34,6,32,2,1,2,5.67,11,0,0.667,1,0.167,3.93,0,0,0.0,0.0,106.25,0.094,0.031,0.062,0.412,0.344,0.0,0.176,0.824,,150.0,100.0,mid,4.0,6.0,Rajasthan,10,10.0,tailender,tailender
A G Pradeep,51,5,57,7,0,5,10.2,26,0,0.0,1,0.2,11.97,0,0,0.0,0.0,89.47,0.123,0.0,0.123,0.549,0.491,0.667,0.333,0.0,103.03,70.83,,pp,26.0,6.25,Andhra,3,3.4,top_order,middle_order
A Manohar,282,8,185,19,18,4,35.25,70,1,0.5,0,0.0,24.25,4,2,0.5,0.25,152.43,0.2,0.097,0.103,0.652,0.314,0.007,0.443,0.55,33.33,122.55,201.3,death,32.67,36.8,Karnataka,5,5.25,middle_order,finisher
A Mishra,57,12,51,7,0,6,4.75,14,0,0.5,3,0.25,5.03,0,0,0.0,0.0,111.76,0.137,0.0,0.137,0.491,0.353,0.0,0.0,1.0,,0.0,114.0,death,7.0,3.14,Haryana,8,8.307692307692308,lower_order,tailender
A Mithun,50,13,47,5,2,11,3.85,18,0,0.154,4,0.308,5.18,0,0,0.0,0.0,106.38,0.149,0.043,0.106,0.64,0.511,0.0,0.02,0.98,0.0,33.33,113.95,death,5.0,2.86,Karnataka,8,8.285714285714286,lower_order,tailender
A Mukund,170,7,136,16,5,6,24.29,67,1,0.143,0,0.0,23.49,3,1,0.429,0.143,125.0,0.154,0.037,0.118,0.553,0.39,0.494,0.506,0.0,98.82,168.63,,mid,28.17,1.0,Tamil Nadu,1,1.2857142857142858,opener,anchor_opener
A Nagwaswalla,26,7,25,3,1,3,3.71,12,1,0.571,0,0.0,3.99,0,0,0.0,0.0,104.0,0.16,0.04,0.12,0.692,0.52,0.0,0.0,1.0,,,104.0,death,1.0,4.17,Gujarat,10,10.142857142857142,tailender,tailender
A Raghuvanshi,74,3,71,5,3,2,24.67,32,16,0.333,0,0.0,8.08,1,0,0.333,0.0,104.23,0.113,0.042,0.07,0.514,0.437,0.757,0.243,0.0,119.15,75.0,,pp,24.67,,Mumbai,2,2.0,opener,anchor_opener
A Sheth,215,24,168,18,7,8,8.96,29,0,0.667,1,0.042,8.06,0,0,0.0,0.0,127.98,0.149,0.042,0.107,0.53,0.333,0.06,0.093,0.847,130.0,57.14,147.97,death,6.33,11.58,Baroda,8,7.423076923076923,lower_order,tailender
A Singhania,44,8,55,3,2,6,5.5,18,0,0.25,3,0.375,7.23,0,0,0.0,0.0,80.0,0.091,0.036,0.055,0.545,0.6,0.0,0.341,0.659,,55.56,103.57,death,,5.5,Meghalaya,9,9.0,tailender,tailender
A Tomar,37,4,59,3,0,4,9.25,14,5,0.0,0,0.0,4.03,0,0,0.0,0.0,62.71,0.051,0.0,0.051,0.324,0.593,0.784,0.216,0.0,64.44,57.14,,pp,9.25,,Rajasthan,1,1.5,opener,anchor_opener
AA Bamal,26,4,19,1,2,4,6.5,18,0,0.0,1,0.25,7.9,0,0,0.0,0.0,136.84,0.158,0.105,0.053,0.615,0.421,0.154,0.192,0.654,50.0,125.0,242.86,death,18.0,2.67,Services,6,5.75,middle_order,finisher
AA Barot,348,11,219,38,14,11,31.64,122,4,0.0,0,0.0,38.91,2,2,0.182,0.182,158.9,0.237,0.064,0.174,0.678,0.288,0.422,0.477,0.101,133.64,176.6,233.33,death,41.43,14.5,Saurashtra,2,2.5454545454545454,opener,aggressive_opener
AA Chakraborty,4,3,9,0,0,1,1.33,2,1,0.667,0,0.0,0.58,0,0,0.0,0.0,44.44,0.0,0.0,0.0,0.0,0.556,0.0,0.0,1.0,,,44.44,death,,1.33,Tripura,10,10.333333333333334,tailender,tailender
AA Herwadkar,465,17,414,48,10,17,27.35,73,3,0.0,0,0.0,21.82,7,3,0.412,0.176,112.32,0.14,0.024,0.116,0.542,0.42,0.611,0.288,0.101,116.39,95.71,156.67,death,17.25,36.33,Mumbai,1,1.0,opener,anchor_opener
AA Kazi,61,4,54,4,2,4,15.25,36,0,0.0,1,0.25,15.09,1,0,0.25,0.0,112.96,0.111,0.037,0.074,0.459,0.333,0.0,0.426,0.574,0.0,83.87,166.67,death,,15.25,Nagaland,6,5.75,middle_order,finisher
AA Sanklecha,14,3,9,1,1,2,4.67,11,1,0.333,0,0.0,5.51,0,0,0.0,0.0,155.56,0.222,0.111,0.111,0.714,0.333,0.0,0.857,0.143,,171.43,100.0,mid,4.67,,Maharashtra,6,7.5,middle_order,middle_order
AB Dinda,59,9,64,4,2,6,6.56,22,1,0.333,0,0.0,8.47,0,0,0.0,0.0,92.19,0.094,0.031,0.062,0.475,0.5,0.0,0.186,0.814,,73.33,97.96,death,,6.56,Bengal,9,9.3,tailender,tailender
AD Chopra,113,3,68,12,5,3,37.67,76,9,0.0,0,0.0,34.53,1,1,0.333,0.333,166.18,0.25,0.074,0.176,0.69,0.294,0.451,0.363,0.186,154.55,146.43,300.0,death,,37.67,Mizoram,2,2.0,opener,aggressive_opener
AD Nath,700,34,578,62,17,24,20.59,80,0,0.294,2,0.059,18.87,10,2,0.294,0.059,121.11,0.137,0.029,0.107,0.5,0.355,0.247,0.579,0.174,120.14,117.73,135.56,death,21.43,19.23,Uttar Pradesh,4,4.2,top_order,middle_order
AG Paunikar,82,7,66,8,3,4,11.71,23,1,0.429,0,0.0,8.26,0,0,0.0,0.0,124.24,0.167,0.045,0.121,0.61,0.379,0.0,0.427,0.573,,112.9,134.29,death,10.67,12.5,Railways,6,5.714285714285714,middle_order,middle_order
AH Hooda,2,4,10,0,0,3,0.5,2,0,0.25,2,0.5,1.0,0,0,0.0,0.0,20.0,0.0,0.0,0.0,0.0,0.9,0.0,0.0,1.0,,,20.0,death,,0.5,Haryana,11,10.4,tailender,tailender
AK Chahal,28,3,21,1,2,2,9.33,12,4,0.333,0,0.0,4.62,0,0,0.0,0.0,133.33,0.143,0.095,0.048,0.571,0.333,0.0,0.0,1.0,,,133.33,death,12.0,8.0,Haryana,8,9.0,lower_order,tailender
AK Sarkar,8,4,9,0,1,3,2.0,6,0,0.25,2,0.5,2.83,0,0,0.0,0.0,88.89,0.111,0.111,0.0,0.75,0.667,0.0,0.0,1.0,,,88.89,death,6.0,0.67,Tripura,9,9.25,tailender,tailender
AKS Bains,433,23,362,54,9,21,18.83,68,0,0.087,2,0.087,18.44,5,3,0.217,0.13,119.61,0.174,0.025,0.149,0.624,0.414,0.721,0.266,0.014,127.35,103.6,100.0,pp,25.08,12.0,Himachal,2,1.9166666666666667,opener,aggressive_opener
AL Menaria,232,15,208,27,5,15,15.47,67,0,0.0,2,0.133,19.52,2,2,0.133,0.133,111.54,0.154,0.024,0.13,0.595,0.433,0.522,0.392,0.086,124.74,96.81,117.65,pp,13.0,19.17,Rajasthan,4,3.6,top_order,middle_order
AM Nayar,135,6,95,11,6,3,22.5,49,0,0.5,1,0.167,18.75,2,0,0.333,0.0,142.11,0.179,0.063,0.116,0.593,0.295,0.0,0.326,0.674,,97.78,182.0,death,14.33,30.67,Mumbai,5,5.0,middle_order,finisher
AM Rahane,682,20,489,73,19,18,34.1,98,0,0.1,1,0.05,32.36,10,6,0.5,0.3,139.47,0.188,0.039,0.149,0.595,0.323,0.46,0.455,0.085,135.34,144.19,138.1,mid,32.62,40.0,Mumbai,2,2.1,opener,aggressive_opener
AM Reddy,29,3,31,4,0,3,9.67,16,1,0.0,0,0.0,7.77,0,0,0.0,0.0,93.55,0.129,0.0,0.129,0.552,0.516,1.0,0.0,0.0,93.55,,,pp,8.5,12.0,Andhra,1,1.0,opener,anchor_opener
AN Ahmed,85,14,81,5,3,12,6.07,26,0,0.143,1,0.071,7.11,0,0,0.0,0.0,104.94,0.099,0.037,0.062,0.447,0.395,0.012,0.4,0.588,33.33,130.77,96.15,mid,,6.07,Assam,9,8.214285714285714,tailender,tailender
AN Ghosh,81,5,89,6,1,5,16.2,26,0,0.0,1,0.2,9.78,0,0,0.0,0.0,91.01,0.079,0.011,0.067,0.37,0.393,0.185,0.605,0.21,88.24,89.09,100.0,death,,16.2,Railways,4,4.8,top_order,middle_order
AN Longchar,46,5,87,5,1,5,9.2,23,0,0.0,1,0.2,9.58,0,0,0.0,0.0,52.87,0.069,0.011,0.057,0.565,0.736,0.87,0.13,0.0,62.5,26.09,,pp,23.0,5.75,Nagaland,1,1.2,opener,anchor_opener
AP Majumdar,144,7,111,16,1,5,20.57,48,0,0.286,1,0.143,18.4,3,0,0.429,0.0,129.73,0.153,0.009,0.144,0.486,0.261,0.243,0.472,0.285,145.83,115.25,146.43,death,17.0,23.25,Bengal,3,4.714285714285714,top_order,middle_order
AP Sharma,5,3,9,0,0,2,1.67,4,0,0.333,1,0.333,2.08,0,0,0.0,0.0,55.56,0.0,0.0,0.0,0.0,0.444,0.0,0.0,1.0,,,55.56,death,0.0,2.5,Services,7,7.0,lower_order,tailender
AP Tare,1009,42,755,111,25,32,24.02,82,0,0.238,4,0.095,21.68,14,4,0.333,0.095,133.64,0.18,0.033,0.147,0.589,0.339,0.361,0.498,0.142,130.94,132.45,145.92,death,32.62,12.56,Mumbai,2,3.380952380952381,opener,aggressive_opener
AR Bawne,223,14,176,18,9,10,15.93,49,0,0.286,1,0.071,15.18,3,0,0.214,0.0,126.7,0.153,0.051,0.102,0.565,0.369,0.072,0.363,0.565,88.89,96.43,170.27,death,17.17,15.0,Maharashtra,4,5.142857142857143,top_order,finisher
AR Easwaran,569,20,439,48,15,14,28.45,107,0,0.3,3,0.15,26.88,9,4,0.45,0.2,129.61,0.144,0.034,0.109,0.496,0.305,0.286,0.585,0.128,116.43,131.62,158.7,death,37.54,11.57,Bengal,3,2.95,top_order,top_order_anchor
AR Kumar,115,8,119,12,2,7,14.38,32,3,0.125,0,0.0,9.62,1,0,0.125,0.0,96.64,0.118,0.017,0.101,0.522,0.454,0.183,0.635,0.183,77.78,94.81,140.0,death,15.75,13.0,Himachal,4,4.0,top_order,middle_order
AR Pandey,104,7,87,12,2,7,14.86,33,1,0.0,0,0.0,12.13,1,0,0.143,0.0,119.54,0.161,0.023,0.138,0.577,0.391,0.0,0.721,0.279,,136.36,90.62,mid,14.5,15.0,Railways,7,7.285714285714286,lower_order,tailender
AR Patel,484,18,378,39,15,14,26.89,70,0,0.222,3,0.167,19.49,8,2,0.444,0.111,128.04,0.143,0.04,0.103,0.508,0.294,0.058,0.676,0.267,107.69,121.56,155.42,death,22.14,29.91,Gujarat,5,4.894736842105263,middle_order,finisher
ARB Singh,20,3,30,2,0,3,6.67,11,0,0.0,1,0.333,5.86,0,0,0.0,0.0,66.67,0.067,0.0,0.067,0.4,0.567,0.65,0.35,0.0,59.09,87.5,,mid,,6.67,Railways,2,3.3333333333333335,opener,anchor_opener
AS Karambelkar,24,3,20,1,0,2,8.0,12,3,0.333,0,0.0,4.58,0,0,0.0,0.0,120.0,0.05,0.0,0.05,0.167,0.15,0.0,0.0,1.0,,,120.0,death,6.0,12.0,Baroda,8,7.666666666666667,lower_order,tailender
AS Rajpoot,23,6,32,1,1,2,3.83,8,0,0.667,0,0.0,3.25,0,0,0.0,0.0,71.88,0.062,0.031,0.031,0.435,0.531,0.0,0.304,0.696,,70.0,72.73,death,,3.83,Uttar Pradesh,10,10.0,tailender,tailender
AS Raut,200,13,204,22,2,12,15.38,41,2,0.077,0,0.0,12.51,2,0,0.154,0.0,98.04,0.118,0.01,0.108,0.5,0.426,0.065,0.595,0.34,59.09,100.85,106.25,death,24.75,11.22,Odisha,6,5.785714285714286,middle_order,middle_order
AS Roy,250,17,144,14,16,8,14.71,47,0,0.529,0,0.0,15.47,4,0,0.235,0.0,173.61,0.208,0.111,0.097,0.608,0.257,0.036,0.176,0.788,300.0,100.0,203.09,pp,11.71,16.8,Jharkhand,6,5.894736842105263,middle_order,finisher
AT Rayudu,555,24,434,38,23,19,23.12,77,0,0.208,1,0.042,21.1,7,4,0.292,0.167,127.88,0.141,0.053,0.088,0.523,0.313,0.184,0.528,0.288,121.43,114.45,170.21,death,27.43,21.35,Hyderabad (India),4,4.083333333333333,top_order,finisher
AUK Pathan,174,6,142,23,1,5,29.0,81,6,0.167,0,0.0,27.48,2,1,0.333,0.167,122.54,0.169,0.007,0.162,0.563,0.359,0.506,0.391,0.103,120.55,123.64,128.57,death,29.5,28.75,Railways,1,1.0,opener,aggressive_opener
AV Kolhar,125,6,107,12,1,4,20.83,45,3,0.333,0,0.0,15.07,1,0,0.167,0.0,116.82,0.121,0.009,0.112,0.432,0.318,0.64,0.36,0.0,108.11,136.36,,mid,27.5,7.5,Vidarbha,2,2.0,opener,anchor_opener
AV Rajput,171,8,140,14,7,7,21.38,61,0,0.125,1,0.125,20.94,3,1,0.375,0.125,122.14,0.15,0.05,0.1,0.573,0.421,0.216,0.48,0.304,84.09,130.16,157.58,death,19.8,24.0,Baroda,2,4.375,opener,anchor_opener
AV Wankhade,835,32,612,45,40,21,26.09,71,1,0.344,0,0.0,17.55,13,3,0.406,0.094,136.44,0.139,0.065,0.074,0.503,0.278,0.022,0.444,0.534,85.71,114.51,167.04,death,26.41,25.73,Vidarbha,5,5.09375,middle_order,finisher
Aakash Verma,16,3,23,2,0,3,5.33,10,0,0.0,1,0.333,5.03,0,0,0.0,0.0,69.57,0.087,0.0,0.087,0.5,0.739,1.0,0.0,0.0,69.57,,,pp,,5.33,Railways,1,2.0,opener,anchor_opener
Aanshul Gupta,214,13,209,14,5,13,16.46,39,0,0.0,2,0.154,13.62,3,0,0.231,0.0,102.39,0.091,0.024,0.067,0.402,0.359,0.453,0.5,0.047,93.27,112.63,100.0,mid,22.6,12.62,Services,1,2.230769230769231,opener,anchor_opener
Aarya Desai,99,4,80,8,6,4,24.75,44,2,0.0,0,0.0,17.31,1,0,0.25,0.0,123.75,0.175,0.075,0.1,0.687,0.462,0.374,0.626,0.0,82.22,177.14,,mid,32.33,2.0,Gujarat,1,2.5,opener,anchor_opener
Abdul Samad,428,16,308,30,25,10,26.75,76,0,0.375,1,0.062,18.02,7,1,0.438,0.062,138.96,0.179,0.081,0.097,0.631,0.36,0.194,0.484,0.322,118.57,123.21,197.14,death,39.0,19.4,Jammu & Kashmir,1,3.4375,opener,anchor_opener
Abhay,1,3,14,0,0,2,0.33,1,0,0.333,2,0.667,0.58,0,0,0.0,0.0,7.14,0.0,0.0,0.0,0.0,0.929,0.0,0.0,1.0,,0.0,14.29,death,,0.33,Mizoram,6,6.666666666666667,middle_order,middle_order
Abhay Negi,173,13,125,13,10,10,13.31,50,0,0.231,1,0.077,13.76,1,1,0.077,0.077,138.4,0.184,0.08,0.104,0.647,0.392,0.017,0.341,0.642,25.0,128.26,165.67,death,17.25,11.56,Meghalaya,6,6.3076923076923075,middle_order,finisher
Abhilash Gogoi,20,4,22,2,0,3,5.0,8,0,0.25,1,0.25,3.46,0,0,0.0,0.0,90.91,0.091,0.0,0.091,0.4,0.455,0.0,0.0,1.0,,,90.91,death,,5.0,Assam,9,9.0,tailender,tailender
Abhimanyu Rana,240,14,222,26,7,12,17.14,72,0,0.143,3,0.214,20.74,2,1,0.143,0.071,108.11,0.149,0.032,0.117,0.608,0.486,0.638,0.321,0.042,93.29,150.98,142.86,mid,20.11,11.8,Himachal,1,2.0714285714285716,opener,anchor_opener
Abhinav Dixit,84,5,80,5,1,3,16.8,37,4,0.4,0,0.0,12.28,1,0,0.2,0.0,105.0,0.075,0.012,0.062,0.31,0.3,0.0,0.524,0.476,,91.67,125.0,death,18.33,14.5,Railways,5,5.2,middle_order,middle_order
Abhisek Das,142,7,142,10,3,7,20.29,56,0,0.0,1,0.143,19.22,2,1,0.286,0.143,100.0,0.092,0.021,0.07,0.408,0.394,0.648,0.317,0.035,96.84,104.65,125.0,death,26.0,18.0,Bengal,2,1.5714285714285714,opener,anchor_opener
Abhishek Bhandari,109,6,87,10,4,6,18.17,46,0,0.0,1,0.167,17.19,2,0,0.333,0.0,125.29,0.161,0.046,0.115,0.587,0.379,0.147,0.798,0.055,84.21,142.62,85.71,mid,19.67,16.67,Madhya Pradesh,5,5.0,middle_order,middle_order
Abhishek Goswami,178,8,153,20,6,8,22.25,77,0,0.0,1,0.125,25.2,2,1,0.25,0.125,116.34,0.17,0.039,0.131,0.652,0.477,0.539,0.416,0.045,90.57,185.0,114.29,mid,27.0,8.0,Uttar Pradesh,1,1.0,opener,anchor_opener
Abhishek Gupta,33,5,36,0,1,5,6.6,18,0,0.0,1,0.2,7.99,0,0,0.0,0.0,91.67,0.028,0.028,0.0,0.182,0.333,0.0,0.394,0.606,,81.25,100.0,death,6.5,6.67,Punjab,6,6.8,middle_order,middle_order
Abhishek Mohan,20,3,19,1,1,2,6.67,12,3,0.333,0,0.0,4.73,0,0,0.0,0.0,105.26,0.105,0.053,0.053,0.5,0.368,0.0,0.25,0.75,,125.0,100.0,mid,,6.67,Kerala,8,7.666666666666667,lower_order,tailender
Abhishek Sharma,878,34,594,75,51,30,25.82,112,0,0.118,5,0.147,32.03,11,8,0.324,0.235,147.81,0.212,0.086,0.126,0.69,0.372,0.454,0.448,0.098,129.55,166.53,172.0,death,35.52,10.15,Punjab,1,2.176470588235294,opener,aggressive_opener
Abhishek Thakuri,116,8,125,15,0,8,14.5,35,2,0.0,0,0.0,10.73,1,0,0.125,0.0,92.8,0.12,0.0,0.12,0.517,0.504,0.638,0.362,0.0,101.37,80.77,,pp,15.67,13.8,Assam,3,3.375,top_order,middle_order
Abhishek Yadav,183,8,146,19,6,7,22.88,52,3,0.125,0,0.0,15.56,3,1,0.375,0.125,125.34,0.171,0.041,0.13,0.612,0.356,0.038,0.639,0.322,100.0,114.71,159.46,death,18.0,23.57,Odisha,4,4.5,top_order,finisher
Abid Mushtaq,29,5,32,4,0,4,5.8,19,0,0.2,1,0.2,7.6,0,0,0.0,0.0,90.62,0.125,0.0,0.125,0.552,0.5,0.0,0.103,0.897,,42.86,104.0,death,,5.8,Jammu & Kashmir,9,8.6,tailender,tailender
Abishek Porel,53,3,38,6,2,3,17.67,23,8,0.0,0,0.0,8.39,0,0,0.0,0.0,139.47,0.211,0.053,0.158,0.679,0.447,0.943,0.057,0.0,147.06,75.0,,pp,8.0,22.5,Bengal,1,1.3333333333333333,opener,aggressive_opener
Achit Shigwan,59,6,50,4,4,6,9.83,20,0,0.0,1,0.167,7.6,0,0,0.0,0.0,118.0,0.16,0.08,0.08,0.678,0.5,0.0,0.169,0.831,,58.82,148.48,death,,9.83,Goa,6,5.833333333333333,middle_order,middle_order
Adil Reshi,17,5,26,0,1,5,3.4,8,0,0.0,1,0.2,3.21,0,0,0.0,0.0,65.38,0.038,0.038,0.0,0.353,0.654,1.0,0.0,0.0,70.83,0.0,,pp,8.0,2.25,Jammu & Kashmir,2,2.4,opener,anchor_opener
Aditya Garhwal,263,17,235,34,5,17,15.47,43,0,0.0,1,0.059,13.96,4,0,0.235,0.0,111.91,0.166,0.021,0.145,0.631,0.464,0.764,0.232,0.004,122.56,92.42,20.0,pp,18.36,10.17,Rajasthan,1,2.411764705882353,opener,aggressive_opener
Aditya Kaushik,567,24,512,46,16,22,23.62,78,0,0.083,0,0.0,22.54,8,4,0.333,0.167,110.74,0.121,0.031,0.09,0.494,0.371,0.48,0.448,0.072,102.26,120.38,117.14,mid,30.83,16.42,Goa,2,2.5416666666666665,opener,anchor_opener
Aditya Singh,7,3,17,0,0,3,2.33,6,0,0.0,1,0.333,3.21,0,0,0.0,0.0,41.18,0.0,0.0,0.0,0.0,0.588,0.0,0.286,0.714,,18.18,83.33,death,,2.33,Jammu & Kashmir,5,6.0,middle_order,middle_order
Aditya Waghmode,282,10,192,29,12,8,28.2,82,0,0.2,1,0.1,25.58,5,2,0.5,0.2,146.88,0.214,0.062,0.151,0.667,0.344,0.624,0.312,0.064,153.04,141.94,120.0,pp,38.14,5.0,Baroda,2,2.1,opener,aggressive_opener
Agniv Pan,50,4,68,4,1,3,12.5,17,6,0.25,0,0.0,5.07,0,0,0.0,0.0,73.53,0.074,0.015,0.059,0.44,0.529,0.02,0.94,0.04,12.5,83.93,50.0,mid,11.0,14.0,Bengal,5,5.75,middle_order,middle_order
Ahmed Banday,88,8,94,8,4,8,11.0,24,0,0.0,1,0.125,9.62,0,0,0.0,0.0,93.62,0.128,0.043,0.085,0.636,0.564,0.909,0.091,0.0,97.56,66.67,,pp,3.0,12.14,Jammu & Kashmir,1,1.125,opener,anchor_opener
Ahmed Shah,60,10,65,0,7,10,6.0,13,0,0.0,1,0.1,4.88,0,0,0.0,0.0,92.31,0.108,0.108,0.0,0.7,0.631,0.033,0.35,0.617,14.29,91.3,132.14,death,6.0,6.0,Manipur,6,5.5,middle_order,middle_order
Aishwary Mourya,22,4,31,1,1,3,5.5,18,0,0.25,1,0.25,8.54,0,0,0.0,0.0,70.97,0.065,0.032,0.032,0.455,0.548,0.0,0.409,0.591,,45.0,118.18,death,0.0,11.0,Chhattisgarh,7,6.25,lower_order,tailender
Ajay Mandal,217,20,188,17,8,14,10.85,33,0,0.3,2,0.1,9.55,1,0,0.05,0.0,115.43,0.133,0.043,0.09,0.535,0.399,0.014,0.23,0.756,75.0,60.24,162.38,death,16.0,9.13,Chhattisgarh,6,6.3,middle_order,finisher
Ajay Sarkar,10,6,15,1,0,1,1.67,5,0,0.833,0,0.0,1.86,0,0,0.0,0.0,66.67,0.067,0.0,0.067,0.4,0.533,0.0,0.0,1.0,,,66.67,death,3.5,0.75,Tripura,11,10.142857142857142,tailender,tailender
Akash Bhandari,112,13,105,8,4,9,8.62,24,0,0.308,0,0.0,7.34,0,0,0.0,0.0,106.67,0.114,0.038,0.076,0.5,0.4,0.062,0.241,0.696,70.0,90.0,120.0,death,9.0,8.44,Hyderabad (India),8,7.230769230769231,lower_order,tailender
Akash Choudhary,29,7,55,1,0,3,4.14,12,0,0.571,1,0.143,5.21,0,0,0.0,0.0,52.73,0.018,0.0,0.018,0.138,0.527,0.0,0.517,0.483,,53.57,51.85,mid,,4.14,Meghalaya,10,9.428571428571429,tailender,tailender
Akash Deep,49,8,37,2,3,4,6.12,13,0,0.5,1,0.125,4.61,0,0,0.0,0.0,132.43,0.135,0.081,0.054,0.531,0.378,0.0,0.02,0.98,,100.0,133.33,death,12.0,5.29,Bengal,9,8.75,tailender,tailender
Akash Luitel,25,3,34,2,1,1,8.33,12,2,0.667,0,0.0,5.51,0,0,0.0,0.0,73.53,0.088,0.029,0.059,0.56,0.647,0.0,0.0,1.0,,0.0,78.12,death,,8.33,Sikkim,10,9.666666666666666,tailender,tailender
Akash Madhwal,6,3,14,0,0,1,2.0,5,0,0.667,1,0.333,2.65,0,0,0.0,0.0,42.86,0.0,0.0,0.0,0.0,0.571,0.0,0.0,1.0,,,42.86,death,,2.0,Uttarakhand,9,9.666666666666666,tailender,tailender
Akash Pandey,3,3,10,0,0,2,1.0,2,0,0.333,1,0.333,1.0,0,0,0.0,0.0,30.0,0.0,0.0,0.0,0.0,0.7,0.0,0.0,1.0,,,30.0,death,,1.0,Railways,11,11.0,tailender,tailender
Akash Parkar,56,5,72,2,0,4,11.2,22,1,0.2,0,0.0,9.31,0,0,0.0,0.0,77.78,0.028,0.0,0.028,0.143,0.361,0.0,0.464,0.536,,81.25,75.0,mid,5.0,12.75,Mumbai,7,7.333333333333333,lower_order,tailender
Akash Singh,25,4,28,3,0,3,6.25,13,1,0.25,0,0.0,5.12,0,0,0.0,0.0,89.29,0.107,0.0,0.107,0.48,0.464,0.0,0.44,0.56,,78.57,100.0,death,,6.25,Nagaland,5,7.0,middle_order,middle_order
Akash Vasisht,168,9,128,18,3,7,18.67,43,1,0.222,0,0.0,14.93,2,0,0.222,0.0,131.25,0.164,0.023,0.141,0.536,0.289,0.054,0.601,0.345,150.0,126.25,138.1,pp,23.0,13.25,Himachal,5,5.777777777777778,middle_order,middle_order
Akhil Rajput,178,7,180,23,3,7,25.43,59,1,0.0,0,0.0,21.59,3,1,0.429,0.143,98.89,0.144,0.017,0.128,0.618,0.494,0.365,0.635,0.0,72.22,125.56,,mid,,25.43,Mizoram,2,1.7142857142857142,opener,anchor_opener
Akhilesh Sahani,221,18,205,15,9,15,12.28,41,0,0.167,1,0.056,11.34,3,0,0.167,0.0,107.8,0.117,0.044,0.073,0.516,0.415,0.19,0.163,0.647,95.45,64.29,136.19,death,,12.28,Arunachal Pradesh,7,5.722222222222222,lower_order,tailender
Akshat Raghuwanshi,24,3,23,1,1,2,8.0,16,3,0.333,0,0.0,7.0,0,0,0.0,0.0,104.35,0.087,0.043,0.043,0.417,0.348,0.0,1.0,0.0,,104.35,,mid,16.0,4.0,Madhya Pradesh,4,5.0,top_order,middle_order
Akshay Chandran,32,3,33,1,1,2,10.67,18,4,0.333,0,0.0,7.02,0,0,0.0,0.0,96.97,0.061,0.03,0.03,0.312,0.303,0.0,0.312,0.688,,58.82,137.5,death,14.0,4.0,Kerala,7,6.75,lower_order,tailender
Akshay Karnewar,314,29,250,29,12,24,10.83,35,0,0.172,3,0.103,10.03,2,0,0.069,0.0,125.6,0.164,0.048,0.116,0.599,0.412,0.032,0.471,0.497,200.0,109.63,141.82,pp,8.92,12.38,Vidarbha,7,6.129032258064516,lower_order,tailender
Akshay Wadkar,360,18,362,30,2,16,20.0,63,0,0.111,2,0.111,19.86,5,2,0.278,0.111,99.45,0.088,0.006,0.083,0.367,0.354,0.281,0.625,0.094,87.07,104.17,113.33,death,25.73,11.0,Vidarbha,3,3.611111111111111,top_order,middle_order
Akshay Wakhare,11,8,19,0,0,5,1.38,6,0,0.375,3,0.375,2.0,0,0,0.0,0.0,57.89,0.0,0.0,0.0,0.0,0.526,0.0,0.0,1.0,,0.0,64.71,death,0.0,1.57,Vidarbha,11,10.375,tailender,tailender
Al Bashid Muhammed,91,11,169,5,2,10,8.27,24,1,0.091,0,0.0,7.24,0,0,0.0,0.0,53.85,0.041,0.012,0.03,0.352,0.657,0.374,0.385,0.242,40.96,47.3,183.33,death,19.0,7.2,Manipur,3,3.4545454545454546,top_order,finisher
Alok Sahoo,59,4,54,3,3,2,14.75,19,6,0.5,0,0.0,5.91,0,0,0.0,0.0,109.26,0.111,0.056,0.056,0.508,0.426,0.0,0.339,0.661,,111.11,108.33,mid,,14.75,Odisha,6,7.5,middle_order,middle_order
Aman Hakim Khan,80,9,49,5,6,6,8.89,21,1,0.333,0,0.0,6.86,0,0,0.0,0.0,163.27,0.224,0.122,0.102,0.7,0.327,0.188,0.212,0.6,214.29,130.77,165.52,pp,12.17,2.33,Mumbai,7,6.0,lower_order,lower_order_hitter
Amandeep Khare,758,28,654,54,23,22,27.07,90,0,0.214,1,0.036,22.7,10,3,0.357,0.107,115.9,0.118,0.035,0.083,0.467,0.338,0.212,0.47,0.318,90.96,104.4,177.21,death,34.25,24.2,Chhattisgarh,4,3.5714285714285716,top_order,top_order_anchor
Amiangshu Sen,76,10,95,3,3,7,7.6,22,0,0.3,1,0.1,8.28,0,0,0.0,0.0,80.0,0.063,0.032,0.032,0.395,0.537,0.211,0.579,0.211,51.61,102.33,76.19,mid,16.5,5.38,Meghalaya,3,5.8,top_order,middle_order
Amit Ali,21,4,21,2,0,4,5.25,12,0,0.0,2,0.5,6.18,0,0,0.0,0.0,100.0,0.095,0.0,0.095,0.381,0.381,0.0,0.19,0.81,,100.0,100.0,mid,4.5,6.0,Tripura,8,8.0,lower_order,tailender
Amit Chopra,42,6,50,2,1,4,7.0,15,2,0.333,0,0.0,5.93,0,0,0.0,0.0,84.0,0.06,0.02,0.04,0.333,0.42,0.048,0.667,0.286,33.33,96.55,80.0,mid,9.5,2.0,Railways,4,4.833333333333333,top_order,middle_order
Amit Mishra,38,9,33,4,1,6,4.22,19,0,0.333,3,0.333,5.93,0,0,0.0,0.0,115.15,0.152,0.03,0.121,0.579,0.455,0.0,0.105,0.895,,133.33,113.33,mid,8.33,2.17,Railways,9,8.666666666666666,tailender,tailender
Amit Pachhara,83,6,84,6,1,5,13.83,37,0,0.167,3,0.5,15.99,1,0,0.167,0.0,98.81,0.083,0.012,0.071,0.361,0.381,0.084,0.458,0.458,50.0,102.7,115.15,death,11.5,15.0,Services,4,4.833333333333333,top_order,middle_order
Amit Sinha,318,18,303,18,13,12,17.67,77,0,0.333,3,0.167,22.64,4,2,0.222,0.111,104.95,0.102,0.043,0.059,0.472,0.399,0.041,0.535,0.425,44.83,90.91,155.17,death,17.83,17.58,Assam,6,5.833333333333333,middle_order,finisher
Amit Verma,446,21,344,28,24,20,21.24,109,0,0.048,3,0.143,24.02,3,1,0.143,0.048,129.65,0.151,0.07,0.081,0.574,0.349,0.146,0.581,0.274,95.59,119.35,206.78,death,24.14,19.79,Goa,3,4.0476190476190474,top_order,finisher
Amit Yadav,19,4,24,0,1,3,4.75,9,0,0.25,1,0.25,4.92,0,0,0.0,0.0,79.17,0.042,0.042,0.0,0.316,0.458,0.0,0.053,0.947,,50.0,81.82,death,,4.75,Goa,8,8.75,lower_order,tailender
Amlanjyoti Das,25,5,42,2,0,2,5.0,22,0,0.6,2,0.4,9.54,0,0,0.0,0.0,59.52,0.048,0.0,0.048,0.32,0.571,0.0,0.44,0.56,,57.89,60.87,death,22.0,0.75,Assam,8,8.2,lower_order,tailender
Amogh Desai,236,14,196,30,9,14,16.86,38,0,0.0,1,0.071,12.17,3,0,0.214,0.0,120.41,0.199,0.046,0.153,0.737,0.515,0.843,0.157,0.0,119.88,123.33,,mid,8.0,19.27,Goa,1,1.7142857142857142,opener,anchor_opener
Amos Rai,12,3,15,2,0,1,4.0,10,0,0.667,0,0.0,5.29,0,0,0.0,0.0,80.0,0.133,0.0,0.133,0.667,0.667,0.0,0.0,1.0,,,80.0,death,,4.0,Sikkim,10,9.666666666666666,tailender,tailender
Amulya Pandrekar,13,6,18,1,0,3,2.17,6,0,0.5,1,0.167,2.32,0,0,0.0,0.0,72.22,0.056,0.0,0.056,0.308,0.444,0.0,0.077,0.923,,100.0,70.59,mid,,2.17,Goa,11,10.666666666666666,tailender,tailender
Anand Singh,541,19,449,73,12,17,28.47,81,0,0.105,1,0.053,23.76,8,3,0.421,0.158,120.49,0.189,0.027,0.163,0.673,0.47,0.573,0.364,0.063,124.5,113.22,130.77,death,39.6,16.11,Jharkhand,1,1.894736842105263,opener,aggressive_opener
Aniruddha Joshi,370,17,284,28,13,11,21.76,73,0,0.353,1,0.059,20.74,3,2,0.176,0.118,130.28,0.144,0.046,0.099,0.514,0.289,0.024,0.316,0.659,69.23,88.64,175.54,death,19.22,24.62,Karnataka,5,5.333333333333333,middle_order,finisher
Anish Charak,53,6,68,4,0,5,8.83,22,1,0.167,0,0.0,9.7,0,0,0.0,0.0,77.94,0.059,0.0,0.059,0.302,0.471,0.0,0.434,0.566,,65.71,90.91,death,1.0,10.4,Meghalaya,8,6.833333333333333,lower_order,tailender
Ankit Chaudhary,35,3,43,3,1,3,11.67,18,1,0.0,0,0.0,9.29,0,0,0.0,0.0,81.4,0.093,0.023,0.07,0.514,0.535,0.0,0.6,0.4,,91.3,70.0,mid,,11.67,Uttar Pradesh,8,8.5,lower_order,tailender
Ankit Kaushik,301,14,236,14,18,10,21.5,74,0,0.286,1,0.071,19.35,4,1,0.286,0.071,127.54,0.136,0.076,0.059,0.545,0.343,0.037,0.362,0.601,78.57,93.97,170.75,death,19.83,22.75,Chandigarh,4,4.5,top_order,finisher
Ankit Kumar,109,4,86,15,1,4,27.25,59,6,0.0,0,0.0,25.21,2,1,0.5,0.25,126.74,0.186,0.012,0.174,0.606,0.384,0.55,0.45,0.0,130.43,122.5,,pp,6.0,34.33,Haryana,2,2.75,opener,aggressive_opener
Ankit Lamba,744,26,695,73,18,22,28.62,62,0,0.154,2,0.077,19.81,13,5,0.5,0.192,107.05,0.131,0.026,0.105,0.538,0.446,0.457,0.46,0.083,108.63,101.79,134.78,death,32.56,19.75,Rajasthan,2,2.0384615384615383,opener,anchor_opener
Ankit Sharma,87,12,100,4,2,9,7.25,25,0,0.25,0,0.0,6.92,0,0,0.0,0.0,87.0,0.06,0.02,0.04,0.322,0.43,0.172,0.276,0.552,100.0,68.57,96.0,pp,6.0,7.88,Madhya Pradesh,7,6.846153846153846,lower_order,tailender
Ankit Yadav,66,6,70,3,2,5,11.0,32,2,0.167,0,0.0,11.78,1,0,0.167,0.0,94.29,0.071,0.029,0.043,0.364,0.371,0.0,0.5,0.5,,73.33,132.0,death,4.0,12.4,Odisha,6,6.5,middle_order,middle_order
Anmol Malhotra,65,6,63,7,1,4,10.83,40,1,0.333,0,0.0,14.61,1,0,0.167,0.0,103.17,0.127,0.016,0.111,0.523,0.429,0.077,0.8,0.123,71.43,113.04,80.0,mid,40.0,5.0,Punjab,4,6.166666666666667,top_order,middle_order
Anmolpreet Singh,954,33,678,85,37,30,28.91,113,2,0.091,0,0.0,29.18,12,7,0.364,0.212,140.71,0.18,0.055,0.125,0.589,0.302,0.211,0.522,0.267,113.56,129.69,217.95,death,32.16,24.5,Punjab,3,4.121212121212121,top_order,top_order_anchor
Anshul Tripathi,54,4,46,6,0,4,13.5,39,1,0.0,0,0.0,17.92,1,0,0.25,0.0,117.39,0.13,0.0,0.13,0.444,0.261,0.019,0.722,0.259,50.0,108.33,175.0,death,7.0,20.0,Madhya Pradesh,5,4.25,middle_order,finisher
Antony Dhas,61,3,50,4,3,1,20.33,28,9,0.667,0,0.0,10.02,0,0,0.0,0.0,122.0,0.14,0.06,0.08,0.557,0.4,0.0,0.279,0.721,,106.25,129.41,death,26.0,9.0,Tamil Nadu,8,7.0,lower_order,tailender
Anuj Rawat,585,26,463,51,29,19,22.5,88,0,0.269,1,0.038,22.58,10,2,0.385,0.077,126.35,0.173,0.063,0.11,0.646,0.421,0.304,0.426,0.27,91.28,141.48,171.74,death,22.94,21.5,Delhi,2,2.9615384615384617,opener,anchor_opener
Anurag Sarangi,190,13,172,23,3,12,14.62,43,1,0.077,0,0.0,11.52,1,0,0.077,0.0,110.47,0.151,0.017,0.134,0.579,0.448,0.721,0.247,0.032,121.24,88.68,100.0,pp,21.0,11.78,Odisha,2,2.076923076923077,opener,aggressive_opener
Anureet Singh,166,14,148,12,10,7,11.86,41,0,0.5,0,0.0,11.21,1,0,0.071,0.0,112.16,0.149,0.068,0.081,0.651,0.52,0.193,0.434,0.373,160.0,128.57,86.11,pp,11.33,12.0,Railways,8,6.928571428571429,lower_order,tailender
Arabind Singh,72,9,89,5,1,6,8.0,34,0,0.333,1,0.111,10.94,1,0,0.111,0.0,80.9,0.067,0.011,0.056,0.361,0.449,0.0,0.639,0.361,0.0,79.31,96.3,death,2.0,9.71,Odisha,6,5.888888888888889,middle_order,middle_order
Arjit Gupta,252,16,184,17,18,14,15.75,45,0,0.125,1,0.062,14.55,3,0,0.188,0.0,136.96,0.19,0.098,0.092,0.698,0.44,0.095,0.603,0.302,133.33,132.17,149.02,death,17.33,13.71,Rajasthan,5,4.875,middle_order,middle_order
Arjit Pannu,64,3,49,4,4,2,21.33,44,1,0.333,0,0.0,21.59,1,0,0.333,0.0,130.61,0.163,0.082,0.082,0.625,0.388,0.156,0.828,0.016,100.0,139.47,100.0,mid,19.0,22.5,Chandigarh,3,4.333333333333333,top_order,middle_order
Arjun Tendulkar,20,4,29,1,1,4,5.0,15,0,0.0,1,0.25,6.78,0,0,0.0,0.0,68.97,0.069,0.034,0.034,0.5,0.655,0.75,0.0,0.25,78.95,,50.0,pp,0.0,6.67,Goa,3,7.4,top_order,middle_order
Arkaprabha Sinha,118,12,134,10,2,12,9.83,31,0,0.0,2,0.167,9.35,1,0,0.083,0.0,88.06,0.09,0.015,0.075,0.441,0.478,0.703,0.297,0.0,101.22,67.31,,pp,12.8,7.71,Tripura,2,2.5833333333333335,opener,anchor_opener
Arnab Nandi,29,3,25,4,0,2,9.67,21,1,0.333,0,0.0,10.26,0,0,0.0,0.0,116.0,0.16,0.0,0.16,0.552,0.36,0.0,0.0,1.0,,,116.0,death,,9.67,Bengal,8,7.666666666666667,lower_order,tailender
Arpit Gaud,104,8,95,10,6,8,13.0,42,0,0.0,2,0.25,17.12,2,0,0.25,0.0,109.47,0.168,0.063,0.105,0.731,0.579,0.894,0.106,0.0,116.25,73.33,,pp,14.33,9.0,Madhya Pradesh,1,1.0,opener,anchor_opener
Arpit Vasavada,395,20,318,36,10,16,19.75,72,2,0.2,0,0.0,20.18,5,2,0.25,0.1,124.21,0.145,0.031,0.113,0.516,0.302,0.213,0.519,0.268,125.37,113.26,151.43,death,20.91,18.33,Saurashtra,5,4.9523809523809526,middle_order,finisher
Arun Chaprana,81,9,60,9,3,7,9.0,19,1,0.222,0,0.0,6.02,0,0,0.0,0.0,135.0,0.2,0.05,0.15,0.667,0.367,0.556,0.111,0.333,204.55,69.23,108.0,pp,11.2,6.25,Haryana,8,5.888888888888889,lower_order,tailender
Aryan Juyal,42,5,47,5,1,5,8.4,14,0,0.0,1,0.2,5.5,0,0,0.0,0.0,89.36,0.128,0.021,0.106,0.619,0.532,1.0,0.0,0.0,89.36,,,pp,11.0,7.75,Uttar Pradesh,1,1.8,opener,anchor_opener
Asfan Khan,110,11,138,7,4,9,10.0,29,0,0.182,1,0.091,10.18,0,0,0.0,0.0,79.71,0.08,0.029,0.051,0.473,0.551,0.045,0.382,0.573,38.46,53.85,134.04,death,2.0,10.8,Bihar,6,6.0,middle_order,middle_order
Ashish Thapa,170,19,291,10,1,18,8.95,26,0,0.053,1,0.053,7.5,0,0,0.0,0.0,58.42,0.038,0.003,0.034,0.271,0.567,0.524,0.406,0.071,60.14,53.91,80.0,death,,8.95,Sikkim,3,3.263157894736842,top_order,middle_order
Ashish Yadav,228,14,193,15,5,10,16.29,51,0,0.286,1,0.071,15.25,3,1,0.214,0.071,118.13,0.104,0.026,0.078,0.395,0.244,0.004,0.474,0.522,100.0,121.35,115.53,mid,15.0,16.8,Railways,6,6.071428571428571,middle_order,middle_order
Ashith Rajiv,59,5,60,3,3,1,11.8,33,2,0.8,0,0.0,12.52,1,0,0.2,0.0,98.33,0.1,0.05,0.05,0.508,0.467,0.0,0.254,0.746,,55.56,133.33,death,5.33,21.5,Puducherry,7,7.8,lower_order,tailender
Ashutosh Aman,102,16,131,4,2,13,6.38,24,0,0.188,2,0.125,7.98,0,0,0.0,0.0,77.86,0.046,0.015,0.031,0.275,0.427,0.0,0.314,0.686,,61.54,88.61,death,1.0,7.14,Bihar,8,8.125,lower_order,tailender
Ashutosh Sharma,228,8,135,27,10,8,28.5,84,0,0.0,1,0.125,33.3,3,3,0.375,0.375,168.89,0.274,0.074,0.2,0.737,0.348,0.522,0.461,0.018,175.0,175.0,57.14,pp,67.33,5.2,Madhya Pradesh,2,3.375,opener,aggressive_opener
Ashutosh Singh,189,12,193,15,3,11,15.75,61,2,0.083,0,0.0,16.6,1,1,0.083,0.083,97.93,0.093,0.016,0.078,0.413,0.404,0.344,0.492,0.164,75.58,101.09,206.67,death,18.17,13.33,Chhattisgarh,2,2.75,opener,anchor_opener
Ashwin Das,84,3,40,9,4,2,28.0,68,4,0.333,0,0.0,34.87,1,1,0.333,0.333,210.0,0.325,0.1,0.225,0.714,0.175,0.143,0.167,0.69,240.0,155.56,223.08,pp,12.0,36.0,Madhya Pradesh,2,6.25,opener,aggressive_opener
Ashwin Hebbar,934,35,734,95,34,32,26.69,103,0,0.086,4,0.114,24.05,14,6,0.4,0.171,127.25,0.176,0.046,0.129,0.625,0.394,0.577,0.38,0.043,135.43,112.34,200.0,death,34.5,20.11,Andhra,1,2.085714285714286,opener,aggressive_opener
Atharva Ankolekar,78,5,56,1,6,2,15.6,37,2,0.6,0,0.0,13.05,1,0,0.2,0.0,139.29,0.125,0.107,0.018,0.513,0.321,0.0,0.526,0.474,,124.24,160.87,death,13.0,17.33,Mumbai,8,7.8,lower_order,tailender
Atharva Taide,631,25,505,70,18,22,25.24,66,1,0.12,0,0.0,17.66,11,2,0.44,0.08,124.95,0.174,0.036,0.139,0.615,0.404,0.718,0.282,0.0,125.48,123.61,,pp,27.06,22.0,Vidarbha,1,1.28,opener,aggressive_opener
Auqib Nabi,33,5,41,0,1,5,6.6,12,3,0.0,0,0.0,3.29,0,0,0.0,0.0,80.49,0.024,0.024,0.0,0.182,0.415,0.0,0.303,0.697,,83.33,79.31,mid,,6.6,Jammu & Kashmir,7,8.0,lower_order,tailender
Avesh Khan,20,8,26,1,1,6,2.5,9,0,0.25,3,0.375,3.51,0,0,0.0,0.0,76.92,0.077,0.038,0.038,0.5,0.654,0.0,0.0,1.0,0.0,0.0,83.33,death,1.0,3.0,Madhya Pradesh,11,8.8,tailender,tailender
Avinash Yadav,21,3,24,2,0,2,7.0,19,0,0.333,1,0.333,10.44,0,0,0.0,0.0,87.5,0.083,0.0,0.083,0.381,0.417,0.0,0.095,0.905,,18.18,146.15,death,,7.0,Mizoram,5,6.0,middle_order,middle_order
Avishek Sinha,52,6,54,5,1,2,8.67,15,0,0.667,1,0.167,5.92,0,0,0.0,0.0,96.3,0.111,0.019,0.093,0.5,0.426,0.0,0.212,0.788,,61.11,113.89,death,12.0,8.0,Services,8,8.5,lower_order,tailender
Avneesh Sudha,200,12,177,25,3,12,16.67,43,0,0.0,1,0.083,14.61,3,0,0.25,0.0,112.99,0.158,0.017,0.141,0.59,0.412,0.68,0.285,0.035,123.64,95.0,100.0,pp,27.75,11.12,Uttarakhand,1,2.75,opener,aggressive_opener
Ayush Jamwal,72,9,61,5,4,5,8.0,27,0,0.444,0,0.0,9.07,0,0,0.0,0.0,118.03,0.148,0.066,0.082,0.611,0.426,0.0,0.139,0.861,,100.0,121.57,death,14.0,6.29,Himachal,8,8.333333333333334,lower_order,tailender
Azim Kazi,408,21,332,24,20,12,19.43,71,0,0.429,1,0.048,19.05,6,1,0.286,0.048,122.89,0.133,0.06,0.072,0.529,0.34,0.007,0.542,0.451,50.0,109.95,147.2,death,26.18,12.0,Maharashtra,5,5.238095238095238,middle_order,middle_order
B Aparajith,580,27,530,38,18,21,21.48,52,0,0.222,2,0.074,16.0,9,1,0.333,0.037,109.43,0.106,0.034,0.072,0.448,0.34,0.259,0.609,0.133,94.34,112.42,135.09,death,22.9,17.43,Tamil Nadu,3,3.4814814814814814,top_order,middle_order
B Indrajith,96,5,104,5,0,5,19.2,46,8,0.0,0,0.0,15.32,1,0,0.2,0.0,92.31,0.048,0.0,0.048,0.208,0.279,0.281,0.646,0.073,79.41,98.41,100.0,death,23.67,12.5,Tamil Nadu,3,3.8,top_order,middle_order
B Kumar,45,3,33,2,3,1,15.0,24,1,0.667,0,0.0,12.29,0,0,0.0,0.0,136.36,0.152,0.091,0.061,0.578,0.303,0.0,0.044,0.956,,66.67,143.33,death,,15.0,Uttar Pradesh,7,7.666666666666667,lower_order,tailender
B Rahman,33,5,60,2,1,5,6.6,12,0,0.0,1,0.2,4.98,0,0,0.0,0.0,55.0,0.05,0.017,0.033,0.424,0.683,0.788,0.212,0.0,52.0,70.0,,mid,,6.6,Manipur,2,1.6,opener,anchor_opener
B Sai Sudharsan,218,9,191,21,1,6,24.22,54,4,0.333,0,0.0,18.29,4,1,0.444,0.111,114.14,0.115,0.005,0.11,0.413,0.304,0.179,0.752,0.069,95.12,118.84,125.0,death,32.17,8.33,Tamil Nadu,3,3.3333333333333335,top_order,middle_order
BA Bhatt,19,4,13,2,1,1,4.75,12,0,0.75,0,0.0,5.12,0,0,0.0,0.0,146.15,0.231,0.077,0.154,0.737,0.385,0.0,0.158,0.842,,50.0,228.57,death,4.0,5.0,Baroda,9,8.75,tailender,tailender
BA Pathan,0,3,4,0,0,1,0.0,0,0,0.667,1,0.333,0.0,0,0,0.0,0.0,0.0,0.0,0.0,0.0,,1.0,,,,,,0.0,pp,0.0,0.0,Baroda,11,10.25,tailender,tailender
BA Roy,77,3,56,9,2,1,25.67,45,11,0.667,0,0.0,17.47,1,0,0.333,0.0,137.5,0.196,0.036,0.161,0.623,0.339,0.117,0.325,0.558,180.0,92.59,179.17,pp,28.0,21.0,Assam,6,5.0,middle_order,finisher
BB Ghosh,72,5,77,10,0,4,14.4,36,1,0.2,0,0.0,13.11,1,0,0.2,0.0,93.51,0.13,0.0,0.13,0.556,0.494,0.833,0.167,0.0,93.75,92.31,,pp,6.0,20.0,Tripura,1,1.4,opener,anchor_opener
BB Roy,19,4,28,0,2,4,4.75,8,1,0.0,0,0.0,3.3,0,0,0.0,0.0,67.86,0.071,0.071,0.0,0.632,0.679,0.421,0.579,0.0,66.67,68.75,,mid,5.0,4.5,Tripura,3,5.0,top_order,middle_order
BB Samantray,396,19,309,30,17,19,20.84,102,0,0.0,1,0.053,25.17,6,1,0.316,0.053,128.16,0.152,0.055,0.097,0.561,0.343,0.162,0.475,0.364,95.52,111.24,197.26,death,25.75,19.53,Odisha,4,4.2631578947368425,top_order,finisher
BB Sran,68,8,55,8,1,6,8.5,19,0,0.25,2,0.25,6.65,0,0,0.0,0.0,123.64,0.164,0.018,0.145,0.559,0.382,0.0,0.338,0.662,,104.55,136.36,death,8.67,8.4,Punjab,8,8.5,lower_order,tailender
BH Merai,86,3,87,6,0,1,28.67,48,3,0.667,0,0.0,23.16,2,0,0.667,0.0,98.85,0.069,0.0,0.069,0.279,0.264,0.244,0.558,0.198,84.0,92.31,170.0,death,28.67,,Gujarat,2,3.0,opener,anchor_opener
BM Chingakham,37,4,31,2,2,4,9.25,17,0,0.0,1,0.25,7.41,0,0,0.0,0.0,119.35,0.129,0.065,0.065,0.541,0.484,0.0,0.622,0.378,,127.78,107.69,mid,,9.25,Manipur,5,7.25,middle_order,middle_order
BR Sharath,287,21,255,27,9,19,13.67,50,0,0.095,5,0.238,15.85,3,1,0.143,0.048,112.55,0.141,0.035,0.106,0.564,0.447,0.359,0.376,0.265,100.0,96.43,190.0,death,15.27,9.67,Karnataka,2,3.6666666666666665,opener,anchor_opener
BS Sharma,28,3,16,5,1,3,9.33,14,0,0.0,1,0.333,8.08,0,0,0.0,0.0,175.0,0.375,0.062,0.312,0.929,0.5,1.0,0.0,0.0,175.0,,,pp,14.0,7.0,Rajasthan,1,1.0,opener,aggressive_opener
Babul Kumar,461,22,403,54,9,20,20.95,82,0,0.091,3,0.136,22.6,7,2,0.318,0.091,114.39,0.156,0.022,0.134,0.586,0.427,0.477,0.419,0.104,120.22,104.89,133.33,death,22.17,20.5,Bihar,3,2.869565217391304,top_order,middle_order
Bandaru Ayyappa,102,10,71,5,7,6,10.2,24,1,0.4,0,0.0,7.38,0,0,0.0,0.0,143.66,0.169,0.099,0.07,0.608,0.366,0.0,0.01,0.99,,50.0,146.38,death,7.0,11.57,Andhra,10,9.545454545454545,tailender,tailender
Bandeep Singh,244,9,194,22,10,8,27.11,59,2,0.111,0,0.0,17.98,5,1,0.556,0.111,125.77,0.165,0.052,0.113,0.607,0.381,0.426,0.447,0.127,115.56,119.78,238.46,death,46.0,21.71,Jammu & Kashmir,3,3.4444444444444446,top_order,top_order_anchor
Basil Thampi,35,9,29,3,2,6,3.89,22,0,0.333,3,0.333,7.24,0,0,0.0,0.0,120.69,0.172,0.069,0.103,0.686,0.483,0.0,0.029,0.971,,100.0,121.43,death,4.8,2.75,Kerala,8,8.666666666666666,lower_order,tailender
Bavanaka Sandeep,696,29,589,37,26,26,24.0,74,0,0.103,1,0.034,16.93,10,2,0.345,0.069,118.17,0.107,0.044,0.063,0.437,0.304,0.08,0.624,0.296,78.87,109.87,167.48,death,20.67,25.5,Hyderabad (India),5,4.466666666666667,middle_order,finisher
Bhagmender Lather,21,3,15,2,1,2,7.0,14,1,0.333,0,0.0,6.56,0,0,0.0,0.0,140.0,0.2,0.067,0.133,0.667,0.333,0.0,0.0,1.0,,,140.0,death,,7.0,Chandigarh,8,8.333333333333334,lower_order,tailender
Bhanu Pania,216,18,195,14,10,13,12.0,55,0,0.278,2,0.111,15.06,2,1,0.111,0.056,110.77,0.123,0.051,0.072,0.537,0.426,0.074,0.31,0.616,84.21,77.91,147.78,death,7.0,16.0,Baroda,6,5.611111111111111,middle_order,middle_order
Bharat Sharma,34,3,40,4,0,3,11.33,20,6,0.0,0,0.0,7.57,0,0,0.0,0.0,85.0,0.1,0.0,0.1,0.471,0.475,0.265,0.559,0.176,90.0,79.17,100.0,death,,11.33,Puducherry,4,7.25,top_order,middle_order
Bibek Diyali,124,12,193,14,1,12,10.33,23,0,0.0,3,0.25,8.44,0,0,0.0,0.0,64.25,0.078,0.005,0.073,0.5,0.648,0.742,0.258,0.0,63.45,66.67,,mid,,10.33,Sikkim,1,1.1666666666666667,opener,anchor_opener
Bikash K Rout,24,3,19,2,0,1,8.0,12,6,0.667,0,0.0,3.46,0,0,0.0,0.0,126.32,0.105,0.0,0.105,0.333,0.211,0.0,0.0,1.0,,,126.32,death,6.0,9.0,Odisha,8,8.0,lower_order,tailender
Bikash Singh,24,4,43,1,0,4,6.0,13,1,0.0,0,0.0,5.29,0,0,0.0,0.0,55.81,0.023,0.0,0.023,0.167,0.581,0.0,0.542,0.458,,43.33,84.62,death,,6.0,Manipur,7,8.0,lower_order,tailender
Bikramkumar Das,285,10,251,32,2,9,28.5,67,2,0.1,0,0.0,27.27,4,4,0.4,0.4,113.55,0.135,0.008,0.127,0.491,0.355,0.449,0.481,0.07,100.79,126.85,125.0,mid,38.0,6.33,Tripura,1,1.1,opener,anchor_opener
Bipin Saurabh,206,8,171,20,8,8,25.75,72,0,0.0,2,0.25,25.11,2,2,0.25,0.25,120.47,0.164,0.047,0.117,0.621,0.45,0.563,0.379,0.058,108.41,141.82,133.33,mid,50.5,17.5,Bihar,2,1.625,opener,anchor_opener
Bipul Sharma,363,16,288,25,17,15,22.69,62,2,0.062,0,0.0,16.04,6,1,0.375,0.062,126.04,0.146,0.059,0.087,0.556,0.354,0.061,0.686,0.253,200.0,115.28,150.82,pp,35.0,18.58,Sikkim,5,5.352941176470588,middle_order,finisher
Bishworjit Konthoujam,7,6,18,0,0,2,1.17,2,0,0.667,0,0.0,0.75,0,0,0.0,0.0,38.89,0.0,0.0,0.0,0.0,0.611,0.0,0.0,1.0,,,38.89,death,,1.17,Manipur,10,10.285714285714286,tailender,tailender
Bobby Zothansanga,8,6,19,0,0,3,1.33,3,0,0.5,1,0.167,1.03,0,0,0.0,0.0,42.11,0.0,0.0,0.0,0.0,0.579,0.0,0.0,1.0,,,42.11,death,,1.33,Mizoram,9,9.333333333333334,tailender,tailender
Bodavarapu Sudhakar,21,4,28,2,0,2,5.25,11,0,0.5,1,0.25,4.79,0,0,0.0,0.0,75.0,0.071,0.0,0.071,0.381,0.464,0.0,0.333,0.667,,53.85,93.33,death,3.0,6.0,Andhra,10,9.25,tailender,tailender
Bonny Chingangbam,20,3,27,2,0,2,6.67,16,1,0.333,0,0.0,8.14,0,0,0.0,0.0,74.07,0.074,0.0,0.074,0.4,0.519,0.5,0.35,0.15,66.67,77.78,100.0,death,,6.67,Manipur,2,4.0,opener,anchor_opener
CA Pujara,623,16,495,70,16,12,38.94,100,2,0.25,0,0.0,30.06,9,6,0.562,0.375,125.86,0.174,0.032,0.141,0.604,0.382,0.315,0.536,0.149,94.23,145.85,160.34,death,34.0,49.8,Saurashtra,2,2.0,opener,anchor_opener
CK Paul,11,4,19,2,0,3,2.75,5,0,0.25,0,0.0,2.63,0,0,0.0,0.0,57.89,0.105,0.0,0.105,0.727,0.737,0.0,0.0,1.0,,,57.89,death,0.0,3.67,Tripura,11,10.75,tailender,tailender
CM Gautam,107,10,93,6,5,7,10.7,36,0,0.3,1,0.1,11.12,1,0,0.1,0.0,115.05,0.118,0.054,0.065,0.505,0.366,0.159,0.411,0.43,113.33,97.78,139.39,death,6.25,13.67,Karnataka,5,6.1,middle_order,middle_order
CP Singh,114,10,103,8,3,7,11.4,36,2,0.3,0,0.0,11.03,1,0,0.1,0.0,110.68,0.107,0.029,0.078,0.439,0.359,0.0,0.219,0.781,,75.76,127.14,death,7.0,13.29,Rajasthan,8,7.545454545454546,lower_order,tailender
CV Milind,175,21,129,15,7,12,8.33,26,0,0.429,2,0.095,8.21,0,0,0.0,0.0,135.66,0.171,0.054,0.116,0.583,0.364,0.109,0.189,0.703,111.76,84.62,168.49,death,6.17,9.2,Hyderabad (India),9,8.409090909090908,tailender,tailender
Chaitanya Bishnoi,755,32,643,78,17,28,23.59,65,0,0.125,2,0.062,19.72,13,4,0.406,0.125,117.42,0.148,0.026,0.121,0.548,0.373,0.494,0.436,0.07,115.12,116.67,143.24,death,23.76,23.27,Haryana,1,1.84375,opener,anchor_opener
Chanderpal Saini,40,3,36,1,0,3,13.33,20,6,0.0,0,0.0,7.02,0,0,0.0,0.0,111.11,0.028,0.0,0.028,0.1,0.222,0.0,0.775,0.225,,100.0,180.0,death,,13.33,Railways,7,6.666666666666667,lower_order,tailender
Cheepurapalli Stephen,4,4,8,0,0,0,1.0,2,0,1.0,0,0.0,0.82,0,0,0.0,0.0,50.0,0.0,0.0,0.0,0.0,0.625,0.0,0.0,1.0,,,50.0,death,,1.0,Andhra,11,11.0,tailender,tailender
Chetan Bist,466,19,405,33,16,13,24.53,60,0,0.316,1,0.053,18.03,8,2,0.421,0.105,115.06,0.121,0.04,0.081,0.489,0.341,0.212,0.491,0.296,116.47,102.69,142.27,death,26.4,22.44,Nagaland,5,4.842105263157895,middle_order,middle_order
Chintan Gaja,43,8,57,0,2,6,5.38,11,0,0.25,1,0.125,4.63,0,0,0.0,0.0,75.44,0.035,0.035,0.0,0.279,0.544,0.302,0.209,0.488,68.42,50.0,105.0,death,8.0,3.8,Gujarat,9,7.625,tailender,tailender
Chintapalli Kranthi Kumar,99,3,74,8,4,3,33.0,47,9,0.0,0,0.0,20.88,2,0,0.667,0.0,133.78,0.162,0.054,0.108,0.566,0.284,0.01,0.919,0.071,100.0,135.82,116.67,mid,9.0,45.0,Andhra,5,5.0,middle_order,middle_order
Chirag Gandhi,735,35,615,53,22,22,21.0,68,0,0.371,2,0.057,18.89,10,4,0.286,0.114,119.51,0.122,0.036,0.086,0.468,0.312,0.08,0.475,0.445,78.67,104.8,157.97,death,13.0,29.47,Gujarat,5,5.228571428571429,middle_order,finisher
Chirag Jani,422,24,311,36,16,15,17.58,80,0,0.375,3,0.125,18.73,5,1,0.208,0.042,135.69,0.167,0.051,0.116,0.569,0.312,0.002,0.481,0.517,50.0,121.56,153.52,death,17.25,17.92,Saurashtra,6,6.458333333333333,middle_order,finisher
Chirag Khurana,264,8,202,32,1,6,33.0,78,0,0.25,1,0.125,26.12,4,2,0.5,0.25,130.69,0.163,0.005,0.158,0.508,0.307,0.473,0.413,0.114,126.26,123.86,200.0,death,39.67,13.0,Meghalaya,1,1.375,opener,aggressive_opener
Codanda Ajit Karthik,107,4,99,7,4,3,26.75,61,4,0.25,0,0.0,24.69,1,1,0.25,0.25,108.08,0.111,0.04,0.071,0.486,0.404,0.542,0.318,0.14,109.43,89.47,187.5,death,61.0,15.33,Sikkim,1,1.0,opener,anchor_opener
D Padikkal,780,24,553,82,35,21,32.5,99,0,0.125,1,0.042,28.92,12,7,0.5,0.292,141.05,0.212,0.063,0.148,0.69,0.383,0.503,0.449,0.049,133.79,146.44,180.95,death,40.18,13.86,Karnataka,2,1.75,opener,aggressive_opener
DB Das,48,7,54,2,1,6,6.86,22,0,0.143,2,0.286,7.97,0,0,0.0,0.0,88.89,0.056,0.019,0.037,0.292,0.352,0.0,0.208,0.792,,62.5,100.0,death,0.0,9.6,Bengal,5,6.0,middle_order,middle_order
DB Ravi Teja,530,23,510,51,9,16,23.04,61,0,0.304,1,0.043,17.75,8,3,0.348,0.13,103.92,0.118,0.018,0.1,0.487,0.396,0.153,0.642,0.206,65.32,109.32,145.33,death,24.62,21.0,Meghalaya,4,3.9565217391304346,top_order,middle_order
DG Nalkande,76,12,90,3,4,10,6.33,21,0,0.167,2,0.167,6.46,0,0,0.0,0.0,84.44,0.078,0.044,0.033,0.474,0.511,0.0,0.105,0.895,,44.44,94.44,death,1.5,8.75,Vidarbha,8,7.916666666666667,lower_order,tailender
DH Yagnik,44,4,48,4,1,3,11.0,23,0,0.25,1,0.25,10.42,0,0,0.0,0.0,91.67,0.104,0.021,0.083,0.5,0.479,0.0,0.273,0.727,0.0,70.59,106.67,death,23.0,7.0,Rajasthan,7,6.0,lower_order,tailender
DJ Hooda,858,34,629,65,34,31,25.24,75,1,0.088,0,0.0,21.52,12,7,0.353,0.206,136.41,0.157,0.054,0.103,0.541,0.289,0.163,0.66,0.177,111.11,133.18,194.87,death,28.95,18.42,Baroda,4,3.7941176470588234,top_order,top_order_anchor
DL Chahar,126,13,115,5,9,9,9.69,55,0,0.308,1,0.077,14.82,1,1,0.077,0.077,109.57,0.122,0.078,0.043,0.587,0.461,0.04,0.31,0.651,83.33,68.42,157.69,death,11.56,5.5,Rajasthan,7,6.785714285714286,lower_order,tailender
DR Shorey,493,23,434,43,16,18,21.43,70,0,0.217,3,0.13,20.0,7,3,0.304,0.13,113.59,0.136,0.037,0.099,0.544,0.406,0.318,0.55,0.132,102.61,111.52,171.05,death,24.54,17.4,Delhi,3,3.347826086956522,top_order,finisher
DS Kulkarni,68,11,66,9,1,7,6.18,19,0,0.364,2,0.182,6.52,0,0,0.0,0.0,103.03,0.152,0.015,0.136,0.618,0.485,0.0,0.074,0.926,,55.56,110.53,death,0.0,6.8,Mumbai,10,9.727272727272727,tailender,tailender
Damodaran Rohit,405,25,408,49,10,25,16.2,55,0,0.0,3,0.12,15.4,4,2,0.16,0.08,99.26,0.145,0.025,0.12,0.632,0.537,0.677,0.316,0.007,96.48,106.67,75.0,mid,21.12,13.88,Puducherry,2,1.8,opener,anchor_opener
Darshan Misal,337,29,332,18,13,24,11.62,50,1,0.172,0,0.0,10.56,1,1,0.034,0.034,101.51,0.093,0.039,0.054,0.445,0.392,0.006,0.522,0.472,28.57,82.24,143.24,death,16.0,10.92,Goa,6,6.241379310344827,middle_order,middle_order
Daryl Ferrario,51,4,54,4,0,4,12.75,22,3,0.0,0,0.0,9.18,0,0,0.0,0.0,94.44,0.074,0.0,0.074,0.314,0.333,0.353,0.588,0.059,94.74,96.77,75.0,mid,12.5,13.0,Kerala,4,4.5,top_order,middle_order
Debabrata Pradhan,31,6,39,4,0,4,5.17,13,1,0.333,0,0.0,5.38,0,0,0.0,0.0,79.49,0.103,0.0,0.103,0.516,0.538,0.0,0.032,0.968,,33.33,83.33,death,11.0,4.0,Odisha,10,9.666666666666666,tailender,tailender
Deepak Behera,11,3,15,1,0,3,3.67,5,1,0.0,0,0.0,2.31,0,0,0.0,0.0,73.33,0.067,0.0,0.067,0.364,0.533,0.0,0.0,1.0,,,73.33,death,,3.67,Odisha,8,9.0,lower_order,tailender
Deepak Punia,80,7,84,2,4,5,11.43,30,2,0.286,0,0.0,9.68,1,0,0.143,0.0,95.24,0.071,0.048,0.024,0.4,0.429,0.0,0.225,0.775,,72.0,105.08,death,14.5,7.33,Saurashtra,6,6.428571428571429,middle_order,middle_order
Deepraj Gaonkar,283,19,255,25,10,17,14.89,48,1,0.105,0,0.0,14.94,4,0,0.211,0.0,110.98,0.137,0.039,0.098,0.565,0.42,0.102,0.622,0.276,87.88,112.1,120.0,death,6.0,15.94,Goa,7,6.2631578947368425,lower_order,tailender
Denish Das,243,15,273,17,6,14,16.2,35,0,0.067,1,0.067,10.67,3,0,0.2,0.0,89.01,0.084,0.022,0.062,0.428,0.469,0.638,0.288,0.074,98.1,71.43,105.88,death,16.14,16.25,Assam,2,2.466666666666667,opener,anchor_opener
Devender Lohchab,52,4,81,4,1,3,13.0,34,0,0.25,1,0.25,14.65,1,0,0.25,0.0,64.2,0.062,0.012,0.049,0.423,0.617,0.192,0.327,0.481,38.46,53.12,108.7,death,10.0,14.0,Services,2,4.25,opener,anchor_opener
Dharmendrasinh Jadeja,106,13,81,11,4,10,8.15,59,0,0.231,2,0.154,15.73,1,1,0.077,0.077,130.86,0.185,0.049,0.136,0.642,0.432,0.387,0.358,0.255,186.36,118.75,100.0,pp,16.75,4.33,Saurashtra,9,7.357142857142857,tailender,tailender
Dhrushant Soni,24,5,26,2,0,5,4.8,12,0,0.0,1,0.2,4.76,0,0,0.0,0.0,92.31,0.077,0.0,0.077,0.333,0.385,0.0,0.292,0.708,,100.0,89.47,mid,,4.8,Railways,9,7.6,tailender,tailender
Dhruv Jurel,69,5,63,1,5,3,13.8,25,3,0.4,0,0.0,10.06,0,0,0.0,0.0,109.52,0.095,0.079,0.016,0.493,0.397,0.174,0.275,0.551,80.0,70.37,180.95,death,13.67,14.0,Uttar Pradesh,6,5.2,middle_order,finisher
Dhruv Patel,104,7,88,8,5,5,14.86,23,6,0.286,0,0.0,6.36,0,0,0.0,0.0,118.18,0.148,0.057,0.091,0.596,0.443,0.375,0.356,0.269,97.5,112.12,186.67,death,,14.86,Baroda,3,5.285714285714286,top_order,finisher
Dhruv Raval,384,17,283,52,8,15,22.59,73,1,0.118,0,0.0,21.78,4,2,0.235,0.118,135.69,0.212,0.028,0.184,0.667,0.399,0.737,0.237,0.026,138.73,130.0,111.11,pp,29.57,17.7,Gujarat,1,1.8235294117647058,opener,aggressive_opener
Digvijay Rangi,92,6,79,7,4,3,15.33,35,0,0.5,1,0.167,12.18,1,0,0.167,0.0,116.46,0.139,0.051,0.089,0.565,0.367,0.022,0.261,0.717,50.0,75.0,153.49,death,19.33,11.33,Himachal,6,6.833333333333333,middle_order,finisher
Dikshanshu Negi,318,17,282,31,7,13,18.71,77,0,0.235,1,0.059,16.28,1,1,0.059,0.059,112.77,0.135,0.025,0.11,0.522,0.376,0.123,0.544,0.333,102.63,100.0,149.3,death,14.25,20.08,Uttarakhand,4,4.705882352941177,top_order,middle_order
Dinesh Mor,98,9,96,10,1,6,10.89,31,1,0.333,0,0.0,10.14,1,0,0.111,0.0,102.08,0.115,0.01,0.104,0.469,0.396,0.296,0.48,0.224,100.0,100.0,110.0,death,10.25,11.4,Railways,4,5.222222222222222,top_order,middle_order
Dinesh Rai,15,3,29,0,0,3,5.0,11,2,0.0,0,0.0,5.2,0,0,0.0,0.0,51.72,0.0,0.0,0.0,0.0,0.586,0.0,0.333,0.667,,55.56,50.0,mid,,5.0,Sikkim,7,6.666666666666667,lower_order,tailender
Dipayan Debbarma,39,3,48,1,1,2,13.0,22,3,0.333,0,0.0,9.54,0,0,0.0,0.0,81.25,0.042,0.021,0.021,0.256,0.375,0.154,0.487,0.359,50.0,82.61,107.69,death,3.0,18.0,Tripura,4,5.0,top_order,middle_order
Dippu Sangma,17,4,28,1,0,4,4.25,13,0,0.0,1,0.25,5.97,0,0,0.0,0.0,60.71,0.036,0.0,0.036,0.235,0.536,0.235,0.647,0.118,40.0,84.62,40.0,mid,1.0,5.33,Meghalaya,3,5.75,top_order,middle_order
Divyang Hinganekar,119,10,81,10,4,5,11.9,35,0,0.5,1,0.1,11.07,1,0,0.1,0.0,146.91,0.173,0.049,0.123,0.538,0.284,0.0,0.176,0.824,,84.0,175.0,death,15.8,8.0,Maharashtra,7,7.0,lower_order,tailender
Diwesh Pathania,182,15,133,11,10,9,12.13,41,0,0.4,3,0.2,11.75,1,0,0.067,0.0,136.84,0.158,0.075,0.083,0.571,0.338,0.0,0.143,0.857,,113.04,141.82,death,19.0,9.64,Services,9,8.066666666666666,tailender,tailender
EC Sen,351,17,280,30,16,14,20.65,51,0,0.176,2,0.118,17.21,7,1,0.412,0.059,125.36,0.164,0.057,0.107,0.615,0.418,0.165,0.584,0.251,89.23,127.33,162.96,death,25.0,14.43,Himachal,4,4.888888888888889,top_order,finisher
ER Dwivedi,296,11,240,28,9,7,26.91,89,0,0.364,1,0.091,27.25,4,1,0.364,0.091,123.33,0.154,0.038,0.117,0.561,0.362,0.176,0.551,0.274,101.96,119.85,152.83,death,28.78,18.5,Uttar Pradesh,4,3.909090909090909,top_order,top_order_anchor
Eknath Kerkar,239,16,212,18,6,14,14.94,46,0,0.125,3,0.188,16.26,4,0,0.25,0.0,112.74,0.113,0.028,0.085,0.452,0.358,0.272,0.435,0.293,85.53,107.22,179.49,death,16.0,14.11,Goa,1,4.3125,opener,anchor_opener
F Lalmuanzuala,11,4,37,0,0,3,2.75,4,1,0.25,0,0.0,1.26,0,0,0.0,0.0,29.73,0.0,0.0,0.0,0.0,0.73,0.0,0.545,0.455,,28.57,31.25,death,,2.75,Mizoram,8,7.75,lower_order,tailender
FY Fazal,448,21,419,39,6,20,21.33,54,0,0.048,1,0.048,16.21,6,1,0.286,0.048,106.92,0.107,0.014,0.093,0.429,0.382,0.551,0.435,0.013,99.6,120.37,66.67,mid,27.08,12.0,Vidarbha,1,1.9047619047619047,opener,anchor_opener
Fabid Ahmed,218,22,225,8,8,18,9.91,27,0,0.182,1,0.045,7.59,0,0,0.0,0.0,96.89,0.071,0.036,0.036,0.367,0.396,0.05,0.243,0.706,73.33,63.86,121.26,death,5.75,12.29,Puducherry,6,5.913043478260869,middle_order,middle_order
Fazil Rashid,42,4,37,4,0,2,10.5,25,1,0.5,0,0.0,11.0,0,0,0.0,0.0,113.51,0.108,0.0,0.108,0.381,0.378,0.024,0.071,0.905,33.33,33.33,152.0,death,25.0,5.67,Jammu & Kashmir,4,6.5,top_order,finisher
Felix Alemao,22,5,21,0,1,1,4.4,13,1,0.8,0,0.0,4.98,0,0,0.0,0.0,104.76,0.048,0.048,0.0,0.273,0.381,0.0,0.091,0.909,,40.0,125.0,death,,4.4,Goa,10,9.8,tailender,tailender
G Ajitesh,14,3,13,1,1,3,4.67,8,2,0.0,0,0.0,3.06,0,0,0.0,0.0,107.69,0.154,0.077,0.077,0.714,0.538,0.429,0.0,0.571,75.0,,160.0,death,2.0,6.0,Tamil Nadu,1,3.3333333333333335,opener,anchor_opener
G Gambhir,226,13,228,26,3,12,17.38,66,0,0.077,1,0.077,18.35,3,1,0.231,0.077,99.12,0.127,0.013,0.114,0.54,0.456,0.664,0.239,0.097,93.17,96.43,200.0,death,14.7,26.33,Delhi,2,1.6923076923076923,opener,anchor_opener
G Lalbiakvela,16,10,40,1,0,8,1.6,6,0,0.2,3,0.3,2.12,0,0,0.0,0.0,40.0,0.025,0.0,0.025,0.25,0.725,0.0,0.125,0.875,,22.22,45.16,death,,1.6,Mizoram,10,9.0,tailender,tailender
GA Singh,174,9,131,11,11,8,19.33,100,0,0.111,2,0.222,32.49,2,1,0.222,0.111,132.82,0.168,0.084,0.084,0.632,0.397,0.259,0.471,0.27,81.82,138.98,276.47,death,27.33,3.33,Haryana,2,2.3333333333333335,opener,anchor_opener
GH Vihari,574,25,455,65,14,23,22.96,84,1,0.08,0,0.0,21.62,7,3,0.28,0.12,126.15,0.174,0.031,0.143,0.599,0.365,0.526,0.425,0.049,122.76,128.42,147.37,death,27.0,16.9,Andhra,3,2.4,top_order,middle_order
Gandhar Bhatawadekar,39,4,40,4,2,4,9.75,22,0,0.0,1,0.25,10.97,0,0,0.0,0.0,97.5,0.15,0.05,0.1,0.718,0.575,0.795,0.205,0.0,93.94,114.29,,mid,0.0,13.0,Railways,3,3.0,top_order,middle_order
Ganesh Satish,530,30,540,46,6,28,17.67,54,0,0.067,1,0.033,15.57,8,2,0.267,0.067,98.15,0.096,0.011,0.085,0.415,0.407,0.347,0.613,0.04,88.04,105.52,91.3,mid,14.43,20.5,Vidarbha,3,3.6666666666666665,top_order,middle_order
Gaurav Puri,91,6,56,10,5,5,15.17,35,1,0.167,0,0.0,12.14,1,0,0.167,0.0,162.5,0.268,0.089,0.179,0.769,0.393,0.341,0.571,0.088,140.91,192.59,114.29,mid,10.0,17.75,Chandigarh,5,4.333333333333333,middle_order,middle_order
Girinath Reddy,209,14,148,12,13,11,14.93,62,0,0.214,2,0.143,16.33,2,1,0.143,0.071,141.22,0.169,0.088,0.081,0.603,0.338,0.0,0.426,0.574,,130.88,150.0,death,21.17,10.25,Andhra,7,6.428571428571429,lower_order,tailender
Girish Rauturi,76,7,56,3,6,6,10.86,49,0,0.143,2,0.286,17.8,1,0,0.143,0.0,135.71,0.161,0.107,0.054,0.632,0.464,0.0,0.105,0.895,,47.06,174.36,death,24.33,0.75,Uttarakhand,7,6.571428571428571,lower_order,tailender
Gourav Choudhury,68,3,53,10,2,3,22.67,36,13,0.0,0,0.0,11.93,1,0,0.333,0.0,128.3,0.226,0.038,0.189,0.765,0.491,0.897,0.103,0.0,127.08,140.0,,mid,13.0,27.5,Odisha,1,1.0,opener,aggressive_opener
Govinda Poddar,438,19,347,39,16,18,23.05,64,0,0.053,1,0.053,19.53,4,3,0.211,0.158,126.22,0.159,0.046,0.112,0.575,0.366,0.29,0.559,0.151,93.38,139.2,188.57,death,27.2,21.57,Odisha,4,3.210526315789474,top_order,finisher
Gurinder Singh,439,20,351,21,24,11,21.95,56,1,0.45,0,0.0,16.7,6,1,0.3,0.05,125.07,0.128,0.068,0.06,0.519,0.328,0.007,0.351,0.642,60.0,90.59,160.23,death,12.33,23.65,Chandigarh,5,6.2,middle_order,finisher
Gurkeerat Singh,675,29,518,54,34,23,23.28,63,0,0.207,2,0.069,15.99,10,1,0.345,0.034,130.31,0.17,0.066,0.104,0.622,0.378,0.102,0.707,0.191,140.82,125.86,143.33,death,19.64,26.67,Punjab,4,4.172413793103448,top_order,middle_order
H Desai,345,21,288,50,8,19,16.43,56,0,0.095,2,0.095,13.66,3,1,0.143,0.048,119.79,0.201,0.028,0.174,0.719,0.486,0.846,0.154,0.0,120.66,115.22,,pp,14.77,19.12,Saurashtra,1,1.1428571428571428,opener,aggressive_opener
HH Khadiwale,22,3,22,3,0,3,7.33,10,5,0.0,0,0.0,2.52,0,0,0.0,0.0,100.0,0.136,0.0,0.136,0.545,0.455,1.0,0.0,0.0,100.0,,,pp,8.5,5.0,Maharashtra,1,1.3333333333333333,opener,anchor_opener
HH Pandya,387,11,297,29,19,8,35.18,86,5,0.273,0,0.0,28.99,5,3,0.455,0.273,130.3,0.162,0.064,0.098,0.594,0.364,0.16,0.437,0.403,87.32,106.96,229.41,death,38.86,28.75,Baroda,3,3.3636363636363638,top_order,top_order_anchor
HP Gawli,43,3,33,5,1,3,14.33,30,2,0.0,0,0.0,14.29,1,0,0.333,0.0,130.3,0.182,0.03,0.152,0.605,0.364,1.0,0.0,0.0,134.38,0.0,,pp,20.5,2.0,Madhya Pradesh,2,2.0,opener,aggressive_opener
HP Patel,4,5,10,0,0,3,0.8,2,0,0.4,2,0.4,0.84,0,0,0.0,0.0,40.0,0.0,0.0,0.0,0.0,0.6,0.0,0.0,1.0,,,40.0,death,,0.8,Gujarat,11,10.8,tailender,tailender
HS Desai,57,4,52,5,3,4,14.25,26,5,0.0,0,0.0,10.4,0,0,0.0,0.0,109.62,0.154,0.058,0.096,0.667,0.596,0.93,0.07,0.0,106.0,200.0,,mid,12.5,16.0,Baroda,1,1.25,opener,anchor_opener
HS Joshi,79,3,72,7,2,2,26.33,61,3,0.333,0,0.0,30.62,1,1,0.333,0.333,109.72,0.125,0.028,0.097,0.506,0.375,0.152,0.494,0.354,75.0,92.86,200.0,death,26.33,,Vidarbha,3,3.0,top_order,top_order_anchor
HV Patel,672,26,428,76,36,27,25.85,82,0,-0.038,2,0.077,21.47,11,3,0.423,0.115,157.01,0.262,0.084,0.178,0.774,0.428,0.716,0.262,0.022,152.22,172.55,150.0,mid,25.33,26.55,Haryana,2,1.8888888888888888,opener,aggressive_opener
Harbhajan Singh,121,10,115,12,4,10,12.1,33,1,0.0,0,0.0,11.74,2,0,0.2,0.0,105.22,0.139,0.035,0.104,0.595,0.443,0.43,0.446,0.124,185.71,83.08,68.18,pp,17.67,9.71,Punjab,3,5.7,top_order,middle_order
Hari Nishaanth,688,27,541,63,30,23,25.48,92,0,0.148,1,0.037,23.95,7,4,0.259,0.148,127.17,0.172,0.055,0.116,0.628,0.407,0.638,0.331,0.031,120.94,143.4,110.53,mid,29.8,13.14,Tamil Nadu,1,1.4074074074074074,opener,aggressive_opener
Harishankar Reddy,30,8,26,3,1,3,3.75,16,0,0.625,2,0.25,5.57,0,0,0.0,0.0,115.38,0.154,0.038,0.115,0.6,0.423,0.0,0.0,1.0,,,115.38,death,2.0,4.0,Andhra,10,8.88888888888889,tailender,tailender
Harmeet Singh,38,4,23,2,3,4,9.5,15,5,0.0,0,0.0,4.43,0,0,0.0,0.0,165.22,0.217,0.13,0.087,0.684,0.304,0.184,0.526,0.289,175.0,142.86,220.0,death,,9.5,Tripura,7,6.75,lower_order,lower_order_hitter
Harpreet Brar,91,13,80,6,4,8,7.0,22,0,0.385,1,0.077,6.63,0,0,0.0,0.0,113.75,0.125,0.05,0.075,0.527,0.412,0.011,0.044,0.945,25.0,20.0,153.57,death,5.75,7.56,Punjab,7,7.4,lower_order,tailender
Harpreet Singh,1181,34,899,102,42,26,34.74,92,1,0.235,0,0.0,24.78,19,9,0.559,0.265,131.37,0.16,0.047,0.113,0.559,0.343,0.188,0.585,0.227,96.52,126.09,221.49,death,36.25,33.39,Chhattisgarh,3,3.342857142857143,top_order,top_order_anchor
Harsh Tyagi,276,20,207,21,14,9,13.8,38,0,0.55,1,0.05,12.31,3,0,0.15,0.0,133.33,0.169,0.068,0.101,0.609,0.382,0.0,0.348,0.652,,114.29,146.34,death,13.33,14.0,Railways,8,7.428571428571429,lower_order,tailender
Harsh Vikram Singh,10,4,17,1,0,1,2.5,7,1,0.75,0,0.0,3.0,0,0,0.0,0.0,58.82,0.059,0.0,0.059,0.4,0.588,0.0,0.0,1.0,,,58.82,death,,2.5,Bihar,9,8.25,tailender,tailender
Hem Chetri,22,4,19,3,0,4,5.5,15,0,0.0,2,0.5,7.14,0,0,0.0,0.0,115.79,0.158,0.0,0.158,0.545,0.421,0.0,0.0,1.0,,0.0,157.14,death,11.0,0.0,Nagaland,6,6.2,middle_order,finisher
Hemang Patel,71,8,83,5,2,6,8.88,20,2,0.25,0,0.0,7.0,0,0,0.0,0.0,85.54,0.084,0.024,0.06,0.451,0.53,0.0,0.493,0.507,,68.63,112.5,death,3.5,10.67,Gujarat,7,7.625,lower_order,tailender
Henan Nazir,58,4,67,3,0,3,14.5,31,2,0.25,0,0.0,14.34,1,0,0.25,0.0,86.57,0.045,0.0,0.045,0.207,0.343,0.034,0.776,0.19,50.0,88.24,91.67,death,18.33,3.0,Jammu & Kashmir,3,4.0,top_order,middle_order
Heramb Parab,37,4,20,2,3,2,9.25,22,0,0.5,1,0.25,9.64,0,0,0.0,0.0,185.0,0.25,0.15,0.1,0.703,0.25,0.108,0.189,0.703,400.0,233.33,162.5,pp,,9.25,Goa,10,8.25,tailender,lower_order_hitter
Het Patel,153,8,167,13,2,5,19.12,45,2,0.375,0,0.0,17.34,2,0,0.25,0.0,91.62,0.09,0.012,0.078,0.418,0.401,0.131,0.556,0.314,95.24,75.22,145.45,death,24.8,9.67,Gujarat,4,4.5,top_order,middle_order
Himalay Agarwal,218,16,226,12,7,16,13.62,34,0,0.0,4,0.25,12.08,1,0,0.062,0.0,96.46,0.084,0.031,0.053,0.413,0.412,0.133,0.665,0.202,78.38,92.36,137.5,death,8.71,17.44,Hyderabad (India),4,4.375,top_order,middle_order
Himalaya Barad,115,8,109,14,1,7,14.38,38,2,0.125,0,0.0,13.04,1,0,0.125,0.0,105.5,0.138,0.009,0.128,0.539,0.477,0.739,0.148,0.113,123.19,77.27,72.22,pp,18.17,3.0,Saurashtra,1,3.0,opener,aggressive_opener
Himanshu Bisht,54,8,55,5,1,6,6.75,15,0,0.25,1,0.125,5.2,0,0,0.0,0.0,98.18,0.109,0.018,0.091,0.481,0.455,0.0,0.259,0.741,,87.5,102.56,death,10.0,6.29,Uttarakhand,7,7.6,lower_order,tailender
Himanshu Chawla,67,4,40,7,3,4,16.75,54,1,0.0,0,0.0,24.96,1,1,0.25,0.25,167.5,0.25,0.075,0.175,0.687,0.3,0.328,0.597,0.075,275.0,148.15,100.0,pp,7.0,20.0,Punjab,6,5.5,middle_order,middle_order
Himanshu Rana,808,32,658,93,19,30,25.25,87,0,0.062,1,0.031,24.3,9,7,0.281,0.219,122.8,0.17,0.029,0.141,0.601,0.409,0.396,0.493,0.111,116.36,118.1,195.65,death,28.0,22.13,Haryana,3,2.90625,top_order,top_order_anchor
Himanshu Sangwan,10,4,8,0,1,2,2.5,8,0,0.5,1,0.25,3.7,0,0,0.0,0.0,125.0,0.125,0.125,0.0,0.6,0.5,0.0,0.1,0.9,,33.33,180.0,death,8.0,0.67,Railways,10,10.0,tailender,tailender
Himmat Singh,599,33,472,48,26,22,18.15,53,0,0.333,3,0.091,14.73,5,3,0.152,0.091,126.91,0.157,0.055,0.102,0.581,0.358,0.142,0.494,0.364,134.92,107.64,162.69,death,23.28,12.0,Delhi,5,4.636363636363637,middle_order,finisher
Hiten Dalal,516,23,363,50,32,21,22.43,81,0,0.087,3,0.13,22.38,7,3,0.304,0.13,142.15,0.226,0.088,0.138,0.76,0.46,0.61,0.39,0.0,128.57,170.34,,mid,25.73,16.25,Delhi,2,1.8695652173913044,opener,aggressive_opener
Hiten Mehra,14,3,18,0,1,3,4.67,10,2,0.0,0,0.0,4.62,0,0,0.0,0.0,77.78,0.056,0.056,0.0,0.429,0.5,0.0,1.0,0.0,,77.78,,mid,2.0,10.0,Gujarat,4,5.666666666666667,top_order,middle_order
Hokaito Zhimomi,119,15,155,8,3,11,7.93,25,0,0.267,2,0.133,7.8,0,0,0.0,0.0,76.77,0.071,0.019,0.052,0.42,0.535,0.008,0.294,0.697,33.33,40.7,125.76,death,13.67,6.5,Nagaland,5,5.6,middle_order,middle_order
Homendro Kabrambam,53,10,80,1,3,8,5.3,18,1,0.2,0,0.0,5.4,0,0,0.0,0.0,66.25,0.05,0.038,0.012,0.415,0.612,0.094,0.245,0.66,55.56,46.43,81.4,death,,5.3,Manipur,8,7.363636363636363,lower_order,tailender
Hrishikesh Tamuli,21,3,33,0,0,2,7.0,11,5,0.333,0,0.0,3.46,0,0,0.0,0.0,63.64,0.0,0.0,0.0,0.0,0.424,0.238,0.238,0.524,50.0,38.46,110.0,death,,7.0,Assam,2,5.0,opener,anchor_opener
Hrithik Kanojia,8,3,18,1,0,3,2.67,5,1,0.0,0,0.0,2.08,0,0,0.0,0.0,44.44,0.056,0.0,0.056,0.5,0.722,0.375,0.0,0.625,21.43,,125.0,death,,2.67,Manipur,2,2.6666666666666665,opener,anchor_opener
IC Pandey,56,14,49,2,4,10,4.0,18,0,0.286,2,0.143,5.86,0,0,0.0,0.0,114.29,0.122,0.082,0.041,0.571,0.469,0.036,0.214,0.75,100.0,133.33,110.53,mid,4.8,3.56,Madhya Pradesh,9,7.857142857142857,tailender,tailender
IK Pathan,246,13,158,18,12,6,18.92,49,1,0.538,0,0.0,14.57,2,0,0.154,0.0,155.7,0.19,0.076,0.114,0.585,0.234,0.0,0.26,0.74,,98.46,195.7,death,21.71,15.67,Baroda,6,6.0,middle_order,finisher
IR Jaggi,596,19,418,68,14,14,31.37,75,0,0.263,2,0.105,24.92,10,4,0.526,0.211,142.58,0.196,0.033,0.163,0.597,0.28,0.19,0.596,0.215,122.83,151.06,140.66,mid,28.17,36.86,Jharkhand,5,4.0,middle_order,middle_order
Ian Dev Singh,373,13,350,46,4,10,28.69,67,2,0.231,0,0.0,19.31,7,1,0.538,0.077,106.57,0.143,0.011,0.131,0.558,0.42,0.306,0.475,0.22,89.06,107.93,141.38,death,30.5,28.36,Jammu & Kashmir,4,3.076923076923077,top_order,top_order_anchor
Imliwati Lemtur,101,14,105,2,6,11,7.21,17,0,0.214,2,0.143,6.15,0,0,0.0,0.0,96.19,0.076,0.057,0.019,0.436,0.438,0.0,0.188,0.812,,46.34,128.12,death,6.0,7.31,Nagaland,7,7.5,lower_order,tailender
Iqbal Abdulla,237,14,236,24,5,10,16.93,46,3,0.286,0,0.0,12.59,3,0,0.214,0.0,100.42,0.123,0.021,0.102,0.532,0.466,0.219,0.502,0.278,110.64,83.8,140.43,death,16.0,17.0,Sikkim,4,4.928571428571429,top_order,middle_order
Iqlas Naha,20,3,19,0,1,3,6.67,15,0,0.0,1,0.333,7.64,0,0,0.0,0.0,105.26,0.053,0.053,0.0,0.3,0.368,0.0,0.25,0.75,,83.33,115.38,death,5.0,7.5,Puducherry,7,6.333333333333333,lower_order,tailender
Ishaan Gadekar,172,6,106,20,9,6,28.67,58,9,0.0,0,0.0,19.79,3,1,0.5,0.167,162.26,0.274,0.085,0.189,0.779,0.443,0.762,0.238,0.0,142.39,292.86,,mid,39.33,18.0,Goa,1,1.0,opener,aggressive_opener
Ishan Kishan,767,23,531,87,33,21,33.35,113,0,0.087,3,0.13,29.95,11,5,0.478,0.217,144.44,0.226,0.062,0.164,0.712,0.397,0.535,0.413,0.052,125.77,170.43,210.53,death,39.67,21.5,Jharkhand,2,1.7916666666666667,opener,aggressive_opener
Ishwar Chaudhary,45,13,60,3,1,8,3.46,14,0,0.385,3,0.231,4.75,0,0,0.0,0.0,75.0,0.067,0.017,0.05,0.4,0.533,0.0,0.044,0.956,,66.67,75.44,death,,3.46,Sikkim,9,8.692307692307692,tailender,tailender
J Anderson,45,3,65,6,0,3,15.0,21,8,0.0,0,0.0,6.56,0,0,0.0,0.0,69.23,0.092,0.0,0.092,0.533,0.615,0.711,0.289,0.0,78.05,54.17,,pp,,15.0,Mizoram,3,3.0,top_order,middle_order
J Kousik,44,3,39,2,1,1,14.67,41,1,0.667,0,0.0,22.81,1,0,0.333,0.0,112.82,0.077,0.026,0.051,0.318,0.282,0.0,0.386,0.614,,100.0,122.73,death,14.67,,Tamil Nadu,7,8.0,lower_order,tailender
J Mallikarjun,61,4,63,3,3,3,15.25,23,3,0.25,0,0.0,9.32,0,0,0.0,0.0,96.83,0.095,0.048,0.048,0.492,0.46,0.049,0.541,0.41,21.43,103.12,147.06,death,22.5,8.0,Hyderabad (India),6,4.5,middle_order,middle_order
J Suchith,204,20,153,17,7,10,10.2,34,0,0.5,2,0.1,8.67,1,0,0.05,0.0,133.33,0.157,0.046,0.111,0.539,0.307,0.0,0.201,0.799,,91.11,150.93,death,10.23,10.14,Karnataka,7,7.25,lower_order,tailender
J Syed Mohammad,146,5,141,13,4,3,29.2,42,13,0.4,0,0.0,13.63,3,0,0.6,0.0,103.55,0.121,0.028,0.092,0.521,0.418,0.014,0.705,0.281,66.67,99.04,120.59,death,26.0,31.33,Assam,7,5.8,lower_order,tailender
J Yadav,54,12,51,1,2,7,4.5,19,0,0.417,4,0.333,6.53,0,0,0.0,0.0,105.88,0.059,0.039,0.02,0.296,0.275,0.0,0.241,0.759,,86.67,113.89,death,1.5,5.1,Haryana,8,8.214285714285714,lower_order,tailender
JD Unadkat,282,23,180,19,17,10,12.26,58,0,0.565,0,0.0,14.81,4,1,0.174,0.043,156.67,0.2,0.094,0.106,0.631,0.306,0.0,0.234,0.766,,115.79,175.61,death,9.92,14.82,Saurashtra,9,7.576923076923077,tailender,lower_order_hitter
JJ Lamare,28,5,49,3,1,5,5.6,15,0,0.0,1,0.2,5.98,0,0,0.0,0.0,57.14,0.082,0.02,0.061,0.643,0.714,0.357,0.357,0.286,41.67,90.91,57.14,mid,,5.6,Meghalaya,2,5.2,opener,anchor_opener
JM Sharma,979,41,670,100,43,33,23.88,91,0,0.195,2,0.049,21.62,11,5,0.268,0.122,146.12,0.213,0.064,0.149,0.672,0.379,0.432,0.318,0.25,123.32,146.7,213.04,death,27.67,18.53,Vidarbha,2,2.8780487804878048,opener,aggressive_opener
JR Banik,40,5,69,3,0,5,8.0,22,0,0.0,2,0.4,9.27,0,0,0.0,0.0,57.97,0.043,0.0,0.043,0.3,0.623,0.675,0.325,0.0,55.1,65.0,,mid,,8.0,Tripura,1,1.6,opener,anchor_opener
Jafar Jamal,14,3,12,1,1,3,4.67,7,1,0.0,0,0.0,3.21,0,0,0.0,0.0,116.67,0.167,0.083,0.083,0.714,0.5,0.0,0.071,0.929,,25.0,162.5,death,6.5,1.0,Kerala,5,6.666666666666667,middle_order,finisher
Jahan Uddin,7,3,19,0,0,2,2.33,5,1,0.333,0,0.0,2.31,0,0,0.0,0.0,36.84,0.0,0.0,0.0,0.0,0.737,0.0,0.857,0.143,,35.29,50.0,death,,2.33,Sikkim,8,7.333333333333333,lower_order,tailender
Jalaj S Saxena,165,14,208,14,0,9,11.79,37,0,0.357,1,0.071,11.24,1,0,0.071,0.0,79.33,0.067,0.0,0.067,0.339,0.471,0.406,0.345,0.248,77.01,69.51,105.13,death,13.86,9.71,Kerala,2,4.214285714285714,opener,anchor_opener
Jaskaran Singh,152,13,93,6,13,7,11.69,31,0,0.462,1,0.077,8.39,1,0,0.077,0.0,163.44,0.204,0.14,0.065,0.671,0.323,0.0,0.204,0.796,,119.23,180.6,death,11.0,12.0,Chandigarh,6,6.538461538461538,middle_order,finisher
Jaskaranvir Singh Sohi,63,7,57,4,2,3,9.0,20,1,0.571,0,0.0,6.38,0,0,0.0,0.0,110.53,0.105,0.035,0.07,0.444,0.316,0.206,0.413,0.381,118.18,86.67,150.0,death,7.67,10.0,Chandigarh,5,5.375,middle_order,finisher
Jatin Wadhwan,473,14,382,50,15,14,33.79,69,0,0.0,1,0.071,23.42,8,4,0.571,0.286,123.82,0.17,0.039,0.131,0.613,0.416,0.461,0.524,0.015,110.1,141.71,77.78,mid,41.14,26.43,Jammu & Kashmir,2,1.9285714285714286,opener,anchor_opener
Jaweed Ali,50,3,28,7,1,3,16.67,35,1,0.0,0,0.0,17.16,1,0,0.333,0.0,178.57,0.286,0.036,0.25,0.68,0.214,0.0,0.32,0.68,,145.45,200.0,death,1.0,24.5,Hyderabad (India),6,6.333333333333333,middle_order,finisher
Jay Bista,820,26,589,98,25,23,31.54,94,0,0.115,3,0.115,25.13,11,6,0.423,0.231,139.22,0.209,0.042,0.166,0.661,0.368,0.629,0.306,0.065,136.51,133.51,230.43,death,38.42,25.64,Mumbai,1,1.2962962962962963,opener,aggressive_opener
Jay Gohil,147,9,101,11,10,4,16.33,42,1,0.556,0,0.0,12.84,1,0,0.111,0.0,145.54,0.208,0.099,0.109,0.707,0.386,0.068,0.347,0.585,125.0,121.43,168.63,death,20.75,12.8,Saurashtra,6,6.555555555555555,middle_order,finisher
Jayanta Sagatpam,75,5,102,7,0,5,15.0,36,0,0.0,1,0.2,13.75,1,0,0.2,0.0,73.53,0.069,0.0,0.069,0.373,0.52,0.293,0.6,0.107,78.57,75.0,57.14,pp,9.0,19.0,Manipur,5,4.6,middle_order,middle_order
Jaydev Shah,68,5,85,6,3,5,13.6,35,2,0.0,0,0.0,12.52,1,0,0.2,0.0,80.0,0.106,0.035,0.071,0.618,0.624,0.426,0.574,0.0,72.5,86.67,,mid,19.0,5.5,Saurashtra,3,3.4,top_order,middle_order
Jayveer Parmar,5,3,7,0,0,0,1.67,3,1,1.0,0,0.0,1.15,0,0,0.0,0.0,71.43,0.0,0.0,0.0,0.0,0.286,0.0,0.0,1.0,,,71.43,death,,1.67,Gujarat,10,10.0,tailender,tailender
Jiwanjot Singh,103,3,85,13,0,2,34.33,77,6,0.333,0,0.0,37.61,1,1,0.333,0.333,121.18,0.153,0.0,0.153,0.505,0.282,0.301,0.456,0.243,86.11,138.24,166.67,death,77.0,13.0,Uttarakhand,2,1.6666666666666667,opener,anchor_opener
Johnson Singh,155,13,212,12,4,12,11.92,43,0,0.077,4,0.308,14.0,1,0,0.077,0.0,73.11,0.075,0.019,0.057,0.465,0.571,0.065,0.619,0.316,52.63,68.57,92.45,death,,11.92,Manipur,4,4.923076923076923,top_order,middle_order
Joseph Lalthankhuma,76,7,100,6,1,7,10.86,24,4,0.0,0,0.0,7.1,0,0,0.0,0.0,76.0,0.07,0.01,0.06,0.395,0.53,0.329,0.592,0.079,75.76,73.77,100.0,death,,10.86,Mizoram,4,4.428571428571429,top_order,middle_order
Joshua Ozukum,219,10,181,26,6,9,21.9,91,0,0.1,0,0.0,27.58,2,1,0.2,0.1,120.99,0.177,0.033,0.144,0.639,0.459,0.553,0.329,0.119,111.01,116.13,260.0,death,53.5,14.0,Nagaland,1,2.1,opener,anchor_opener
Jyothi Sai Krishna,58,5,72,5,0,5,11.6,20,1,0.0,0,0.0,7.83,0,0,0.0,0.0,80.56,0.069,0.0,0.069,0.345,0.472,0.034,0.793,0.172,100.0,75.41,111.11,death,18.0,10.0,Andhra,6,5.8,middle_order,middle_order
Jyotsnil Singh,103,4,87,8,5,4,25.75,45,4,0.0,0,0.0,18.68,2,0,0.5,0.0,118.39,0.149,0.057,0.092,0.602,0.448,0.748,0.252,0.0,122.22,108.33,,pp,33.0,4.0,Baroda,1,1.0,opener,aggressive_opener
K Bharath Shankar,93,7,79,15,2,7,13.29,30,1,0.0,0,0.0,11.04,1,0,0.143,0.0,117.72,0.215,0.025,0.19,0.774,0.544,1.0,0.0,0.0,117.72,,,pp,15.0,11.0,Tamil Nadu,1,1.1428571428571428,opener,anchor_opener
K D Patel,19,4,14,3,0,1,4.75,9,2,0.75,0,0.0,3.4,0,0,0.0,0.0,135.71,0.214,0.0,0.214,0.632,0.429,0.0,0.0,1.0,,,135.71,death,2.0,5.67,Saurashtra,11,10.75,tailender,tailender
K Gowtham,229,18,161,18,12,13,12.72,57,0,0.278,1,0.056,13.88,2,1,0.111,0.056,142.24,0.186,0.075,0.112,0.629,0.329,0.201,0.245,0.555,127.78,136.59,151.19,death,14.22,11.22,Karnataka,3,6.052631578947368,top_order,top_order_aggressor
K Kartikeya,6,4,8,0,0,1,1.5,4,0,0.75,1,0.25,1.73,0,0,0.0,0.0,75.0,0.0,0.0,0.0,0.0,0.375,0.0,0.0,1.0,,,75.0,death,1.0,1.67,Madhya Pradesh,10,10.25,tailender,tailender
K L Shrijith,104,7,96,6,4,5,14.86,48,0,0.286,2,0.286,16.78,1,0,0.143,0.0,108.33,0.104,0.042,0.062,0.462,0.396,0.163,0.462,0.375,73.91,97.96,162.5,death,18.0,10.67,Karnataka,3,4.142857142857143,top_order,finisher
K Upadhyay,18,4,19,2,1,4,4.5,14,0,0.0,2,0.5,6.61,0,0,0.0,0.0,94.74,0.158,0.053,0.105,0.778,0.632,0.0,0.0,1.0,,0.0,100.0,death,0.0,6.0,Railways,10,9.8,tailender,tailender
K V Sasikanth,205,17,178,13,9,14,12.06,47,1,0.176,0,0.0,11.55,1,0,0.059,0.0,115.17,0.124,0.051,0.073,0.517,0.382,0.0,0.112,0.888,,53.49,134.81,death,7.33,13.07,Andhra,8,8.176470588235293,lower_order,tailender
K Vanlalruata,25,6,42,2,0,6,4.17,17,0,0.0,1,0.167,6.43,0,0,0.0,0.0,59.52,0.048,0.0,0.048,0.32,0.619,0.04,0.92,0.04,14.29,69.7,50.0,mid,,4.17,Mizoram,4,4.666666666666667,top_order,middle_order
KA Vaz,225,11,200,24,2,10,20.45,36,0,0.091,1,0.091,12.14,4,0,0.364,0.0,112.5,0.13,0.01,0.12,0.48,0.325,0.244,0.662,0.093,117.02,112.03,105.0,pp,12.0,21.3,Goa,4,4.181818181818182,top_order,middle_order
KB Arun Karthik,509,30,431,43,14,26,16.97,89,0,0.133,7,0.233,22.96,7,3,0.233,0.1,118.1,0.132,0.032,0.1,0.503,0.364,0.348,0.499,0.153,118.79,109.01,159.18,death,21.31,12.0,Kerala,1,3.2666666666666666,opener,anchor_opener
KB Pawan,473,20,418,35,17,15,23.65,72,0,0.25,3,0.15,20.91,7,3,0.35,0.15,113.16,0.124,0.041,0.084,0.512,0.376,0.152,0.59,0.258,110.77,102.2,152.5,death,24.67,23.47,Mizoram,4,3.75,top_order,finisher
KC Cariappa,43,7,32,0,5,5,6.14,21,0,0.286,2,0.286,8.63,0,0,0.0,0.0,134.38,0.156,0.156,0.0,0.698,0.469,0.0,0.186,0.814,,160.0,129.63,mid,7.0,5.5,Karnataka,7,8.875,lower_order,tailender
KD Karthik,746,23,517,75,27,19,32.43,71,0,0.174,1,0.043,21.62,12,5,0.522,0.217,144.29,0.197,0.052,0.145,0.619,0.319,0.176,0.669,0.155,122.43,143.8,184.13,death,32.74,31.0,Tamil Nadu,4,3.869565217391304,top_order,top_order_anchor
KH Devdhar,1432,45,1175,165,31,40,31.82,100,0,0.111,1,0.022,24.06,20,9,0.444,0.2,121.87,0.167,0.026,0.14,0.591,0.391,0.543,0.348,0.109,117.73,116.05,183.53,death,37.31,21.88,Baroda,1,1.0,opener,anchor_opener
KH Pandya,598,28,482,55,15,23,21.36,76,0,0.179,1,0.036,21.5,10,4,0.357,0.143,124.07,0.145,0.031,0.114,0.518,0.34,0.125,0.52,0.355,80.65,113.09,185.96,death,20.06,23.08,Baroda,4,3.892857142857143,top_order,finisher
KK Acharjee,51,7,64,4,0,6,7.29,18,1,0.143,0,0.0,6.7,0,0,0.0,0.0,79.69,0.062,0.0,0.062,0.314,0.438,0.137,0.373,0.49,50.0,90.48,86.21,mid,1.0,8.33,Tripura,5,5.857142857142857,middle_order,middle_order
KK Ahmed,4,3,15,0,0,2,1.33,2,0,0.333,1,0.333,1.15,0,0,0.0,0.0,26.67,0.0,0.0,0.0,0.0,0.733,0.0,0.0,1.0,,,26.67,death,2.0,1.0,Rajasthan,11,11.0,tailender,tailender
KK Nair,1202,45,830,109,51,39,26.71,111,0,0.133,2,0.044,26.25,13,7,0.289,0.156,144.82,0.193,0.061,0.131,0.617,0.317,0.336,0.503,0.161,149.08,135.35,172.32,death,28.84,21.46,Karnataka,4,3.276595744680851,top_order,top_order_anchor
KL Nagarkoti,46,4,56,4,0,2,11.5,39,0,0.5,1,0.25,18.45,1,0,0.25,0.0,82.14,0.071,0.0,0.071,0.348,0.446,0.043,0.37,0.587,33.33,68.0,108.0,death,3.5,19.5,Rajasthan,8,7.0,lower_order,tailender
KL Rahul,313,8,201,27,15,6,39.12,84,0,0.25,1,0.125,31.32,5,3,0.625,0.375,155.72,0.209,0.075,0.134,0.633,0.274,0.61,0.335,0.054,169.03,132.91,188.89,death,44.71,0.0,Karnataka,1,1.0,opener,aggressive_opener
KM Jadhav,679,23,518,68,22,19,29.52,84,0,0.174,1,0.043,23.25,9,6,0.391,0.261,131.08,0.174,0.042,0.131,0.595,0.355,0.265,0.536,0.199,107.78,131.88,180.0,death,37.08,21.27,Maharashtra,3,3.260869565217391,top_order,top_order_anchor
KR Kakade,71,8,59,7,2,6,8.88,53,0,0.25,2,0.25,17.98,1,1,0.125,0.125,120.34,0.153,0.034,0.119,0.563,0.407,0.0,0.563,0.437,,114.29,129.17,death,53.0,2.57,Baroda,9,7.625,tailender,tailender
KR Sen,1,4,9,0,0,2,0.25,1,0,0.5,1,0.25,0.5,0,0,0.0,0.0,11.11,0.0,0.0,0.0,0.0,0.889,0.0,0.0,1.0,,0.0,20.0,death,0.0,0.33,Madhya Pradesh,11,9.75,tailender,tailender
KR Singh,144,12,124,8,7,9,12.0,33,0,0.25,3,0.25,12.1,1,0,0.083,0.0,116.13,0.121,0.056,0.065,0.514,0.363,0.0,0.229,0.771,0.0,71.74,144.16,death,27.33,6.89,Jharkhand,6,5.916666666666667,middle_order,middle_order
KS Bharat,524,32,481,47,21,30,16.38,76,0,0.062,2,0.062,18.86,6,2,0.188,0.062,108.94,0.141,0.044,0.098,0.599,0.472,0.559,0.395,0.046,96.38,126.99,171.43,death,19.42,14.55,Andhra,2,2.6363636363636362,opener,anchor_opener
KS Sharma,320,14,267,32,10,12,22.86,68,0,0.143,1,0.071,24.8,4,4,0.286,0.286,119.85,0.157,0.037,0.12,0.588,0.386,0.488,0.494,0.019,114.71,130.58,60.0,mid,29.29,16.43,Uttar Pradesh,2,2.357142857142857,opener,anchor_opener
KV Sharma,530,34,382,44,24,28,15.59,45,0,0.176,3,0.088,12.3,5,0,0.147,0.0,138.74,0.178,0.063,0.115,0.604,0.343,0.079,0.357,0.564,116.67,115.95,163.39,death,21.07,11.75,Railways,7,5.972222222222222,lower_order,tailender
Kaif Ahmad,177,7,162,18,3,5,25.29,63,7,0.286,0,0.0,19.59,3,1,0.429,0.143,109.26,0.13,0.019,0.111,0.508,0.383,0.0,0.729,0.271,0.0,106.61,137.14,death,15.75,38.0,Bengal,5,4.375,middle_order,middle_order
Kamsha Yangfo,94,11,156,7,0,10,8.55,22,0,0.091,1,0.091,7.75,0,0,0.0,0.0,60.26,0.045,0.0,0.045,0.298,0.564,0.085,0.734,0.181,100.0,55.2,73.91,pp,,8.55,Arunachal Pradesh,6,5.454545454545454,middle_order,middle_order
Kangabam Singh,217,18,290,17,5,15,12.06,55,0,0.167,2,0.111,15.45,2,1,0.111,0.056,74.83,0.076,0.017,0.059,0.452,0.552,0.189,0.507,0.304,58.57,71.43,100.0,death,5.0,12.47,Manipur,5,4.944444444444445,middle_order,middle_order
Kanishk Seth,24,6,29,2,1,5,4.0,9,1,0.167,0,0.0,3.22,0,0,0.0,0.0,82.76,0.103,0.034,0.069,0.583,0.586,0.25,0.458,0.292,150.0,110.0,46.67,pp,1.0,4.6,Bengal,9,8.142857142857142,tailender,tailender
Karan Lal,80,6,76,5,3,6,13.33,33,3,0.0,0,0.0,12.44,1,0,0.167,0.0,105.26,0.105,0.039,0.066,0.475,0.382,0.4,0.35,0.25,94.12,100.0,142.86,death,15.67,11.0,Bengal,3,3.5,top_order,middle_order
Karan Patel,56,6,53,2,3,6,9.33,35,0,0.0,2,0.333,13.97,1,0,0.167,0.0,105.66,0.094,0.057,0.038,0.464,0.377,0.286,0.518,0.196,106.67,96.67,137.5,death,,9.33,Gujarat,4,6.166666666666667,top_order,middle_order
Karan Shinde,149,7,112,17,5,6,21.29,75,1,0.143,0,0.0,25.61,1,1,0.143,0.143,133.04,0.196,0.045,0.152,0.658,0.384,0.013,0.651,0.336,25.0,127.63,178.57,death,36.33,10.0,Andhra,4,5.285714285714286,top_order,finisher
Karanveer Kaushal,397,16,320,36,25,15,24.81,58,1,0.062,0,0.0,19.7,5,3,0.312,0.188,124.06,0.191,0.078,0.112,0.741,0.509,0.66,0.282,0.058,124.76,116.67,164.29,death,35.0,16.89,Uttarakhand,2,1.9375,opener,aggressive_opener
Karkir Taye,15,3,13,2,0,0,5.0,7,1,1.0,0,0.0,3.46,0,0,0.0,0.0,115.38,0.154,0.0,0.154,0.533,0.385,0.0,0.467,0.533,,140.0,100.0,mid,,5.0,Arunachal Pradesh,10,10.0,tailender,tailender
Karma Bhutia,6,3,33,0,0,3,2.0,4,1,0.0,0,0.0,1.73,0,0,0.0,0.0,18.18,0.0,0.0,0.0,0.0,0.848,0.833,0.0,0.167,25.0,0.0,20.0,pp,,2.0,Sikkim,2,4.0,opener,anchor_opener
Karnajit Yumnam,93,10,137,8,1,9,9.3,35,0,0.1,1,0.1,10.81,1,0,0.1,0.0,67.88,0.066,0.007,0.058,0.409,0.577,0.559,0.312,0.129,59.09,82.86,85.71,death,4.0,10.62,Manipur,1,2.2,opener,anchor_opener
Keshav Kumar,145,5,152,16,2,3,29.0,61,8,0.4,0,0.0,22.44,2,1,0.4,0.2,95.39,0.118,0.013,0.105,0.524,0.467,0.152,0.469,0.379,57.89,86.08,157.14,death,43.0,25.5,Bihar,4,4.6,top_order,top_order_anchor
Khawlhring Lalremruata,43,6,60,2,2,5,7.17,27,0,0.167,1,0.167,10.38,0,0,0.0,0.0,71.67,0.067,0.033,0.033,0.465,0.567,0.116,0.326,0.558,45.45,70.0,82.76,death,,7.17,Mizoram,5,5.0,middle_order,middle_order
Kilco R Marak,5,4,9,0,0,2,1.25,3,0,0.5,1,0.25,1.26,0,0,0.0,0.0,55.56,0.0,0.0,0.0,0.0,0.444,0.0,0.2,0.8,,50.0,57.14,death,,1.25,Meghalaya,10,10.0,tailender,tailender
Kishan Lyngdoh,247,5,173,32,6,4,49.4,85,6,0.2,0,0.0,35.25,3,3,0.6,0.6,142.77,0.22,0.035,0.185,0.664,0.358,0.474,0.409,0.117,131.46,140.28,241.67,death,60.25,6.0,Meghalaya,2,2.0,opener,aggressive_opener
Kishan Parmar M,170,8,159,19,5,7,21.25,54,4,0.125,0,0.0,17.39,2,1,0.25,0.125,106.92,0.151,0.031,0.119,0.624,0.497,0.582,0.382,0.035,106.45,110.17,85.71,mid,16.5,26.0,Saurashtra,2,2.375,opener,anchor_opener
Kishan Thokchom,27,5,32,3,0,3,5.4,20,0,0.4,1,0.2,8.29,0,0,0.0,0.0,84.38,0.094,0.0,0.094,0.444,0.5,0.0,0.185,0.815,,41.67,110.0,death,4.0,5.75,Manipur,9,9.4,tailender,tailender
Kolla Sumanth,164,18,151,10,3,15,9.11,21,0,0.167,3,0.167,7.04,0,0,0.0,0.0,108.61,0.086,0.02,0.066,0.354,0.311,0.079,0.421,0.5,92.86,102.99,117.14,death,12.8,7.69,Hyderabad (India),5,5.842105263157895,middle_order,middle_order
Koripalli Sreekanth,70,4,83,7,2,4,17.5,45,1,0.0,0,0.0,19.05,1,0,0.25,0.0,84.34,0.108,0.024,0.084,0.571,0.578,0.586,0.414,0.0,77.36,96.67,,mid,,17.5,Andhra,2,2.0,opener,anchor_opener
Kranthi Kumar,17,3,27,1,0,3,5.67,14,0,0.0,1,0.333,7.37,0,0,0.0,0.0,62.96,0.037,0.0,0.037,0.235,0.481,0.0,1.0,0.0,,68.0,0.0,mid,,5.67,Sikkim,3,3.6666666666666665,top_order,middle_order
Krishna Das,4,4,16,0,0,2,1.0,3,0,0.5,1,0.25,1.41,0,0,0.0,0.0,25.0,0.0,0.0,0.0,0.0,0.75,0.0,0.0,1.0,,0.0,33.33,death,,1.0,Assam,11,10.4,tailender,tailender
Krishnamoorthy Vignesh,2,3,6,0,0,2,0.67,1,0,0.333,0,0.0,0.58,0,0,0.0,0.0,33.33,0.0,0.0,0.0,0.0,0.667,0.0,0.0,1.0,,,33.33,death,0.0,1.0,Tamil Nadu,9,9.0,tailender,tailender
Kshitij Patel,65,4,57,6,1,3,16.25,44,0,0.25,1,0.25,19.67,1,0,0.25,0.0,114.04,0.123,0.018,0.105,0.462,0.351,0.277,0.723,0.0,105.88,117.5,,mid,44.0,7.0,Gujarat,3,3.5,top_order,middle_order
Kshitiz Sharma,232,9,183,29,9,5,25.78,65,4,0.444,0,0.0,23.2,3,2,0.333,0.222,126.78,0.208,0.049,0.158,0.733,0.47,0.034,0.565,0.401,57.14,103.15,221.43,death,23.5,27.6,Arunachal Pradesh,4,4.222222222222222,top_order,top_order_anchor
Kuldeep Gehi,113,5,79,10,7,5,22.6,34,9,0.0,0,0.0,10.11,2,0,0.4,0.0,143.04,0.215,0.089,0.127,0.726,0.443,0.92,0.08,0.0,144.44,128.57,,pp,24.33,20.0,Madhya Pradesh,2,2.0,opener,aggressive_opener
Kuldeep Yadav,24,3,22,2,0,1,8.0,11,6,0.667,0,0.0,2.65,0,0,0.0,0.0,109.09,0.091,0.0,0.091,0.333,0.227,0.0,0.25,0.75,,100.0,112.5,death,11.0,6.5,Uttar Pradesh,8,8.333333333333334,lower_order,tailender
Kumar Deobrat,474,28,367,43,23,21,16.93,69,0,0.25,2,0.071,16.03,4,2,0.143,0.071,129.16,0.18,0.063,0.117,0.654,0.411,0.188,0.411,0.401,111.25,117.47,157.02,death,17.08,16.81,Jharkhand,5,4.25,middle_order,finisher
Kumar Nyompu,47,4,76,2,2,4,11.75,23,3,0.0,0,0.0,8.38,0,0,0.0,0.0,61.84,0.053,0.026,0.026,0.426,0.658,0.681,0.255,0.064,61.54,60.0,75.0,death,,11.75,Arunachal Pradesh,2,3.25,opener,anchor_opener
Kunal Chandela,239,13,220,21,7,11,18.38,48,4,0.154,0,0.0,13.75,3,0,0.231,0.0,108.64,0.127,0.032,0.095,0.527,0.409,0.142,0.452,0.406,66.67,102.86,151.56,death,17.5,18.78,Uttarakhand,4,4.571428571428571,top_order,finisher
Kunal Dabas,73,3,90,7,0,3,24.33,45,8,0.0,0,0.0,18.88,1,0,0.333,0.0,81.11,0.078,0.0,0.078,0.384,0.478,0.342,0.658,0.0,60.98,97.96,,mid,,24.33,Bihar,2,2.0,opener,anchor_opener
Kunwar Bidhuri,74,3,61,4,4,3,24.67,68,2,0.0,0,0.0,37.54,1,1,0.333,0.333,121.31,0.131,0.066,0.066,0.541,0.344,0.392,0.459,0.149,131.82,125.93,91.67,pp,,24.67,Delhi,2,2.6666666666666665,opener,aggressive_opener
L Kishan Singha,79,8,97,3,2,4,9.88,22,1,0.5,0,0.0,7.62,0,0,0.0,0.0,81.44,0.052,0.021,0.031,0.304,0.495,0.0,0.329,0.671,,61.9,96.36,death,22.0,8.14,Manipur,8,7.875,lower_order,tailender
LI Meriwala,15,3,23,1,0,1,5.0,9,0,0.667,1,0.333,4.58,0,0,0.0,0.0,65.22,0.043,0.0,0.043,0.267,0.652,0.0,0.0,1.0,,0.0,88.24,death,6.0,4.5,Baroda,11,10.75,tailender,tailender
LUVNITH SISODIA,50,4,32,6,2,4,12.5,38,1,0.0,0,0.0,17.14,1,0,0.25,0.0,156.25,0.25,0.062,0.188,0.72,0.375,0.88,0.1,0.02,176.0,166.67,25.0,pp,3.0,22.0,Karnataka,2,4.25,opener,aggressive_opener
Lagnajit Samal,17,3,22,1,0,1,5.67,11,2,0.667,0,0.0,4.73,0,0,0.0,0.0,77.27,0.045,0.0,0.045,0.235,0.364,0.0,0.235,0.765,,40.0,108.33,death,11.0,3.0,Odisha,8,9.0,lower_order,tailender
Lakhan Singh,265,10,208,32,7,10,26.5,81,0,0.0,1,0.1,27.95,4,2,0.4,0.2,127.4,0.188,0.034,0.154,0.642,0.389,0.649,0.351,0.0,119.44,145.31,,mid,47.5,12.5,Services,1,1.5,opener,anchor_opener
Lakshay Garg,171,23,142,13,9,15,7.43,28,0,0.348,4,0.174,7.2,0,0,0.0,0.0,120.42,0.155,0.063,0.092,0.62,0.437,0.292,0.164,0.544,161.29,77.78,124.0,pp,10.25,6.84,Goa,8,7.521739130434782,lower_order,tailender
Lalchhuanliana ,29,3,36,4,0,3,9.67,17,0,0.0,1,0.333,8.74,0,0,0.0,0.0,80.56,0.111,0.0,0.111,0.552,0.556,0.0,0.586,0.414,0.0,77.27,92.31,death,,9.67,Mizoram,6,5.0,middle_order,middle_order
Lalhmangaiha,240,20,338,32,2,18,12.0,39,0,0.1,2,0.1,9.55,1,0,0.05,0.0,71.01,0.101,0.006,0.095,0.583,0.639,0.604,0.288,0.108,72.14,60.53,113.04,death,16.0,11.79,Mizoram,2,2.45,opener,anchor_opener
Lalhriatrenga,17,3,36,1,0,1,5.67,9,0,0.667,0,0.0,4.93,0,0,0.0,0.0,47.22,0.028,0.0,0.028,0.235,0.667,0.0,0.588,0.412,,41.67,58.33,death,,5.67,Mizoram,8,7.0,lower_order,tailender
Lalhruai Ralte,52,14,82,2,0,14,3.71,9,0,0.0,4,0.286,2.95,0,0,0.0,0.0,63.41,0.024,0.0,0.024,0.154,0.561,0.019,0.327,0.654,25.0,58.62,69.39,death,,3.71,Mizoram,7,7.428571428571429,lower_order,tailender
Lalhruaizela,207,24,370,12,3,17,8.62,30,0,0.292,5,0.208,8.95,1,0,0.042,0.0,55.95,0.041,0.008,0.032,0.319,0.597,0.227,0.411,0.362,42.34,50.0,84.27,death,,8.62,Mizoram,4,3.2083333333333335,top_order,middle_order
Lalit Yadav,529,27,345,55,21,17,19.59,52,0,0.37,1,0.037,13.51,7,1,0.259,0.037,153.33,0.22,0.061,0.159,0.654,0.307,0.004,0.331,0.665,66.67,119.05,180.51,death,18.31,20.79,Delhi,7,6.107142857142857,lower_order,lower_order_hitter
Lalnunkima Varte,7,4,17,0,0,1,1.75,6,0,0.75,1,0.25,2.87,0,0,0.0,0.0,41.18,0.0,0.0,0.0,0.0,0.647,0.0,0.0,1.0,,,41.18,death,,1.75,Mizoram,10,10.5,tailender,tailender
Lamabam Singh,6,4,10,0,0,0,1.5,4,0,1.0,0,0.0,1.91,0,0,0.0,0.0,60.0,0.0,0.0,0.0,0.0,0.4,0.0,0.0,1.0,,,60.0,death,4.0,0.67,Manipur,10,10.5,tailender,tailender
Langlonyamba Meitan Keishangbam,176,10,222,9,1,8,17.6,50,1,0.2,0,0.0,17.63,3,1,0.3,0.1,79.28,0.045,0.005,0.041,0.239,0.432,0.182,0.489,0.33,53.33,72.27,134.88,death,15.5,18.12,Manipur,3,4.2,top_order,middle_order
Larry Sangma,77,8,108,6,1,6,9.62,25,0,0.25,2,0.25,10.21,0,0,0.0,0.0,71.3,0.065,0.009,0.056,0.39,0.593,0.169,0.506,0.325,72.22,60.94,96.15,death,13.0,8.5,Meghalaya,3,5.25,top_order,middle_order
Lavin Coster,26,3,13,0,3,2,8.67,22,2,0.333,0,0.0,11.55,0,0,0.0,0.0,200.0,0.231,0.231,0.0,0.692,0.308,0.0,0.0,1.0,,,200.0,death,22.0,2.0,Chhattisgarh,8,7.666666666666667,lower_order,lower_order_hitter
Lee Yong Lepcha,37,12,102,2,0,12,3.08,9,0,0.0,4,0.333,3.26,0,0,0.0,0.0,36.27,0.02,0.0,0.02,0.216,0.706,0.216,0.649,0.135,30.77,37.5,41.67,death,,3.08,Sikkim,6,6.166666666666667,middle_order,middle_order
Lekhaz Reddy,38,4,21,2,4,3,9.5,19,6,0.25,0,0.0,6.35,0,0,0.0,0.0,180.95,0.286,0.19,0.095,0.842,0.429,0.0,0.158,0.842,,100.0,213.33,death,19.0,6.33,Andhra,6,6.25,middle_order,finisher
Liyan Khan,113,4,137,10,2,3,28.25,48,17,0.25,0,0.0,14.43,2,0,0.5,0.0,82.48,0.088,0.015,0.073,0.46,0.496,0.469,0.434,0.097,77.94,80.33,137.5,death,48.0,21.67,Sikkim,2,2.0,opener,anchor_opener
M Ahmed,95,6,85,7,6,5,15.83,40,1,0.167,0,0.0,16.53,2,0,0.333,0.0,111.76,0.153,0.071,0.082,0.674,0.494,0.011,0.663,0.326,20.0,114.55,124.0,death,24.33,7.33,Railways,5,5.0,middle_order,middle_order
M Ashwin,42,11,58,0,1,5,3.82,14,0,0.545,2,0.182,4.64,0,0,0.0,0.0,72.41,0.017,0.017,0.0,0.143,0.414,0.0,0.214,0.786,,50.0,82.5,death,3.8,3.83,Tamil Nadu,8,7.833333333333333,lower_order,tailender
M Dheeraj Kumar,60,7,43,3,5,6,8.57,19,0,0.143,1,0.143,7.44,0,0,0.0,0.0,139.53,0.186,0.116,0.07,0.7,0.395,0.35,0.333,0.317,140.0,117.65,172.73,death,,8.57,Andhra,6,5.857142857142857,middle_order,finisher
M Manhas,97,6,82,6,4,6,16.17,36,2,0.0,0,0.0,12.02,1,0,0.167,0.0,118.29,0.122,0.049,0.073,0.495,0.341,0.144,0.856,0.0,140.0,116.9,0.0,pp,,16.17,Jammu & Kashmir,5,4.666666666666667,middle_order,middle_order
M Markande,55,8,46,5,1,2,6.88,33,0,0.75,1,0.125,10.95,1,0,0.125,0.0,119.57,0.13,0.022,0.109,0.473,0.348,0.0,0.109,0.891,,85.71,125.64,death,3.33,9.0,Punjab,8,9.222222222222221,lower_order,tailender
M Mohammed,110,17,63,8,7,11,6.47,34,0,0.353,4,0.235,8.18,1,0,0.059,0.0,174.6,0.238,0.111,0.127,0.673,0.302,0.127,0.0,0.873,175.0,,174.55,pp,7.09,5.33,Tamil Nadu,7,6.722222222222222,lower_order,lower_order_hitter
M Rawat,248,7,199,20,6,5,35.43,72,2,0.286,0,0.0,24.49,4,2,0.571,0.286,124.62,0.131,0.03,0.101,0.468,0.266,0.052,0.544,0.403,130.0,106.3,161.29,death,18.0,38.33,Railways,4,4.428571428571429,top_order,top_order_anchor
M Shahrukh Khan,379,24,257,29,24,15,15.79,40,0,0.375,1,0.042,10.38,2,0,0.083,0.0,147.47,0.206,0.093,0.113,0.686,0.381,0.224,0.227,0.549,116.44,136.51,171.9,death,17.0,12.86,Tamil Nadu,5,4.708333333333333,middle_order,finisher
M Vijay,388,9,276,38,14,9,43.11,107,1,0.0,0,0.0,37.25,6,4,0.667,0.444,140.58,0.188,0.051,0.138,0.608,0.322,0.497,0.392,0.111,138.85,139.45,153.57,death,37.14,64.0,Tamil Nadu,1,1.1111111111111112,opener,aggressive_opener
M Vohra,1010,30,772,90,44,26,33.67,106,0,0.133,1,0.033,30.69,14,8,0.467,0.267,130.83,0.174,0.057,0.117,0.618,0.378,0.516,0.41,0.074,122.59,134.85,187.5,death,39.35,26.23,Punjab,1,1.1,opener,aggressive_opener
MA Agarwal,804,35,631,88,23,31,22.97,86,0,0.114,3,0.086,23.4,8,5,0.229,0.143,127.42,0.176,0.036,0.139,0.609,0.384,0.553,0.392,0.055,124.65,127.02,169.23,death,25.96,15.5,Karnataka,2,1.9714285714285715,opener,aggressive_opener
MC Juneja,214,9,170,21,3,8,23.78,54,3,0.111,0,0.0,17.77,4,1,0.444,0.111,125.88,0.141,0.018,0.124,0.477,0.3,0.229,0.766,0.005,125.64,128.12,33.33,mid,27.2,19.5,Gujarat,3,3.111111111111111,top_order,middle_order
MD Rahmatullah,261,13,211,16,14,11,20.08,64,0,0.154,1,0.077,19.96,4,1,0.308,0.077,123.7,0.142,0.066,0.076,0.567,0.351,0.061,0.67,0.268,66.67,125.9,145.83,death,11.67,22.6,Bihar,5,4.6923076923076925,middle_order,middle_order
MG Sirur,72,8,54,10,2,6,9.0,27,1,0.25,0,0.0,10.95,0,0,0.0,0.0,133.33,0.222,0.037,0.185,0.722,0.407,0.625,0.194,0.181,173.08,107.69,86.67,pp,1.0,10.14,Goa,9,7.375,tailender,tailender
MK Lomror,814,31,665,71,28,24,26.26,78,0,0.226,2,0.065,22.72,11,6,0.355,0.194,122.41,0.149,0.042,0.107,0.555,0.373,0.237,0.522,0.241,110.92,111.55,178.18,death,32.62,12.9,Rajasthan,4,3.967741935483871,top_order,top_order_anchor
MK Pandey,1000,33,734,70,49,26,30.3,129,2,0.212,0,0.0,30.67,13,7,0.394,0.212,136.24,0.162,0.067,0.095,0.574,0.332,0.172,0.56,0.268,113.91,125.84,194.2,death,33.08,21.62,Karnataka,3,3.5294117647058822,top_order,top_order_anchor
MK Tiwary,506,27,442,31,18,22,18.74,63,0,0.185,1,0.037,17.18,8,1,0.296,0.037,114.48,0.111,0.041,0.07,0.458,0.353,0.105,0.664,0.231,77.94,117.89,131.46,death,20.06,16.5,Bengal,4,3.8518518518518516,top_order,middle_order
MN Singh,218,17,200,17,9,17,12.82,77,0,0.0,4,0.235,20.02,2,1,0.118,0.059,109.0,0.13,0.045,0.085,0.56,0.49,0.78,0.22,0.0,103.03,137.14,,mid,11.4,14.86,Rajasthan,1,1.1176470588235294,opener,anchor_opener
MR Raut,44,6,45,4,1,6,7.33,20,0,0.0,1,0.167,7.42,0,0,0.0,0.0,97.78,0.111,0.022,0.089,0.5,0.422,0.0,0.841,0.159,,112.12,58.33,mid,2.0,8.4,Railways,5,6.0,middle_order,middle_order
MS Bhandage,91,5,65,5,6,4,18.2,25,7,0.2,0,0.0,7.95,0,0,0.0,0.0,140.0,0.169,0.092,0.077,0.615,0.308,0.0,0.44,0.56,,129.03,150.0,death,16.0,19.67,Karnataka,6,6.4,middle_order,finisher
MS Gony,84,9,59,5,5,8,9.33,18,1,0.111,0,0.0,6.82,0,0,0.0,0.0,142.37,0.169,0.085,0.085,0.595,0.373,0.0,0.036,0.964,,37.5,158.82,death,7.75,10.6,Punjab,8,7.7,lower_order,tailender
MS Hooda,142,4,148,8,2,4,35.5,65,15,0.0,0,0.0,21.83,2,1,0.5,0.25,95.95,0.068,0.014,0.054,0.31,0.338,0.127,0.585,0.289,66.67,92.22,132.26,death,38.0,34.67,Haryana,3,3.75,top_order,top_order_anchor
Madhav Kaushik,67,4,62,8,2,4,16.75,24,9,0.0,0,0.0,6.95,0,0,0.0,0.0,108.06,0.161,0.032,0.129,0.657,0.5,0.836,0.164,0.0,109.8,100.0,,pp,24.0,14.33,Uttar Pradesh,1,1.5,opener,anchor_opener
Mandeep Singh,1124,37,776,112,37,26,30.38,99,0,0.297,2,0.054,27.97,17,9,0.459,0.243,144.85,0.192,0.048,0.144,0.596,0.289,0.317,0.426,0.257,134.34,133.8,188.89,death,30.05,30.76,Punjab,3,3.6315789473684212,top_order,top_order_anchor
Mandup Bhutia,40,9,57,4,1,8,4.44,19,0,0.111,2,0.222,6.44,0,0,0.0,0.0,70.18,0.088,0.018,0.07,0.55,0.614,0.0,0.125,0.875,,35.71,81.4,death,,4.44,Sikkim,8,7.444444444444445,lower_order,tailender
Mangal Mahrour,342,17,346,33,9,15,20.12,64,0,0.118,2,0.118,21.16,5,3,0.294,0.176,98.84,0.121,0.026,0.095,0.544,0.471,0.383,0.389,0.228,77.98,102.31,162.5,death,20.88,19.44,Bihar,1,1.9411764705882353,opener,anchor_opener
Manisankar Murasingh,535,32,373,32,31,24,16.72,61,0,0.25,2,0.062,13.88,4,2,0.125,0.062,143.43,0.169,0.083,0.086,0.587,0.29,0.065,0.422,0.512,145.83,106.1,201.47,death,14.89,17.43,Tripura,6,5.84375,middle_order,finisher
Manish Golamaru,30,5,37,2,1,5,6.0,14,0,0.0,1,0.2,5.96,0,0,0.0,0.0,81.08,0.081,0.027,0.054,0.467,0.486,0.167,0.5,0.333,71.43,88.24,76.92,mid,7.5,5.0,Andhra,7,6.4,lower_order,tailender
Manoj Singh,79,4,60,7,1,4,19.75,35,2,0.0,0,0.0,13.55,1,0,0.25,0.0,131.67,0.133,0.017,0.117,0.43,0.233,0.089,0.658,0.253,100.0,140.54,125.0,mid,21.0,19.33,Chhattisgarh,6,6.0,middle_order,middle_order
Manvan Patel,10,4,7,0,1,4,2.5,8,0,0.0,2,0.5,3.79,0,0,0.0,0.0,142.86,0.143,0.143,0.0,0.6,0.571,0.0,0.0,1.0,,,142.86,death,,2.5,Arunachal Pradesh,8,9.5,lower_order,tailender
Manzoor Dar,146,11,120,11,7,9,13.27,39,1,0.182,0,0.0,16.06,3,0,0.273,0.0,121.67,0.15,0.058,0.092,0.589,0.408,0.075,0.514,0.411,137.5,101.35,157.89,death,15.25,12.14,Jammu & Kashmir,7,5.181818181818182,lower_order,tailender
Marimuthu Vikneshwaran,161,21,175,12,5,16,7.67,34,0,0.238,2,0.095,7.51,1,0,0.048,0.0,92.0,0.097,0.029,0.069,0.484,0.486,0.155,0.354,0.491,86.21,80.28,105.33,death,7.83,7.6,Puducherry,5,5.666666666666667,middle_order,middle_order
Mark Ingty,58,3,42,2,3,2,19.33,39,7,0.333,0,0.0,17.21,1,0,0.333,0.0,138.1,0.119,0.071,0.048,0.448,0.238,0.0,0.328,0.672,,111.76,156.0,death,7.0,25.5,Meghalaya,6,6.333333333333333,middle_order,finisher
Mayank Dagar,53,11,72,3,1,9,4.82,21,0,0.182,2,0.182,6.26,0,0,0.0,0.0,73.61,0.056,0.014,0.042,0.34,0.528,0.0,0.113,0.887,,37.5,83.93,death,8.0,4.11,Himachal,9,9.333333333333334,tailender,tailender
Mayank Mishra,34,9,54,2,1,7,3.78,14,0,0.222,3,0.333,5.38,0,0,0.0,0.0,62.96,0.056,0.019,0.037,0.412,0.574,0.0,0.176,0.824,,66.67,62.22,mid,,3.78,Uttarakhand,8,8.444444444444445,lower_order,tailender
Mayank Raghav,301,6,210,33,14,5,50.17,103,4,0.167,0,0.0,38.63,4,3,0.667,0.5,143.33,0.224,0.067,0.157,0.718,0.386,0.505,0.429,0.066,140.74,151.76,117.65,mid,80.0,44.2,Manipur,1,1.0,opener,aggressive_opener
Mayank Sidhana,39,5,41,5,0,3,7.8,21,0,0.4,1,0.2,8.47,0,0,0.0,0.0,95.12,0.122,0.0,0.122,0.513,0.439,0.026,0.718,0.256,33.33,87.5,166.67,death,8.0,7.67,Punjab,5,4.6,middle_order,finisher
Md Saptula,4,3,8,0,0,1,1.33,3,0,0.667,1,0.333,1.53,0,0,0.0,0.0,50.0,0.0,0.0,0.0,0.0,0.625,0.0,0.0,1.0,,0.0,57.14,death,,1.33,Sikkim,11,10.333333333333334,tailender,tailender
Mehdi Hassan,21,8,29,0,0,2,2.62,8,0,0.75,1,0.125,2.67,0,0,0.0,0.0,72.41,0.0,0.0,0.0,0.0,0.345,0.0,0.0,1.0,,,72.41,death,,2.62,Hyderabad (India),9,9.375,tailender,tailender
Mickil Jaiswal,63,3,38,3,5,2,21.0,44,2,0.333,0,0.0,21.28,1,0,0.333,0.0,165.79,0.211,0.132,0.079,0.667,0.289,0.0,0.143,0.857,0.0,64.29,234.78,death,30.5,2.0,Hyderabad (India),6,5.666666666666667,middle_order,finisher
Mihir Hirwani,24,7,29,1,1,6,3.43,8,1,0.143,0,0.0,2.37,0,0,0.0,0.0,82.76,0.069,0.034,0.034,0.417,0.448,0.0,0.083,0.917,,100.0,81.48,mid,2.5,3.8,Madhya Pradesh,10,9.125,tailender,tailender
Milind Kumar,681,26,578,62,17,20,26.19,64,0,0.231,1,0.038,20.04,9,5,0.346,0.192,117.82,0.137,0.029,0.107,0.514,0.355,0.11,0.549,0.341,94.94,108.41,150.65,death,26.75,25.94,Tripura,6,4.615384615384615,middle_order,finisher
Mitesh Patel,152,8,133,17,2,7,19.0,60,0,0.125,1,0.125,20.76,2,1,0.25,0.125,114.29,0.143,0.015,0.128,0.526,0.383,0.52,0.461,0.02,105.33,137.25,42.86,mid,15.67,21.0,Baroda,2,3.5,opener,anchor_opener
Moakumzuk Tzudir,1,3,3,0,0,2,0.33,1,0,0.333,2,0.667,0.58,0,0,0.0,0.0,33.33,0.0,0.0,0.0,0.0,0.667,0.0,0.0,1.0,,,33.33,death,,0.33,Nagaland,11,10.0,tailender,tailender
Mohammad Saif,53,5,68,5,0,5,10.6,32,0,0.0,3,0.6,15.03,1,0,0.2,0.0,77.94,0.074,0.0,0.074,0.377,0.515,0.434,0.566,0.0,69.7,85.71,,mid,26.5,0.0,Railways,3,3.2,top_order,middle_order
Mohammed Azharuddeen,436,27,384,35,18,27,16.15,60,0,0.0,3,0.111,14.98,5,1,0.185,0.037,113.54,0.138,0.047,0.091,0.569,0.43,0.454,0.317,0.229,100.0,124.32,133.33,death,21.07,10.0,Kerala,2,3.259259259259259,opener,anchor_opener
Mohammed Mudhasir,19,7,24,1,1,7,2.71,7,0,0.0,3,0.429,3.15,0,0,0.0,0.0,79.17,0.083,0.042,0.042,0.526,0.583,0.0,0.0,1.0,,0.0,90.48,death,,2.71,Jammu & Kashmir,10,9.428571428571429,tailender,tailender
Mohammed Shami,36,3,22,4,2,2,12.0,32,0,0.333,1,0.333,17.44,1,0,0.333,0.0,163.64,0.273,0.091,0.182,0.778,0.409,0.0,0.111,0.889,,133.33,168.42,death,32.0,2.0,Bengal,8,9.0,lower_order,lower_order_hitter
Mohammed Siraj,16,6,27,2,0,5,2.67,12,0,0.167,3,0.5,4.68,0,0,0.0,0.0,59.26,0.074,0.0,0.074,0.5,0.667,0.0,0.0,1.0,,,59.26,death,,2.67,Hyderabad (India),10,10.166666666666666,tailender,tailender
Mohammed Taha,86,4,77,10,3,4,21.5,45,0,0.0,1,0.25,22.81,2,0,0.5,0.0,111.69,0.169,0.039,0.13,0.674,0.468,0.465,0.535,0.0,111.11,112.2,,mid,37.0,16.33,Karnataka,1,1.0,opener,anchor_opener
Mohit Ahlawat,27,6,26,2,1,5,4.5,19,0,0.167,3,0.5,7.4,0,0,0.0,0.0,103.85,0.115,0.038,0.077,0.519,0.5,0.0,0.111,0.889,0.0,33.33,150.0,death,6.33,2.67,Services,6,5.166666666666667,middle_order,finisher
Mohit Jangra,39,4,36,4,1,3,9.75,16,1,0.25,0,0.0,6.5,0,0,0.0,0.0,108.33,0.139,0.028,0.111,0.564,0.472,0.0,0.949,0.051,,112.12,66.67,mid,,9.75,Mizoram,4,7.0,top_order,middle_order
Mohit Kumar,18,5,10,1,2,3,3.6,12,0,0.4,1,0.2,4.93,0,0,0.0,0.0,180.0,0.3,0.2,0.1,0.889,0.5,0.0,0.0,1.0,,,180.0,death,8.0,0.67,Services,8,8.2,lower_order,lower_order_hitter
Mohit Mittan,54,3,48,4,2,3,18.0,28,1,0.0,0,0.0,14.8,0,0,0.0,0.0,112.5,0.125,0.042,0.083,0.519,0.333,0.019,0.648,0.333,20.0,106.06,180.0,death,,18.0,Puducherry,5,5.333333333333333,middle_order,finisher
Mohit Mongia,29,3,25,3,1,3,9.67,13,7,0.0,0,0.0,3.06,0,0,0.0,0.0,116.0,0.16,0.04,0.12,0.621,0.44,0.552,0.0,0.448,106.67,,130.0,death,7.0,11.0,Baroda,2,3.3333333333333335,opener,anchor_opener
Mohsin Khan,70,10,51,5,3,6,7.0,19,0,0.4,0,0.0,7.38,0,0,0.0,0.0,137.25,0.157,0.059,0.098,0.543,0.314,0.0,0.257,0.743,,120.0,144.44,death,3.0,8.0,Uttar Pradesh,10,8.8,tailender,tailender
Monu Kumar,37,7,24,2,3,4,5.29,16,0,0.429,0,0.0,5.19,0,0,0.0,0.0,154.17,0.208,0.125,0.083,0.703,0.5,0.0,0.0,1.0,,0.0,160.87,death,,5.29,Jharkhand,8,9.11111111111111,lower_order,lower_order_hitter
Mrinmoy Dutta,6,3,12,1,0,2,2.0,6,0,0.333,1,0.333,3.46,0,0,0.0,0.0,50.0,0.083,0.0,0.083,0.667,0.75,0.0,0.0,1.0,,0.0,60.0,death,,2.0,Assam,10,10.5,tailender,tailender
Mrunal Devdhar,766,34,622,86,20,33,22.53,82,0,0.029,3,0.088,22.82,10,6,0.294,0.176,123.15,0.17,0.032,0.138,0.606,0.394,0.706,0.277,0.017,130.36,109.28,100.0,pp,32.89,9.4,Railways,1,1.2647058823529411,opener,aggressive_opener
Mughavi Wotsa,25,3,48,3,0,2,8.33,17,2,0.333,0,0.0,7.77,0,0,0.0,0.0,52.08,0.062,0.0,0.062,0.48,0.688,0.56,0.2,0.24,60.87,38.46,50.0,pp,,8.33,Nagaland,2,6.666666666666667,opener,anchor_opener
Mukesh Choudhary,17,3,13,3,0,1,5.67,11,0,0.667,0,0.0,5.51,0,0,0.0,0.0,130.77,0.231,0.0,0.231,0.706,0.385,0.0,0.0,1.0,,,130.77,death,,5.67,Maharashtra,10,10.0,tailender,tailender
Mukesh Kumar,4,4,8,0,0,1,1.0,2,0,0.75,0,0.0,0.82,0,0,0.0,0.0,50.0,0.0,0.0,0.0,0.0,0.625,0.0,0.0,1.0,,,50.0,death,,1.0,Bengal,10,10.5,tailender,tailender
Mukhtar Hussain,54,5,29,3,5,2,10.8,25,1,0.6,0,0.0,8.76,0,0,0.0,0.0,186.21,0.276,0.172,0.103,0.778,0.31,0.0,0.019,0.981,,100.0,189.29,death,,10.8,Assam,9,9.5,tailender,lower_order_hitter
Myendung Singpho,6,6,12,0,0,4,1.0,2,0,0.333,1,0.167,0.63,0,0,0.0,0.0,50.0,0.0,0.0,0.0,0.0,0.5,0.667,0.167,0.167,57.14,33.33,50.0,pp,,1.0,Arunachal Pradesh,6,7.285714285714286,middle_order,middle_order
N A Sharma,211,15,171,15,9,14,14.07,76,0,0.067,3,0.2,19.83,2,1,0.133,0.067,123.39,0.14,0.053,0.088,0.54,0.345,0.085,0.621,0.294,90.0,132.32,119.23,mid,15.75,12.14,Himachal,7,6.0,lower_order,tailender
N Jagadeesan,795,32,664,65,29,22,24.84,78,0,0.312,2,0.062,23.12,9,5,0.281,0.156,119.73,0.142,0.044,0.098,0.546,0.37,0.307,0.477,0.216,98.39,126.33,148.28,death,30.0,11.67,Tamil Nadu,2,3.5,opener,anchor_opener
N Rana,1376,46,957,123,75,39,29.91,107,0,0.152,3,0.065,26.06,20,10,0.435,0.217,143.78,0.207,0.078,0.129,0.685,0.378,0.14,0.698,0.161,103.76,145.83,198.21,death,36.0,19.53,Delhi,4,4.086956521739131,top_order,top_order_anchor
N Saini,255,9,223,28,3,7,28.33,74,0,0.222,1,0.111,23.34,3,2,0.333,0.222,114.35,0.139,0.013,0.126,0.51,0.377,0.392,0.518,0.09,113.64,110.0,153.33,death,47.0,19.0,Haryana,4,2.6666666666666665,top_order,top_order_anchor
N Sindhu,108,4,85,6,5,3,27.0,42,18,0.25,0,0.0,11.49,2,0,0.5,0.0,127.06,0.129,0.059,0.071,0.5,0.329,0.0,0.63,0.37,,121.43,137.93,death,18.0,30.0,Haryana,4,4.5,top_order,top_order_anchor
N Wadhera,128,4,79,10,7,2,32.0,61,2,0.5,0,0.0,28.88,2,2,0.5,0.5,162.03,0.215,0.089,0.127,0.641,0.291,0.055,0.602,0.344,100.0,163.83,176.0,death,32.0,,Punjab,5,4.75,middle_order,finisher
NA Rathva,276,18,225,34,6,16,15.33,47,0,0.111,2,0.111,13.8,3,0,0.167,0.0,122.67,0.178,0.027,0.151,0.623,0.4,0.42,0.362,0.217,156.76,94.34,133.33,pp,16.1,14.38,Baroda,2,4.666666666666667,opener,aggressive_opener
NK Singh,26,3,33,2,0,2,8.67,20,1,0.333,0,0.0,10.02,0,0,0.0,0.0,78.79,0.061,0.0,0.061,0.308,0.424,0.346,0.423,0.231,64.29,91.67,85.71,mid,12.5,1.0,Services,2,5.0,opener,anchor_opener
NN Sen,65,7,59,7,0,6,9.29,16,0,0.143,1,0.143,5.15,0,0,0.0,0.0,110.17,0.119,0.0,0.119,0.431,0.322,0.0,0.462,0.538,,93.75,129.63,death,12.0,8.2,Tripura,7,7.857142857142857,lower_order,tailender
NN Sen Chowdhary,170,12,190,15,0,12,14.17,34,0,0.0,1,0.083,10.77,1,0,0.083,0.0,89.47,0.079,0.0,0.079,0.353,0.426,0.294,0.635,0.071,90.91,89.26,85.71,pp,18.0,12.25,Tripura,3,3.8333333333333335,top_order,middle_order
NR Narah,16,3,14,3,0,2,5.33,12,0,0.333,1,0.333,6.11,0,0,0.0,0.0,114.29,0.214,0.0,0.214,0.75,0.5,0.75,0.0,0.25,133.33,0.0,133.33,pp,8.0,0.0,Assam,5,3.6666666666666665,middle_order,middle_order
NS Chaturved,79,4,80,5,2,3,19.75,34,1,0.25,0,0.0,13.94,1,0,0.25,0.0,98.75,0.088,0.025,0.062,0.405,0.425,0.342,0.418,0.241,103.85,84.62,126.67,death,20.0,19.0,Tamil Nadu,1,4.75,opener,anchor_opener
NS Naik,487,26,363,35,20,17,18.73,70,0,0.346,2,0.077,20.73,5,3,0.192,0.115,134.16,0.152,0.055,0.096,0.534,0.295,0.072,0.532,0.396,109.38,128.86,148.46,death,29.33,9.64,Maharashtra,5,5.5,middle_order,middle_order
NV Ojha,443,21,365,43,19,21,21.1,74,0,0.0,2,0.095,21.54,5,3,0.238,0.143,121.37,0.17,0.052,0.118,0.646,0.46,0.623,0.359,0.018,117.45,132.5,80.0,mid,21.09,21.1,Madhya Pradesh,1,1.8095238095238095,opener,anchor_opener
Nagaho Chishi,13,8,35,0,0,6,1.62,5,0,0.25,2,0.25,1.69,0,0,0.0,0.0,37.14,0.0,0.0,0.0,0.0,0.629,0.0,0.462,0.538,,30.0,46.67,death,1.0,1.71,Nagaland,8,8.0,lower_order,tailender
Nakul Sharma,160,11,125,10,9,8,14.55,53,1,0.273,0,0.0,17.76,2,1,0.182,0.091,128.0,0.152,0.072,0.08,0.588,0.424,0.062,0.6,0.338,111.11,131.51,125.58,mid,7.8,20.17,Services,6,5.636363636363637,middle_order,middle_order
Nakul Verma,495,24,463,51,4,24,20.62,73,0,0.0,2,0.083,19.53,6,2,0.25,0.083,106.91,0.119,0.009,0.11,0.461,0.367,0.644,0.347,0.008,113.93,100.0,36.36,pp,28.0,15.36,Services,1,1.75,opener,anchor_opener
Naman Dhir,39,4,28,1,3,4,9.75,17,1,0.0,0,0.0,6.7,0,0,0.0,0.0,139.29,0.143,0.107,0.036,0.564,0.357,0.256,0.744,0.0,142.86,138.1,,pp,10.0,9.0,Punjab,3,3.0,top_order,middle_order
Naren Reddy,88,4,55,5,6,2,22.0,43,0,0.5,1,0.25,17.61,1,0,0.25,0.0,160.0,0.2,0.109,0.091,0.636,0.236,0.0,0.068,0.932,,50.0,190.7,death,24.0,21.33,Andhra,6,6.0,middle_order,finisher
Narsingh Yadav,168,16,212,13,5,14,10.5,50,0,0.125,5,0.312,13.87,2,1,0.125,0.062,79.25,0.085,0.024,0.061,0.488,0.571,0.5,0.488,0.012,67.74,100.0,33.33,mid,32.0,5.54,Manipur,1,2.6875,opener,anchor_opener
Naushad Shaikh,732,32,609,60,16,24,22.88,78,0,0.25,3,0.094,20.94,11,4,0.344,0.125,120.2,0.125,0.026,0.099,0.459,0.315,0.12,0.663,0.217,90.72,117.72,159.0,death,25.5,19.5,Maharashtra,4,3.9375,top_order,finisher
Navdeep Saini,11,4,19,0,0,2,2.75,7,1,0.5,0,0.0,2.87,0,0,0.0,0.0,57.89,0.0,0.0,0.0,0.0,0.474,0.0,0.091,0.909,,25.0,66.67,death,2.0,3.0,Delhi,10,10.0,tailender,tailender
Nazeeb Saiyed,101,7,103,3,5,7,14.43,32,0,0.0,1,0.143,12.26,1,0,0.143,0.0,98.06,0.078,0.049,0.029,0.416,0.408,0.079,0.426,0.495,47.06,87.76,135.14,death,,14.43,Arunachal Pradesh,5,4.428571428571429,middle_order,middle_order
Nazim Siddiqui,23,5,37,4,0,4,4.6,11,0,0.2,2,0.4,5.13,0,0,0.0,0.0,62.16,0.108,0.0,0.108,0.696,0.703,0.522,0.0,0.478,46.15,0.0,137.5,death,5.5,4.0,Jharkhand,2,4.2,opener,anchor_opener
Neelam Obi,96,11,171,12,1,11,8.73,20,1,0.0,0,0.0,6.44,0,0,0.0,0.0,56.14,0.076,0.006,0.07,0.562,0.69,0.583,0.417,0.0,51.38,64.52,,mid,,8.73,Arunachal Pradesh,1,2.909090909090909,opener,anchor_opener
Neelambuj Vats,31,3,51,1,1,1,10.33,28,1,0.667,0,0.0,15.31,0,0,0.0,0.0,60.78,0.039,0.02,0.02,0.323,0.608,0.0,0.419,0.581,,41.94,90.0,death,,10.33,Tripura,9,8.5,tailender,tailender
Nikhil Chaudhary,48,4,31,5,1,3,12.0,23,5,0.25,0,0.0,8.08,0,0,0.0,0.0,154.84,0.194,0.032,0.161,0.542,0.226,0.0,0.021,0.979,,100.0,156.67,death,23.0,8.33,Punjab,6,6.25,middle_order,finisher
Nikhil Gangta,370,15,293,37,8,12,24.67,54,1,0.2,0,0.0,18.46,6,3,0.4,0.2,126.28,0.154,0.027,0.126,0.53,0.328,0.081,0.649,0.27,130.43,126.98,123.46,pp,23.57,25.62,Himachal,4,5.0,top_order,middle_order
Nikhilesh Surendran,57,3,51,10,0,3,19.0,36,0,0.0,1,0.333,18.08,1,0,0.333,0.0,111.76,0.196,0.0,0.196,0.702,0.51,0.596,0.404,0.0,103.03,127.78,,mid,19.0,,Kerala,1,4.666666666666667,opener,anchor_opener
Nilesh Lamichaney,96,11,148,9,0,10,8.73,24,0,0.091,1,0.091,7.95,0,0,0.0,0.0,64.86,0.061,0.0,0.061,0.375,0.581,0.74,0.156,0.104,68.27,48.39,76.92,death,,8.73,Sikkim,1,3.090909090909091,opener,anchor_opener
Ninad Kadam,67,4,71,3,2,3,16.75,32,3,0.25,0,0.0,14.41,1,0,0.25,0.0,94.37,0.07,0.028,0.042,0.358,0.394,0.015,0.522,0.463,50.0,74.47,140.91,death,,16.75,Tripura,7,6.25,lower_order,tailender
Nitesh Lohchab,22,3,24,3,0,3,7.33,13,1,0.0,0,0.0,6.03,0,0,0.0,0.0,91.67,0.125,0.0,0.125,0.545,0.458,0.773,0.227,0.0,80.95,166.67,,mid,,7.33,Nagaland,3,2.3333333333333335,top_order,middle_order
Nitesh Sedai,203,17,221,21,2,16,11.94,49,0,0.059,5,0.294,14.5,2,0,0.118,0.0,91.86,0.104,0.009,0.095,0.473,0.471,0.448,0.419,0.133,102.25,80.19,103.85,death,31.33,7.79,Manipur,2,3.823529411764706,opener,anchor_opener
Nithish Kumar Reddy,92,4,96,6,3,4,23.0,41,5,0.0,0,0.0,19.13,2,0,0.5,0.0,95.83,0.094,0.031,0.062,0.457,0.458,0.25,0.5,0.25,69.7,93.88,164.29,death,8.0,28.0,Andhra,3,3.0,top_order,finisher
Nitin Tanwar,55,7,63,5,0,4,7.86,19,1,0.429,0,0.0,7.2,0,0,0.0,0.0,87.3,0.079,0.0,0.079,0.364,0.381,0.0,0.127,0.873,0.0,38.89,114.29,death,1.5,10.4,Services,8,7.571428571428571,lower_order,tailender
P Chopra,1118,33,951,107,24,26,33.88,105,0,0.212,2,0.061,25.37,17,8,0.515,0.242,117.56,0.138,0.025,0.113,0.512,0.367,0.44,0.429,0.131,104.24,126.65,146.0,death,34.33,33.33,Himachal,2,1.6470588235294117,opener,anchor_opener
P Dogra,943,31,722,59,52,27,30.42,89,1,0.129,0,0.0,22.21,16,6,0.516,0.194,130.61,0.154,0.072,0.082,0.581,0.356,0.141,0.686,0.173,105.56,127.36,185.23,death,32.6,29.38,Puducherry,4,4.032258064516129,top_order,top_order_anchor
P Dubey,100,12,94,7,3,9,8.33,33,0,0.25,2,0.167,9.35,1,0,0.083,0.0,106.38,0.106,0.032,0.074,0.46,0.394,0.0,0.23,0.77,,82.14,116.67,death,6.83,9.83,Karnataka,6,7.076923076923077,middle_order,middle_order
P Kumar,41,4,39,2,2,2,10.25,18,3,0.5,0,0.0,7.37,0,0,0.0,0.0,105.13,0.103,0.051,0.051,0.488,0.385,0.0,0.171,0.829,,100.0,106.25,death,8.67,15.0,Uttar Pradesh,8,8.25,lower_order,tailender
P Negi,247,18,173,17,11,7,13.72,41,0,0.611,1,0.056,11.5,2,0,0.111,0.0,142.77,0.162,0.064,0.098,0.543,0.283,0.024,0.146,0.83,75.0,94.74,161.42,death,13.45,14.14,Delhi,7,7.277777777777778,lower_order,tailender
P Prafullomani,197,15,261,17,5,12,13.13,52,0,0.2,4,0.267,18.08,3,2,0.2,0.133,75.48,0.084,0.019,0.065,0.497,0.567,0.437,0.411,0.152,67.72,78.64,96.77,death,25.5,11.23,Manipur,1,2.6666666666666665,opener,anchor_opener
P Prasanth,64,9,49,4,4,5,7.11,17,1,0.444,0,0.0,5.21,0,0,0.0,0.0,130.61,0.163,0.082,0.082,0.625,0.367,0.0,0.297,0.703,,100.0,150.0,death,8.0,6.4,Kerala,7,7.3,lower_order,tailender
P Ray Barman,23,4,16,2,1,4,5.75,15,1,0.0,0,0.0,6.4,0,0,0.0,0.0,143.75,0.188,0.062,0.125,0.609,0.25,0.0,0.0,1.0,,,143.75,death,15.0,2.67,Bengal,8,8.5,lower_order,tailender
P Simran Singh,1002,35,710,99,50,27,28.63,119,0,0.229,2,0.057,29.6,12,8,0.343,0.229,141.13,0.21,0.07,0.139,0.695,0.421,0.566,0.391,0.043,130.34,157.43,165.38,death,36.42,11.64,Punjab,2,2.1142857142857143,opener,aggressive_opener
P Thamaraikannan,63,7,82,5,1,2,9.0,25,0,0.714,2,0.286,9.45,0,0,0.0,0.0,76.83,0.073,0.012,0.061,0.413,0.512,0.0,0.222,0.778,,51.85,89.09,death,7.0,9.33,Puducherry,7,7.428571428571429,lower_order,tailender
PA Patel,407,15,264,56,10,14,27.13,70,3,0.067,0,0.0,22.53,6,4,0.4,0.267,154.17,0.25,0.038,0.212,0.698,0.356,0.791,0.209,0.0,157.84,141.67,,pp,36.89,12.5,Gujarat,1,1.0666666666666667,opener,aggressive_opener
PA Reddy,532,20,393,47,20,19,26.6,70,0,0.05,2,0.1,23.09,9,3,0.45,0.15,135.37,0.17,0.051,0.12,0.579,0.326,0.556,0.372,0.071,126.5,143.48,180.95,death,31.8,24.87,Hyderabad (India),2,2.25,opener,aggressive_opener
PJ Bhati,167,7,134,13,6,6,23.86,44,2,0.143,0,0.0,16.18,3,0,0.429,0.0,124.63,0.142,0.045,0.097,0.527,0.328,0.054,0.778,0.168,100.0,131.31,107.69,mid,29.75,16.0,Maharashtra,5,5.714285714285714,middle_order,middle_order
PJ Sangwan,100,8,79,14,3,4,12.5,29,0,0.5,0,0.0,9.78,0,0,0.0,0.0,126.58,0.215,0.038,0.177,0.74,0.456,0.14,0.06,0.8,73.68,40.0,177.78,death,14.29,0.0,Delhi,8,6.875,lower_order,tailender
PK Garg,322,17,257,31,10,15,18.94,59,0,0.118,1,0.059,19.23,4,3,0.235,0.176,125.29,0.16,0.039,0.121,0.571,0.346,0.233,0.488,0.28,96.15,129.75,155.17,death,23.29,15.9,Uttar Pradesh,4,3.9411764705882355,top_order,finisher
PN Mankad,681,29,478,68,24,22,23.48,71,0,0.241,1,0.034,21.16,9,5,0.31,0.172,142.47,0.192,0.05,0.142,0.611,0.31,0.117,0.561,0.322,140.35,127.33,180.99,death,16.94,34.18,Saurashtra,4,4.9655172413793105,top_order,top_order_aggressor
PP Chawla,364,29,271,31,17,20,12.55,41,0,0.31,4,0.138,11.76,3,0,0.103,0.0,134.32,0.177,0.063,0.114,0.621,0.369,0.0,0.459,0.541,0.0,120.14,150.38,death,13.57,11.6,Gujarat,7,6.827586206896552,lower_order,tailender
PP Shaw,718,25,442,67,46,25,28.72,134,0,0.0,3,0.12,33.53,10,6,0.4,0.24,162.44,0.256,0.104,0.152,0.758,0.382,0.607,0.326,0.067,159.71,163.64,184.62,death,35.16,8.33,Mumbai,1,1.04,opener,aggressive_opener
PR Shah,26,4,24,3,0,3,6.5,13,0,0.25,1,0.25,5.69,0,0,0.0,0.0,108.33,0.125,0.0,0.125,0.462,0.417,0.0,0.154,0.846,,44.44,146.67,death,13.0,4.33,Baroda,8,7.75,lower_order,tailender
PR Yadav,36,3,46,4,0,3,12.0,20,0,0.0,1,0.333,10.58,0,0,0.0,0.0,78.26,0.087,0.0,0.087,0.444,0.5,0.556,0.444,0.0,90.91,66.67,,pp,0.0,18.0,Rajasthan,3,3.3333333333333335,top_order,middle_order
Pallav Kumar Das,581,31,412,66,24,30,18.74,77,0,0.032,6,0.194,18.25,8,1,0.258,0.032,141.02,0.218,0.058,0.16,0.702,0.422,0.806,0.191,0.003,148.57,121.98,33.33,pp,26.91,14.25,Assam,1,1.6129032258064515,opener,aggressive_opener
Palzor Tamang,107,18,166,13,1,16,5.94,19,0,0.111,4,0.222,4.95,0,0,0.0,0.0,64.46,0.084,0.006,0.078,0.542,0.645,0.0,0.402,0.598,0.0,45.74,95.52,death,,5.94,Sikkim,5,5.722222222222222,middle_order,middle_order
Pankaj Jaswal,191,21,110,8,17,14,9.1,27,0,0.333,3,0.143,7.85,0,0,0.0,0.0,173.64,0.227,0.155,0.073,0.702,0.391,0.0,0.115,0.885,,100.0,192.05,death,12.12,7.23,Himachal,7,7.238095238095238,lower_order,lower_order_hitter
Pankaj Shaw,52,5,50,5,1,4,10.4,14,3,0.2,0,0.0,4.39,0,0,0.0,0.0,104.0,0.12,0.02,0.1,0.5,0.4,0.0,0.769,0.231,0.0,95.24,300.0,death,13.0,9.75,Bengal,4,4.8,top_order,finisher
Pankaj Singh,7,5,16,0,0,3,1.4,5,0,0.4,2,0.4,2.07,0,0,0.0,0.0,43.75,0.0,0.0,0.0,0.0,0.625,0.0,0.143,0.857,,33.33,46.15,death,,1.4,Rajasthan,10,9.2,tailender,tailender
Pappu Roy,3,5,14,0,0,1,0.6,2,0,0.8,1,0.2,0.89,0,0,0.0,0.0,21.43,0.0,0.0,0.0,0.0,0.786,0.0,0.0,1.0,,,21.43,death,,0.6,Odisha,11,10.714285714285714,tailender,tailender
Parameeswaran Sivaraman,32,3,38,1,1,2,10.67,32,0,0.333,2,0.667,18.48,1,0,0.333,0.0,84.21,0.053,0.026,0.026,0.312,0.421,0.0,0.406,0.594,0.0,61.9,172.73,death,,10.67,Puducherry,4,4.0,top_order,finisher
Paras Sehrawat,51,4,37,5,3,3,12.75,22,0,0.25,1,0.25,9.29,0,0,0.0,0.0,137.84,0.216,0.081,0.135,0.745,0.459,0.255,0.294,0.451,118.18,125.0,164.29,death,,12.75,Nagaland,4,5.25,top_order,finisher
Pargat Singh,169,6,157,23,1,5,28.17,60,0,0.167,1,0.167,22.15,3,1,0.5,0.167,107.64,0.153,0.006,0.146,0.58,0.452,0.538,0.385,0.077,96.81,120.37,144.44,death,40.0,16.33,Punjab,2,1.8333333333333333,opener,anchor_opener
Parikshit Valsangkar,24,3,24,3,0,2,8.0,10,5,0.333,0,0.0,2.65,0,0,0.0,0.0,100.0,0.125,0.0,0.125,0.5,0.417,0.0,0.292,0.708,,100.0,100.0,mid,,8.0,Mumbai,8,8.0,lower_order,tailender
Parth Chauhan,76,6,51,6,4,4,12.67,25,3,0.333,0,0.0,8.14,0,0,0.0,0.0,149.02,0.196,0.078,0.118,0.632,0.275,0.0,0.408,0.592,,134.78,160.71,death,16.5,5.0,Saurashtra,5,5.833333333333333,middle_order,finisher
Parth Kohli,59,3,63,5,1,2,19.67,24,13,0.333,0,0.0,5.86,0,0,0.0,0.0,93.65,0.095,0.016,0.079,0.441,0.397,0.0,0.593,0.407,,68.63,200.0,death,22.0,18.5,Baroda,6,5.666666666666667,middle_order,finisher
Parth Sahani,743,34,598,51,30,26,21.85,74,0,0.235,1,0.029,19.29,10,3,0.294,0.088,124.25,0.135,0.05,0.085,0.517,0.338,0.051,0.638,0.311,57.58,123.44,156.08,death,21.61,22.12,Madhya Pradesh,4,4.794117647058823,top_order,finisher
Parvez Ahmed,75,14,127,5,0,10,5.36,14,0,0.286,2,0.143,4.33,0,0,0.0,0.0,59.06,0.039,0.0,0.039,0.267,0.583,0.0,0.307,0.693,,41.07,73.24,death,,5.36,Mizoram,7,6.928571428571429,lower_order,tailender
Parvez Aziz,59,3,66,8,1,2,19.67,30,14,0.333,0,0.0,8.96,1,0,0.333,0.0,89.39,0.136,0.015,0.121,0.644,0.545,0.034,0.576,0.39,28.57,97.14,95.83,mid,,19.67,Assam,5,6.333333333333333,middle_order,middle_order
Parvez Rasool,362,20,305,29,11,15,18.1,59,2,0.25,0,0.0,15.17,5,1,0.25,0.05,118.69,0.131,0.036,0.095,0.503,0.338,0.064,0.63,0.307,95.83,111.22,146.05,death,30.0,14.13,Jammu & Kashmir,5,4.95,middle_order,middle_order
Pavan Deshpande,297,12,227,19,11,10,24.75,63,0,0.167,2,0.167,20.74,3,2,0.25,0.167,130.84,0.132,0.048,0.084,0.478,0.286,0.013,0.673,0.313,40.0,130.72,145.31,death,35.67,13.83,Karnataka,5,4.833333333333333,middle_order,middle_order
Piyush Joshi,88,6,83,10,2,6,14.67,64,0,0.0,1,0.167,24.49,1,1,0.167,0.167,106.02,0.145,0.024,0.12,0.591,0.482,0.352,0.648,0.0,93.94,116.33,0.0,mid,34.5,4.75,Uttarakhand,2,2.5,opener,anchor_opener
Piyush Singh,50,5,65,4,1,5,10.0,21,0,0.0,1,0.2,9.14,0,0,0.0,0.0,76.92,0.077,0.015,0.062,0.44,0.554,0.82,0.18,0.0,78.85,69.23,,pp,5.0,13.33,Bihar,2,1.8,opener,anchor_opener
Piyush Tanwar,110,5,99,9,4,4,22.0,55,0,0.2,1,0.2,21.13,1,1,0.2,0.2,111.11,0.131,0.04,0.091,0.545,0.394,0.655,0.345,0.0,124.14,92.68,,pp,55.0,13.75,Gujarat,3,3.2,top_order,middle_order
Pradipta Pramanik,56,6,50,4,2,5,9.33,30,1,0.167,0,0.0,10.89,1,0,0.167,0.0,112.0,0.12,0.04,0.08,0.5,0.34,0.0,0.571,0.429,,128.0,96.0,mid,16.0,6.0,Bengal,8,7.714285714285714,lower_order,tailender
Pragnay Reddy,42,8,63,4,2,8,5.25,30,0,0.0,3,0.375,10.35,1,0,0.125,0.0,66.67,0.095,0.032,0.063,0.667,0.73,1.0,0.0,0.0,66.67,,,pp,1.0,7.8,Hyderabad (India),2,1.875,opener,anchor_opener
Pramod Chandila,206,13,179,23,5,11,15.85,70,1,0.154,0,0.0,18.99,2,1,0.154,0.077,115.08,0.156,0.028,0.128,0.592,0.447,0.053,0.583,0.364,91.67,115.38,119.05,death,22.0,12.0,Bengal,6,5.571428571428571,middle_order,middle_order
Pranshu Vijayran,42,5,32,2,3,4,8.4,34,1,0.2,0,0.0,14.42,1,0,0.2,0.0,131.25,0.156,0.094,0.062,0.619,0.469,0.0,0.952,0.048,,142.86,50.0,mid,34.0,2.0,Delhi,6,7.4,middle_order,middle_order
Prashant Awasthi,67,6,54,5,2,6,11.17,25,0,0.0,1,0.167,10.05,0,0,0.0,0.0,124.07,0.13,0.037,0.093,0.478,0.241,0.015,0.881,0.104,25.0,134.09,116.67,mid,11.33,11.0,Railways,3,3.6666666666666665,top_order,middle_order
Prashant Gupta,408,11,327,50,7,10,37.09,54,6,0.091,0,0.0,16.37,9,2,0.818,0.182,124.77,0.174,0.021,0.153,0.593,0.355,0.473,0.517,0.01,123.72,129.45,50.0,mid,35.0,46.5,Uttar Pradesh,1,1.5454545454545454,opener,aggressive_opener
Prashant Singh,41,5,42,3,1,4,8.2,12,5,0.2,0,0.0,3.11,0,0,0.0,0.0,97.62,0.095,0.024,0.071,0.439,0.429,0.0,0.0,1.0,,0.0,117.14,death,6.0,8.75,Bihar,9,8.4,tailender,tailender
Prashanth Kumar,281,19,274,22,9,17,14.79,57,0,0.105,1,0.053,15.48,3,1,0.158,0.053,102.55,0.113,0.033,0.08,0.505,0.438,0.253,0.562,0.185,69.61,108.22,200.0,death,4.25,17.6,Andhra,3,3.65,top_order,finisher
Pratham Singh,877,32,686,91,25,29,27.41,89,0,0.094,1,0.031,24.55,12,7,0.375,0.219,127.84,0.169,0.036,0.133,0.586,0.353,0.505,0.405,0.09,115.36,134.98,202.56,death,38.87,17.29,Railways,2,1.90625,opener,anchor_opener
Pratik Desai,66,4,52,4,4,4,16.5,27,2,0.0,0,0.0,12.56,0,0,0.0,0.0,126.92,0.154,0.077,0.077,0.606,0.462,0.939,0.061,0.0,140.91,50.0,,pp,,16.5,Mizoram,1,1.0,opener,aggressive_opener
Pratyush Singh,53,14,85,6,0,12,3.79,10,0,0.143,4,0.286,3.56,0,0,0.0,0.0,62.35,0.071,0.0,0.071,0.453,0.6,0.321,0.377,0.302,53.12,55.56,94.12,death,4.67,3.55,Tripura,4,4.714285714285714,top_order,middle_order
Praveen Deshetti,48,3,48,9,0,3,16.0,25,0,0.0,1,0.333,13.89,0,0,0.0,0.0,100.0,0.188,0.0,0.188,0.75,0.583,0.979,0.021,0.0,104.44,33.33,,pp,23.0,12.5,Railways,2,2.0,opener,anchor_opener
Prayas Singh,47,7,52,3,1,5,6.71,20,1,0.286,0,0.0,6.85,0,0,0.0,0.0,90.38,0.077,0.019,0.058,0.383,0.404,0.0,0.404,0.596,,82.61,96.55,death,2.33,10.0,Odisha,6,6.857142857142857,middle_order,middle_order
Pritam Das,19,9,23,2,0,6,2.11,7,0,0.333,3,0.333,2.67,0,0,0.0,0.0,82.61,0.087,0.0,0.087,0.421,0.522,0.0,0.053,0.947,,20.0,100.0,death,,2.11,Assam,10,9.222222222222221,tailender,tailender
Pritam Nirala,8,4,22,1,0,4,2.0,4,0,0.0,1,0.25,1.83,0,0,0.0,0.0,36.36,0.045,0.0,0.045,0.5,0.818,0.0,0.125,0.875,,11.11,53.85,death,,2.0,Sikkim,11,10.0,tailender,tailender
Priyank Panchal,968,36,751,101,27,34,26.89,79,0,0.056,5,0.139,24.38,14,6,0.389,0.167,128.89,0.17,0.036,0.134,0.585,0.358,0.56,0.375,0.065,130.29,120.2,190.91,death,35.23,13.79,Gujarat,2,1.7222222222222223,opener,aggressive_opener
Priyansh Arya,266,8,176,28,14,8,33.25,81,7,0.0,0,0.0,24.37,3,2,0.375,0.25,151.14,0.239,0.08,0.159,0.737,0.415,0.752,0.248,0.0,152.67,146.67,,pp,37.33,21.0,Delhi,1,1.0,opener,aggressive_opener
Priyesh Patel,59,4,47,6,3,4,14.75,24,6,0.0,0,0.0,7.63,0,0,0.0,0.0,125.53,0.191,0.064,0.128,0.712,0.447,0.475,0.525,0.0,107.69,147.62,,mid,18.0,11.5,Gujarat,3,2.25,top_order,middle_order
Puneet Datey,21,5,14,1,2,4,4.2,8,0,0.2,1,0.2,3.56,0,0,0.0,0.0,150.0,0.214,0.143,0.071,0.762,0.429,0.0,0.381,0.619,,160.0,144.44,mid,,4.2,Madhya Pradesh,9,8.6,tailender,lower_order_hitter
Punit Bisht,487,20,305,52,23,17,24.35,146,0,0.15,1,0.05,33.4,5,2,0.25,0.1,159.67,0.246,0.075,0.17,0.71,0.357,0.294,0.427,0.279,131.19,145.45,256.6,death,42.71,14.46,Meghalaya,3,2.9,top_order,top_order_aggressor
Qamran Iqbal,201,8,187,17,9,8,25.12,40,0,0.0,1,0.125,13.86,3,0,0.375,0.0,107.49,0.139,0.048,0.091,0.607,0.481,0.642,0.358,0.0,108.4,105.88,,pp,34.0,22.17,Jammu & Kashmir,2,1.625,opener,anchor_opener
R Ashwin,54,6,47,8,0,5,9.0,16,1,0.167,0,0.0,7.04,0,0,0.0,0.0,114.89,0.17,0.0,0.17,0.593,0.383,0.0,0.463,0.537,,104.17,126.09,death,2.67,15.33,Tamil Nadu,7,6.666666666666667,lower_order,tailender
R Bhatia,200,10,205,16,4,9,20.0,42,2,0.1,0,0.0,12.96,3,0,0.3,0.0,97.56,0.098,0.02,0.078,0.44,0.395,0.345,0.48,0.175,93.24,94.12,120.69,death,17.2,22.8,Uttarakhand,1,2.7,opener,anchor_opener
R Bishnoi,326,22,270,21,20,18,14.82,76,0,0.182,2,0.091,19.02,3,2,0.136,0.091,120.74,0.152,0.074,0.078,0.626,0.433,0.258,0.5,0.242,133.33,105.84,149.06,death,17.86,9.5,Rajasthan,6,4.681818181818182,middle_order,middle_order
R Dhawan,413,25,315,39,13,15,16.52,61,0,0.4,2,0.08,16.48,4,1,0.16,0.04,131.11,0.165,0.041,0.124,0.567,0.33,0.017,0.421,0.562,77.78,107.41,161.11,death,19.08,13.75,Himachal,5,5.56,middle_order,finisher
R Parag,874,26,611,56,51,20,33.62,77,1,0.231,0,0.0,24.57,13,10,0.5,0.385,143.04,0.175,0.083,0.092,0.606,0.322,0.118,0.648,0.235,111.96,141.85,170.83,death,46.73,24.0,Assam,4,4.0,top_order,top_order_anchor
R Sai Kishore,26,8,30,1,1,6,3.25,7,0,0.25,1,0.125,2.66,0,0,0.0,0.0,86.67,0.067,0.033,0.033,0.385,0.4,0.269,0.231,0.5,116.67,60.0,92.86,pp,4.0,3.0,Tamil Nadu,9,7.25,tailender,tailender
R Sanjay Yadav,483,23,392,26,26,19,21.0,55,0,0.174,3,0.13,17.04,7,2,0.304,0.087,123.21,0.133,0.066,0.066,0.538,0.352,0.035,0.598,0.366,80.95,117.96,140.48,death,25.0,17.33,Meghalaya,5,5.043478260869565,middle_order,middle_order
R Shukla,18,5,18,2,1,2,3.6,11,0,0.6,2,0.4,4.83,0,0,0.0,0.0,100.0,0.167,0.056,0.111,0.778,0.611,0.0,0.0,1.0,,,100.0,death,,3.6,Jharkhand,11,9.8,tailender,tailender
R Tewatia,593,29,371,61,23,16,20.45,59,0,0.448,1,0.034,15.85,9,1,0.31,0.034,159.84,0.226,0.062,0.164,0.644,0.27,0.002,0.315,0.683,100.0,128.97,180.0,death,20.62,20.23,Haryana,6,5.733333333333333,middle_order,finisher
R Vinay Kumar,261,18,207,17,13,11,14.5,38,2,0.389,0,0.0,10.81,2,0,0.111,0.0,126.09,0.145,0.063,0.082,0.559,0.367,0.019,0.303,0.678,125.0,100.0,142.74,death,13.22,15.78,Karnataka,7,7.166666666666667,lower_order,tailender
RA Tripathi,721,29,570,73,22,25,24.86,70,0,0.138,3,0.103,21.65,9,6,0.31,0.207,126.49,0.167,0.039,0.128,0.588,0.368,0.531,0.322,0.147,125.16,108.92,207.84,death,32.21,18.0,Maharashtra,2,3.1379310344827585,opener,aggressive_opener
RB Bishnoi Jr,23,5,44,1,0,4,4.6,19,0,0.2,2,0.4,8.14,0,0,0.0,0.0,52.27,0.023,0.0,0.023,0.174,0.614,0.0,0.261,0.739,,28.57,73.91,death,,4.6,Arunachal Pradesh,7,7.2,lower_order,tailender
RD Banik,45,5,68,3,0,5,9.0,12,7,0.0,0,0.0,2.35,0,0,0.0,0.0,66.18,0.044,0.0,0.044,0.267,0.559,0.644,0.356,0.0,65.91,66.67,,mid,7.0,10.33,Tripura,3,2.6,top_order,middle_order
RD Chahar,32,9,41,1,1,5,3.56,8,1,0.444,0,0.0,2.51,0,0,0.0,0.0,78.05,0.049,0.024,0.024,0.312,0.488,0.0,0.188,0.812,,46.15,92.86,death,2.67,4.0,Rajasthan,9,8.545454545454545,tailender,tailender
RD Gaikwad,1132,34,816,113,39,31,33.29,82,1,0.088,0,0.0,24.95,16,9,0.471,0.265,138.73,0.186,0.048,0.138,0.606,0.326,0.531,0.428,0.041,130.65,149.23,148.39,mid,38.0,26.57,Maharashtra,1,1.1764705882352942,opener,aggressive_opener
RG Hazarika,72,3,62,11,0,3,24.0,39,7,0.0,0,0.0,16.09,1,0,0.333,0.0,116.13,0.177,0.0,0.177,0.611,0.419,0.806,0.194,0.0,126.09,87.5,,pp,23.0,26.0,Assam,2,2.0,opener,aggressive_opener
RG More,14,3,16,0,1,1,4.67,9,2,0.667,0,0.0,3.79,0,0,0.0,0.0,87.5,0.062,0.062,0.0,0.429,0.5,0.0,0.0,1.0,,,87.5,death,2.0,6.0,Karnataka,10,10.333333333333334,tailender,tailender
RH Bhatt,116,10,106,10,3,8,11.6,40,0,0.2,1,0.1,12.55,1,0,0.1,0.0,109.43,0.123,0.028,0.094,0.5,0.415,0.164,0.56,0.276,65.52,112.07,168.42,death,9.6,13.6,Gujarat,4,4.0,top_order,finisher
RH Motwani,70,4,57,4,4,4,17.5,36,10,0.0,0,0.0,12.48,1,0,0.25,0.0,122.81,0.14,0.07,0.07,0.571,0.404,0.3,0.7,0.0,91.3,148.48,0.0,mid,18.67,14.0,Maharashtra,3,2.75,top_order,middle_order
RI Thakur,85,5,78,9,3,5,17.0,53,1,0.0,0,0.0,21.32,1,1,0.2,0.2,108.97,0.154,0.038,0.115,0.635,0.487,0.459,0.541,0.0,90.7,131.43,,mid,22.67,8.5,Himachal,1,2.0,opener,anchor_opener
RK Bhui,926,28,600,52,62,21,33.07,108,0,0.25,3,0.107,30.55,14,6,0.5,0.214,154.33,0.19,0.103,0.087,0.626,0.292,0.084,0.508,0.408,88.64,133.14,237.74,death,43.54,24.0,Andhra,3,3.8214285714285716,top_order,top_order_anchor
RK Singh,910,35,570,76,43,23,26.0,79,0,0.343,2,0.057,23.19,13,8,0.371,0.229,159.65,0.209,0.075,0.133,0.618,0.272,0.058,0.384,0.558,123.26,118.71,218.03,death,30.71,21.56,Uttar Pradesh,5,4.771428571428571,middle_order,finisher
RL Jangid,235,19,203,16,5,16,12.37,34,0,0.158,2,0.105,9.39,1,0,0.053,0.0,115.76,0.103,0.025,0.079,0.4,0.296,0.0,0.749,0.251,0.0,110.69,137.21,death,16.2,8.11,Vidarbha,4,5.631578947368421,top_order,middle_order
RM Patidar,1132,33,742,96,55,29,34.3,96,0,0.121,3,0.091,27.89,17,12,0.515,0.364,152.56,0.204,0.074,0.129,0.631,0.303,0.309,0.543,0.148,121.11,162.27,225.68,death,33.33,35.47,Madhya Pradesh,3,2.8823529411764706,top_order,top_order_anchor
RN Gurbani,14,4,27,1,0,4,3.5,12,0,0.0,2,0.5,5.74,0,0,0.0,0.0,51.85,0.037,0.0,0.037,0.286,0.593,0.0,0.071,0.929,,20.0,59.09,death,,3.5,Vidarbha,9,8.833333333333334,tailender,tailender
RP Sharma,309,21,244,26,8,14,14.71,50,0,0.333,1,0.048,15.43,3,1,0.143,0.048,126.64,0.139,0.033,0.107,0.492,0.291,0.029,0.573,0.398,69.23,117.22,153.75,death,16.4,10.5,Haryana,5,5.666666666666667,middle_order,finisher
RR Biswa,167,13,190,25,3,13,12.85,36,0,0.0,2,0.154,11.42,1,0,0.077,0.0,87.89,0.147,0.016,0.132,0.707,0.626,0.796,0.204,0.0,90.48,79.07,,pp,20.33,10.6,Meghalaya,1,1.0,opener,anchor_opener
RR Pant,443,8,254,43,26,7,55.38,116,28,0.125,0,0.0,27.97,7,5,0.875,0.625,174.41,0.272,0.102,0.169,0.74,0.323,0.558,0.442,0.0,180.29,167.52,,pp,69.4,32.0,Delhi,2,1.625,opener,aggressive_opener
RR Rathod,213,11,163,13,11,9,19.36,51,0,0.182,1,0.091,17.79,3,1,0.273,0.091,130.67,0.147,0.067,0.08,0.554,0.319,0.028,0.469,0.502,30.0,113.64,194.55,death,21.2,17.83,Vidarbha,6,5.545454545454546,middle_order,finisher
RR Singh,57,4,45,4,5,3,14.25,29,0,0.25,1,0.25,13.94,0,0,0.0,0.0,126.67,0.2,0.111,0.089,0.807,0.578,0.263,0.246,0.491,71.43,175.0,175.0,mid,,14.25,Goa,3,4.25,top_order,finisher
RT Arothe,12,7,19,0,0,6,1.71,5,0,0.143,4,0.571,2.21,0,0,0.0,0.0,63.16,0.0,0.0,0.0,0.0,0.526,0.0,0.333,0.667,0.0,133.33,53.33,mid,0.0,3.0,Baroda,10,8.428571428571429,tailender,tailender
RV Gomez,124,10,92,8,8,6,12.4,47,0,0.4,1,0.1,14.97,1,0,0.1,0.0,134.78,0.174,0.087,0.087,0.645,0.391,0.0,0.298,0.702,,105.71,152.63,death,17.33,5.0,Kerala,6,6.1,middle_order,finisher
RV Patel,295,17,198,22,17,13,17.35,41,0,0.235,1,0.059,13.3,3,0,0.176,0.0,148.99,0.197,0.086,0.111,0.644,0.328,0.173,0.193,0.634,175.86,73.08,205.49,death,17.6,17.0,Gujarat,6,5.764705882352941,middle_order,finisher
RV Uthappa,766,29,584,69,34,28,26.41,91,0,0.034,3,0.103,25.39,9,6,0.31,0.207,131.16,0.176,0.058,0.118,0.627,0.399,0.426,0.427,0.148,126.85,131.33,144.87,death,34.4,17.86,Kerala,1,2.793103448275862,opener,aggressive_opener
Raghav Dhawan,123,3,104,11,3,3,41.0,65,1,0.0,0,0.0,34.87,2,2,0.667,0.667,118.27,0.135,0.029,0.106,0.504,0.375,0.057,0.577,0.366,28.0,142.0,155.17,death,57.0,33.0,Himachal,1,2.3333333333333335,opener,anchor_opener
Rahul Batham,53,3,45,2,3,3,17.67,32,2,0.0,0,0.0,15.04,1,0,0.333,0.0,117.78,0.111,0.067,0.044,0.491,0.311,0.0,0.736,0.264,,105.41,175.0,death,,17.67,Madhya Pradesh,7,7.5,lower_order,tailender
Rahul Buddhi,237,15,188,22,6,10,15.8,38,2,0.333,0,0.0,10.96,2,0,0.133,0.0,126.06,0.149,0.032,0.117,0.523,0.33,0.034,0.443,0.523,266.67,98.13,158.97,pp,14.22,18.17,Hyderabad (India),6,5.4375,middle_order,finisher
Rahul Dalal,294,11,241,22,13,10,26.73,75,3,0.091,0,0.0,23.42,4,2,0.364,0.182,121.99,0.145,0.054,0.091,0.565,0.373,0.156,0.622,0.221,112.2,108.28,209.68,death,,26.73,Arunachal Pradesh,4,3.8181818181818183,top_order,top_order_anchor
Rahul Khajan Singh,19,3,24,1,0,1,6.33,13,1,0.667,0,0.0,6.11,0,0,0.0,0.0,79.17,0.042,0.0,0.042,0.211,0.375,0.0,0.263,0.737,,71.43,82.35,death,,6.33,Services,8,9.666666666666666,lower_order,tailender
Rahul Singh,613,24,407,66,22,19,25.54,76,1,0.208,0,0.0,20.45,8,4,0.333,0.167,150.61,0.216,0.054,0.162,0.646,0.327,0.424,0.449,0.127,162.5,132.85,195.0,death,18.67,32.42,Services,3,3.375,top_order,top_order_anchor
Rajashekhar Harikant,75,10,79,6,3,7,7.5,26,0,0.3,1,0.1,8.18,0,0,0.0,0.0,94.94,0.114,0.038,0.076,0.56,0.494,0.507,0.213,0.28,105.56,57.14,140.0,death,14.5,5.75,Goa,2,5.3,opener,anchor_opener
Rajat Dey,488,21,357,29,25,15,23.24,82,1,0.286,0,0.0,23.33,7,2,0.333,0.095,136.69,0.151,0.07,0.081,0.545,0.308,0.123,0.459,0.418,122.45,118.52,171.43,death,25.71,22.0,Tripura,4,4.904761904761905,top_order,finisher
Rajat Paliwal,521,27,446,42,3,21,19.3,54,3,0.222,0,0.0,12.83,4,1,0.148,0.037,116.82,0.101,0.007,0.094,0.357,0.242,0.081,0.716,0.203,105.0,112.69,141.33,death,17.85,20.64,Services,4,4.185185185185185,top_order,middle_order
Rajendran Vivek,65,5,49,6,3,3,13.0,36,0,0.4,1,0.2,14.25,1,0,0.2,0.0,132.65,0.184,0.061,0.122,0.646,0.388,0.092,0.123,0.785,100.0,57.14,175.86,death,16.0,8.5,Tamil Nadu,3,5.4,top_order,finisher
Rajesh Dhuper,392,19,383,34,10,17,20.63,90,0,0.105,1,0.053,20.74,4,1,0.211,0.053,102.35,0.115,0.026,0.089,0.5,0.444,0.503,0.406,0.092,97.52,103.92,128.57,death,20.75,20.55,Odisha,1,2.526315789473684,opener,anchor_opener
Rajesh Mohanty,69,7,69,4,4,7,9.86,36,0,0.0,2,0.286,14.29,1,0,0.143,0.0,100.0,0.116,0.058,0.058,0.58,0.507,0.0,0.275,0.725,,126.67,92.59,mid,0.0,11.5,Odisha,9,9.142857142857142,tailender,tailender
Rajesh Singh,106,6,78,7,7,6,17.67,64,0,0.0,1,0.167,25.56,2,1,0.333,0.167,135.9,0.179,0.09,0.09,0.66,0.385,0.028,0.745,0.226,100.0,114.49,400.0,death,,17.67,Bihar,5,4.666666666666667,middle_order,finisher
Rajjakuddin Ahmed,342,25,233,29,18,20,13.68,39,0,0.2,1,0.04,12.41,6,0,0.24,0.0,146.78,0.202,0.077,0.124,0.655,0.365,0.041,0.474,0.485,350.0,133.88,153.7,pp,15.12,13.0,Assam,7,6.2,lower_order,tailender
Rakesh Thakur,86,9,95,3,4,6,9.56,32,1,0.333,0,0.0,10.06,1,0,0.111,0.0,90.53,0.074,0.042,0.032,0.419,0.442,0.012,0.628,0.36,33.33,81.82,119.23,death,13.25,6.6,Madhya Pradesh,6,5.222222222222222,middle_order,middle_order
Ram Dayal,28,6,46,1,0,4,4.67,8,2,0.333,0,0.0,2.5,0,0,0.0,0.0,60.87,0.022,0.0,0.022,0.143,0.522,0.0,0.536,0.464,,68.18,54.17,mid,,4.67,Jammu & Kashmir,8,8.833333333333334,lower_order,tailender
Ramachandran Ragupathy,118,5,116,12,4,5,23.6,39,0,0.0,1,0.2,16.8,3,0,0.6,0.0,101.72,0.138,0.034,0.103,0.61,0.534,0.678,0.322,0.0,100.0,105.56,,mid,39.0,19.75,Puducherry,1,1.4,opener,anchor_opener
Ramandeep Singh,169,15,114,11,10,10,11.27,32,0,0.333,1,0.067,10.18,1,0,0.067,0.0,148.25,0.184,0.088,0.096,0.615,0.307,0.041,0.278,0.68,140.0,134.29,155.41,death,9.67,13.67,Punjab,5,5.733333333333333,middle_order,finisher
Rana Dutta,76,8,79,5,1,4,9.5,18,2,0.5,0,0.0,6.23,0,0,0.0,0.0,96.2,0.076,0.013,0.063,0.342,0.329,0.0,0.276,0.724,,72.41,110.0,death,15.0,7.67,Tripura,10,8.625,tailender,tailender
Ranjeet Nikam,55,6,56,0,3,6,9.17,20,4,0.0,0,0.0,5.6,0,0,0.0,0.0,98.21,0.054,0.054,0.0,0.327,0.446,0.0,0.364,0.636,,125.0,87.5,mid,6.5,10.5,Maharashtra,6,5.666666666666667,middle_order,middle_order
Rasikh Salam,11,4,21,0,0,3,2.75,4,1,0.25,0,0.0,1.26,0,0,0.0,0.0,52.38,0.0,0.0,0.0,0.0,0.571,0.0,0.273,0.727,,30.0,72.73,death,,2.75,Jammu & Kashmir,9,10.0,tailender,tailender
Raushan Raj,23,3,23,2,0,1,7.67,10,4,0.667,0,0.0,3.21,0,0,0.0,0.0,100.0,0.087,0.0,0.087,0.348,0.304,0.0,0.0,1.0,,0.0,104.55,death,4.0,9.5,Services,9,9.666666666666666,tailender,tailender
Ravi Bishnoi,31,7,35,4,1,6,4.43,15,0,0.143,3,0.429,5.44,0,0,0.0,0.0,88.57,0.143,0.029,0.114,0.71,0.629,0.484,0.032,0.484,166.67,16.67,75.0,pp,6.33,3.0,Rajasthan,9,8.571428571428571,tailender,tailender
Ravi Chauhan,739,23,617,80,11,20,32.13,86,0,0.13,2,0.087,27.03,10,8,0.435,0.348,119.77,0.147,0.018,0.13,0.522,0.337,0.49,0.441,0.069,121.48,113.99,154.55,death,43.55,21.67,Services,2,1.8695652173913044,opener,aggressive_opener
Ravi Kiran,7,5,19,0,0,0,1.4,3,0,1.0,0,0.0,1.14,0,0,0.0,0.0,36.84,0.0,0.0,0.0,0.0,0.632,0.0,0.143,0.857,,100.0,33.33,mid,1.0,1.5,Hyderabad (India),10,10.2,tailender,tailender
Ravi Teja,155,16,128,11,6,14,9.69,31,0,0.125,2,0.125,10.08,1,0,0.062,0.0,121.09,0.133,0.047,0.086,0.516,0.359,0.058,0.245,0.697,81.82,92.68,142.11,death,2.6,12.91,Hyderabad (India),7,6.176470588235294,lower_order,tailender
Ravikumar Samarth,153,9,146,15,2,9,17.0,31,4,0.0,0,0.0,10.61,1,0,0.111,0.0,104.79,0.116,0.014,0.103,0.471,0.397,0.471,0.497,0.033,90.0,122.58,125.0,death,15.67,19.67,Karnataka,3,2.7777777777777777,top_order,middle_order
Reagan Pinto,17,3,35,1,0,3,5.67,11,3,0.0,0,0.0,4.62,0,0,0.0,0.0,48.57,0.029,0.0,0.029,0.235,0.6,0.706,0.294,0.0,57.14,35.71,,pp,,5.67,Goa,3,4.0,top_order,middle_order
Remruatdika Ralte,10,4,18,1,0,2,2.5,5,0,0.5,1,0.25,2.08,0,0,0.0,0.0,55.56,0.056,0.0,0.056,0.4,0.611,0.0,0.0,1.0,,0.0,83.33,death,,2.5,Mizoram,10,10.25,tailender,tailender
Rex Rajkumar,167,15,157,8,6,14,11.13,30,0,0.067,2,0.133,11.84,1,0,0.067,0.0,106.37,0.089,0.038,0.051,0.407,0.408,0.0,0.754,0.246,0.0,105.0,113.89,death,7.67,12.0,Manipur,6,6.466666666666667,middle_order,middle_order
Rishabh Chouhan,225,16,190,17,9,13,14.06,63,0,0.188,2,0.125,15.88,1,1,0.062,0.062,118.42,0.137,0.047,0.089,0.542,0.395,0.0,0.4,0.6,0.0,108.43,137.76,death,20.0,8.12,Madhya Pradesh,7,5.625,lower_order,tailender
Rishabh Tiwari,356,14,272,43,7,13,25.43,85,0,0.071,1,0.071,28.72,5,3,0.357,0.214,130.88,0.184,0.026,0.158,0.601,0.357,0.545,0.438,0.017,127.63,136.84,100.0,mid,55.5,13.4,Chhattisgarh,1,1.4285714285714286,opener,aggressive_opener
Rishav Das,353,17,319,41,2,16,20.76,56,0,0.059,2,0.118,18.86,5,2,0.294,0.118,110.66,0.135,0.006,0.129,0.499,0.386,0.572,0.394,0.034,124.69,93.29,150.0,death,19.25,22.11,Assam,1,2.2941176470588234,opener,aggressive_opener
Ritesh Negi,17,3,18,3,0,2,5.67,10,0,0.333,1,0.333,5.13,0,0,0.0,0.0,94.44,0.167,0.0,0.167,0.706,0.556,0.0,0.059,0.941,,50.0,100.0,death,10.0,3.5,Services,7,8.0,lower_order,tailender
Ritwik Roy Chowdhury,237,16,184,23,7,9,14.81,36,1,0.438,0,0.0,10.05,2,0,0.125,0.0,128.8,0.163,0.038,0.125,0.565,0.353,0.131,0.485,0.384,163.16,116.16,137.88,pp,9.12,20.5,Bengal,6,5.352941176470588,middle_order,middle_order
Robin Bist,186,12,188,18,2,11,15.5,45,0,0.083,1,0.083,15.89,3,0,0.25,0.0,98.94,0.106,0.011,0.096,0.452,0.426,0.258,0.403,0.339,66.67,93.75,175.0,death,16.67,15.11,Rajasthan,3,3.5833333333333335,top_order,finisher
Rohan Kadam,995,25,761,112,27,22,39.8,89,0,0.12,2,0.08,28.1,16,9,0.64,0.36,130.75,0.183,0.035,0.147,0.613,0.371,0.44,0.45,0.11,120.99,130.99,191.23,death,40.25,38.0,Karnataka,1,1.64,opener,aggressive_opener
Rohan Kunnummal,361,13,322,41,7,11,27.77,56,3,0.154,0,0.0,17.38,6,3,0.462,0.231,112.11,0.149,0.022,0.127,0.571,0.432,0.623,0.335,0.042,109.22,114.15,150.0,death,28.71,26.67,Kerala,1,1.5384615384615385,opener,anchor_opener
Rohan Prem,394,15,348,37,11,14,26.27,69,0,0.067,2,0.133,24.06,7,3,0.467,0.2,113.22,0.138,0.032,0.106,0.543,0.385,0.317,0.591,0.091,100.81,121.99,109.09,mid,27.11,25.0,Kerala,3,3.2,top_order,top_order_anchor
Rohit Dahiya,102,8,74,10,3,7,12.75,40,3,0.125,0,0.0,12.19,1,0,0.125,0.0,137.84,0.176,0.041,0.135,0.569,0.311,0.353,0.078,0.569,276.92,88.89,111.54,pp,17.67,9.8,Gujarat,7,6.375,lower_order,tailender
Rohit Rayudu,124,7,106,8,5,6,17.71,47,1,0.143,0,0.0,18.51,2,0,0.286,0.0,116.98,0.123,0.047,0.075,0.5,0.387,0.282,0.452,0.266,134.62,96.55,150.0,death,19.67,16.25,Hyderabad (India),2,3.7142857142857144,opener,aggressive_opener
Rohit Shah,84,5,117,6,0,4,16.8,38,2,0.2,0,0.0,14.86,1,0,0.2,0.0,71.79,0.051,0.0,0.051,0.286,0.479,0.321,0.679,0.0,57.45,81.43,,mid,19.25,7.0,Meghalaya,1,2.6,opener,anchor_opener
Rohit Sharma,5,3,14,1,0,1,1.67,5,0,0.667,1,0.333,2.89,0,0,0.0,0.0,35.71,0.071,0.0,0.071,0.8,0.857,0.0,0.0,1.0,,0.0,41.67,death,,1.67,Jammu & Kashmir,11,11.0,tailender,tailender
Rojith Ganesh,17,3,22,1,0,2,5.67,9,1,0.333,0,0.0,4.16,0,0,0.0,0.0,77.27,0.045,0.0,0.045,0.235,0.455,0.0,0.118,0.882,,33.33,93.75,death,1.0,8.0,Kerala,7,5.666666666666667,lower_order,tailender
Romario Sharma,37,3,30,1,3,2,12.33,20,0,0.333,1,0.333,10.79,0,0,0.0,0.0,123.33,0.133,0.1,0.033,0.595,0.467,0.0,0.459,0.541,,100.0,153.85,death,,12.33,Assam,5,6.0,middle_order,finisher
Rongsen Jonathan,493,21,474,44,14,20,23.48,66,0,0.048,1,0.048,19.87,8,3,0.381,0.143,104.01,0.122,0.03,0.093,0.527,0.435,0.353,0.533,0.114,92.55,111.44,112.0,death,29.33,21.13,Nagaland,3,2.8095238095238093,top_order,middle_order
Roosh Kalaria,87,14,71,6,5,8,6.21,15,0,0.429,1,0.071,5.12,0,0,0.0,0.0,122.54,0.155,0.07,0.085,0.621,0.423,0.0,0.241,0.759,,110.53,126.92,death,7.17,5.5,Gujarat,8,8.285714285714286,lower_order,tailender
Rosan Kumar Rao,39,3,55,2,0,2,13.0,31,1,0.333,0,0.0,15.87,1,0,0.333,0.0,70.91,0.036,0.0,0.036,0.205,0.455,0.026,0.615,0.359,12.5,70.59,107.69,death,,13.0,Odisha,3,5.333333333333333,top_order,middle_order
Roshan Alam,18,3,18,2,0,1,6.0,14,2,0.667,0,0.0,6.93,0,0,0.0,0.0,100.0,0.111,0.0,0.111,0.444,0.389,0.0,0.0,1.0,,,100.0,death,2.0,8.0,Assam,9,9.5,tailender,tailender
S Anirudha,147,6,113,16,3,2,24.5,54,3,0.667,0,0.0,19.89,3,1,0.5,0.167,130.09,0.168,0.027,0.142,0.558,0.31,0.299,0.265,0.435,122.22,92.86,182.86,death,19.5,34.5,Tamil Nadu,7,5.5,lower_order,tailender
S Aravind,8,5,11,0,0,2,1.6,6,0,0.6,1,0.2,2.51,0,0,0.0,0.0,72.73,0.0,0.0,0.0,0.0,0.364,0.0,0.0,1.0,,,72.73,death,0.5,2.33,Karnataka,11,10.6,tailender,tailender
S Dhawan,194,8,154,25,4,8,24.25,77,0,0.0,1,0.125,24.39,2,1,0.25,0.125,125.97,0.188,0.026,0.162,0.639,0.422,0.727,0.232,0.041,127.03,118.42,160.0,death,16.0,38.0,Delhi,1,1.25,opener,aggressive_opener
S Dube,574,35,423,35,32,21,16.4,63,0,0.4,3,0.086,14.68,4,1,0.114,0.029,135.7,0.158,0.076,0.083,0.578,0.331,0.007,0.416,0.577,30.77,108.64,174.21,death,15.77,17.46,Mumbai,5,5.628571428571429,middle_order,finisher
S Gani,252,11,224,17,11,8,22.91,53,8,0.273,0,0.0,12.32,3,1,0.273,0.091,112.5,0.125,0.049,0.076,0.532,0.411,0.115,0.528,0.357,145.0,83.65,200.0,death,21.6,24.0,Bihar,4,4.181818181818182,top_order,finisher
S Gopal,65,8,54,9,0,8,8.12,20,0,0.0,2,0.25,7.95,0,0,0.0,0.0,120.37,0.167,0.0,0.167,0.554,0.37,0.154,0.262,0.585,142.86,80.95,146.15,death,7.25,9.0,Karnataka,8,7.625,lower_order,tailender
S Karthik,82,10,92,8,2,10,8.2,26,0,0.0,3,0.3,9.45,0,0,0.0,0.0,89.13,0.109,0.022,0.087,0.537,0.554,0.976,0.012,0.012,95.24,25.0,25.0,pp,14.5,4.0,Puducherry,1,2.1,opener,anchor_opener
S Kaul,12,5,13,1,0,4,2.4,6,0,0.2,2,0.4,2.88,0,0,0.0,0.0,92.31,0.077,0.0,0.077,0.333,0.462,0.0,0.0,1.0,,,92.31,death,0.5,3.67,Punjab,10,9.714285714285714,tailender,tailender
S Midhun,23,6,22,0,2,4,3.83,17,0,0.333,2,0.333,6.55,0,0,0.0,0.0,104.55,0.091,0.091,0.0,0.522,0.455,0.0,0.0,1.0,,0.0,109.52,death,8.5,1.5,Kerala,8,8.5,lower_order,tailender
S Nadeem,66,8,66,4,2,6,8.25,27,0,0.25,1,0.125,8.97,0,0,0.0,0.0,100.0,0.091,0.03,0.061,0.424,0.439,0.121,0.303,0.576,61.54,117.65,105.56,mid,,8.25,Jharkhand,8,7.625,lower_order,tailender
S Sanandia,53,6,39,5,2,4,8.83,18,0,0.333,1,0.167,7.52,0,0,0.0,0.0,135.9,0.179,0.051,0.128,0.604,0.359,0.0,0.038,0.962,,66.67,141.67,death,6.67,11.0,Saurashtra,8,8.166666666666666,lower_order,tailender
S Sandeep Warrier,1,3,3,0,0,2,0.33,1,0,0.333,2,0.667,0.58,0,0,0.0,0.0,33.33,0.0,0.0,0.0,0.0,0.667,0.0,0.0,1.0,,0.0,50.0,death,1.0,0.0,Kerala,11,11.0,tailender,tailender
SA Asnodkar,169,10,141,19,5,10,16.9,72,0,0.0,1,0.1,20.9,1,1,0.1,0.1,119.86,0.17,0.035,0.135,0.627,0.447,0.675,0.296,0.03,110.68,142.86,166.67,death,0.0,18.78,Goa,2,1.9,opener,anchor_opener
SA Yadav,1124,40,726,117,44,27,28.1,94,0,0.325,5,0.125,26.43,15,8,0.375,0.2,154.82,0.222,0.061,0.161,0.651,0.304,0.109,0.577,0.315,104.27,162.0,169.38,death,33.0,19.93,Mumbai,4,4.3,top_order,top_order_anchor
SB Dubey,224,10,170,15,10,8,22.4,43,5,0.2,0,0.0,12.19,2,0,0.2,0.0,131.76,0.147,0.059,0.088,0.536,0.306,0.0,0.612,0.388,,110.48,189.13,death,19.71,28.67,Vidarbha,4,4.5,top_order,finisher
SB Jakati,38,7,47,2,2,6,5.43,20,0,0.143,1,0.143,6.9,0,0,0.0,0.0,80.85,0.085,0.043,0.043,0.526,0.574,0.0,0.026,0.974,,11.11,97.37,death,,5.43,Goa,7,7.857142857142857,lower_order,tailender
SB Wagh,64,12,72,4,2,5,5.33,13,1,0.583,0,0.0,4.68,0,0,0.0,0.0,88.89,0.083,0.028,0.056,0.438,0.458,0.0,0.25,0.75,,88.89,88.89,mid,8.75,3.62,Vidarbha,8,8.615384615384615,lower_order,tailender
SC Das,15,3,24,2,0,3,5.0,8,0,0.0,1,0.333,4.36,0,0,0.0,0.0,62.5,0.083,0.0,0.083,0.533,0.667,0.0,0.533,0.467,,50.0,87.5,death,,5.0,Tripura,6,7.0,middle_order,middle_order
SD Lad,764,36,630,66,27,29,21.22,82,0,0.194,4,0.111,19.83,12,3,0.333,0.083,121.27,0.148,0.043,0.105,0.558,0.367,0.187,0.623,0.19,110.85,118.11,147.96,death,22.84,19.41,Mumbai,4,4.25,top_order,middle_order
SF Khan,184,11,144,13,5,8,16.73,47,0,0.273,3,0.273,15.51,2,0,0.182,0.0,127.78,0.125,0.035,0.09,0.446,0.264,0.179,0.571,0.25,143.48,112.9,164.29,death,17.12,15.67,Rajasthan,3,4.181818181818182,top_order,finisher
SG Rohilla,43,3,41,6,0,3,14.33,29,1,0.0,0,0.0,14.05,0,0,0.0,0.0,104.88,0.146,0.0,0.146,0.558,0.512,0.767,0.233,0.0,106.45,100.0,,pp,15.0,13.0,Haryana,2,2.0,opener,anchor_opener
SK Gharami,3,3,10,0,0,3,1.0,2,0,0.0,1,0.333,1.0,0,0,0.0,0.0,30.0,0.0,0.0,0.0,0.0,0.8,1.0,0.0,0.0,30.0,,,pp,0.0,1.5,Bengal,3,3.0,top_order,middle_order
SK Patel,282,10,246,33,7,10,28.2,73,0,0.0,1,0.1,23.68,5,1,0.5,0.1,114.63,0.163,0.028,0.134,0.617,0.419,0.461,0.426,0.113,106.56,112.15,188.24,death,26.5,30.75,Baroda,1,2.4,opener,anchor_opener
SK Raina,630,23,465,53,25,18,27.39,126,1,0.217,0,0.0,29.12,7,5,0.304,0.217,135.48,0.168,0.054,0.114,0.575,0.305,0.322,0.525,0.152,149.26,123.97,154.84,death,29.5,22.57,Uttar Pradesh,3,3.0,top_order,top_order_anchor
SK Rasheed,84,4,78,8,0,3,21.0,37,1,0.25,0,0.0,16.25,2,0,0.5,0.0,107.69,0.103,0.0,0.103,0.381,0.282,0.036,0.655,0.31,33.33,105.77,152.94,death,27.67,1.0,Andhra,4,5.0,top_order,finisher
SL Verma,133,11,92,9,7,10,12.09,51,0,0.091,2,0.182,15.43,1,1,0.091,0.091,144.57,0.174,0.076,0.098,0.586,0.326,0.286,0.714,0.0,108.57,166.67,,mid,16.14,5.0,Himachal,3,3.090909090909091,top_order,top_order_aggressor
SM Fallah,5,4,11,0,0,1,1.25,2,0,0.75,1,0.25,0.96,0,0,0.0,0.0,45.45,0.0,0.0,0.0,0.0,0.545,0.0,0.0,1.0,,0.0,50.0,death,,1.25,Maharashtra,11,10.8,tailender,tailender
SM Gugale,75,9,81,12,0,9,8.33,19,0,0.0,1,0.111,6.93,0,0,0.0,0.0,92.59,0.148,0.0,0.148,0.64,0.556,0.92,0.08,0.0,95.83,66.67,,pp,3.75,12.0,Maharashtra,1,1.8888888888888888,opener,anchor_opener
SM Kazi,21,7,26,2,0,3,3.0,6,0,0.571,1,0.143,2.16,0,0,0.0,0.0,80.77,0.077,0.0,0.077,0.381,0.423,0.0,0.19,0.81,,57.14,89.47,death,2.5,3.2,Maharashtra,8,8.571428571428571,lower_order,tailender
SM Singha,165,11,197,19,2,10,15.0,45,0,0.091,1,0.091,14.09,2,0,0.182,0.0,83.76,0.107,0.01,0.096,0.533,0.548,0.624,0.376,0.0,79.23,95.38,0.0,mid,19.2,11.5,Tripura,2,1.6363636363636365,opener,anchor_opener
SN Khan,280,18,233,24,9,12,15.56,53,0,0.333,2,0.111,14.94,4,1,0.222,0.056,120.17,0.142,0.039,0.103,0.536,0.352,0.025,0.532,0.443,58.33,105.67,155.0,death,17.8,12.75,Mumbai,6,5.222222222222222,middle_order,finisher
SN Thakur,44,9,61,2,0,7,4.89,10,0,0.222,2,0.222,4.04,0,0,0.0,0.0,72.13,0.033,0.0,0.033,0.182,0.459,0.0,0.136,0.864,,42.86,80.85,death,0.0,6.29,Mumbai,9,8.272727272727273,tailender,tailender
SP Goswami,1131,35,799,136,24,31,32.31,86,0,0.114,2,0.057,26.66,15,10,0.429,0.286,141.55,0.2,0.03,0.17,0.608,0.325,0.557,0.386,0.057,140.94,144.22,130.61,mid,37.35,25.6,Bengal,1,1.25,opener,aggressive_opener
SP Jackson,1069,37,822,94,47,30,28.89,106,0,0.189,3,0.081,27.19,15,9,0.405,0.243,130.05,0.172,0.057,0.114,0.616,0.369,0.202,0.523,0.275,98.18,131.22,167.05,death,34.19,21.94,Saurashtra,4,3.324324324324324,top_order,top_order_anchor
SR Swain,52,5,39,7,0,5,10.4,27,2,0.0,0,0.0,11.84,0,0,0.0,0.0,133.33,0.179,0.0,0.179,0.538,0.308,0.0,0.577,0.423,,130.43,137.5,death,10.5,10.33,Services,6,6.6,middle_order,middle_order
SS Agarwal,15,5,14,1,0,2,3.0,8,1,0.6,0,0.0,2.83,0,0,0.0,0.0,107.14,0.071,0.0,0.071,0.267,0.214,0.0,0.0,1.0,,,107.14,death,,3.0,Chhattisgarh,9,8.6,tailender,tailender
SS Bandekar,59,5,60,4,2,4,11.8,31,0,0.2,1,0.2,14.58,1,0,0.2,0.0,98.33,0.1,0.033,0.067,0.475,0.433,0.0,0.458,0.542,,77.14,128.0,death,,11.8,Goa,6,6.4,middle_order,middle_order
SS Iyer,1213,34,821,101,64,30,35.68,147,1,0.118,0,0.0,34.03,15,8,0.441,0.235,147.75,0.201,0.078,0.123,0.65,0.337,0.293,0.547,0.16,131.48,145.61,204.21,death,38.52,27.78,Mumbai,3,3.0,top_order,top_order_anchor
SS Majumder,99,13,111,4,5,11,7.62,27,1,0.154,0,0.0,7.26,0,0,0.0,0.0,89.19,0.081,0.045,0.036,0.465,0.495,0.313,0.182,0.505,124.0,60.0,89.29,pp,9.0,7.36,Tripura,8,7.538461538461538,lower_order,tailender
SS Mundhe,598,26,461,56,19,18,23.0,91,0,0.308,1,0.038,26.07,8,5,0.308,0.192,129.72,0.163,0.041,0.121,0.565,0.345,0.125,0.604,0.271,72.12,138.85,167.01,death,26.3,20.94,Nagaland,3,4.730769230769231,top_order,finisher
SS Prabhudessai,466,22,323,39,21,16,21.18,60,0,0.273,1,0.045,18.95,8,1,0.364,0.045,144.27,0.186,0.065,0.121,0.605,0.319,0.084,0.491,0.425,134.48,128.65,170.69,death,30.4,18.47,Goa,5,5.363636363636363,middle_order,finisher
SS Sharma,119,5,88,7,5,4,23.8,46,0,0.2,1,0.2,18.2,2,0,0.4,0.0,135.23,0.136,0.057,0.08,0.487,0.261,0.0,0.597,0.403,,129.09,145.45,death,27.67,18.0,Baroda,5,5.0,middle_order,middle_order
SS Shinde,7,3,8,1,0,2,2.33,6,0,0.333,0,0.0,3.21,0,0,0.0,0.0,87.5,0.125,0.0,0.125,0.571,0.5,0.0,0.0,1.0,,,87.5,death,,2.33,Gujarat,9,9.0,tailender,tailender
SS Tiwary,656,31,514,51,25,24,21.16,57,1,0.226,0,0.0,15.92,6,4,0.194,0.129,127.63,0.148,0.049,0.099,0.54,0.313,0.16,0.55,0.29,136.36,109.06,179.25,death,25.2,17.38,Jharkhand,4,3.903225806451613,top_order,finisher
SSK Bal,53,3,38,6,2,2,17.67,34,5,0.333,0,0.0,14.84,1,0,0.333,0.0,139.47,0.211,0.053,0.158,0.679,0.368,0.358,0.547,0.094,118.75,152.63,166.67,death,34.0,9.5,Bengal,3,4.0,top_order,finisher
STR Binny,388,23,316,25,15,15,16.87,52,0,0.348,2,0.087,16.53,7,1,0.304,0.043,122.78,0.127,0.047,0.079,0.49,0.31,0.034,0.454,0.513,86.67,95.14,171.55,death,19.33,14.18,Karnataka,4,4.869565217391305,top_order,finisher
SU Shrivastava,195,12,187,20,0,8,16.25,56,0,0.333,0,0.0,18.5,2,1,0.167,0.083,104.28,0.107,0.0,0.107,0.41,0.353,0.344,0.621,0.036,119.64,95.28,175.0,death,16.78,14.67,Vidarbha,3,3.3333333333333335,top_order,finisher
SV Samson,946,31,704,85,41,25,30.52,87,0,0.194,4,0.129,26.69,15,11,0.484,0.355,134.38,0.179,0.058,0.121,0.619,0.349,0.311,0.529,0.161,119.03,133.33,185.37,death,29.24,32.07,Kerala,3,2.6774193548387095,top_order,top_order_anchor
SZ Mulani,111,11,89,12,3,9,10.09,73,0,0.182,3,0.273,21.57,1,1,0.091,0.091,124.72,0.169,0.034,0.135,0.595,0.36,0.108,0.396,0.495,80.0,112.82,157.14,death,4.2,15.0,Mumbai,8,7.416666666666667,lower_order,tailender
Saahil Jain,135,11,130,14,2,10,12.27,31,0,0.091,1,0.091,12.46,1,0,0.091,0.0,103.85,0.123,0.015,0.108,0.504,0.431,0.0,0.674,0.326,,95.79,125.71,death,8.75,14.29,Assam,5,5.454545454545454,middle_order,middle_order
Sachidanand Pandey,35,5,29,2,4,3,7.0,22,0,0.4,1,0.2,9.06,0,0,0.0,0.0,120.69,0.207,0.138,0.069,0.914,0.69,0.0,0.629,0.371,,137.5,100.0,mid,,7.0,Services,8,8.4,lower_order,tailender
Sachin Baby,1111,35,831,86,40,27,31.74,79,0,0.229,1,0.029,22.13,19,8,0.543,0.229,133.69,0.152,0.048,0.103,0.526,0.279,0.058,0.651,0.292,87.67,126.84,172.34,death,26.35,38.93,Kerala,4,4.171428571428572,top_order,top_order_anchor
Sachin Kumar,121,8,106,12,2,3,15.12,34,4,0.625,0,0.0,10.27,1,0,0.125,0.0,114.15,0.132,0.019,0.113,0.496,0.368,0.0,0.405,0.595,,108.89,118.03,death,18.25,12.0,Bihar,5,5.375,middle_order,middle_order
Sagar Trivedi,92,11,98,5,4,9,8.36,17,0,0.182,1,0.091,6.27,0,0,0.0,0.0,93.88,0.092,0.041,0.051,0.478,0.449,0.293,0.272,0.435,108.0,89.29,88.89,pp,7.67,8.62,Puducherry,6,5.181818181818182,middle_order,middle_order
Sagar Udeshi,17,5,30,1,0,3,3.4,9,0,0.4,1,0.2,3.78,0,0,0.0,0.0,56.67,0.033,0.0,0.033,0.235,0.6,0.0,0.765,0.235,,81.25,28.57,mid,,3.4,Puducherry,10,9.6,tailender,tailender
Sagun Kamat,400,16,389,43,9,14,25.0,61,2,0.125,0,0.0,18.35,5,2,0.312,0.125,102.83,0.134,0.023,0.111,0.565,0.442,0.372,0.58,0.048,89.22,113.17,111.76,mid,55.5,20.64,Goa,1,2.125,opener,anchor_opener
Saidingliana Sailo,18,5,39,1,0,3,3.6,6,2,0.4,0,0.0,1.82,0,0,0.0,0.0,46.15,0.026,0.0,0.026,0.222,0.641,0.0,0.444,0.556,,47.06,45.45,mid,,3.6,Mizoram,5,6.8,middle_order,middle_order
Salman Nizar,188,10,133,8,13,5,18.8,57,0,0.5,1,0.1,17.49,2,1,0.2,0.1,141.35,0.158,0.098,0.06,0.585,0.338,0.043,0.223,0.734,88.89,84.0,186.49,death,17.67,19.29,Kerala,6,5.7,middle_order,finisher
Samar Quadri,8,5,13,0,0,3,1.6,5,0,0.4,2,0.4,2.07,0,0,0.0,0.0,61.54,0.0,0.0,0.0,0.0,0.538,0.0,0.0,1.0,,,61.54,death,1.5,1.67,Bihar,10,9.0,tailender,tailender
Samarth Seth,275,12,246,33,6,11,22.92,66,0,0.083,1,0.083,23.16,4,2,0.333,0.167,111.79,0.159,0.024,0.134,0.611,0.447,0.585,0.378,0.036,99.38,131.65,200.0,death,66.0,19.0,Arunachal Pradesh,1,1.3333333333333333,opener,anchor_opener
Samarth Singh,609,25,532,59,19,24,24.36,93,0,0.04,2,0.08,25.64,6,4,0.24,0.16,114.47,0.147,0.036,0.111,0.575,0.412,0.53,0.305,0.164,103.53,117.72,161.29,death,25.88,21.67,Uttar Pradesh,2,1.92,opener,anchor_opener
Samarth Vyas,512,22,352,45,30,20,23.27,97,0,0.091,3,0.136,24.32,7,3,0.318,0.136,145.45,0.213,0.085,0.128,0.703,0.403,0.316,0.527,0.156,138.46,141.36,181.82,death,27.83,17.8,Saurashtra,3,3.590909090909091,top_order,top_order_aggressor
Sameer Choudhary,16,3,29,0,0,3,5.33,10,0,0.0,1,0.333,5.03,0,0,0.0,0.0,55.17,0.0,0.0,0.0,0.0,0.483,0.25,0.438,0.312,44.44,58.33,62.5,death,3.0,10.0,Uttar Pradesh,6,5.5,middle_order,middle_order
Sameer Rizvi,213,7,157,17,12,5,30.43,59,14,0.286,0,0.0,15.64,3,1,0.429,0.143,135.67,0.185,0.076,0.108,0.657,0.376,0.009,0.723,0.268,18.18,129.41,211.11,death,32.25,28.0,Uttar Pradesh,4,4.428571428571429,top_order,top_order_anchor
Sandeep Pattnaik,193,9,174,27,1,7,21.44,54,1,0.222,0,0.0,20.11,2,2,0.222,0.222,110.92,0.161,0.006,0.155,0.591,0.425,0.528,0.472,0.0,106.25,116.67,,mid,24.8,17.25,Odisha,2,2.111111111111111,opener,anchor_opener
Sandeep Sharma,20,6,26,1,0,1,3.33,6,1,0.833,0,0.0,2.58,0,0,0.0,0.0,76.92,0.038,0.0,0.038,0.2,0.385,0.0,0.0,1.0,,,76.92,death,1.0,3.8,Punjab,10,9.875,tailender,tailender
Sanjay Raghunath,116,4,100,15,3,4,29.0,63,4,0.0,0,0.0,25.21,2,1,0.5,0.25,116.0,0.18,0.03,0.15,0.672,0.45,0.586,0.414,0.0,111.48,123.08,,mid,37.33,4.0,Vidarbha,2,1.75,opener,anchor_opener
Sanjeet Desai,117,7,106,5,6,5,16.71,62,2,0.286,0,0.0,21.05,1,1,0.143,0.143,110.38,0.104,0.057,0.047,0.479,0.358,0.325,0.368,0.308,92.68,91.49,200.0,death,28.33,8.0,Chhattisgarh,3,4.285714285714286,top_order,finisher
Sankar Paul,71,5,77,3,3,4,14.2,27,5,0.2,0,0.0,10.85,0,0,0.0,0.0,92.21,0.078,0.039,0.039,0.423,0.429,0.042,0.606,0.352,21.43,86.0,192.31,death,15.5,13.33,Tripura,6,5.8,middle_order,finisher
Sanvir Singh,226,12,115,19,13,4,18.83,55,1,0.667,0,0.0,15.95,2,1,0.167,0.083,196.52,0.278,0.113,0.165,0.681,0.209,0.0,0.075,0.925,,141.67,202.91,death,25.0,10.2,Punjab,6,5.916666666666667,middle_order,finisher
Saransh Jain,23,4,32,0,0,3,5.75,11,0,0.25,1,0.25,4.79,0,0,0.0,0.0,71.88,0.0,0.0,0.0,0.0,0.312,0.0,0.609,0.391,,70.0,75.0,death,,5.75,Madhya Pradesh,10,7.75,tailender,tailender
Sarbeswar Mohanty,30,6,39,1,1,4,5.0,16,0,0.333,2,0.333,6.57,0,0,0.0,0.0,76.92,0.051,0.026,0.026,0.333,0.487,0.0,0.333,0.667,,76.92,76.92,mid,6.5,4.25,Odisha,7,7.0,lower_order,tailender
Sarfaraz Ashraf,34,6,59,2,0,6,5.67,15,0,0.0,1,0.167,5.57,0,0,0.0,0.0,57.63,0.034,0.0,0.034,0.235,0.542,0.029,0.618,0.353,16.67,53.85,85.71,death,,5.67,Bihar,6,6.333333333333333,middle_order,middle_order
Sarthak Ranjan,61,4,47,8,2,4,15.25,31,2,0.0,0,0.0,14.93,1,0,0.25,0.0,129.79,0.213,0.043,0.17,0.721,0.447,0.623,0.377,0.0,135.71,121.05,,pp,15.25,,Delhi,2,3.0,opener,aggressive_opener
Sarul Kanwar,148,8,137,12,8,8,18.5,50,0,0.0,1,0.125,16.73,2,1,0.25,0.125,108.03,0.146,0.058,0.088,0.649,0.54,0.635,0.365,0.0,92.16,154.29,,mid,16.75,20.25,Chandigarh,2,1.75,opener,anchor_opener
Satyajeet Bachhav,51,11,53,5,0,8,4.64,10,0,0.273,1,0.091,3.26,0,0,0.0,0.0,96.23,0.094,0.0,0.094,0.392,0.377,0.0,0.137,0.863,,70.0,102.33,death,2.0,5.22,Maharashtra,8,8.636363636363637,lower_order,tailender
Saurabh Das,107,9,115,4,7,6,11.89,44,0,0.333,4,0.444,15.74,2,0,0.222,0.0,93.04,0.096,0.061,0.035,0.542,0.504,0.037,0.271,0.692,26.67,56.86,151.02,death,7.0,12.5,Tripura,8,7.333333333333333,lower_order,tailender
Saurabh Kumar,115,13,88,8,7,10,8.85,33,0,0.231,1,0.077,10.53,1,0,0.077,0.0,130.68,0.17,0.08,0.091,0.643,0.42,0.096,0.365,0.539,137.5,102.44,158.97,death,0.67,11.3,Uttar Pradesh,7,7.0,lower_order,tailender
Saurabh Rawat,300,19,265,20,11,17,15.79,70,1,0.105,0,0.0,17.45,4,1,0.211,0.053,113.21,0.117,0.042,0.075,0.487,0.355,0.2,0.597,0.203,101.69,100.56,217.86,death,15.43,16.0,Uttarakhand,4,4.2105263157894735,top_order,finisher
Saurabh Wakaskar,239,8,158,17,15,8,29.88,118,2,0.0,0,0.0,37.58,2,1,0.25,0.125,151.27,0.203,0.095,0.108,0.661,0.335,0.351,0.515,0.134,131.25,150.0,266.67,death,20.5,33.0,Railways,3,2.625,top_order,top_order_anchor
Saurav Chauhan,242,13,202,19,9,11,18.62,50,0,0.154,1,0.077,17.82,4,1,0.308,0.077,119.8,0.139,0.045,0.094,0.537,0.347,0.285,0.674,0.041,85.19,144.25,125.0,mid,21.11,13.0,Gujarat,2,3.230769230769231,opener,anchor_opener
Sayan Ghosh,17,4,15,4,0,2,4.25,8,0,0.5,1,0.25,4.35,0,0,0.0,0.0,113.33,0.267,0.0,0.267,0.941,0.667,0.0,0.0,1.0,,,113.33,death,1.0,5.33,Bengal,11,10.6,tailender,tailender
Sayan Mondal,146,6,129,12,2,5,24.33,52,6,0.167,0,0.0,21.6,2,2,0.333,0.333,113.18,0.109,0.016,0.093,0.411,0.372,0.377,0.562,0.062,96.49,124.24,150.0,death,29.5,21.75,Bengal,1,3.0,opener,anchor_opener
Sedezhalie Rupero,166,15,224,17,1,15,11.07,38,0,0.0,1,0.067,11.83,2,0,0.133,0.0,74.11,0.08,0.004,0.076,0.446,0.576,0.651,0.319,0.03,90.0,56.99,45.45,pp,3.0,11.64,Nagaland,2,2.533333333333333,opener,anchor_opener
Shahbaz Ahmed,294,18,235,18,13,13,16.33,60,0,0.278,2,0.111,17.71,3,2,0.167,0.111,125.11,0.132,0.055,0.077,0.51,0.332,0.02,0.527,0.452,200.0,109.15,147.78,pp,12.14,19.0,Bengal,6,5.944444444444445,middle_order,middle_order
Shakeeb Ahmed,87,7,63,8,3,5,12.43,45,0,0.286,2,0.286,15.48,1,0,0.143,0.0,138.1,0.175,0.048,0.127,0.575,0.317,0.0,0.529,0.471,,127.78,151.85,death,16.0,11.83,Chhattisgarh,5,6.285714285714286,middle_order,finisher
Sharad Lumba,134,8,100,4,9,7,16.75,31,1,0.125,0,0.0,10.57,1,0,0.125,0.0,134.0,0.13,0.09,0.04,0.522,0.3,0.0,0.269,0.731,,102.86,150.77,death,20.8,10.0,Punjab,6,5.875,middle_order,finisher
Shashank Chandrakar,614,27,450,60,25,25,22.74,82,0,0.074,2,0.074,24.81,7,5,0.259,0.185,136.44,0.189,0.056,0.133,0.635,0.396,0.638,0.332,0.029,133.79,143.66,120.0,mid,35.8,15.06,Chhattisgarh,2,1.8888888888888888,opener,aggressive_opener
Shashank Singh,366,24,297,29,13,21,15.25,57,1,0.125,0,0.0,16.87,3,3,0.125,0.125,123.23,0.141,0.044,0.098,0.53,0.343,0.178,0.44,0.383,120.37,98.17,177.22,death,15.14,15.29,Chhattisgarh,5,4.56,middle_order,finisher
Shasheem Rathour,260,12,249,26,5,11,21.67,60,0,0.083,1,0.083,19.88,4,2,0.333,0.167,104.42,0.124,0.02,0.104,0.515,0.438,0.588,0.327,0.085,104.08,107.59,95.65,mid,29.25,6.5,Bihar,2,2.5,opener,anchor_opener
Shashi Shekhar,1,3,4,0,0,0,0.33,1,0,1.0,0,0.0,0.58,0,0,0.0,0.0,25.0,0.0,0.0,0.0,0.0,0.75,0.0,0.0,1.0,,,25.0,death,,0.33,Bihar,11,10.666666666666666,tailender,tailender
Shashwat Kohli,51,7,66,6,0,7,7.29,22,1,0.0,0,0.0,6.99,0,0,0.0,0.0,77.27,0.091,0.0,0.091,0.471,0.545,0.745,0.255,0.0,88.37,56.52,,pp,,7.29,Arunachal Pradesh,2,3.2857142857142856,opener,anchor_opener
Shashwat Rawat,81,4,71,5,3,4,20.25,40,0,0.0,1,0.25,19.26,2,0,0.5,0.0,114.08,0.113,0.042,0.07,0.469,0.38,0.593,0.407,0.0,102.13,137.5,,mid,40.0,13.67,Baroda,1,1.5,opener,anchor_opener
Shiva Singh,26,5,18,0,2,2,5.2,18,0,0.6,2,0.4,7.56,0,0,0.0,0.0,144.44,0.111,0.111,0.0,0.462,0.333,0.0,0.0,1.0,,0.0,152.94,death,18.0,2.0,Uttar Pradesh,8,8.0,lower_order,tailender
Shivam Bhambri,394,13,300,35,17,12,30.31,75,5,0.077,0,0.0,22.73,5,3,0.385,0.231,131.33,0.173,0.057,0.117,0.614,0.38,0.391,0.47,0.14,128.33,120.13,211.54,death,52.0,16.75,Chandigarh,3,2.6923076923076925,top_order,top_order_anchor
Shivam Chaudhary,586,23,502,62,14,21,25.48,84,0,0.087,2,0.087,23.93,9,4,0.391,0.174,116.73,0.151,0.028,0.124,0.567,0.412,0.459,0.428,0.113,117.47,112.05,134.69,death,25.45,25.5,Railways,2,2.347826086956522,opener,anchor_opener
Shivam Chauhan,627,22,509,69,12,19,28.5,59,1,0.136,0,0.0,18.76,12,3,0.545,0.136,123.18,0.159,0.024,0.136,0.555,0.371,0.258,0.638,0.104,120.9,122.7,132.65,death,33.4,18.0,Haryana,4,3.652173913043478,top_order,top_order_anchor
Shivam Khurana,50,4,46,2,3,4,12.5,29,0,0.0,1,0.25,12.23,0,0,0.0,0.0,108.7,0.109,0.065,0.043,0.52,0.37,0.0,0.68,0.32,,97.14,145.45,death,21.0,4.0,Uttarakhand,6,6.0,middle_order,middle_order
Shivam Kumar,19,4,23,2,0,2,4.75,12,1,0.5,0,0.0,4.99,0,0,0.0,0.0,82.61,0.087,0.0,0.087,0.421,0.435,0.0,0.0,1.0,,,82.61,death,,4.75,Bihar,9,9.5,tailender,tailender
Shivam Mavi,6,3,16,0,0,3,2.0,4,1,0.0,0,0.0,1.73,0,0,0.0,0.0,37.5,0.0,0.0,0.0,0.0,0.625,0.0,0.5,0.5,,60.0,27.27,mid,,2.0,Uttar Pradesh,8,8.25,lower_order,tailender
Shivam Sharma,15,3,19,2,0,3,5.0,12,0,0.0,1,0.333,6.24,0,0,0.0,0.0,78.95,0.105,0.0,0.105,0.533,0.526,0.0,0.8,0.2,,85.71,60.0,mid,6.0,3.0,Delhi,9,9.333333333333334,tailender,tailender
Shivank Vashisth,12,3,22,0,0,2,4.0,6,1,0.333,0,0.0,2.65,0,0,0.0,0.0,54.55,0.0,0.0,0.0,0.0,0.5,0.0,0.417,0.583,,55.56,53.85,mid,5.0,3.5,Delhi,7,8.0,lower_order,tailender
Shivendra Singh,44,7,47,2,1,4,6.29,27,1,0.429,0,0.0,9.27,0,0,0.0,0.0,93.62,0.064,0.021,0.043,0.318,0.404,0.0,0.114,0.886,,125.0,90.7,mid,1.0,7.17,Chhattisgarh,7,8.285714285714286,lower_order,tailender
Shoaib Mohammed Khan,81,6,74,5,3,3,13.5,26,3,0.5,0,0.0,8.26,0,0,0.0,0.0,109.46,0.108,0.041,0.068,0.469,0.351,0.0,0.333,0.667,,84.38,128.57,death,10.0,14.2,Andhra,8,7.833333333333333,lower_order,tailender
Shubham Chaubey,182,15,151,10,9,12,12.13,35,0,0.2,3,0.2,11.19,1,0,0.067,0.0,120.53,0.126,0.06,0.066,0.516,0.358,0.132,0.39,0.478,104.35,88.75,181.25,death,15.8,10.3,Uttar Pradesh,5,5.6,middle_order,finisher
Shubham Kamal Sharma,13,3,22,1,0,2,4.33,5,3,0.333,0,0.0,1.15,0,0,0.0,0.0,59.09,0.045,0.0,0.045,0.308,0.591,0.0,0.308,0.692,,33.33,90.0,death,5.0,3.0,Rajasthan,7,7.333333333333333,lower_order,tailender
Shubham Khajuria,322,19,275,26,12,17,16.95,73,0,0.105,3,0.158,20.06,4,2,0.211,0.105,117.09,0.138,0.044,0.095,0.547,0.415,0.528,0.463,0.009,103.03,137.96,150.0,death,26.75,9.82,Jammu & Kashmir,1,1.9473684210526316,opener,anchor_opener
Shubham Pundir,452,21,401,42,12,14,21.52,68,0,0.333,1,0.048,17.71,5,2,0.238,0.095,112.72,0.135,0.03,0.105,0.531,0.374,0.117,0.628,0.254,77.94,108.4,161.97,death,23.2,20.0,Jammu & Kashmir,4,4.238095238095238,top_order,finisher
Shubham Ranjane,256,12,223,22,5,8,21.33,52,1,0.333,0,0.0,14.5,4,1,0.333,0.083,114.8,0.121,0.022,0.099,0.461,0.318,0.125,0.52,0.355,103.23,98.52,159.65,death,29.75,17.12,Mumbai,7,5.769230769230769,lower_order,tailender
Shubham Sharma,203,9,195,23,2,9,22.56,56,6,0.0,0,0.0,15.37,2,1,0.222,0.111,104.1,0.128,0.01,0.118,0.512,0.436,0.67,0.315,0.015,119.3,82.05,100.0,pp,17.25,26.8,Madhya Pradesh,2,2.3333333333333335,opener,anchor_opener
Shubman Gill,635,18,455,63,25,15,35.28,126,1,0.167,0,0.0,32.72,9,4,0.5,0.222,139.56,0.193,0.055,0.138,0.633,0.356,0.461,0.457,0.082,116.73,155.08,305.88,death,40.0,30.56,Punjab,1,1.3333333333333333,opener,anchor_opener
Sibsankar Roy,528,20,423,58,11,18,26.4,83,0,0.1,1,0.05,23.15,8,4,0.4,0.2,124.82,0.163,0.026,0.137,0.564,0.357,0.367,0.54,0.093,110.86,134.43,136.11,death,37.8,22.6,Assam,3,3.2,top_order,top_order_anchor
Siddhesh Wath,166,9,156,21,4,9,18.44,36,0,0.0,3,0.333,14.5,2,0,0.222,0.0,106.41,0.16,0.026,0.135,0.651,0.487,0.572,0.422,0.006,104.4,111.11,50.0,mid,11.8,26.75,Vidarbha,1,2.111111111111111,opener,anchor_opener
Simarjeet Singh,2,3,5,0,0,1,0.67,1,0,0.667,0,0.0,0.58,0,0,0.0,0.0,40.0,0.0,0.0,0.0,0.0,0.6,0.0,0.0,1.0,,,40.0,death,,0.67,Delhi,10,10.333333333333334,tailender,tailender
Sinan Khadir,56,7,63,8,0,7,8.0,17,0,0.0,1,0.143,7.16,0,0,0.0,0.0,88.89,0.127,0.0,0.127,0.571,0.492,0.018,0.607,0.375,33.33,77.27,131.25,death,,8.0,Mizoram,3,4.428571428571429,top_order,middle_order
Sirla Srinivas,105,6,93,8,5,5,17.5,29,1,0.167,0,0.0,13.03,0,0,0.0,0.0,112.9,0.14,0.054,0.086,0.59,0.441,0.0,0.343,0.657,,85.71,135.29,death,1.0,20.8,Andhra,7,7.5,lower_order,tailender
Snehal Kauthankar,392,20,365,39,5,17,19.6,57,0,0.15,1,0.05,16.93,5,2,0.25,0.1,107.4,0.121,0.014,0.107,0.474,0.359,0.332,0.559,0.11,93.53,111.73,143.33,death,22.8,18.53,Goa,3,2.9,top_order,middle_order
Soaeb Tai,56,5,49,5,0,2,11.2,26,3,0.6,0,0.0,8.76,0,0,0.0,0.0,114.29,0.102,0.0,0.102,0.357,0.327,0.0,0.143,0.857,,88.89,120.0,death,7.5,26.0,Baroda,7,7.6,lower_order,tailender
Sohraab Dhaliwal,213,14,136,14,13,10,15.21,45,0,0.286,1,0.071,13.3,2,0,0.143,0.0,156.62,0.199,0.096,0.103,0.629,0.294,0.0,0.343,0.657,,125.86,179.49,death,14.86,15.57,Madhya Pradesh,6,6.357142857142857,middle_order,finisher
Somorjit Salam,13,3,13,1,1,1,4.33,12,0,0.667,1,0.333,6.66,0,0,0.0,0.0,100.0,0.154,0.077,0.077,0.769,0.615,0.0,0.0,1.0,,0.0,108.33,death,,4.33,Manipur,9,9.666666666666666,tailender,tailender
Song Tacho,74,10,100,3,1,8,7.4,26,0,0.2,3,0.3,9.63,0,0,0.0,0.0,74.0,0.04,0.01,0.03,0.243,0.5,0.541,0.189,0.27,111.11,43.75,62.5,pp,,7.4,Arunachal Pradesh,7,5.545454545454546,lower_order,tailender
Sourabh Majumdar,3,3,8,0,0,2,1.0,3,0,0.333,2,0.667,1.73,0,0,0.0,0.0,37.5,0.0,0.0,0.0,0.0,0.75,0.0,0.0,1.0,,,37.5,death,,1.0,Chhattisgarh,10,10.5,tailender,tailender
Srinivas Fadte,32,6,33,3,0,4,5.33,15,0,0.333,1,0.167,5.2,0,0,0.0,0.0,96.97,0.091,0.0,0.091,0.375,0.394,0.125,0.031,0.844,100.0,33.33,103.85,death,,5.33,Goa,9,8.333333333333334,tailender,tailender
Subhransu Senapati,492,20,382,36,22,19,24.6,64,0,0.05,1,0.05,18.07,8,2,0.4,0.1,128.8,0.152,0.058,0.094,0.561,0.351,0.402,0.52,0.077,141.43,115.84,180.95,death,28.75,21.83,Odisha,3,3.3,top_order,finisher
Suboth Bhati,122,17,88,11,9,11,7.18,26,0,0.353,4,0.235,8.05,0,0,0.0,0.0,138.64,0.227,0.102,0.125,0.803,0.511,0.205,0.049,0.746,131.58,31.58,182.0,death,5.38,8.78,Delhi,9,7.411764705882353,tailender,tailender
Subramanian Anand,177,8,169,14,4,8,22.12,42,1,0.0,0,0.0,15.3,3,0,0.375,0.0,104.73,0.107,0.024,0.083,0.452,0.391,0.271,0.616,0.113,111.63,105.83,86.96,pp,21.25,23.0,Puducherry,5,4.375,middle_order,middle_order
Sudip Chatterjee,399,21,348,44,3,18,19.0,51,0,0.143,2,0.095,18.87,6,3,0.286,0.143,114.66,0.135,0.009,0.126,0.486,0.376,0.414,0.444,0.143,115.38,109.94,129.55,death,27.0,8.33,Bengal,4,3.0952380952380953,top_order,middle_order
Suheh Hussain,27,3,28,1,1,3,9.0,18,3,0.0,0,0.0,7.94,0,0,0.0,0.0,96.43,0.071,0.036,0.036,0.37,0.393,0.037,0.963,0.0,33.33,104.0,,mid,18.0,4.5,Arunachal Pradesh,3,5.0,top_order,middle_order
Sujit Nayak,38,4,28,5,1,1,9.5,17,0,0.75,1,0.25,7.05,0,0,0.0,0.0,135.71,0.214,0.036,0.179,0.684,0.429,0.0,0.0,1.0,,0.0,172.73,death,13.5,5.5,Mumbai,7,7.0,lower_order,tailender
Sultan Karim,45,10,96,2,0,8,4.5,11,0,0.2,0,0.0,3.41,0,0,0.0,0.0,46.88,0.021,0.0,0.021,0.178,0.604,0.022,0.333,0.644,16.67,44.12,51.79,death,,4.5,Manipur,9,7.6,tailender,tailender
Sumit Kumar,628,38,500,57,26,26,16.53,63,0,0.316,3,0.079,15.12,6,1,0.158,0.026,125.6,0.166,0.052,0.114,0.611,0.39,0.108,0.411,0.481,100.0,107.5,157.29,death,18.5,14.75,Haryana,6,5.5,middle_order,finisher
Sumit Lama,14,4,28,1,0,3,3.5,8,1,0.25,0,0.0,3.11,0,0,0.0,0.0,50.0,0.036,0.0,0.036,0.286,0.643,0.0,0.0,1.0,,0.0,60.87,death,,3.5,Mizoram,9,8.75,tailender,tailender
Sumit Ruikar,47,8,37,4,2,7,5.88,18,0,0.125,2,0.25,6.83,0,0,0.0,0.0,127.03,0.162,0.054,0.108,0.596,0.351,0.0,0.34,0.66,,160.0,114.81,mid,,5.88,Chhattisgarh,8,8.875,lower_order,tailender
Sumit Singh,122,8,114,9,6,7,15.25,24,5,0.125,0,0.0,6.78,0,0,0.0,0.0,107.02,0.132,0.053,0.079,0.59,0.465,0.18,0.631,0.189,146.67,98.72,109.52,pp,13.5,15.83,Services,3,5.25,top_order,middle_order
Sunny Rana,2,4,10,0,0,4,0.5,2,0,0.0,3,0.75,1.0,0,0,0.0,0.0,20.0,0.0,0.0,0.0,0.0,0.8,0.0,0.0,1.0,,0.0,50.0,death,,0.5,Uttarakhand,10,9.25,tailender,tailender
Suraj Ahuja,72,8,65,4,2,6,9.0,22,2,0.25,0,0.0,6.72,0,0,0.0,0.0,110.77,0.092,0.031,0.062,0.389,0.338,0.014,0.514,0.472,50.0,127.59,100.0,mid,5.75,12.25,Railways,6,6.125,middle_order,middle_order
Suraj Tayam,29,3,54,3,0,2,9.67,17,3,0.333,0,0.0,7.02,0,0,0.0,0.0,53.7,0.056,0.0,0.056,0.414,0.648,0.172,0.517,0.31,35.71,57.69,64.29,death,,9.67,Arunachal Pradesh,3,4.0,top_order,middle_order
Suresh Kumar,21,3,27,3,0,2,7.0,16,1,0.333,0,0.0,7.94,0,0,0.0,0.0,77.78,0.111,0.0,0.111,0.571,0.556,0.19,0.095,0.714,50.0,66.67,93.75,death,8.5,4.0,Puducherry,3,5.666666666666667,top_order,middle_order
Suryakant Pradhan,127,13,80,9,8,12,9.77,32,0,0.077,2,0.154,9.99,1,0,0.077,0.0,158.75,0.212,0.1,0.112,0.661,0.338,0.0,0.323,0.677,,128.12,179.17,death,7.25,10.89,Odisha,8,8.076923076923077,lower_order,lower_order_hitter
Suryansh Raina,91,6,72,9,4,6,15.17,48,0,0.0,1,0.167,20.33,2,0,0.333,0.0,126.39,0.181,0.056,0.125,0.659,0.417,0.78,0.209,0.011,169.05,70.37,33.33,pp,40.5,2.5,Jammu & Kashmir,7,5.5,lower_order,tailender
Suryansh Shedge,78,3,28,4,8,0,26.0,36,6,1.0,0,0.0,17.32,2,0,0.667,0.0,278.57,0.429,0.286,0.143,0.821,0.143,0.0,0.013,0.987,,50.0,296.15,death,26.0,,Mumbai,6,6.333333333333333,middle_order,finisher
Swapnil Singh,534,30,432,35,24,22,17.8,50,0,0.267,2,0.067,14.3,6,1,0.2,0.033,123.61,0.137,0.056,0.081,0.532,0.333,0.064,0.569,0.367,121.43,116.03,138.03,death,21.56,13.5,Baroda,6,5.666666666666667,middle_order,middle_order
Swarajeet Das,70,11,103,4,0,8,6.36,23,0,0.273,2,0.182,7.2,0,0,0.0,0.0,67.96,0.039,0.0,0.039,0.229,0.505,0.257,0.514,0.229,58.06,69.23,80.0,death,0.5,7.67,Meghalaya,6,5.0,middle_order,middle_order
Swarupam Purkayastha,90,13,124,12,0,11,6.92,27,0,0.154,3,0.231,7.78,0,0,0.0,0.0,72.58,0.097,0.0,0.097,0.533,0.589,0.911,0.0,0.089,69.49,,133.33,death,9.0,6.3,Assam,2,2.6923076923076925,opener,anchor_opener
Syed Sagar,8,4,18,0,0,4,2.0,8,0,0.0,3,0.75,4.0,0,0,0.0,0.0,44.44,0.0,0.0,0.0,0.0,0.611,0.0,0.0,1.0,,0.0,53.33,death,,2.0,Jammu & Kashmir,9,8.25,tailender,tailender
T Kohli,812,26,722,85,16,24,31.23,90,0,0.077,1,0.038,26.34,10,6,0.385,0.231,112.47,0.14,0.022,0.118,0.537,0.41,0.451,0.413,0.137,100.83,118.79,144.16,death,38.0,30.96,Mizoram,1,1.9615384615384615,opener,anchor_opener
T Mishra,55,6,60,5,2,6,9.17,25,0,0.0,1,0.167,8.84,0,0,0.0,0.0,91.67,0.117,0.033,0.083,0.582,0.517,0.564,0.436,0.0,70.45,150.0,,mid,6.0,9.8,Tripura,2,3.0,opener,anchor_opener
T Pradeep,158,10,96,7,15,7,15.8,36,0,0.3,1,0.1,15.32,3,0,0.3,0.0,164.58,0.229,0.156,0.073,0.747,0.396,0.0,0.323,0.677,,150.0,172.58,death,25.0,11.86,Railways,9,8.0,tailender,lower_order_hitter
TM Srivastava,229,6,190,21,8,4,38.17,67,4,0.333,0,0.0,24.92,4,2,0.667,0.333,120.53,0.153,0.042,0.111,0.576,0.384,0.21,0.568,0.223,87.27,126.21,159.38,death,26.5,44.0,Uttarakhand,3,3.0,top_order,top_order_anchor
TS Saha,17,4,32,1,0,4,4.25,6,2,0.0,0,0.0,1.71,0,0,0.0,0.0,53.12,0.031,0.0,0.031,0.235,0.625,0.294,0.176,0.529,50.0,33.33,69.23,death,,4.25,Tripura,9,7.75,tailender,tailender
TT Sawkar,72,5,53,2,5,2,14.4,23,0,0.6,1,0.2,9.5,0,0,0.0,0.0,135.85,0.132,0.094,0.038,0.528,0.377,0.208,0.625,0.167,166.67,118.42,200.0,death,18.5,11.67,Goa,3,5.2,top_order,finisher
TU Deshpande,13,5,15,1,0,3,2.6,5,0,0.4,1,0.2,2.07,0,0,0.0,0.0,86.67,0.067,0.0,0.067,0.308,0.6,0.0,0.0,1.0,,,86.67,death,0.0,3.25,Mumbai,11,10.666666666666666,tailender,tailender
Tahmeed Rahman,18,10,40,1,0,5,1.8,7,0,0.5,3,0.3,2.1,0,0,0.0,0.0,45.0,0.025,0.0,0.025,0.222,0.65,0.0,0.111,0.889,,28.57,48.48,death,,1.8,Nagaland,9,8.7,tailender,tailender
Tajinder Singh,223,11,143,21,10,8,20.27,51,1,0.273,0,0.0,16.99,3,1,0.273,0.091,155.94,0.217,0.07,0.147,0.646,0.301,0.0,0.296,0.704,,122.22,176.4,death,23.25,12.33,Rajasthan,6,5.636363636363637,middle_order,finisher
Tana Davit,12,3,18,2,0,3,4.0,6,0,0.0,1,0.333,3.46,0,0,0.0,0.0,66.67,0.111,0.0,0.111,0.667,0.722,0.0,0.5,0.5,0.0,66.67,75.0,death,,4.0,Arunachal Pradesh,8,6.333333333333333,lower_order,tailender
Tanay Thyagarajan,111,11,86,9,5,8,10.09,25,0,0.273,2,0.182,9.81,0,0,0.0,0.0,129.07,0.163,0.058,0.105,0.595,0.372,0.0,0.171,0.829,,90.48,141.54,death,4.0,13.57,Hyderabad (India),8,7.909090909090909,lower_order,tailender
Tanmay Agarwal,925,36,747,96,22,35,25.69,97,0,0.028,2,0.056,21.23,13,6,0.361,0.167,123.83,0.158,0.029,0.129,0.558,0.352,0.615,0.336,0.049,119.29,126.42,187.5,death,37.87,17.0,Hyderabad (India),1,1.25,opener,anchor_opener
Tanush Kotian,51,4,39,4,2,2,12.75,28,7,0.5,0,0.0,10.21,0,0,0.0,0.0,130.77,0.154,0.051,0.103,0.549,0.385,0.0,0.176,0.824,,64.29,168.0,death,7.67,28.0,Mumbai,9,9.25,tailender,tailender
Tanveer Ul-Haq,38,8,52,2,1,4,4.75,11,1,0.5,0,0.0,3.88,0,0,0.0,0.0,73.08,0.058,0.019,0.038,0.368,0.519,0.0,0.158,0.842,,60.0,76.19,death,2.0,5.14,Rajasthan,9,8.875,tailender,tailender
Tarang Gohel,143,7,82,16,8,6,20.43,51,0,0.143,1,0.143,22.16,2,2,0.286,0.286,174.39,0.293,0.098,0.195,0.783,0.378,0.839,0.161,0.0,173.91,176.92,,mid,31.25,6.0,Saurashtra,1,1.1428571428571428,opener,aggressive_opener
Tashi Bhalla,17,3,22,2,1,3,5.67,13,0,0.0,1,0.333,6.66,0,0,0.0,0.0,77.27,0.136,0.045,0.091,0.824,0.727,0.0,1.0,0.0,,100.0,0.0,mid,,5.67,Sikkim,7,8.0,lower_order,tailender
Techi Doria,242,16,304,27,2,15,15.12,43,0,0.062,2,0.125,13.56,2,0,0.125,0.0,79.61,0.095,0.007,0.089,0.496,0.556,0.674,0.256,0.07,93.14,52.99,141.67,death,20.0,14.8,Arunachal Pradesh,2,2.5,opener,anchor_opener
Techi Neri,64,11,91,5,2,6,5.82,26,0,0.455,3,0.273,9.18,0,0,0.0,0.0,70.33,0.077,0.022,0.055,0.5,0.571,0.516,0.312,0.172,126.92,44.44,55.0,pp,,5.82,Arunachal Pradesh,8,7.090909090909091,lower_order,tailender
Techi Sonam,4,3,15,1,0,3,1.33,4,0,0.0,2,0.667,2.31,0,0,0.0,0.0,26.67,0.067,0.0,0.067,1.0,0.933,1.0,0.0,0.0,50.0,0.0,,pp,,1.33,Arunachal Pradesh,3,4.0,top_order,middle_order
Tejas Patel,43,4,24,7,0,2,10.75,22,2,0.5,0,0.0,9.84,0,0,0.0,0.0,179.17,0.292,0.0,0.292,0.651,0.167,0.0,0.07,0.93,,100.0,190.48,death,16.0,9.0,Gujarat,10,9.75,tailender,lower_order_hitter
Thomas Moirangthem,4,3,11,0,0,1,1.33,2,0,0.667,1,0.333,1.15,0,0,0.0,0.0,36.36,0.0,0.0,0.0,0.0,0.727,0.0,0.0,1.0,,,36.36,death,,1.33,Manipur,8,9.0,lower_order,tailender
Tilak Varma,520,18,360,39,25,15,28.89,75,0,0.167,2,0.111,25.02,8,6,0.444,0.333,144.44,0.178,0.069,0.108,0.588,0.319,0.352,0.469,0.179,130.71,137.08,221.43,death,34.0,22.5,Hyderabad (India),3,3.111111111111111,top_order,top_order_anchor
Treyaksh Bali,49,6,48,6,2,6,8.17,23,1,0.0,0,0.0,9.43,0,0,0.0,0.0,102.08,0.167,0.042,0.125,0.735,0.583,0.653,0.347,0.0,118.52,80.95,,pp,9.0,4.0,Haryana,2,2.1666666666666665,opener,anchor_opener
Tukuna Sahoo,15,3,22,2,0,2,5.0,6,4,0.333,0,0.0,1.0,0,0,0.0,0.0,68.18,0.091,0.0,0.091,0.533,0.591,0.733,0.0,0.267,52.38,,400.0,death,,5.0,Odisha,1,3.6666666666666665,opener,anchor_opener
U Kaul,140,4,145,13,1,4,35.0,69,5,0.0,0,0.0,26.28,3,1,0.75,0.25,96.55,0.097,0.007,0.09,0.414,0.366,0.236,0.486,0.279,73.33,94.44,139.29,death,31.0,36.33,Mizoram,2,2.5,opener,anchor_opener
U U Bose,434,24,376,47,17,23,18.08,72,0,0.042,3,0.125,17.3,3,2,0.125,0.083,115.43,0.17,0.045,0.125,0.668,0.5,0.684,0.276,0.039,119.28,101.69,188.89,death,31.75,15.35,Tripura,1,1.9166666666666667,opener,anchor_opener
UBT Chand,516,20,392,35,29,18,25.8,103,0,0.1,3,0.15,27.33,8,3,0.4,0.15,131.63,0.163,0.074,0.089,0.609,0.388,0.554,0.374,0.072,121.7,134.97,264.29,death,21.29,36.33,Delhi,1,1.3,opener,aggressive_opener
UR Kumar,92,4,66,4,7,2,23.0,35,3,0.5,0,0.0,14.24,2,0,0.5,0.0,139.39,0.167,0.106,0.061,0.63,0.333,0.239,0.761,0.0,122.22,145.83,,mid,29.67,3.0,Gujarat,3,3.75,top_order,middle_order
UR Patel,112,5,90,6,3,2,22.4,33,1,0.6,0,0.0,13.11,2,0,0.4,0.0,124.44,0.1,0.033,0.067,0.375,0.256,0.0,0.429,0.571,,111.63,136.17,death,17.0,26.0,Vidarbha,6,6.4,middle_order,middle_order
UT Yadav,56,6,26,4,5,2,9.33,26,0,0.667,0,0.0,10.11,0,0,0.0,0.0,215.38,0.346,0.192,0.154,0.821,0.308,0.071,0.0,0.929,200.0,,216.67,death,8.0,10.67,Vidarbha,8,7.333333333333333,lower_order,lower_order_hitter
Umang Sharma,264,11,168,25,12,9,24.0,95,0,0.182,1,0.091,28.3,4,1,0.364,0.091,157.14,0.22,0.071,0.149,0.652,0.274,0.295,0.53,0.174,130.0,181.82,148.39,mid,24.7,17.0,Uttar Pradesh,4,3.727272727272727,top_order,top_order_aggressor
Umar Nazir,13,3,12,2,0,1,4.33,9,0,0.667,1,0.333,4.51,0,0,0.0,0.0,108.33,0.167,0.0,0.167,0.615,0.417,0.0,0.0,1.0,,,108.33,death,,4.33,Jammu & Kashmir,11,10.75,tailender,tailender
Unnikrishnan Manukrishnan,44,5,29,4,1,1,8.8,21,0,0.8,1,0.2,7.66,0,0,0.0,0.0,151.72,0.172,0.034,0.138,0.5,0.345,0.0,0.0,1.0,,,151.72,death,4.0,12.0,Kerala,8,8.2,lower_order,lower_order_hitter
Upendra Yadav,537,24,449,46,19,20,22.38,70,0,0.167,3,0.125,21.76,8,3,0.333,0.125,119.6,0.145,0.042,0.102,0.555,0.372,0.313,0.412,0.276,107.69,104.25,182.72,death,23.0,21.85,Uttar Pradesh,1,3.2083333333333335,opener,anchor_opener
Urvil Patel,611,31,401,84,16,30,19.71,96,0,0.032,3,0.097,23.49,6,3,0.194,0.097,152.37,0.249,0.04,0.209,0.707,0.374,0.681,0.303,0.016,159.39,142.31,100.0,pp,19.48,20.38,Gujarat,2,2.129032258064516,opener,aggressive_opener
Utkarsh Singh,174,9,141,23,1,8,19.33,49,4,0.111,0,0.0,16.92,2,0,0.222,0.0,123.4,0.17,0.007,0.163,0.563,0.34,0.351,0.397,0.253,103.39,135.29,141.94,death,6.0,21.0,Jharkhand,2,4.6,opener,anchor_opener
Uvais Ahmad,214,7,127,19,13,6,30.57,72,5,0.143,0,0.0,28.47,2,2,0.286,0.286,168.5,0.252,0.102,0.15,0.72,0.299,0.079,0.252,0.668,113.33,100.0,246.55,death,,30.57,Arunachal Pradesh,5,4.142857142857143,middle_order,finisher
V Pratap Singh,2,3,12,0,0,1,0.67,1,0,0.667,0,0.0,0.58,0,0,0.0,0.0,16.67,0.0,0.0,0.0,0.0,0.833,0.0,0.0,1.0,,,16.67,death,,0.67,Chhattisgarh,10,9.5,tailender,tailender
V Shankar,625,25,487,43,26,20,25.0,59,0,0.2,1,0.04,18.34,8,3,0.32,0.12,128.34,0.142,0.053,0.088,0.525,0.306,0.064,0.646,0.29,64.52,128.66,163.06,death,23.73,26.9,Tamil Nadu,4,4.4,top_order,top_order_anchor
VA Jagadeesh,84,8,94,7,0,7,10.5,28,0,0.125,1,0.125,9.81,0,0,0.0,0.0,89.36,0.074,0.0,0.074,0.333,0.372,0.429,0.345,0.226,80.0,87.88,118.75,death,10.86,8.0,Kerala,1,3.2222222222222223,opener,anchor_opener
VH Zol,132,8,137,15,1,8,16.5,38,3,0.0,0,0.0,12.33,1,0,0.125,0.0,96.35,0.117,0.007,0.109,0.5,0.467,0.758,0.242,0.0,100.0,88.89,0.0,pp,17.25,15.75,Maharashtra,2,2.375,opener,anchor_opener
VK Saha,7,3,12,0,0,1,2.33,6,0,0.667,0,0.0,3.21,0,0,0.0,0.0,58.33,0.0,0.0,0.0,0.0,0.417,0.0,0.286,0.714,,66.67,55.56,mid,1.0,3.0,Tripura,9,10.0,tailender,tailender
VR Aaron,14,6,43,0,1,4,2.33,9,0,0.333,3,0.5,3.5,0,0,0.0,0.0,32.56,0.023,0.023,0.0,0.429,0.791,0.0,0.214,0.786,0.0,11.11,84.62,death,,2.33,Jharkhand,10,9.25,tailender,tailender
VR Iyer,901,33,655,87,33,22,27.3,88,1,0.333,0,0.0,20.95,12,4,0.364,0.121,137.56,0.183,0.05,0.133,0.606,0.327,0.252,0.395,0.353,142.77,112.3,177.65,death,33.17,20.27,Madhya Pradesh,5,4.205882352941177,middle_order,finisher
Vaibhav Singh Panwar,180,9,172,10,5,6,20.0,49,0,0.333,1,0.111,19.12,3,0,0.333,0.0,104.65,0.087,0.029,0.058,0.389,0.331,0.072,0.606,0.322,81.25,94.78,141.46,death,28.4,9.5,Uttarakhand,4,4.555555555555555,top_order,middle_order
Varun Sood,185,9,176,11,7,5,20.56,60,0,0.444,1,0.111,19.0,2,1,0.222,0.111,105.11,0.102,0.04,0.062,0.465,0.386,0.184,0.405,0.411,130.77,86.21,120.63,pp,21.0,20.5,Sikkim,2,5.444444444444445,opener,aggressive_opener
Vasuki Koushik,7,4,11,0,0,1,1.75,3,0,0.75,0,0.0,1.26,0,0,0.0,0.0,63.64,0.0,0.0,0.0,0.0,0.545,0.0,0.0,1.0,,,63.64,death,2.5,1.0,Karnataka,10,10.0,tailender,tailender
Vijay Bharti,28,4,36,2,2,4,7.0,24,0,0.0,2,0.5,11.49,0,0,0.0,0.0,77.78,0.111,0.056,0.056,0.714,0.667,0.929,0.071,0.0,81.25,66.67,0.0,pp,,7.0,Bihar,1,1.25,opener,anchor_opener
Vijay Sharma,119,10,112,9,2,5,11.9,30,0,0.5,1,0.1,11.38,1,0,0.1,0.0,106.25,0.098,0.018,0.08,0.403,0.375,0.042,0.269,0.689,55.56,82.05,128.12,death,15.17,7.0,Uttarakhand,5,5.7,middle_order,middle_order
Vijaykumar Vyshak,11,5,13,0,0,3,2.2,4,1,0.4,0,0.0,1.3,0,0,0.0,0.0,84.62,0.0,0.0,0.0,0.0,0.231,0.0,0.0,1.0,,,84.62,death,2.5,2.0,Karnataka,8,8.4,lower_order,tailender
Vikas Hathwala,364,22,315,32,10,16,16.55,61,1,0.273,0,0.0,14.37,4,1,0.182,0.045,115.56,0.133,0.032,0.102,0.516,0.368,0.066,0.569,0.365,88.89,105.08,146.15,death,15.62,17.07,Services,5,5.2727272727272725,middle_order,middle_order
Vikas Yadav,48,5,42,3,2,1,9.6,22,1,0.8,0,0.0,8.32,0,0,0.0,0.0,114.29,0.119,0.048,0.071,0.5,0.333,0.0,0.062,0.938,,30.0,140.62,death,3.0,11.25,Services,10,9.4,tailender,tailender
Vikash Kumar,21,5,18,2,1,5,4.2,15,0,0.0,1,0.2,6.22,0,0,0.0,0.0,116.67,0.167,0.056,0.111,0.667,0.5,0.0,0.286,0.714,,60.0,187.5,death,,4.2,Mizoram,6,6.0,middle_order,finisher
Vikash Singh,48,5,42,1,4,4,9.6,25,1,0.2,0,0.0,9.42,0,0,0.0,0.0,114.29,0.119,0.095,0.024,0.583,0.452,0.0,0.521,0.479,,156.25,88.46,mid,9.0,9.75,Jharkhand,9,9.2,tailender,tailender
Vikrant Rajput,153,6,136,10,6,6,25.5,48,2,0.0,0,0.0,17.44,3,0,0.5,0.0,112.5,0.118,0.044,0.074,0.497,0.353,0.183,0.765,0.052,80.0,120.62,200.0,death,40.0,11.0,Railways,3,3.3333333333333335,top_order,top_order_anchor
Vinoop Manoharan,131,8,123,10,4,7,16.38,52,1,0.125,0,0.0,20.65,3,1,0.375,0.125,106.5,0.114,0.033,0.081,0.489,0.39,0.053,0.672,0.275,58.33,118.92,97.3,mid,12.0,23.67,Kerala,6,5.875,middle_order,middle_order
Virat Singh,1236,36,948,112,40,28,34.33,103,0,0.222,1,0.028,26.91,18,9,0.5,0.25,130.38,0.16,0.042,0.118,0.557,0.328,0.269,0.489,0.241,114.04,120.28,194.77,death,40.58,27.35,Jharkhand,3,2.5277777777777777,top_order,top_order_anchor
Vishal Jayswal,12,3,11,1,0,2,4.0,12,0,0.333,2,0.667,6.93,0,0,0.0,0.0,109.09,0.091,0.0,0.091,0.333,0.364,0.0,0.0,1.0,,,109.09,death,0.0,6.0,Gujarat,9,8.666666666666666,tailender,tailender
Vishal Kushwah,309,18,189,16,26,13,17.17,60,0,0.278,1,0.056,16.25,4,1,0.222,0.056,163.49,0.222,0.138,0.085,0.712,0.386,0.065,0.252,0.683,250.0,98.73,206.86,pp,14.6,18.15,Chhattisgarh,6,5.65,middle_order,finisher
Vishnu Solanki,834,40,703,66,28,30,20.85,71,0,0.25,4,0.1,17.5,9,3,0.225,0.075,118.63,0.134,0.04,0.094,0.518,0.36,0.18,0.478,0.342,82.87,108.42,185.06,death,23.08,17.5,Baroda,3,4.35,top_order,finisher
Vishnu Vinod,768,27,532,62,39,20,28.44,71,1,0.259,0,0.0,20.92,10,5,0.37,0.185,144.36,0.19,0.073,0.117,0.628,0.327,0.49,0.329,0.181,145.74,129.74,175.95,death,30.58,26.73,Kerala,1,2.7777777777777777,opener,aggressive_opener
Vishvaraj Jadeja,315,18,266,30,7,15,17.5,50,1,0.167,0,0.0,14.36,3,1,0.167,0.056,118.42,0.139,0.026,0.113,0.514,0.357,0.295,0.413,0.292,100.0,112.07,161.4,death,19.1,15.5,Saurashtra,4,4.0,top_order,finisher
Vivek Kumar,32,8,27,2,2,6,4.0,18,0,0.25,3,0.375,6.14,0,0,0.0,0.0,118.52,0.148,0.074,0.074,0.625,0.444,0.0,0.0,1.0,,0.0,128.0,death,18.0,2.0,Bihar,8,8.125,lower_order,tailender
Vivek Singh,1056,42,775,102,49,37,25.14,71,0,0.119,1,0.024,21.82,14,8,0.333,0.19,136.26,0.195,0.063,0.132,0.665,0.413,0.563,0.309,0.128,139.02,124.43,158.82,death,31.18,18.5,Bengal,2,3.0476190476190474,opener,aggressive_opener
Vivekanand Tiwari,18,3,12,1,1,2,6.0,14,1,0.333,0,0.0,7.0,0,0,0.0,0.0,150.0,0.167,0.083,0.083,0.556,0.25,0.0,0.0,1.0,,,150.0,death,,6.0,Jharkhand,9,9.333333333333334,tailender,lower_order_hitter
Vivrant Sharma,56,4,57,9,1,4,14.0,24,4,0.0,0,0.0,8.21,0,0,0.0,0.0,98.25,0.175,0.018,0.158,0.75,0.632,1.0,0.0,0.0,98.25,,,pp,24.0,10.67,Jammu & Kashmir,1,1.5,opener,anchor_opener
WP Saha,561,24,436,54,17,23,23.38,129,0,0.042,3,0.125,30.61,6,4,0.25,0.167,128.67,0.163,0.039,0.124,0.567,0.344,0.439,0.503,0.059,132.97,129.36,100.0,pp,31.33,10.11,Bengal,2,2.875,opener,aggressive_opener
Waseem Raza,32,8,48,0,1,7,4.0,11,0,0.125,2,0.25,4.54,0,0,0.0,0.0,66.67,0.021,0.021,0.0,0.188,0.458,0.0,0.125,0.875,,28.57,82.35,death,,4.0,Jammu & Kashmir,8,8.0,lower_order,tailender
Washington Sundar,576,25,489,45,16,21,23.04,53,1,0.16,0,0.0,15.22,10,1,0.4,0.04,117.79,0.125,0.033,0.092,0.479,0.327,0.443,0.457,0.101,129.44,103.95,148.72,death,26.86,18.18,Tamil Nadu,2,2.96,opener,aggressive_opener
Wasiqur Rahman,95,15,112,3,4,11,6.33,20,0,0.267,3,0.2,5.69,0,0,0.0,0.0,84.82,0.062,0.036,0.027,0.379,0.473,0.032,0.368,0.6,17.65,74.47,118.75,death,8.6,5.2,Assam,5,5.866666666666666,middle_order,middle_order
Writtick Chatterjee,237,13,171,19,11,10,18.23,51,0,0.231,3,0.231,18.41,4,1,0.308,0.077,138.6,0.175,0.064,0.111,0.599,0.322,0.224,0.624,0.152,151.43,135.78,133.33,pp,23.57,12.0,Bengal,6,5.615384615384615,middle_order,middle_order
X Thalaivan Sargunam,103,6,139,9,1,6,17.17,29,6,0.0,0,0.0,9.24,0,0,0.0,0.0,74.1,0.072,0.007,0.065,0.408,0.525,0.495,0.505,0.0,71.83,76.47,,mid,8.0,19.0,Puducherry,3,3.1666666666666665,top_order,middle_order
Y Nagar,91,6,99,13,0,6,15.17,44,2,0.0,0,0.0,15.54,1,0,0.167,0.0,91.92,0.131,0.0,0.131,0.571,0.525,0.56,0.44,0.0,115.91,72.73,,pp,,15.17,Meghalaya,2,2.6666666666666665,opener,anchor_opener
YB Kothari,53,5,76,7,0,5,10.6,25,1,0.0,0,0.0,9.61,0,0,0.0,0.0,69.74,0.092,0.0,0.092,0.528,0.605,0.925,0.075,0.0,72.06,50.0,,pp,12.67,7.5,Rajasthan,1,1.0,opener,anchor_opener
YBK Jaiswal,349,16,270,45,11,15,21.81,66,0,0.062,1,0.062,17.98,4,2,0.25,0.125,129.26,0.207,0.041,0.167,0.705,0.452,0.616,0.347,0.037,122.86,140.7,144.44,death,27.5,12.33,Mumbai,3,2.125,top_order,middle_order
YK Pathan,354,23,353,22,11,14,15.39,47,0,0.391,3,0.13,14.19,3,0,0.13,0.0,100.28,0.093,0.031,0.062,0.435,0.402,0.003,0.477,0.52,25.0,73.8,153.33,death,13.69,17.6,Baroda,5,4.782608695652174,middle_order,finisher
YR Sharma,58,5,48,8,1,5,11.6,26,0,0.0,1,0.2,10.74,0,0,0.0,0.0,120.83,0.188,0.021,0.167,0.655,0.438,0.431,0.569,0.0,147.06,110.0,0.0,pp,12.25,9.0,Haryana,5,4.2,middle_order,middle_order
YS Chahal,5,5,15,0,0,3,1.0,2,0,0.4,1,0.2,1.0,0,0,0.0,0.0,33.33,0.0,0.0,0.0,0.0,0.667,0.0,0.0,1.0,,,33.33,death,,1.0,Haryana,10,9.8,tailender,tailender
YV Dhull,284,10,268,27,7,7,28.4,66,0,0.3,1,0.1,20.96,5,1,0.5,0.1,105.97,0.127,0.026,0.101,0.528,0.414,0.282,0.514,0.204,80.81,105.8,187.1,death,36.0,17.0,Delhi,3,2.8,top_order,top_order_anchor
YV Takawale,69,6,85,6,2,6,11.5,31,0,0.0,1,0.167,12.05,1,0,0.167,0.0,81.18,0.094,0.024,0.071,0.522,0.553,0.623,0.362,0.014,91.49,69.44,50.0,pp,11.0,11.6,Nagaland,2,2.5,opener,anchor_opener
Yab Niya,12,5,41,0,0,1,2.4,6,1,0.8,0,0.0,2.07,0,0,0.0,0.0,29.27,0.0,0.0,0.0,0.0,0.732,0.0,0.5,0.5,,33.33,26.09,mid,,2.4,Arunachal Pradesh,8,9.2,lower_order,tailender
Yash Dayal,6,3,12,0,0,1,2.0,4,0,0.667,0,0.0,2.0,0,0,0.0,0.0,50.0,0.0,0.0,0.0,0.0,0.5,0.0,0.667,0.333,,50.0,50.0,mid,,2.0,Uttar Pradesh,11,11.0,tailender,tailender
Yash Nahar,250,12,205,23,11,11,20.83,103,0,0.083,5,0.417,30.41,3,1,0.25,0.083,121.95,0.166,0.054,0.112,0.632,0.463,0.504,0.328,0.168,100.8,136.67,210.0,death,23.12,16.25,Maharashtra,2,1.75,opener,anchor_opener
Yash Thakur,23,8,36,1,1,2,2.88,10,0,0.75,1,0.125,4.12,0,0,0.0,0.0,63.89,0.056,0.028,0.028,0.435,0.611,0.0,0.043,0.957,,8.33,91.67,death,0.0,3.29,Vidarbha,10,9.88888888888889,tailender,tailender
Yashaswi Rishav,48,3,59,7,0,3,16.0,35,5,0.0,0,0.0,16.52,1,0,0.333,0.0,81.36,0.119,0.0,0.119,0.583,0.559,0.521,0.375,0.104,75.76,85.71,100.0,death,,16.0,Bihar,1,3.0,opener,anchor_opener
Yashpal Singh,547,20,463,57,10,17,27.35,63,0,0.15,3,0.15,21.84,10,4,0.5,0.2,118.14,0.145,0.022,0.123,0.527,0.317,0.143,0.561,0.296,111.43,108.1,148.62,death,28.0,27.24,Sikkim,3,3.6,top_order,top_order_anchor
Yogesh Tiwari,63,4,71,7,2,4,15.75,53,0,0.0,1,0.25,25.16,1,1,0.25,0.25,88.73,0.127,0.028,0.099,0.635,0.563,0.476,0.524,0.0,76.92,110.0,0.0,mid,26.5,5.0,Meghalaya,1,2.0,opener,anchor_opener
Yudhvir Singh,38,7,20,3,3,5,5.43,22,0,0.286,1,0.143,7.81,0,0,0.0,0.0,190.0,0.3,0.15,0.15,0.789,0.35,0.0,0.184,0.816,,233.33,182.35,mid,1.0,6.17,Jammu & Kashmir,6,7.857142857142857,middle_order,finisher
Yuvraj Chudasama,9,3,12,0,0,1,3.0,8,0,0.667,1,0.333,4.36,0,0,0.0,0.0,75.0,0.0,0.0,0.0,0.0,0.417,0.0,0.0,1.0,,,75.0,death,8.0,0.5,Saurashtra,10,10.333333333333334,tailender,tailender
Yuvraj Singh,338,18,311,35,9,13,18.78,54,0,0.278,2,0.111,18.29,6,2,0.333,0.111,108.68,0.141,0.029,0.113,0.574,0.444,0.186,0.562,0.251,121.15,99.48,125.0,death,29.33,13.5,Punjab,4,5.052631578947368,top_order,middle_order
Zafar Ali,71,5,58,10,2,5,14.2,36,1,0.0,0,0.0,16.18,1,0,0.2,0.0,122.41,0.207,0.034,0.172,0.732,0.534,0.972,0.028,0.0,123.21,100.0,,pp,21.33,3.5,Madhya Pradesh,1,1.0,opener,aggressive_opener
Zahoor Sofi,20,4,35,2,0,3,5.0,9,1,0.25,0,0.0,3.37,0,0,0.0,0.0,57.14,0.057,0.0,0.057,0.4,0.6,0.0,0.1,0.9,,20.0,72.0,death,,5.0,Jammu & Kashmir,7,8.0,lower_order,tailender
