team,recommendation_type,target_role,domestic_player,domestic_team,quality_score,similarity_score,gap_score,reliability_score,recent_form_score,role_fit_score,ml_suitability_score,archetype_role_match_score,cluster_label,archetype_role,final_recommendation_score,closest_ipl_benchmark,closest_ipl_benchmark_team,current_role_count,target_role_count,role_deficit,role_rank,overall_team_rank
Chennai Super Kings,batting,aggressive_opener,AM Rahane,Mumbai,84.08,98.36,100.0,100.0,92.61,82.35,94.69,100.0,batting_aggressive_opener_cluster_0,aggressive_opener,93.54,Shubman Gill,Gujarat Titans,0,2,2,1,1
Chennai Super Kings,batting,aggressive_opener,PP Shaw,Mumbai,89.28,94.38,100.0,100.0,64.73,94.12,86.71,100.0,batting_aggressive_opener_cluster_0,aggressive_opener,91.57,P Simran Singh,Punjab Kings,0,2,2,2,2
Chennai Super Kings,batting,aggressive_opener,Tarang Gohel,Saurashtra,73.21,87.3,100.0,77.9,82.88,100.0,24.66,100.0,batting_aggressive_opener_cluster_0,aggressive_opener,81.28,JG Bethell,Royal Challengers Bengaluru,0,2,2,3,7
Chennai Super Kings,batting,aggressive_opener,HV Patel,Haryana,85.9,75.85,100.0,100.0,65.22,41.18,66.82,100.0,batting_aggressive_opener_cluster_0,aggressive_opener,80.88,J Fraser-McGurk,Delhi Capitals,0,2,2,4,8
Chennai Super Kings,batting,aggressive_opener,P Simran Singh,Punjab,79.34,81.01,100.0,100.0,64.1,52.94,48.88,100.0,batting_aggressive_opener_cluster_0,aggressive_opener,79.61,DR Smith,Chennai Super Kings,0,2,2,5,10
Chennai Super Kings,batting,aggressive_opener,D Padikkal,Karnataka,85.96,90.4,100.0,100.0,17.17,11.76,94.76,100.0,batting_aggressive_opener_cluster_0,aggressive_opener,78.12,DP Conway,Chennai Super Kings,0,2,2,6,12
Chennai Super Kings,batting,aggressive_opener,H Desai,Saurashtra,51.02,91.11,100.0,100.0,75.05,88.24,28.34,100.0,batting_aggressive_opener_cluster_0,aggressive_opener,78.03,S Sohal,Punjab Kings,0,2,2,7,13
Chennai Super Kings,batting,aggressive_opener,AD Chopra,Mizoram,83.63,60.9,100.0,47.1,83.04,76.47,57.59,100.0,batting_aggressive_opener_cluster_0,aggressive_opener,77.28,HM Amla,Punjab Kings,0,2,2,8,16
Chennai Super Kings,batting,aggressive_opener,Hari Nishaanth,Tamil Nadu,62.19,80.02,100.0,100.0,74.57,64.71,25.86,100.0,batting_aggressive_opener_cluster_0,aggressive_opener,75.95,PA Patel,Mumbai Indians,0,2,2,9,20
Chennai Super Kings,batting,aggressive_opener,MA Agarwal,Karnataka,60.67,89.56,100.0,100.0,62.34,35.29,29.63,100.0,batting_aggressive_opener_cluster_0,aggressive_opener,73.29,MA Agarwal,Punjab Kings,0,2,2,10,31
Chennai Super Kings,batting,aggressive_opener,Ankit Kumar,Haryana,70.21,53.71,100.0,60.8,73.91,47.06,50.14,100.0,batting_aggressive_opener_cluster_0,aggressive_opener,70.29,AD Hales,Sunrisers Hyderabad,0,2,2,11,44
Chennai Super Kings,batting,aggressive_opener,Vivek Singh,Bengal,72.93,85.91,100.0,100.0,27.72,17.65,30.07,100.0,batting_aggressive_opener_cluster_0,aggressive_opener,70.02,WP Saha,Punjab Kings,0,2,2,12,45
Chennai Super Kings,batting,aggressive_opener,Rishav Das,Assam,49.31,86.56,100.0,100.0,60.38,23.53,37.66,100.0,batting_aggressive_opener_cluster_0,aggressive_opener,70.0,PA Patel,Mumbai Indians,0,2,2,13,46
Chennai Super Kings,batting,aggressive_opener,Jyotsnil Singh,Baroda,59.71,83.02,100.0,61.2,65.0,29.41,44.74,100.0,batting_aggressive_opener_cluster_0,aggressive_opener,69.43,AD Hales,Sunrisers Hyderabad,0,2,2,14,49
Chennai Super Kings,batting,aggressive_opener,Abishek Porel,Bengal,56.99,82.9,100.0,34.6,53.15,70.59,25.08,100.0,batting_aggressive_opener_cluster_0,aggressive_opener,67.18,JG Bethell,Royal Challengers Bengaluru,0,2,2,15,65
Chennai Super Kings,batting,aggressive_opener,HP Gawli,Madhya Pradesh,54.68,89.88,100.0,32.5,42.23,58.82,27.15,100.0,batting_aggressive_opener_cluster_0,aggressive_opener,65.49,UT Khawaja,Rising Pune Supergiant,0,2,2,16,76
Chennai Super Kings,batting,aggressive_opener,Shashank Chandrakar,Chhattisgarh,67.0,75.48,100.0,100.0,10.33,5.88,23.03,100.0,batting_aggressive_opener_cluster_0,aggressive_opener,63.65,PA Patel,Mumbai Indians,0,2,2,17,91
Chennai Super Kings,batting,anchor_opener,Shivam Chaudhary,Railways,59.39,93.46,100.0,100.0,55.11,100.0,75.67,0.0,batting_aggressive_opener_cluster_0,aggressive_opener,73.98,SR Tendulkar,Mumbai Indians,0,1,1,1,28
Chennai Super Kings,batting,anchor_opener,Pratham Singh,Railways,66.51,89.58,100.0,100.0,66.63,88.24,58.51,0.0,batting_aggressive_opener_cluster_0,aggressive_opener,73.08,M Vijay,Chennai Super Kings,0,1,1,2,33
Chennai Super Kings,batting,anchor_opener,AV Rajput,Baroda,49.72,82.9,100.0,100.0,70.54,35.29,64.05,0.0,batting_aggressive_opener_cluster_0,aggressive_opener,64.37,RS Bopara,Punjab Kings,0,1,1,3,85
Chennai Super Kings,batting,anchor_opener,Saurav Chauhan,Gujarat,44.06,66.09,100.0,100.0,82.61,52.94,67.86,0.0,batting_aggressive_opener_cluster_0,aggressive_opener,64.07,DJM Short,Rajasthan Royals,0,1,1,4,87
Chennai Super Kings,batting,anchor_opener,Abhishek Goswami,Uttar Pradesh,46.43,65.56,100.0,100.0,79.27,58.82,46.98,0.0,batting_aggressive_opener_cluster_0,aggressive_opener,62.63,DJM Short,Rajasthan Royals,0,1,1,5,99
Chennai Super Kings,batting,anchor_opener,Arpit Gaud,Madhya Pradesh,38.34,78.66,100.0,89.6,40.05,94.12,33.99,0.0,batting_aggressive_opener_cluster_0,aggressive_opener,60.24,RE Levi,Mumbai Indians,0,1,1,6,109
Chennai Super Kings,batting,anchor_opener,Qamran Iqbal,Jammu & Kashmir,51.05,51.14,100.0,100.0,64.29,64.71,39.95,0.0,batting_aggressive_opener_cluster_0,aggressive_opener,59.78,LMP Simmons,Mumbai Indians,0,1,1,7,111
Chennai Super Kings,batting,anchor_opener,Bikramkumar Das,Tripura,56.02,86.75,100.0,100.0,9.95,5.88,82.86,0.0,batting_aggressive_opener_cluster_0,aggressive_opener,59.09,R Dravid,Rajasthan Royals,0,1,1,8,115
Chennai Super Kings,batting,anchor_opener,KS Sharma,Uttar Pradesh,54.32,68.68,100.0,100.0,26.85,29.41,56.33,0.0,batting_aggressive_opener_cluster_0,aggressive_opener,57.43,AJ Finch,Gujarat Lions,0,1,1,9,126
Chennai Super Kings,batting,anchor_opener,P Prafullomani,Manipur,20.77,89.25,100.0,100.0,50.52,76.47,20.98,0.0,batting_tailender_cluster_1,tailender,57.34,RT Ponting,Mumbai Indians,0,1,1,10,128
Chennai Super Kings,batting,anchor_opener,Aarya Desai,Gujarat,46.12,87.27,100.0,58.3,65.68,23.53,47.89,0.0,batting_aggressive_opener_cluster_0,aggressive_opener,56.85,DJM Short,Rajasthan Royals,0,1,1,11,133
Chennai Super Kings,batting,anchor_opener,Shubham Sharma,Madhya Pradesh,42.61,74.18,100.0,100.0,37.07,47.06,30.71,0.0,batting_tailender_cluster_1,tailender,56.13,MJ Clarke,Pune Warriors,0,1,1,12,136
Chennai Super Kings,batting,anchor_opener,Shubham Khajuria,Jammu & Kashmir,41.21,54.19,100.0,100.0,63.26,41.18,34.59,0.0,batting_aggressive_opener_cluster_0,aggressive_opener,55.27,M Vijay,Chennai Super Kings,0,1,1,13,139
Chennai Super Kings,batting,anchor_opener,Denish Das,Assam,28.86,76.72,100.0,100.0,36.96,70.59,20.22,0.0,batting_tailender_cluster_1,tailender,55.06,SP Goswami,Royal Challengers Bengaluru,0,1,1,14,141
Chennai Super Kings,batting,anchor_opener,Eknath Kerkar,Goa,32.64,93.12,100.0,100.0,31.44,11.76,50.34,0.0,batting_tailender_cluster_1,tailender,54.85,JEC Franklin,Mumbai Indians,0,1,1,15,142
Chennai Super Kings,batting,anchor_opener,A Raghuvanshi,Mumbai,42.23,62.27,100.0,48.3,46.25,82.35,33.57,0.0,batting_aggressive_opener_cluster_0,aggressive_opener,53.83,MJ Clarke,Pune Warriors,0,1,1,16,145
Chennai Super Kings,batting,anchor_opener,G Ajitesh,Tamil Nadu,17.2,59.51,100.0,24.2,20.27,17.65,55.69,0.0,batting_tailender_cluster_2,tailender,39.15,Anuj Rawat,Royal Challengers Bengaluru,0,1,1,17,182
Chennai Super Kings,allrounder,batting_allrounder,Chirag Jani,Saurashtra,73.17,85.04,100.0,0.0,87.41,92.31,89.63,0.0,allrounder_pure_bowler_cluster_4,pure_bowler,69.32,SM Pollock,Mumbai Indians,0,2,2,1,50
Chennai Super Kings,allrounder,batting_allrounder,HV Patel,Haryana,94.22,95.99,100.0,0.0,38.56,61.54,99.54,0.0,allrounder_pure_bowler_cluster_4,pure_bowler,68.21,MR Marsh,Delhi Capitals,0,2,2,2,59
Chennai Super Kings,allrounder,batting_allrounder,Sumit Kumar,Haryana,79.46,96.77,100.0,0.0,79.31,46.15,88.1,0.0,allrounder_pure_bowler_cluster_4,pure_bowler,66.76,Azhar Mahmood,Punjab Kings,0,2,2,3,68
Chennai Super Kings,allrounder,batting_allrounder,NA Rathva,Baroda,72.89,87.29,100.0,0.0,52.12,100.0,85.4,0.0,allrounder_pure_bowler_cluster_4,pure_bowler,66.42,Shakib Al Hasan,Kolkata Knight Riders,0,2,2,4,70
Chennai Super Kings,allrounder,batting_allrounder,R Parag,Assam,88.15,74.48,100.0,0.0,60.83,65.38,92.52,0.0,allrounder_pure_bowler_cluster_4,pure_bowler,65.67,PD Collingwood,Delhi Capitals,0,2,2,5,74
Chennai Super Kings,allrounder,batting_allrounder,N Rana,Delhi,85.62,73.3,100.0,0.0,68.59,61.54,93.81,0.0,allrounder_pure_bowler_cluster_4,pure_bowler,65.51,PD Collingwood,Delhi Capitals,0,2,2,6,75
Chennai Super Kings,allrounder,batting_allrounder,KH Pandya,Baroda,76.94,89.33,100.0,0.0,67.7,53.85,88.2,0.0,allrounder_pure_bowler_cluster_4,pure_bowler,64.76,SM Pollock,Mumbai Indians,0,2,2,7,81
Chennai Super Kings,allrounder,batting_allrounder,VR Iyer,Madhya Pradesh,80.31,91.26,100.0,0.0,59.28,38.46,89.42,0.0,allrounder_pure_bowler_cluster_4,pure_bowler,63.47,PD Collingwood,Delhi Capitals,0,2,2,8,92
Chennai Super Kings,allrounder,batting_allrounder,R Tewatia,Haryana,79.51,79.37,100.0,0.0,55.78,53.85,91.47,0.0,allrounder_pure_bowler_cluster_4,pure_bowler,62.92,ST Jayasuriya,Mumbai Indians,0,2,2,9,96
Chennai Super Kings,allrounder,batting_allrounder,KV Sharma,Railways,76.29,88.4,100.0,0.0,44.87,53.85,94.12,0.0,allrounder_pure_bowler_cluster_4,pure_bowler,62.8,SM Pollock,Mumbai Indians,0,2,2,10,98
Chennai Super Kings,allrounder,batting_allrounder,Lalit Yadav,Delhi,79.05,61.82,100.0,0.0,69.48,34.62,91.48,0.0,allrounder_pure_bowler_cluster_4,pure_bowler,59.64,MM Ali,Chennai Super Kings,0,2,2,11,112
Chennai Super Kings,allrounder,batting_allrounder,S Dube,Mumbai,70.9,82.93,100.0,0.0,61.35,26.92,83.55,0.0,allrounder_pure_bowler_cluster_4,pure_bowler,58.8,BA Stokes,Rajasthan Royals,0,2,2,12,117
Chennai Super Kings,allrounder,batting_allrounder,Manisankar Murasingh,Tripura,74.2,79.15,100.0,0.0,37.37,11.54,87.52,0.0,allrounder_pure_bowler_cluster_4,pure_bowler,55.36,SM Pollock,Mumbai Indians,0,2,2,13,138
Chennai Super Kings,allrounder,bowling_allrounder,JD Unadkat,Saurashtra,93.38,97.05,100.0,0.0,56.97,81.25,96.87,100.0,allrounder_bowling_allrounder_cluster_2,bowling_allrounder,81.74,MF Maharoof,Delhi Capitals,0,2,2,1,4
Chennai Super Kings,allrounder,bowling_allrounder,PP Chawla,Gujarat,86.57,93.92,100.0,0.0,56.98,56.25,92.75,100.0,allrounder_bowling_allrounder_cluster_2,bowling_allrounder,77.0,MF Maharoof,Delhi Capitals,0,2,2,2,18
Chennai Super Kings,allrounder,bowling_allrounder,A Sheth,Baroda,78.12,92.04,100.0,0.0,55.25,62.5,94.18,100.0,allrounder_bowling_allrounder_cluster_2,bowling_allrounder,75.62,JC Archer,Rajasthan Royals,0,2,2,3,22
Chennai Super Kings,allrounder,bowling_allrounder,K Gowtham,Karnataka,76.86,83.42,100.0,0.0,76.04,87.5,94.49,0.0,allrounder_pure_bowler_cluster_4,pure_bowler,68.69,MF Maharoof,Delhi Capitals,0,2,2,4,56
Chennai Super Kings,allrounder,bowling_allrounder,Sanvir Singh,Punjab,80.96,97.86,100.0,0.0,49.31,31.25,98.66,0.0,allrounder_pure_bowler_cluster_4,pure_bowler,63.79,CR Brathwaite,Delhi Capitals,0,2,2,5,90
Chennai Super Kings,allrounder,bowling_allrounder,Yuvraj Singh,Punjab,67.97,77.04,100.0,0.0,28.69,40.62,64.11,0.0,allrounder_pure_bowler_cluster_4,pure_bowler,53.49,RS Bopara,Punjab Kings,0,2,2,6,148
Chennai Super Kings,allrounder,bowling_allrounder,Harpreet Singh,Chhattisgarh,79.98,66.56,100.0,0.0,36.02,0.0,87.23,0.0,allrounder_pure_bowler_cluster_4,pure_bowler,53.31,R Tewatia,Gujarat Titans,0,2,2,7,150
Chennai Super Kings,allrounder,bowling_allrounder,Harsh Tyagi,Railways,64.13,95.29,100.0,0.0,29.96,15.62,46.18,0.0,allrounder_pure_bowler_cluster_4,pure_bowler,51.3,Mohammad Nabi,Sunrisers Hyderabad,0,2,2,8,155
Chennai Super Kings,allrounder,bowling_allrounder,Rex Rajkumar,Manipur,51.58,97.5,100.0,0.0,36.21,25.0,22.38,0.0,allrounder_pure_bowler_cluster_4,pure_bowler,48.3,R Dhawan,Punjab Kings,0,2,2,9,163
Chennai Super Kings,allrounder,bowling_allrounder,Kangabam Singh,Manipur,48.07,94.36,100.0,0.0,17.68,0.0,10.54,0.0,allrounder_pure_bowler_cluster_1,pure_bowler,41.59,R McLaren,Mumbai Indians,0,2,2,10,178
Chennai Super Kings,allrounder,bowling_allrounder,Lalhruaizela,Mizoram,45.83,93.92,100.0,0.0,4.07,0.0,9.24,0.0,allrounder_pure_bowler_cluster_1,pure_bowler,39.59,MN Samuels,Pune Warriors,0,2,2,11,181
Chennai Super Kings,bowling,death_bowler,JD Unadkat,Saurashtra,81.52,93.8,50.0,100.0,83.64,92.86,98.94,0.0,bowling_powerplay_bowler_cluster_0,powerplay_bowler,75.42,Sohail Tanvir,Rajasthan Royals,1,2,1,1,23
Chennai Super Kings,bowling,death_bowler,B Kumar,Uttar Pradesh,88.45,95.2,50.0,100.0,90.97,64.29,98.79,0.0,bowling_powerplay_bowler_cluster_0,powerplay_bowler,74.88,SL Malinga,Mumbai Indians,1,2,1,2,25
Chennai Super Kings,bowling,death_bowler,LI Meriwala,Baroda,66.94,85.6,50.0,100.0,74.22,78.57,97.95,0.0,bowling_powerplay_bowler_cluster_0,powerplay_bowler,68.8,SL Malinga,Mumbai Indians,1,2,1,3,55
Chennai Super Kings,bowling,death_bowler,V Kaverappa,Karnataka,74.11,90.46,50.0,58.8,59.55,85.71,97.51,0.0,bowling_powerplay_bowler_cluster_0,powerplay_bowler,66.05,T Thushara,Chennai Super Kings,1,2,1,4,73
Chennai Super Kings,bowling,death_bowler,DS Kulkarni,Mumbai,65.36,93.01,50.0,100.0,52.73,57.14,99.65,0.0,bowling_powerplay_bowler_cluster_0,powerplay_bowler,65.48,DE Bollinger,Chennai Super Kings,1,2,1,5,77
Chennai Super Kings,bowling,death_bowler,TU Deshpande,Mumbai,69.07,92.34,50.0,100.0,46.2,50.0,98.72,0.0,bowling_powerplay_bowler_cluster_0,powerplay_bowler,64.66,CK Langeveldt,Kolkata Knight Riders,1,2,1,6,82
Chennai Super Kings,bowling,death_bowler,A Sheth,Baroda,61.22,83.58,50.0,100.0,65.13,42.86,99.59,0.0,bowling_powerplay_bowler_cluster_0,powerplay_bowler,63.04,MA Starc,Royal Challengers Bengaluru,1,2,1,7,95
Chennai Super Kings,bowling,death_bowler,N Rana,Delhi,62.2,66.03,50.0,100.0,60.91,71.43,88.95,0.0,bowling_middle_overs_bowler_cluster_1,middle_overs_bowler,61.97,L Balaji,Kolkata Knight Riders,1,2,1,8,101
Chennai Super Kings,bowling,death_bowler,A Nagwaswalla,Gujarat,70.08,88.97,50.0,100.0,60.68,3.57,97.33,0.0,bowling_powerplay_bowler_cluster_0,powerplay_bowler,61.02,RJ Harris,Punjab Kings,1,2,1,9,105
Chennai Super Kings,bowling,death_bowler,Mohit Avasthi,Mumbai,61.74,79.23,50.0,100.0,63.08,28.57,98.91,0.0,bowling_powerplay_bowler_cluster_0,powerplay_bowler,60.79,A Singh,Rajasthan Royals,1,2,1,10,106
Chennai Super Kings,bowling,death_bowler,S Kaul,Punjab,58.4,77.27,50.0,100.0,66.17,14.29,95.6,0.0,bowling_powerplay_bowler_cluster_0,powerplay_bowler,58.38,SL Malinga,Mumbai Indians,1,2,1,11,121
Chennai Super Kings,bowling,death_bowler,SN Thakur,Mumbai,53.1,85.15,50.0,100.0,37.56,3.57,98.03,0.0,bowling_powerplay_bowler_cluster_0,powerplay_bowler,54.81,WD Parnell,Pune Warriors,1,2,1,12,143
Chennai Super Kings,bowling,death_bowler,T Natarajan,Tamil Nadu,46.67,88.42,50.0,100.0,9.03,21.43,93.79,0.0,bowling_powerplay_bowler_cluster_0,powerplay_bowler,52.52,Mustafizur Rahman,Sunrisers Hyderabad,1,2,1,13,153
Chennai Super Kings,bowling,death_bowler,Akash Sengupta,Assam,45.4,78.51,50.0,57.9,67.37,35.71,58.13,0.0,bowling_powerplay_bowler_cluster_0,powerplay_bowler,50.27,Umar Gul,Kolkata Knight Riders,1,2,1,14,158
Chennai Super Kings,batting,finisher,RK Singh,Uttar Pradesh,83.26,94.57,50.0,100.0,96.01,94.74,70.13,0.0,batting_aggressive_opener_cluster_0,aggressive_opener,74.43,T Stubbs,Delhi Capitals,1,2,1,1,27
Chennai Super Kings,batting,finisher,Sanvir Singh,Punjab,68.97,92.73,50.0,97.9,68.45,89.47,55.59,0.0,batting_aggressive_opener_cluster_0,aggressive_opener,66.34,TH David,Mumbai Indians,1,2,1,2,71
Chennai Super Kings,batting,finisher,KH Pandya,Baroda,59.71,95.77,50.0,100.0,76.49,63.16,71.82,0.0,batting_tailender_cluster_1,tailender,64.95,CL White,Sunrisers Hyderabad,1,2,1,3,79
Chennai Super Kings,batting,finisher,A Manohar,Karnataka,87.95,79.32,50.0,100.0,47.58,42.11,86.95,0.0,batting_aggressive_opener_cluster_0,aggressive_opener,64.65,H Klaasen,Sunrisers Hyderabad,1,2,1,4,83
Chennai Super Kings,batting,finisher,Rajat Dey,Tripura,62.25,78.9,50.0,100.0,78.4,73.68,71.89,0.0,batting_aggressive_opener_cluster_0,aggressive_opener,64.18,JP Duminy,Delhi Capitals,1,2,1,5,86
Chennai Super Kings,batting,finisher,N Wadhera,Punjab,80.71,78.95,50.0,57.9,86.3,52.63,87.8,0.0,batting_aggressive_opener_cluster_0,aggressive_opener,63.95,H Klaasen,Sunrisers Hyderabad,1,2,1,6,88
Chennai Super Kings,batting,finisher,Jay Gohil,Saurashtra,53.46,76.13,50.0,92.1,72.01,100.0,44.52,0.0,batting_tailender_cluster_1,tailender,60.47,KK Cooper,Rajasthan Royals,1,2,1,7,107
Chennai Super Kings,batting,finisher,Vishnu Solanki,Baroda,50.3,73.01,50.0,100.0,65.08,78.95,56.92,0.0,batting_tailender_cluster_1,tailender,58.61,MC Henriques,Sunrisers Hyderabad,1,2,1,8,118
Chennai Super Kings,batting,finisher,R Tewatia,Haryana,71.95,83.33,50.0,100.0,47.83,21.05,72.29,0.0,batting_aggressive_opener_cluster_0,aggressive_opener,58.51,Shashank Singh,Punjab Kings,1,2,1,9,119
Chennai Super Kings,batting,finisher,Vishvaraj Jadeja,Saurashtra,42.8,86.43,50.0,100.0,58.48,84.21,51.38,0.0,batting_tailender_cluster_1,tailender,58.43,SW Billings,Delhi Capitals,1,2,1,10,120
Chennai Super Kings,batting,finisher,VR Iyer,Madhya Pradesh,72.9,74.44,50.0,100.0,59.46,36.84,52.88,0.0,batting_aggressive_opener_cluster_0,aggressive_opener,58.16,KK Nair,Delhi Capitals,1,2,1,11,122
Chennai Super Kings,batting,finisher,Subhransu Senapati,Odisha,66.48,93.51,50.0,100.0,50.71,0.0,73.55,0.0,batting_aggressive_opener_cluster_0,aggressive_opener,57.25,KK Nair,Delhi Capitals,1,2,1,12,129
Chennai Super Kings,batting,finisher,S Dube,Mumbai,51.04,80.8,50.0,100.0,52.2,68.42,42.76,0.0,batting_tailender_cluster_1,tailender,56.17,Sachin Baby,Royal Challengers Bengaluru,1,2,1,13,135
Chennai Super Kings,batting,finisher,Sumit Kumar,Haryana,45.74,90.1,50.0,100.0,52.61,47.37,49.5,0.0,batting_tailender_cluster_1,tailender,55.11,AM Nayar,Mumbai Indians,1,2,1,14,140
Chennai Super Kings,batting,finisher,Chirag Gandhi,Gujarat,45.95,85.84,50.0,100.0,37.36,31.58,72.49,0.0,batting_tailender_cluster_1,tailender,53.71,AC Voges,Rajasthan Royals,1,2,1,15,147
Chennai Super Kings,batting,finisher,Shubham Pundir,Jammu & Kashmir,43.54,87.81,50.0,100.0,35.0,5.26,57.48,0.0,batting_tailender_cluster_1,tailender,49.15,S Badrinath,Chennai Super Kings,1,2,1,16,160
Chennai Super Kings,batting,finisher,BA Roy,Assam,65.3,37.58,50.0,42.1,64.57,57.89,59.73,0.0,batting_aggressive_opener_cluster_0,aggressive_opener,48.63,TR Birt,Delhi Capitals,1,2,1,17,162
Chennai Super Kings,batting,finisher,M Shahrukh Khan,Tamil Nadu,57.42,53.43,50.0,100.0,47.69,10.53,49.85,0.0,batting_tailender_cluster_1,tailender,47.81,MP Stoinis,Lucknow Super Giants,1,2,1,18,165
Chennai Super Kings,batting,finisher,K L Shrijith,Karnataka,28.58,83.68,50.0,83.8,26.36,15.79,35.49,0.0,batting_tailender_cluster_1,tailender,41.91,AM Nayar,Mumbai Indians,1,2,1,19,173
Chennai Super Kings,batting,finisher,Fazil Rashid,Jammu & Kashmir,21.93,89.25,50.0,40.4,41.85,26.32,56.34,0.0,batting_tailender_cluster_2,tailender,41.76,TR Birt,Delhi Capitals,1,2,1,20,176
Chennai Super Kings,batting,middle_order,YBK Jaiswal,Mumbai,63.81,88.31,50.0,100.0,68.59,100.0,24.79,0.0,batting_aggressive_opener_cluster_0,aggressive_opener,62.85,RA Tripathi,Sunrisers Hyderabad,1,2,1,1,97
Chennai Super Kings,batting,middle_order,SS Sharma,Baroda,58.75,79.22,50.0,67.9,72.36,80.0,82.64,0.0,batting_aggressive_opener_cluster_0,aggressive_opener,61.42,PHKD Mendis,Sunrisers Hyderabad,1,2,1,2,104
Chennai Super Kings,batting,middle_order,UR Kumar,Gujarat,68.39,66.97,50.0,52.5,69.32,86.67,70.24,0.0,batting_aggressive_opener_cluster_0,aggressive_opener,59.1,PHKD Mendis,Sunrisers Hyderabad,1,2,1,3,114
Chennai Super Kings,batting,middle_order,B Sai Sudharsan,Tamil Nadu,52.85,83.33,50.0,100.0,46.33,40.0,79.55,0.0,batting_aggressive_opener_cluster_0,aggressive_opener,57.16,SS Tiwary,Mumbai Indians,1,2,1,4,130
Chennai Super Kings,batting,middle_order,Sudip Chatterjee,Bengal,42.96,92.4,50.0,100.0,14.48,26.67,76.62,0.0,batting_tailender_cluster_1,tailender,51.73,FY Fazal,Rajasthan Royals,1,2,1,5,154
Chennai Super Kings,batting,middle_order,Rex Rajkumar,Manipur,23.28,86.29,50.0,100.0,28.91,73.33,52.7,0.0,batting_tailender_cluster_1,tailender,50.59,M Kaif,Rajasthan Royals,1,2,1,6,157
Chennai Super Kings,batting,middle_order,Ganesh Satish,Vidarbha,32.31,76.0,50.0,100.0,46.3,46.67,45.36,0.0,batting_tailender_cluster_1,tailender,49.19,MC Juneja,Delhi Capitals,1,2,1,7,159
Chennai Super Kings,batting,middle_order,Joseph Lalthankhuma,Mizoram,12.15,89.78,50.0,85.4,24.54,93.33,18.53,0.0,batting_tailender_cluster_1,tailender,45.58,CJ Ferguson,Pune Warriors,1,2,1,8,168
Chennai Super Kings,batting,middle_order,Bhanu Pania,Baroda,25.18,84.32,50.0,100.0,29.7,13.33,59.63,0.0,batting_tailender_cluster_1,tailender,45.45,DT Christian,Sunrisers Hyderabad,1,2,1,9,169
Chennai Super Kings,batting,middle_order,Karan Lal,Bengal,21.64,60.56,50.0,69.2,45.87,53.33,40.62,0.0,batting_tailender_cluster_1,tailender,41.81,LA Carseldine,Rajasthan Royals,1,2,1,10,175
Chennai Super Kings,batting,middle_order,Sanjeet Desai,Chhattisgarh,24.74,49.27,50.0,87.9,24.54,66.67,38.85,0.0,batting_tailender_cluster_1,tailender,41.63,KS Bharat,Royal Challengers Bengaluru,1,2,1,11,177
Chennai Super Kings,batting,middle_order,Mohit Jangra,Mizoram,23.79,71.08,50.0,40.0,29.16,60.0,44.8,0.0,batting_tailender_cluster_1,tailender,40.32,AJ Turner,Rajasthan Royals,1,2,1,12,179
Chennai Super Kings,batting,middle_order,Kangabam Singh,Manipur,17.65,85.64,50.0,100.0,32.88,6.67,23.69,0.0,batting_tailender_cluster_1,tailender,40.2,CJ Ferguson,Pune Warriors,1,2,1,13,180
Chennai Super Kings,batting,middle_order,Henan Nazir,Jammu & Kashmir,19.08,64.23,50.0,52.9,34.4,33.33,35.99,0.0,batting_tailender_cluster_1,tailender,36.61,MC Juneja,Delhi Capitals,1,2,1,14,184
Chennai Super Kings,batting,middle_order,Lalhruaizela,Mizoram,13.01,84.73,50.0,100.0,5.98,0.0,19.33,0.0,batting_tailender_cluster_2,tailender,35.34,CJ Ferguson,Pune Warriors,1,2,1,15,185
Chennai Super Kings,batting,middle_order,J Anderson,Mizoram,11.85,73.79,50.0,45.8,24.46,20.0,16.98,0.0,batting_tailender_cluster_2,tailender,31.66,MS Wade,Gujarat Titans,1,2,1,16,187
Chennai Super Kings,batting,middle_order,SK Gharami,Bengal,1.77,73.29,50.0,22.9,6.9,0.0,14.31,0.0,batting_tailender_cluster_2,tailender,23.26,AA Bilakhia,Sunrisers Hyderabad,1,2,1,17,188
Chennai Super Kings,bowling,middle_overs_bowler,Tanush Kotian,Mumbai,73.76,87.25,50.0,100.0,85.52,78.12,96.97,100.0,bowling_middle_overs_bowler_cluster_1,middle_overs_bowler,81.4,PP Chawla,Punjab Kings,1,2,1,1,5
Chennai Super Kings,bowling,middle_overs_bowler,K Kartikeya,Madhya Pradesh,72.65,92.06,50.0,100.0,76.79,71.88,97.95,100.0,bowling_middle_overs_bowler_cluster_1,middle_overs_bowler,80.5,R Sharma,Pune Warriors,1,2,1,2,9
Chennai Super Kings,bowling,middle_overs_bowler,Abid Mushtaq,Jammu & Kashmir,71.53,85.47,50.0,100.0,55.55,81.25,89.96,100.0,bowling_middle_overs_bowler_cluster_1,middle_overs_bowler,77.3,M Muralitharan,Chennai Super Kings,1,2,1,3,15
Chennai Super Kings,bowling,middle_overs_bowler,KH Pandya,Baroda,50.66,96.16,50.0,100.0,62.21,87.5,79.32,100.0,bowling_middle_overs_bowler_cluster_1,middle_overs_bowler,74.96,R Ashwin,Chennai Super Kings,1,2,1,4,24
Chennai Super Kings,bowling,middle_overs_bowler,Lalit Yadav,Delhi,48.78,91.15,50.0,100.0,80.52,75.0,83.54,100.0,bowling_middle_overs_bowler_cluster_1,middle_overs_bowler,74.83,J Botha,Rajasthan Royals,1,2,1,5,26
Chennai Super Kings,bowling,middle_overs_bowler,K Gowtham,Karnataka,53.74,92.01,50.0,100.0,76.95,46.88,95.04,100.0,bowling_middle_overs_bowler_cluster_1,middle_overs_bowler,73.94,PP Ojha,Sunrisers Hyderabad,1,2,1,6,29
Chennai Super Kings,bowling,middle_overs_bowler,R Parag,Assam,56.89,84.34,50.0,100.0,42.73,84.38,89.54,100.0,bowling_middle_overs_bowler_cluster_1,middle_overs_bowler,73.19,A Kumble,Royal Challengers Bengaluru,1,2,1,7,32
Chennai Super Kings,bowling,middle_overs_bowler,Chirag Jani,Saurashtra,44.74,90.05,50.0,100.0,83.93,67.19,78.27,100.0,bowling_middle_overs_bowler_cluster_1,middle_overs_bowler,72.89,JH Kallis,Kolkata Knight Riders,1,2,1,8,34
Chennai Super Kings,bowling,middle_overs_bowler,KC Cariappa,Karnataka,82.87,98.42,50.0,100.0,43.25,96.88,98.34,0.0,bowling_powerplay_bowler_cluster_0,powerplay_bowler,72.68,SP Narine,Kolkata Knight Riders,1,2,1,9,35
Chennai Super Kings,bowling,middle_overs_bowler,YS Chahal,Haryana,44.6,69.85,50.0,100.0,83.77,90.62,79.4,100.0,bowling_middle_overs_bowler_cluster_1,middle_overs_bowler,72.28,MJ Santner,Chennai Super Kings,1,2,1,10,37
Chennai Super Kings,bowling,middle_overs_bowler,Saransh Jain,Madhya Pradesh,42.59,76.82,50.0,100.0,71.66,93.75,75.7,100.0,bowling_middle_overs_bowler_cluster_1,middle_overs_bowler,71.65,IS Sodhi,Rajasthan Royals,1,2,1,11,39
Chennai Super Kings,bowling,middle_overs_bowler,M Markande,Punjab,47.14,92.92,50.0,100.0,63.9,28.12,97.84,100.0,bowling_middle_overs_bowler_cluster_1,middle_overs_bowler,69.85,RD Chahar,Mumbai Indians,1,2,1,12,47
Chennai Super Kings,bowling,middle_overs_bowler,VR Iyer,Madhya Pradesh,49.79,85.89,50.0,100.0,60.52,40.62,93.4,100.0,bowling_middle_overs_bowler_cluster_1,middle_overs_bowler,69.8,J Botha,Rajasthan Royals,1,2,1,13,48
Chennai Super Kings,bowling,middle_overs_bowler,SS Agarwal,Chhattisgarh,60.9,93.39,50.0,100.0,32.34,25.0,97.81,100.0,bowling_middle_overs_bowler_cluster_1,middle_overs_bowler,69.2,Rashid Khan,Sunrisers Hyderabad,1,2,1,14,51
Chennai Super Kings,bowling,middle_overs_bowler,Dharmendrasinh Jadeja,Saurashtra,43.9,81.92,50.0,100.0,39.19,67.19,86.34,100.0,bowling_middle_overs_bowler_cluster_1,middle_overs_bowler,67.84,MM Ali,Chennai Super Kings,1,2,1,15,62
Chennai Super Kings,bowling,middle_overs_bowler,Shiva Singh,Uttar Pradesh,47.29,83.77,50.0,100.0,49.25,57.81,74.11,100.0,bowling_middle_overs_bowler_cluster_1,middle_overs_bowler,67.64,M Kartik,Kolkata Knight Riders,1,2,1,16,63
Chennai Super Kings,bowling,middle_overs_bowler,PP Chawla,Gujarat,86.69,94.53,50.0,100.0,52.89,34.38,97.43,0.0,bowling_powerplay_bowler_cluster_0,powerplay_bowler,67.49,PP Ojha,Sunrisers Hyderabad,1,2,1,17,64
Chennai Super Kings,bowling,middle_overs_bowler,Jasmer Dhankhar,Uttar Pradesh,50.91,80.72,50.0,55.0,70.91,57.81,89.9,100.0,bowling_middle_overs_bowler_cluster_1,middle_overs_bowler,67.15,MJ Clarke,Pune Warriors,1,2,1,18,66
Chennai Super Kings,bowling,middle_overs_bowler,J Yadav,Haryana,53.08,93.99,50.0,100.0,17.66,37.5,83.58,100.0,bowling_middle_overs_bowler_cluster_1,middle_overs_bowler,66.09,AR Patel,Delhi Capitals,1,2,1,19,72
Chennai Super Kings,bowling,middle_overs_bowler,NA Rathva,Baroda,58.36,86.42,50.0,100.0,14.71,15.62,98.47,100.0,bowling_middle_overs_bowler_cluster_1,middle_overs_bowler,65.02,PP Ojha,Sunrisers Hyderabad,1,2,1,20,78
Chennai Super Kings,bowling,middle_overs_bowler,KV Sharma,Railways,49.69,90.54,50.0,100.0,22.34,12.5,85.97,100.0,bowling_middle_overs_bowler_cluster_1,middle_overs_bowler,63.1,P Negi,Royal Challengers Bengaluru,1,2,1,21,94
Chennai Super Kings,bowling,middle_overs_bowler,S Dube,Mumbai,31.7,78.52,50.0,100.0,61.98,50.0,46.41,100.0,bowling_middle_overs_bowler_cluster_1,middle_overs_bowler,61.46,CR Brathwaite,Delhi Capitals,1,2,1,22,103
Chennai Super Kings,bowling,middle_overs_bowler,TC Vanlalremruata,Mizoram,42.38,75.45,50.0,43.8,59.16,43.75,70.85,100.0,bowling_middle_overs_bowler_cluster_1,middle_overs_bowler,59.05,Gurkeerat Singh,Punjab Kings,1,2,1,23,116
Chennai Super Kings,bowling,middle_overs_bowler,Shivam Chaudhary,Railways,27.84,89.74,50.0,100.0,30.52,21.88,63.0,100.0,bowling_middle_overs_bowler_cluster_2,middle_overs_bowler,58.07,TM Dilshan,Delhi Capitals,1,2,1,24,124
Chennai Super Kings,bowling,middle_overs_bowler,Harsh Tyagi,Railways,38.76,85.82,50.0,100.0,15.06,0.0,77.18,100.0,bowling_middle_overs_bowler_cluster_1,middle_overs_bowler,57.35,M Kartik,Kolkata Knight Riders,1,2,1,25,127
Chennai Super Kings,bowling,middle_overs_bowler,Sahil Lotra,Jammu & Kashmir,35.65,81.51,50.0,46.2,41.43,62.5,39.99,100.0,bowling_middle_overs_bowler_cluster_2,middle_overs_bowler,55.87,P Dubey,Delhi Capitals,1,2,1,26,137
Chennai Super Kings,bowling,middle_overs_bowler,Shivam Shukla,Madhya Pradesh,32.72,68.13,50.0,43.8,47.95,53.12,50.21,100.0,bowling_middle_overs_bowler_cluster_1,middle_overs_bowler,53.77,Gurkeerat Singh,Punjab Kings,1,2,1,27,146
Chennai Super Kings,bowling,middle_overs_bowler,AV Rajput,Baroda,29.0,89.22,50.0,60.0,58.7,6.25,41.86,100.0,bowling_middle_overs_bowler_cluster_1,middle_overs_bowler,53.36,V Puthur,Mumbai Indians,1,2,1,28,149
Chennai Super Kings,bowling,middle_overs_bowler,L Kishan Singha,Manipur,31.62,62.32,50.0,100.0,33.64,18.75,47.28,100.0,bowling_middle_overs_bowler_cluster_1,middle_overs_bowler,53.14,Harpreet Brar,Punjab Kings,1,2,1,29,151
Chennai Super Kings,bowling,middle_overs_bowler,Rahul Batham,Madhya Pradesh,21.37,54.65,50.0,85.0,38.73,9.38,41.07,100.0,bowling_middle_overs_bowler_cluster_1,middle_overs_bowler,47.39,PD Collingwood,Delhi Capitals,1,2,1,30,166
Chennai Super Kings,bowling,middle_overs_bowler,Akash Pandey,Railways,44.94,82.3,50.0,50.0,60.13,3.12,67.35,0.0,bowling_powerplay_bowler_cluster_0,powerplay_bowler,46.89,DG Nalkande,Gujarat Titans,1,2,1,31,167
Chennai Super Kings,bowling,middle_overs_bowler,S Hegde,Karnataka,12.56,79.53,50.0,43.8,24.61,31.25,28.05,100.0,bowling_middle_overs_bowler_cluster_2,middle_overs_bowler,44.71,MK Lomror,Rajasthan Royals,1,2,1,32,172
Chennai Super Kings,bowling,powerplay_bowler,I Sharma,Delhi,75.32,87.48,50.0,100.0,87.18,73.91,96.0,100.0,bowling_powerplay_bowler_cluster_0,powerplay_bowler,81.39,BW Hilfenhaus,Chennai Super Kings,1,2,1,1,6
Chennai Super Kings,bowling,powerplay_bowler,R Sai Kishore,Tamil Nadu,81.01,80.32,50.0,100.0,45.45,86.96,96.89,100.0,bowling_powerplay_bowler_cluster_0,powerplay_bowler,78.68,A Chandila,Rajasthan Royals,1,2,1,2,11
Chennai Super Kings,bowling,powerplay_bowler,Chintan Gaja,Gujarat,64.89,83.79,50.0,100.0,48.41,47.83,99.59,100.0,bowling_powerplay_bowler_cluster_0,powerplay_bowler,72.63,MF Maharoof,Delhi Capitals,1,2,1,3,36
Chennai Super Kings,bowling,powerplay_bowler,Sourabh Majumdar,Chhattisgarh,54.19,78.68,50.0,100.0,46.88,82.61,89.23,100.0,bowling_powerplay_bowler_cluster_0,powerplay_bowler,72.01,GD McGrath,Delhi Capitals,1,2,1,4,38
Chennai Super Kings,bowling,powerplay_bowler,Mukhtar Hussain,Assam,55.11,96.28,50.0,100.0,44.55,41.3,99.69,100.0,bowling_powerplay_bowler_cluster_0,powerplay_bowler,71.52,A Nehra,Delhi Capitals,1,2,1,5,40
Chennai Super Kings,bowling,powerplay_bowler,M Prasidh Krishna,Karnataka,54.23,85.6,50.0,100.0,49.09,58.7,92.22,100.0,bowling_powerplay_bowler_cluster_0,powerplay_bowler,71.19,DW Steyn,Sunrisers Hyderabad,1,2,1,6,41
Chennai Super Kings,bowling,powerplay_bowler,Yuvraj Singh,Punjab,55.17,75.33,50.0,100.0,33.25,78.26,80.75,100.0,bowling_powerplay_bowler_cluster_0,powerplay_bowler,69.06,AM Salvi,Delhi Capitals,1,2,1,7,52
Chennai Super Kings,bowling,powerplay_bowler,Manisankar Murasingh,Tripura,50.85,88.67,50.0,100.0,25.39,69.57,83.81,100.0,bowling_powerplay_bowler_cluster_0,powerplay_bowler,68.85,P Kumar,Punjab Kings,1,2,1,8,54
Chennai Super Kings,bowling,powerplay_bowler,Ajay Sarkar,Tripura,40.25,75.64,50.0,100.0,47.27,95.65,74.15,100.0,bowling_powerplay_bowler_cluster_0,powerplay_bowler,68.6,IK Pathan,Delhi Capitals,1,2,1,9,57
Chennai Super Kings,bowling,powerplay_bowler,A Kamboj,Haryana,67.34,81.87,50.0,52.5,51.2,52.17,93.36,100.0,bowling_powerplay_bowler_cluster_0,powerplay_bowler,68.17,KMDN Kulasekara,Chennai Super Kings,1,2,1,10,60
Chennai Super Kings,bowling,powerplay_bowler,CV Varun,Tamil Nadu,67.09,65.87,50.0,48.8,72.47,58.7,91.93,100.0,bowling_powerplay_bowler_cluster_0,powerplay_bowler,67.99,MF Maharoof,Delhi Capitals,1,2,1,11,61
Chennai Super Kings,bowling,powerplay_bowler,SZ Mulani,Mumbai,74.56,84.0,50.0,100.0,81.79,41.3,97.58,0.0,bowling_middle_overs_bowler_cluster_1,middle_overs_bowler,67.08,Iqbal Abdulla,Kolkata Knight Riders,1,2,1,12,67
Chennai Super Kings,bowling,powerplay_bowler,SI Sopariya,Baroda,60.31,55.18,50.0,62.5,64.03,91.3,68.21,100.0,bowling_powerplay_bowler_cluster_0,powerplay_bowler,66.44,AA Chavan,Rajasthan Royals,1,2,1,13,69
Chennai Super Kings,bowling,powerplay_bowler,Mrinmoy Dutta,Assam,48.97,70.97,50.0,100.0,40.52,34.78,90.32,100.0,bowling_powerplay_bowler_cluster_0,powerplay_bowler,64.5,JA Morkel,Chennai Super Kings,1,2,1,14,84
Chennai Super Kings,bowling,powerplay_bowler,Bishworjit Konthoujam,Manipur,56.27,82.61,50.0,100.0,13.57,26.09,87.21,100.0,bowling_powerplay_bowler_cluster_0,powerplay_bowler,63.83,AB Dinda,Kolkata Knight Riders,1,2,1,15,89
Chennai Super Kings,bowling,powerplay_bowler,Mohit Jangra,Mizoram,34.06,77.31,50.0,87.5,45.91,65.22,67.08,100.0,bowling_powerplay_bowler_cluster_0,powerplay_bowler,62.48,DJ Willey,Royal Challengers Bengaluru,1,2,1,16,100
Chennai Super Kings,bowling,powerplay_bowler,Rex Rajkumar,Manipur,40.03,91.95,50.0,100.0,25.91,13.04,62.04,100.0,bowling_powerplay_bowler_cluster_0,powerplay_bowler,59.4,S Tyagi,Chennai Super Kings,1,2,1,17,113
Chennai Super Kings,bowling,powerplay_bowler,SN Patel,Gujarat,49.58,75.85,50.0,43.8,48.54,30.43,70.83,100.0,bowling_powerplay_bowler_cluster_0,powerplay_bowler,58.15,A Choudhary,Royal Challengers Bengaluru,1,2,1,18,123
Chennai Super Kings,bowling,powerplay_bowler,Lalhruai Ralte,Mizoram,24.32,88.63,50.0,100.0,46.66,0.0,2.76,100.0,bowling_powerplay_bowler_cluster_0,powerplay_bowler,50.6,MJ Henry,Lucknow Super Giants,1,2,1,19,156
Chennai Super Kings,bowling,powerplay_bowler,Remruatdika Ralte,Mizoram,30.77,87.35,50.0,100.0,26.88,4.35,53.93,0.0,bowling_middle_overs_bowler_cluster_1,middle_overs_bowler,45.27,AL Menaria,Rajasthan Royals,1,2,1,20,171
Chennai Super Kings,bowling,powerplay_bowler,AK Sarkar,Tripura,12.93,88.89,50.0,93.8,43.18,17.39,30.49,0.0,bowling_middle_overs_bowler_cluster_2,middle_overs_bowler,41.91,AA Jhunjhunwala,Rajasthan Royals,1,2,1,21,174
Chennai Super Kings,bowling,powerplay_bowler,AR Pandey,Railways,18.29,91.62,50.0,100.0,16.43,21.74,3.97,0.0,bowling_middle_overs_bowler_cluster_2,middle_overs_bowler,39.11,Fazalhaq Farooqi,Sunrisers Hyderabad,1,2,1,22,183
Chennai Super Kings,bowling,powerplay_bowler,BM Chingakham,Manipur,11.09,92.12,50.0,50.0,16.88,8.7,20.02,0.0,bowling_middle_overs_bowler_cluster_2,middle_overs_bowler,33.1,KJ Abbott,Punjab Kings,1,2,1,23,186
Chennai Super Kings,batting,top_order_anchor,RM Patidar,Madhya Pradesh,89.81,78.34,100.0,100.0,96.17,100.0,95.54,0.0,batting_aggressive_opener_cluster_0,aggressive_opener,83.88,C Connolly,Punjab Kings,0,1,1,1,3
Chennai Super Kings,batting,top_order_anchor,N Rana,Delhi,83.66,84.24,100.0,100.0,79.7,57.14,92.6,0.0,batting_aggressive_opener_cluster_0,aggressive_opener,77.31,D Brevis,Mumbai Indians,0,1,1,2,14
Chennai Super Kings,batting,top_order_anchor,Anmolpreet Singh,Punjab,74.57,74.03,100.0,100.0,98.7,92.86,70.17,0.0,batting_aggressive_opener_cluster_0,aggressive_opener,77.19,AB de Villiers,Royal Challengers Bengaluru,0,1,1,3,17
Chennai Super Kings,batting,top_order_anchor,Mandeep Singh,Punjab,80.64,63.68,100.0,100.0,76.96,85.71,93.41,0.0,batting_aggressive_opener_cluster_0,aggressive_opener,76.29,C Green,Mumbai Indians,0,1,1,4,19
Chennai Super Kings,batting,top_order_anchor,SS Iyer,Mumbai,85.88,76.28,100.0,100.0,61.68,64.29,96.79,0.0,batting_aggressive_opener_cluster_0,aggressive_opener,75.89,C Connolly,Punjab Kings,0,1,1,5,21
Chennai Super Kings,batting,top_order_anchor,R Parag,Assam,81.7,60.81,100.0,100.0,61.33,78.57,93.82,0.0,batting_aggressive_opener_cluster_0,aggressive_opener,73.83,RM Patidar,Royal Challengers Bengaluru,0,1,1,6,30
Chennai Super Kings,batting,top_order_anchor,Harpreet Singh,Chhattisgarh,75.28,66.96,100.0,100.0,72.91,50.0,86.1,0.0,batting_aggressive_opener_cluster_0,aggressive_opener,71.0,SE Marsh,Punjab Kings,0,1,1,7,42
Chennai Super Kings,batting,top_order_anchor,SA Yadav,Mumbai,84.78,64.84,100.0,100.0,45.87,71.43,74.64,0.0,batting_aggressive_opener_cluster_0,aggressive_opener,70.88,RR Pant,Delhi Capitals,0,1,1,8,43
Chennai Super Kings,batting,top_order_anchor,A Badoni,Delhi,51.9,72.69,100.0,100.0,84.81,35.71,65.49,0.0,batting_tailender_cluster_1,tailender,64.88,PD Collingwood,Delhi Capitals,0,1,1,9,80
Chennai Super Kings,batting,top_order_anchor,YV Dhull,Delhi,51.42,67.73,100.0,100.0,53.23,42.86,83.35,0.0,batting_aggressive_opener_cluster_0,aggressive_opener,63.39,KS Williamson,Sunrisers Hyderabad,0,1,1,10,93
Chennai Super Kings,batting,top_order_anchor,Himanshu Rana,Haryana,57.37,82.74,100.0,100.0,35.3,21.43,70.08,0.0,batting_aggressive_opener_cluster_0,aggressive_opener,61.57,D Padikkal,Royal Challengers Bengaluru,0,1,1,11,102
Chennai Super Kings,batting,top_order_anchor,MK Pandey,Karnataka,71.14,60.27,100.0,100.0,23.59,14.29,79.8,0.0,batting_aggressive_opener_cluster_0,aggressive_opener,60.04,PD Collingwood,Delhi Capitals,0,1,1,12,110
Chennai Super Kings,batting,top_order_anchor,Amandeep Khare,Chhattisgarh,48.3,87.46,100.0,100.0,27.77,7.14,67.1,0.0,batting_tailender_cluster_1,tailender,57.98,KS Williamson,Sunrisers Hyderabad,0,1,1,13,125
Chennai Super Kings,batting,top_order_anchor,N Sindhu,Haryana,58.37,57.15,100.0,60.4,45.27,28.57,80.45,0.0,batting_aggressive_opener_cluster_0,aggressive_opener,56.72,MN van Wyk,Kolkata Knight Riders,0,1,1,14,134
Chennai Super Kings,allrounder,utility_player,SZ Mulani,Mumbai,74.05,86.68,100.0,0.0,81.13,86.88,93.74,0.0,allrounder_pure_bowler_cluster_4,pure_bowler,68.99,M Morkel,Delhi Capitals,0,2,2,1,53
Chennai Super Kings,allrounder,utility_player,AV Rajput,Baroda,82.04,96.03,100.0,0.0,64.96,63.12,96.07,0.0,allrounder_pure_bowler_cluster_4,pure_bowler,68.23,AB McDonald,Delhi Capitals,0,2,2,2,58
Chennai Super Kings,allrounder,utility_player,A Badoni,Delhi,62.34,96.01,100.0,0.0,57.78,57.19,70.31,0.0,allrounder_pure_bowler_cluster_4,pure_bowler,60.4,Sikandar Raza,Punjab Kings,0,2,2,3,108
Chennai Super Kings,allrounder,utility_player,Mandeep Singh,Punjab,70.8,87.15,100.0,0.0,38.05,37.5,72.98,0.0,allrounder_pure_bowler_cluster_4,pure_bowler,57.09,A Badoni,Lucknow Super Giants,0,2,2,4,131
Chennai Super Kings,allrounder,utility_player,Shivam Chaudhary,Railways,60.75,94.82,100.0,0.0,53.07,58.44,44.43,0.0,allrounder_pure_bowler_cluster_4,pure_bowler,56.97,TM Dilshan,Delhi Capitals,0,2,2,5,132
Chennai Super Kings,allrounder,utility_player,Dharmendrasinh Jadeja,Saurashtra,61.8,94.57,100.0,0.0,39.57,40.0,46.56,0.0,allrounder_pure_bowler_cluster_4,pure_bowler,54.16,B Lee,Punjab Kings,0,2,2,6,144
Chennai Super Kings,allrounder,utility_player,AR Pandey,Railways,51.9,96.18,100.0,0.0,44.74,42.19,42.09,0.0,allrounder_pure_bowler_cluster_4,pure_bowler,52.71,R Sathish,Mumbai Indians,0,2,2,7,152
Chennai Super Kings,allrounder,utility_player,L Kishan Singha,Manipur,50.34,95.06,100.0,0.0,36.25,40.94,17.5,0.0,allrounder_pure_bowler_cluster_1,pure_bowler,48.8,S Nadeem,Delhi Capitals,0,2,2,8,161
Chennai Super Kings,allrounder,utility_player,KS Sharma,Uttar Pradesh,65.33,71.08,100.0,0.0,18.35,12.5,63.79,0.0,allrounder_pure_bowler_cluster_4,pure_bowler,48.19,B Lee,Punjab Kings,0,2,2,9,164
Chennai Super Kings,allrounder,utility_player,Lalhruai Ralte,Mizoram,40.76,95.09,100.0,0.0,38.71,36.25,3.84,0.0,allrounder_pure_bowler_cluster_1,pure_bowler,45.3,JDS Neesham,Delhi Capitals,0,2,2,10,170
Delhi Capitals,batting,aggressive_opener,AM Rahane,Mumbai,84.08,98.36,50.0,100.0,92.61,82.35,94.69,100.0,batting_aggressive_opener_cluster_0,aggressive_opener,86.04,Shubman Gill,Gujarat Titans,1,2,1,1,3
Delhi Capitals,batting,aggressive_opener,PP Shaw,Mumbai,89.28,94.38,50.0,100.0,64.73,94.12,86.71,100.0,batting_aggressive_opener_cluster_0,aggressive_opener,84.07,P Simran Singh,Punjab Kings,1,2,1,2,4
Delhi Capitals,batting,aggressive_opener,Tarang Gohel,Saurashtra,73.21,87.3,50.0,77.9,82.88,100.0,24.66,100.0,batting_aggressive_opener_cluster_0,aggressive_opener,73.78,JG Bethell,Royal Challengers Bengaluru,1,2,1,3,34
Delhi Capitals,batting,aggressive_opener,HV Patel,Haryana,85.9,75.85,50.0,100.0,65.22,41.18,66.82,100.0,batting_aggressive_opener_cluster_0,aggressive_opener,73.38,J Fraser-McGurk,Delhi Capitals,1,2,1,4,35
Delhi Capitals,batting,aggressive_opener,P Simran Singh,Punjab,79.34,81.01,50.0,100.0,64.1,52.94,48.88,100.0,batting_aggressive_opener_cluster_0,aggressive_opener,72.11,DR Smith,Chennai Super Kings,1,2,1,5,43
Delhi Capitals,batting,aggressive_opener,D Padikkal,Karnataka,85.96,90.4,50.0,100.0,17.17,11.76,94.76,100.0,batting_aggressive_opener_cluster_0,aggressive_opener,70.62,DP Conway,Chennai Super Kings,1,2,1,6,51
Delhi Capitals,batting,aggressive_opener,H Desai,Saurashtra,51.02,91.11,50.0,100.0,75.05,88.24,28.34,100.0,batting_aggressive_opener_cluster_0,aggressive_opener,70.53,S Sohal,Punjab Kings,1,2,1,7,52
Delhi Capitals,batting,aggressive_opener,AD Chopra,Mizoram,83.63,60.9,50.0,47.1,83.04,76.47,57.59,100.0,batting_aggressive_opener_cluster_0,aggressive_opener,69.78,HM Amla,Punjab Kings,1,2,1,8,57
Delhi Capitals,batting,aggressive_opener,Hari Nishaanth,Tamil Nadu,62.19,80.02,50.0,100.0,74.57,64.71,25.86,100.0,batting_aggressive_opener_cluster_0,aggressive_opener,68.45,PA Patel,Mumbai Indians,1,2,1,9,64
Delhi Capitals,batting,aggressive_opener,MA Agarwal,Karnataka,60.67,89.56,50.0,100.0,62.34,35.29,29.63,100.0,batting_aggressive_opener_cluster_0,aggressive_opener,65.79,MA Agarwal,Punjab Kings,1,2,1,10,82
Delhi Capitals,batting,aggressive_opener,Ankit Kumar,Haryana,70.21,53.71,50.0,60.8,73.91,47.06,50.14,100.0,batting_aggressive_opener_cluster_0,aggressive_opener,62.79,AD Hales,Sunrisers Hyderabad,1,2,1,11,103
Delhi Capitals,batting,aggressive_opener,Vivek Singh,Bengal,72.93,85.91,50.0,100.0,27.72,17.65,30.07,100.0,batting_aggressive_opener_cluster_0,aggressive_opener,62.52,WP Saha,Punjab Kings,1,2,1,12,106
Delhi Capitals,batting,aggressive_opener,Rishav Das,Assam,49.31,86.56,50.0,100.0,60.38,23.53,37.66,100.0,batting_aggressive_opener_cluster_0,aggressive_opener,62.5,PA Patel,Mumbai Indians,1,2,1,13,107
Delhi Capitals,batting,aggressive_opener,Jyotsnil Singh,Baroda,59.71,83.02,50.0,61.2,65.0,29.41,44.74,100.0,batting_aggressive_opener_cluster_0,aggressive_opener,61.93,AD Hales,Sunrisers Hyderabad,1,2,1,14,109
Delhi Capitals,batting,aggressive_opener,Abishek Porel,Bengal,56.99,82.9,50.0,34.6,53.15,70.59,25.08,100.0,batting_aggressive_opener_cluster_0,aggressive_opener,59.68,JG Bethell,Royal Challengers Bengaluru,1,2,1,15,120
Delhi Capitals,batting,aggressive_opener,HP Gawli,Madhya Pradesh,54.68,89.88,50.0,32.5,42.23,58.82,27.15,100.0,batting_aggressive_opener_cluster_0,aggressive_opener,57.99,UT Khawaja,Rising Pune Supergiant,1,2,1,16,130
Delhi Capitals,batting,aggressive_opener,Shashank Chandrakar,Chhattisgarh,67.0,75.48,50.0,100.0,10.33,5.88,23.03,100.0,batting_aggressive_opener_cluster_0,aggressive_opener,56.15,PA Patel,Mumbai Indians,1,2,1,17,142
Delhi Capitals,batting,anchor_opener,Shivam Chaudhary,Railways,59.39,93.46,100.0,100.0,55.11,100.0,75.67,0.0,batting_aggressive_opener_cluster_0,aggressive_opener,73.98,SR Tendulkar,Mumbai Indians,0,1,1,1,29
Delhi Capitals,batting,anchor_opener,Pratham Singh,Railways,66.51,89.58,100.0,100.0,66.63,88.24,58.51,0.0,batting_aggressive_opener_cluster_0,aggressive_opener,73.08,M Vijay,Chennai Super Kings,0,1,1,2,37
Delhi Capitals,batting,anchor_opener,AV Rajput,Baroda,49.72,82.9,100.0,100.0,70.54,35.29,64.05,0.0,batting_aggressive_opener_cluster_0,aggressive_opener,64.37,RS Bopara,Punjab Kings,0,1,1,3,94
Delhi Capitals,batting,anchor_opener,Saurav Chauhan,Gujarat,44.06,66.09,100.0,100.0,82.61,52.94,67.86,0.0,batting_aggressive_opener_cluster_0,aggressive_opener,64.07,DJM Short,Rajasthan Royals,0,1,1,4,95
Delhi Capitals,batting,anchor_opener,Abhishek Goswami,Uttar Pradesh,46.43,65.56,100.0,100.0,79.27,58.82,46.98,0.0,batting_aggressive_opener_cluster_0,aggressive_opener,62.63,DJM Short,Rajasthan Royals,0,1,1,5,104
Delhi Capitals,batting,anchor_opener,Arpit Gaud,Madhya Pradesh,38.34,78.66,100.0,89.6,40.05,94.12,33.99,0.0,batting_aggressive_opener_cluster_0,aggressive_opener,60.24,RE Levi,Mumbai Indians,0,1,1,6,117
Delhi Capitals,batting,anchor_opener,Qamran Iqbal,Jammu & Kashmir,51.05,51.14,100.0,100.0,64.29,64.71,39.95,0.0,batting_aggressive_opener_cluster_0,aggressive_opener,59.78,LMP Simmons,Mumbai Indians,0,1,1,7,119
Delhi Capitals,batting,anchor_opener,Bikramkumar Das,Tripura,56.02,86.75,100.0,100.0,9.95,5.88,82.86,0.0,batting_aggressive_opener_cluster_0,aggressive_opener,59.09,R Dravid,Rajasthan Royals,0,1,1,8,123
Delhi Capitals,batting,anchor_opener,KS Sharma,Uttar Pradesh,54.32,68.68,100.0,100.0,26.85,29.41,56.33,0.0,batting_aggressive_opener_cluster_0,aggressive_opener,57.43,AJ Finch,Gujarat Lions,0,1,1,9,132
Delhi Capitals,batting,anchor_opener,P Prafullomani,Manipur,20.77,89.25,100.0,100.0,50.52,76.47,20.98,0.0,batting_tailender_cluster_1,tailender,57.34,RT Ponting,Mumbai Indians,0,1,1,10,134
Delhi Capitals,batting,anchor_opener,Aarya Desai,Gujarat,46.12,87.27,100.0,58.3,65.68,23.53,47.89,0.0,batting_aggressive_opener_cluster_0,aggressive_opener,56.85,DJM Short,Rajasthan Royals,0,1,1,11,137
Delhi Capitals,batting,anchor_opener,Shubham Sharma,Madhya Pradesh,42.61,74.18,100.0,100.0,37.07,47.06,30.71,0.0,batting_tailender_cluster_1,tailender,56.13,MJ Clarke,Pune Warriors,0,1,1,12,143
Delhi Capitals,batting,anchor_opener,Shubham Khajuria,Jammu & Kashmir,41.21,54.19,100.0,100.0,63.26,41.18,34.59,0.0,batting_aggressive_opener_cluster_0,aggressive_opener,55.27,M Vijay,Chennai Super Kings,0,1,1,13,148
Delhi Capitals,batting,anchor_opener,Denish Das,Assam,28.86,76.72,100.0,100.0,36.96,70.59,20.22,0.0,batting_tailender_cluster_1,tailender,55.06,SP Goswami,Royal Challengers Bengaluru,0,1,1,14,149
Delhi Capitals,batting,anchor_opener,Eknath Kerkar,Goa,32.64,93.12,100.0,100.0,31.44,11.76,50.34,0.0,batting_tailender_cluster_1,tailender,54.85,JEC Franklin,Mumbai Indians,0,1,1,15,150
Delhi Capitals,batting,anchor_opener,A Raghuvanshi,Mumbai,42.23,62.27,100.0,48.3,46.25,82.35,33.57,0.0,batting_aggressive_opener_cluster_0,aggressive_opener,53.83,MJ Clarke,Pune Warriors,0,1,1,16,153
Delhi Capitals,batting,anchor_opener,G Ajitesh,Tamil Nadu,17.2,59.51,100.0,24.2,20.27,17.65,55.69,0.0,batting_tailender_cluster_2,tailender,39.15,Anuj Rawat,Royal Challengers Bengaluru,0,1,1,17,185
Delhi Capitals,allrounder,batting_allrounder,Chirag Jani,Saurashtra,73.17,85.04,100.0,0.0,87.41,92.31,89.63,0.0,allrounder_pure_bowler_cluster_4,pure_bowler,69.32,SM Pollock,Mumbai Indians,0,2,2,1,59
Delhi Capitals,allrounder,batting_allrounder,HV Patel,Haryana,94.22,95.99,100.0,0.0,38.56,61.54,99.54,0.0,allrounder_pure_bowler_cluster_4,pure_bowler,68.21,MR Marsh,Delhi Capitals,0,2,2,2,66
Delhi Capitals,allrounder,batting_allrounder,Sumit Kumar,Haryana,79.46,96.77,100.0,0.0,79.31,46.15,88.1,0.0,allrounder_pure_bowler_cluster_4,pure_bowler,66.76,Azhar Mahmood,Punjab Kings,0,2,2,3,74
Delhi Capitals,allrounder,batting_allrounder,NA Rathva,Baroda,72.89,87.29,100.0,0.0,52.12,100.0,85.4,0.0,allrounder_pure_bowler_cluster_4,pure_bowler,66.42,Shakib Al Hasan,Kolkata Knight Riders,0,2,2,4,76
Delhi Capitals,allrounder,batting_allrounder,R Parag,Assam,88.15,74.48,100.0,0.0,60.83,65.38,92.52,0.0,allrounder_pure_bowler_cluster_4,pure_bowler,65.67,PD Collingwood,Delhi Capitals,0,2,2,5,83
Delhi Capitals,allrounder,batting_allrounder,N Rana,Delhi,85.62,73.3,100.0,0.0,68.59,61.54,93.81,0.0,allrounder_pure_bowler_cluster_4,pure_bowler,65.51,PD Collingwood,Delhi Capitals,0,2,2,6,86
Delhi Capitals,allrounder,batting_allrounder,KH Pandya,Baroda,76.94,89.33,100.0,0.0,67.7,53.85,88.2,0.0,allrounder_pure_bowler_cluster_4,pure_bowler,64.76,SM Pollock,Mumbai Indians,0,2,2,7,90
Delhi Capitals,allrounder,batting_allrounder,VR Iyer,Madhya Pradesh,80.31,91.26,100.0,0.0,59.28,38.46,89.42,0.0,allrounder_pure_bowler_cluster_4,pure_bowler,63.47,PD Collingwood,Delhi Capitals,0,2,2,8,97
Delhi Capitals,allrounder,batting_allrounder,R Tewatia,Haryana,79.51,79.37,100.0,0.0,55.78,53.85,91.47,0.0,allrounder_pure_bowler_cluster_4,pure_bowler,62.92,ST Jayasuriya,Mumbai Indians,0,2,2,9,101
Delhi Capitals,allrounder,batting_allrounder,KV Sharma,Railways,76.29,88.4,100.0,0.0,44.87,53.85,94.12,0.0,allrounder_pure_bowler_cluster_4,pure_bowler,62.8,SM Pollock,Mumbai Indians,0,2,2,10,102
Delhi Capitals,allrounder,batting_allrounder,Lalit Yadav,Delhi,79.05,61.82,100.0,0.0,69.48,34.62,91.48,0.0,allrounder_pure_bowler_cluster_4,pure_bowler,59.64,MM Ali,Chennai Super Kings,0,2,2,11,121
Delhi Capitals,allrounder,batting_allrounder,S Dube,Mumbai,70.9,82.93,100.0,0.0,61.35,26.92,83.55,0.0,allrounder_pure_bowler_cluster_4,pure_bowler,58.8,BA Stokes,Rajasthan Royals,0,2,2,12,125
Delhi Capitals,allrounder,batting_allrounder,Manisankar Murasingh,Tripura,74.2,79.15,100.0,0.0,37.37,11.54,87.52,0.0,allrounder_pure_bowler_cluster_4,pure_bowler,55.36,SM Pollock,Mumbai Indians,0,2,2,13,146
Delhi Capitals,allrounder,bowling_allrounder,JD Unadkat,Saurashtra,93.38,97.05,50.0,0.0,56.97,81.25,96.87,100.0,allrounder_bowling_allrounder_cluster_2,bowling_allrounder,74.24,MF Maharoof,Delhi Capitals,1,2,1,1,28
Delhi Capitals,allrounder,bowling_allrounder,PP Chawla,Gujarat,86.57,93.92,50.0,0.0,56.98,56.25,92.75,100.0,allrounder_bowling_allrounder_cluster_2,bowling_allrounder,69.5,MF Maharoof,Delhi Capitals,1,2,1,2,58
Delhi Capitals,allrounder,bowling_allrounder,A Sheth,Baroda,78.12,92.04,50.0,0.0,55.25,62.5,94.18,100.0,allrounder_bowling_allrounder_cluster_2,bowling_allrounder,68.12,JC Archer,Rajasthan Royals,1,2,1,3,67
Delhi Capitals,allrounder,bowling_allrounder,K Gowtham,Karnataka,76.86,83.42,50.0,0.0,76.04,87.5,94.49,0.0,allrounder_pure_bowler_cluster_4,pure_bowler,61.19,MF Maharoof,Delhi Capitals,1,2,1,4,113
Delhi Capitals,allrounder,bowling_allrounder,Sanvir Singh,Punjab,80.96,97.86,50.0,0.0,49.31,31.25,98.66,0.0,allrounder_pure_bowler_cluster_4,pure_bowler,56.29,CR Brathwaite,Delhi Capitals,1,2,1,5,141
Delhi Capitals,allrounder,bowling_allrounder,Yuvraj Singh,Punjab,67.97,77.04,50.0,0.0,28.69,40.62,64.11,0.0,allrounder_pure_bowler_cluster_4,pure_bowler,45.99,RS Bopara,Punjab Kings,1,2,1,6,175
Delhi Capitals,allrounder,bowling_allrounder,Harpreet Singh,Chhattisgarh,79.98,66.56,50.0,0.0,36.02,0.0,87.23,0.0,allrounder_pure_bowler_cluster_4,pure_bowler,45.81,R Tewatia,Gujarat Titans,1,2,1,7,176
Delhi Capitals,allrounder,bowling_allrounder,Harsh Tyagi,Railways,64.13,95.29,50.0,0.0,29.96,15.62,46.18,0.0,allrounder_pure_bowler_cluster_4,pure_bowler,43.8,Mohammad Nabi,Sunrisers Hyderabad,1,2,1,8,180
Delhi Capitals,allrounder,bowling_allrounder,Rex Rajkumar,Manipur,51.58,97.5,50.0,0.0,36.21,25.0,22.38,0.0,allrounder_pure_bowler_cluster_4,pure_bowler,40.8,R Dhawan,Punjab Kings,1,2,1,9,182
Delhi Capitals,allrounder,bowling_allrounder,Kangabam Singh,Manipur,48.07,94.36,50.0,0.0,17.68,0.0,10.54,0.0,allrounder_pure_bowler_cluster_1,pure_bowler,34.09,R McLaren,Mumbai Indians,1,2,1,10,186
Delhi Capitals,allrounder,bowling_allrounder,Lalhruaizela,Mizoram,45.83,93.92,50.0,0.0,4.07,0.0,9.24,0.0,allrounder_pure_bowler_cluster_1,pure_bowler,32.09,MN Samuels,Pune Warriors,1,2,1,11,187
Delhi Capitals,bowling,death_bowler,JD Unadkat,Saurashtra,81.52,93.8,50.0,100.0,83.64,92.86,98.94,0.0,bowling_powerplay_bowler_cluster_0,powerplay_bowler,75.42,Sohail Tanvir,Rajasthan Royals,1,2,1,1,23
Delhi Capitals,bowling,death_bowler,B Kumar,Uttar Pradesh,88.45,95.2,50.0,100.0,90.97,64.29,98.79,0.0,bowling_powerplay_bowler_cluster_0,powerplay_bowler,74.88,SL Malinga,Mumbai Indians,1,2,1,2,25
Delhi Capitals,bowling,death_bowler,LI Meriwala,Baroda,66.94,85.6,50.0,100.0,74.22,78.57,97.95,0.0,bowling_powerplay_bowler_cluster_0,powerplay_bowler,68.8,SL Malinga,Mumbai Indians,1,2,1,3,63
Delhi Capitals,bowling,death_bowler,V Kaverappa,Karnataka,74.11,90.46,50.0,58.8,59.55,85.71,97.51,0.0,bowling_powerplay_bowler_cluster_0,powerplay_bowler,66.05,T Thushara,Chennai Super Kings,1,2,1,4,79
Delhi Capitals,bowling,death_bowler,DS Kulkarni,Mumbai,65.36,93.01,50.0,100.0,52.73,57.14,99.65,0.0,bowling_powerplay_bowler_cluster_0,powerplay_bowler,65.48,DE Bollinger,Chennai Super Kings,1,2,1,5,87
Delhi Capitals,bowling,death_bowler,TU Deshpande,Mumbai,69.07,92.34,50.0,100.0,46.2,50.0,98.72,0.0,bowling_powerplay_bowler_cluster_0,powerplay_bowler,64.66,CK Langeveldt,Kolkata Knight Riders,1,2,1,6,92
Delhi Capitals,bowling,death_bowler,A Sheth,Baroda,61.22,83.58,50.0,100.0,65.13,42.86,99.59,0.0,bowling_powerplay_bowler_cluster_0,powerplay_bowler,63.04,MA Starc,Royal Challengers Bengaluru,1,2,1,7,100
Delhi Capitals,bowling,death_bowler,N Rana,Delhi,62.2,66.03,50.0,100.0,60.91,71.43,88.95,0.0,bowling_middle_overs_bowler_cluster_1,middle_overs_bowler,61.97,L Balaji,Kolkata Knight Riders,1,2,1,8,108
Delhi Capitals,bowling,death_bowler,A Nagwaswalla,Gujarat,70.08,88.97,50.0,100.0,60.68,3.57,97.33,0.0,bowling_powerplay_bowler_cluster_0,powerplay_bowler,61.02,RJ Harris,Punjab Kings,1,2,1,9,114
Delhi Capitals,bowling,death_bowler,Mohit Avasthi,Mumbai,61.74,79.23,50.0,100.0,63.08,28.57,98.91,0.0,bowling_powerplay_bowler_cluster_0,powerplay_bowler,60.79,A Singh,Rajasthan Royals,1,2,1,10,115
Delhi Capitals,bowling,death_bowler,S Kaul,Punjab,58.4,77.27,50.0,100.0,66.17,14.29,95.6,0.0,bowling_powerplay_bowler_cluster_0,powerplay_bowler,58.38,SL Malinga,Mumbai Indians,1,2,1,11,126
Delhi Capitals,bowling,death_bowler,SN Thakur,Mumbai,53.1,85.15,50.0,100.0,37.56,3.57,98.03,0.0,bowling_powerplay_bowler_cluster_0,powerplay_bowler,54.81,WD Parnell,Pune Warriors,1,2,1,12,151
Delhi Capitals,bowling,death_bowler,T Natarajan,Tamil Nadu,46.67,88.42,50.0,100.0,9.03,21.43,93.79,0.0,bowling_powerplay_bowler_cluster_0,powerplay_bowler,52.52,Mustafizur Rahman,Sunrisers Hyderabad,1,2,1,13,161
Delhi Capitals,bowling,death_bowler,Akash Sengupta,Assam,45.4,78.51,50.0,57.9,67.37,35.71,58.13,0.0,bowling_powerplay_bowler_cluster_0,powerplay_bowler,50.27,Umar Gul,Kolkata Knight Riders,1,2,1,14,162
Delhi Capitals,batting,finisher,RK Singh,Uttar Pradesh,83.26,94.57,100.0,100.0,96.01,94.74,70.13,0.0,batting_aggressive_opener_cluster_0,aggressive_opener,81.93,T Stubbs,Delhi Capitals,0,2,2,1,6
Delhi Capitals,batting,finisher,Sanvir Singh,Punjab,68.97,92.73,100.0,97.9,68.45,89.47,55.59,0.0,batting_aggressive_opener_cluster_0,aggressive_opener,73.84,TH David,Mumbai Indians,0,2,2,2,32
Delhi Capitals,batting,finisher,KH Pandya,Baroda,59.71,95.77,100.0,100.0,76.49,63.16,71.82,0.0,batting_tailender_cluster_1,tailender,72.45,CL White,Sunrisers Hyderabad,0,2,2,3,40
Delhi Capitals,batting,finisher,A Manohar,Karnataka,87.95,79.32,100.0,100.0,47.58,42.11,86.95,0.0,batting_aggressive_opener_cluster_0,aggressive_opener,72.15,H Klaasen,Sunrisers Hyderabad,0,2,2,4,42
Delhi Capitals,batting,finisher,Rajat Dey,Tripura,62.25,78.9,100.0,100.0,78.4,73.68,71.89,0.0,batting_aggressive_opener_cluster_0,aggressive_opener,71.68,JP Duminy,Delhi Capitals,0,2,2,5,45
Delhi Capitals,batting,finisher,N Wadhera,Punjab,80.71,78.95,100.0,57.9,86.3,52.63,87.8,0.0,batting_aggressive_opener_cluster_0,aggressive_opener,71.45,H Klaasen,Sunrisers Hyderabad,0,2,2,6,47
Delhi Capitals,batting,finisher,Jay Gohil,Saurashtra,53.46,76.13,100.0,92.1,72.01,100.0,44.52,0.0,batting_tailender_cluster_1,tailender,67.97,KK Cooper,Rajasthan Royals,0,2,2,7,68
Delhi Capitals,batting,finisher,Vishnu Solanki,Baroda,50.3,73.01,100.0,100.0,65.08,78.95,56.92,0.0,batting_tailender_cluster_1,tailender,66.11,MC Henriques,Sunrisers Hyderabad,0,2,2,8,77
Delhi Capitals,batting,finisher,R Tewatia,Haryana,71.95,83.33,100.0,100.0,47.83,21.05,72.29,0.0,batting_aggressive_opener_cluster_0,aggressive_opener,66.01,Shashank Singh,Punjab Kings,0,2,2,9,80
Delhi Capitals,batting,finisher,Vishvaraj Jadeja,Saurashtra,42.8,86.43,100.0,100.0,58.48,84.21,51.38,0.0,batting_tailender_cluster_1,tailender,65.93,SW Billings,Delhi Capitals,0,2,2,10,81
Delhi Capitals,batting,finisher,VR Iyer,Madhya Pradesh,72.9,74.44,100.0,100.0,59.46,36.84,52.88,0.0,batting_aggressive_opener_cluster_0,aggressive_opener,65.66,KK Nair,Delhi Capitals,0,2,2,11,84
Delhi Capitals,batting,finisher,Subhransu Senapati,Odisha,66.48,93.51,100.0,100.0,50.71,0.0,73.55,0.0,batting_aggressive_opener_cluster_0,aggressive_opener,64.75,KK Nair,Delhi Capitals,0,2,2,12,91
Delhi Capitals,batting,finisher,S Dube,Mumbai,51.04,80.8,100.0,100.0,52.2,68.42,42.76,0.0,batting_tailender_cluster_1,tailender,63.67,Sachin Baby,Royal Challengers Bengaluru,0,2,2,13,96
Delhi Capitals,batting,finisher,Sumit Kumar,Haryana,45.74,90.1,100.0,100.0,52.61,47.37,49.5,0.0,batting_tailender_cluster_1,tailender,62.61,AM Nayar,Mumbai Indians,0,2,2,14,105
Delhi Capitals,batting,finisher,Chirag Gandhi,Gujarat,45.95,85.84,100.0,100.0,37.36,31.58,72.49,0.0,batting_tailender_cluster_1,tailender,61.21,AC Voges,Rajasthan Royals,0,2,2,15,112
Delhi Capitals,batting,finisher,Shubham Pundir,Jammu & Kashmir,43.54,87.81,100.0,100.0,35.0,5.26,57.48,0.0,batting_tailender_cluster_1,tailender,56.65,S Badrinath,Chennai Super Kings,0,2,2,16,140
Delhi Capitals,batting,finisher,BA Roy,Assam,65.3,37.58,100.0,42.1,64.57,57.89,59.73,0.0,batting_aggressive_opener_cluster_0,aggressive_opener,56.13,TR Birt,Delhi Capitals,0,2,2,17,144
Delhi Capitals,batting,finisher,M Shahrukh Khan,Tamil Nadu,57.42,53.43,100.0,100.0,47.69,10.53,49.85,0.0,batting_tailender_cluster_1,tailender,55.31,MP Stoinis,Lucknow Super Giants,0,2,2,18,147
Delhi Capitals,batting,finisher,K L Shrijith,Karnataka,28.58,83.68,100.0,83.8,26.36,15.79,35.49,0.0,batting_tailender_cluster_1,tailender,49.41,AM Nayar,Mumbai Indians,0,2,2,19,163
Delhi Capitals,batting,finisher,Fazil Rashid,Jammu & Kashmir,21.93,89.25,100.0,40.4,41.85,26.32,56.34,0.0,batting_tailender_cluster_2,tailender,49.26,TR Birt,Delhi Capitals,0,2,2,20,166
Delhi Capitals,batting,middle_order,YBK Jaiswal,Mumbai,63.81,88.31,100.0,100.0,68.59,100.0,24.79,0.0,batting_aggressive_opener_cluster_0,aggressive_opener,70.35,RA Tripathi,Sunrisers Hyderabad,0,2,2,1,53
Delhi Capitals,batting,middle_order,SS Sharma,Baroda,58.75,79.22,100.0,67.9,72.36,80.0,82.64,0.0,batting_aggressive_opener_cluster_0,aggressive_opener,68.92,PHKD Mendis,Sunrisers Hyderabad,0,2,2,2,62
Delhi Capitals,batting,middle_order,UR Kumar,Gujarat,68.39,66.97,100.0,52.5,69.32,86.67,70.24,0.0,batting_aggressive_opener_cluster_0,aggressive_opener,66.6,PHKD Mendis,Sunrisers Hyderabad,0,2,2,3,75
Delhi Capitals,batting,middle_order,B Sai Sudharsan,Tamil Nadu,52.85,83.33,100.0,100.0,46.33,40.0,79.55,0.0,batting_aggressive_opener_cluster_0,aggressive_opener,64.66,SS Tiwary,Mumbai Indians,0,2,2,4,93
Delhi Capitals,batting,middle_order,Sudip Chatterjee,Bengal,42.96,92.4,100.0,100.0,14.48,26.67,76.62,0.0,batting_tailender_cluster_1,tailender,59.23,FY Fazal,Rajasthan Royals,0,2,2,5,122
Delhi Capitals,batting,middle_order,Rex Rajkumar,Manipur,23.28,86.29,100.0,100.0,28.91,73.33,52.7,0.0,batting_tailender_cluster_1,tailender,58.09,M Kaif,Rajasthan Royals,0,2,2,6,128
Delhi Capitals,batting,middle_order,Ganesh Satish,Vidarbha,32.31,76.0,100.0,100.0,46.3,46.67,45.36,0.0,batting_tailender_cluster_1,tailender,56.69,MC Juneja,Delhi Capitals,0,2,2,7,139
Delhi Capitals,batting,middle_order,Joseph Lalthankhuma,Mizoram,12.15,89.78,100.0,85.4,24.54,93.33,18.53,0.0,batting_tailender_cluster_1,tailender,53.08,CJ Ferguson,Pune Warriors,0,2,2,8,157
Delhi Capitals,batting,middle_order,Bhanu Pania,Baroda,25.18,84.32,100.0,100.0,29.7,13.33,59.63,0.0,batting_tailender_cluster_1,tailender,52.95,DT Christian,Sunrisers Hyderabad,0,2,2,9,158
Delhi Capitals,batting,middle_order,Karan Lal,Bengal,21.64,60.56,100.0,69.2,45.87,53.33,40.62,0.0,batting_tailender_cluster_1,tailender,49.31,LA Carseldine,Rajasthan Royals,0,2,2,10,165
Delhi Capitals,batting,middle_order,Sanjeet Desai,Chhattisgarh,24.74,49.27,100.0,87.9,24.54,66.67,38.85,0.0,batting_tailender_cluster_1,tailender,49.13,KS Bharat,Royal Challengers Bengaluru,0,2,2,11,167
Delhi Capitals,batting,middle_order,Mohit Jangra,Mizoram,23.79,71.08,100.0,40.0,29.16,60.0,44.8,0.0,batting_tailender_cluster_1,tailender,47.82,AJ Turner,Rajasthan Royals,0,2,2,12,170
Delhi Capitals,batting,middle_order,Kangabam Singh,Manipur,17.65,85.64,100.0,100.0,32.88,6.67,23.69,0.0,batting_tailender_cluster_1,tailender,47.7,CJ Ferguson,Pune Warriors,0,2,2,13,171
Delhi Capitals,batting,middle_order,Henan Nazir,Jammu & Kashmir,19.08,64.23,100.0,52.9,34.4,33.33,35.99,0.0,batting_tailender_cluster_1,tailender,44.11,MC Juneja,Delhi Capitals,0,2,2,14,179
Delhi Capitals,batting,middle_order,Lalhruaizela,Mizoram,13.01,84.73,100.0,100.0,5.98,0.0,19.33,0.0,batting_tailender_cluster_2,tailender,42.84,CJ Ferguson,Pune Warriors,0,2,2,15,181
Delhi Capitals,batting,middle_order,J Anderson,Mizoram,11.85,73.79,100.0,45.8,24.46,20.0,16.98,0.0,batting_tailender_cluster_2,tailender,39.16,MS Wade,Gujarat Titans,0,2,2,16,184
Delhi Capitals,batting,middle_order,SK Gharami,Bengal,1.77,73.29,100.0,22.9,6.9,0.0,14.31,0.0,batting_tailender_cluster_2,tailender,30.76,AA Bilakhia,Sunrisers Hyderabad,0,2,2,17,188
Delhi Capitals,bowling,middle_overs_bowler,Tanush Kotian,Mumbai,73.76,87.25,50.0,100.0,85.52,78.12,96.97,100.0,bowling_middle_overs_bowler_cluster_1,middle_overs_bowler,81.4,PP Chawla,Punjab Kings,1,2,1,1,7
Delhi Capitals,bowling,middle_overs_bowler,K Kartikeya,Madhya Pradesh,72.65,92.06,50.0,100.0,76.79,71.88,97.95,100.0,bowling_middle_overs_bowler_cluster_1,middle_overs_bowler,80.5,R Sharma,Pune Warriors,1,2,1,2,8
Delhi Capitals,bowling,middle_overs_bowler,Abid Mushtaq,Jammu & Kashmir,71.53,85.47,50.0,100.0,55.55,81.25,89.96,100.0,bowling_middle_overs_bowler_cluster_1,middle_overs_bowler,77.3,M Muralitharan,Chennai Super Kings,1,2,1,3,14
Delhi Capitals,bowling,middle_overs_bowler,KH Pandya,Baroda,50.66,96.16,50.0,100.0,62.21,87.5,79.32,100.0,bowling_middle_overs_bowler_cluster_1,middle_overs_bowler,74.96,R Ashwin,Chennai Super Kings,1,2,1,4,24
Delhi Capitals,bowling,middle_overs_bowler,Lalit Yadav,Delhi,48.78,91.15,50.0,100.0,80.52,75.0,83.54,100.0,bowling_middle_overs_bowler_cluster_1,middle_overs_bowler,74.83,J Botha,Rajasthan Royals,1,2,1,5,26
Delhi Capitals,bowling,middle_overs_bowler,K Gowtham,Karnataka,53.74,92.01,50.0,100.0,76.95,46.88,95.04,100.0,bowling_middle_overs_bowler_cluster_1,middle_overs_bowler,73.94,PP Ojha,Sunrisers Hyderabad,1,2,1,6,30
Delhi Capitals,bowling,middle_overs_bowler,R Parag,Assam,56.89,84.34,50.0,100.0,42.73,84.38,89.54,100.0,bowling_middle_overs_bowler_cluster_1,middle_overs_bowler,73.19,A Kumble,Royal Challengers Bengaluru,1,2,1,7,36
Delhi Capitals,bowling,middle_overs_bowler,Chirag Jani,Saurashtra,44.74,90.05,50.0,100.0,83.93,67.19,78.27,100.0,bowling_middle_overs_bowler_cluster_1,middle_overs_bowler,72.89,JH Kallis,Kolkata Knight Riders,1,2,1,8,38
Delhi Capitals,bowling,middle_overs_bowler,KC Cariappa,Karnataka,82.87,98.42,50.0,100.0,43.25,96.88,98.34,0.0,bowling_powerplay_bowler_cluster_0,powerplay_bowler,72.68,SP Narine,Kolkata Knight Riders,1,2,1,9,39
Delhi Capitals,bowling,middle_overs_bowler,YS Chahal,Haryana,44.6,69.85,50.0,100.0,83.77,90.62,79.4,100.0,bowling_middle_overs_bowler_cluster_1,middle_overs_bowler,72.28,MJ Santner,Chennai Super Kings,1,2,1,10,41
Delhi Capitals,bowling,middle_overs_bowler,Saransh Jain,Madhya Pradesh,42.59,76.82,50.0,100.0,71.66,93.75,75.7,100.0,bowling_middle_overs_bowler_cluster_1,middle_overs_bowler,71.65,IS Sodhi,Rajasthan Royals,1,2,1,11,46
Delhi Capitals,bowling,middle_overs_bowler,M Markande,Punjab,47.14,92.92,50.0,100.0,63.9,28.12,97.84,100.0,bowling_middle_overs_bowler_cluster_1,middle_overs_bowler,69.85,RD Chahar,Mumbai Indians,1,2,1,12,55
Delhi Capitals,bowling,middle_overs_bowler,VR Iyer,Madhya Pradesh,49.79,85.89,50.0,100.0,60.52,40.62,93.4,100.0,bowling_middle_overs_bowler_cluster_1,middle_overs_bowler,69.8,J Botha,Rajasthan Royals,1,2,1,13,56
Delhi Capitals,bowling,middle_overs_bowler,SS Agarwal,Chhattisgarh,60.9,93.39,50.0,100.0,32.34,25.0,97.81,100.0,bowling_middle_overs_bowler_cluster_1,middle_overs_bowler,69.2,Rashid Khan,Sunrisers Hyderabad,1,2,1,14,60
Delhi Capitals,bowling,middle_overs_bowler,Dharmendrasinh Jadeja,Saurashtra,43.9,81.92,50.0,100.0,39.19,67.19,86.34,100.0,bowling_middle_overs_bowler_cluster_1,middle_overs_bowler,67.84,MM Ali,Chennai Super Kings,1,2,1,15,69
Delhi Capitals,bowling,middle_overs_bowler,Shiva Singh,Uttar Pradesh,47.29,83.77,50.0,100.0,49.25,57.81,74.11,100.0,bowling_middle_overs_bowler_cluster_1,middle_overs_bowler,67.64,M Kartik,Kolkata Knight Riders,1,2,1,16,70
Delhi Capitals,bowling,middle_overs_bowler,PP Chawla,Gujarat,86.69,94.53,50.0,100.0,52.89,34.38,97.43,0.0,bowling_powerplay_bowler_cluster_0,powerplay_bowler,67.49,PP Ojha,Sunrisers Hyderabad,1,2,1,17,71
Delhi Capitals,bowling,middle_overs_bowler,Jasmer Dhankhar,Uttar Pradesh,50.91,80.72,50.0,55.0,70.91,57.81,89.9,100.0,bowling_middle_overs_bowler_cluster_1,middle_overs_bowler,67.15,MJ Clarke,Pune Warriors,1,2,1,18,72
Delhi Capitals,bowling,middle_overs_bowler,J Yadav,Haryana,53.08,93.99,50.0,100.0,17.66,37.5,83.58,100.0,bowling_middle_overs_bowler_cluster_1,middle_overs_bowler,66.09,AR Patel,Delhi Capitals,1,2,1,19,78
Delhi Capitals,bowling,middle_overs_bowler,NA Rathva,Baroda,58.36,86.42,50.0,100.0,14.71,15.62,98.47,100.0,bowling_middle_overs_bowler_cluster_1,middle_overs_bowler,65.02,PP Ojha,Sunrisers Hyderabad,1,2,1,20,88
Delhi Capitals,bowling,middle_overs_bowler,KV Sharma,Railways,49.69,90.54,50.0,100.0,22.34,12.5,85.97,100.0,bowling_middle_overs_bowler_cluster_1,middle_overs_bowler,63.1,P Negi,Royal Challengers Bengaluru,1,2,1,21,99
Delhi Capitals,bowling,middle_overs_bowler,S Dube,Mumbai,31.7,78.52,50.0,100.0,61.98,50.0,46.41,100.0,bowling_middle_overs_bowler_cluster_1,middle_overs_bowler,61.46,CR Brathwaite,Delhi Capitals,1,2,1,22,111
Delhi Capitals,bowling,middle_overs_bowler,TC Vanlalremruata,Mizoram,42.38,75.45,50.0,43.8,59.16,43.75,70.85,100.0,bowling_middle_overs_bowler_cluster_1,middle_overs_bowler,59.05,Gurkeerat Singh,Punjab Kings,1,2,1,23,124
Delhi Capitals,bowling,middle_overs_bowler,Shivam Chaudhary,Railways,27.84,89.74,50.0,100.0,30.52,21.88,63.0,100.0,bowling_middle_overs_bowler_cluster_2,middle_overs_bowler,58.07,TM Dilshan,Delhi Capitals,1,2,1,24,129
Delhi Capitals,bowling,middle_overs_bowler,Harsh Tyagi,Railways,38.76,85.82,50.0,100.0,15.06,0.0,77.18,100.0,bowling_middle_overs_bowler_cluster_1,middle_overs_bowler,57.35,M Kartik,Kolkata Knight Riders,1,2,1,25,133
Delhi Capitals,bowling,middle_overs_bowler,Sahil Lotra,Jammu & Kashmir,35.65,81.51,50.0,46.2,41.43,62.5,39.99,100.0,bowling_middle_overs_bowler_cluster_2,middle_overs_bowler,55.87,P Dubey,Delhi Capitals,1,2,1,26,145
Delhi Capitals,bowling,middle_overs_bowler,Shivam Shukla,Madhya Pradesh,32.72,68.13,50.0,43.8,47.95,53.12,50.21,100.0,bowling_middle_overs_bowler_cluster_1,middle_overs_bowler,53.77,Gurkeerat Singh,Punjab Kings,1,2,1,27,154
Delhi Capitals,bowling,middle_overs_bowler,AV Rajput,Baroda,29.0,89.22,50.0,60.0,58.7,6.25,41.86,100.0,bowling_middle_overs_bowler_cluster_1,middle_overs_bowler,53.36,V Puthur,Mumbai Indians,1,2,1,28,155
Delhi Capitals,bowling,middle_overs_bowler,L Kishan Singha,Manipur,31.62,62.32,50.0,100.0,33.64,18.75,47.28,100.0,bowling_middle_overs_bowler_cluster_1,middle_overs_bowler,53.14,Harpreet Brar,Punjab Kings,1,2,1,29,156
Delhi Capitals,bowling,middle_overs_bowler,Rahul Batham,Madhya Pradesh,21.37,54.65,50.0,85.0,38.73,9.38,41.07,100.0,bowling_middle_overs_bowler_cluster_1,middle_overs_bowler,47.39,PD Collingwood,Delhi Capitals,1,2,1,30,172
Delhi Capitals,bowling,middle_overs_bowler,Akash Pandey,Railways,44.94,82.3,50.0,50.0,60.13,3.12,67.35,0.0,bowling_powerplay_bowler_cluster_0,powerplay_bowler,46.89,DG Nalkande,Gujarat Titans,1,2,1,31,173
Delhi Capitals,bowling,middle_overs_bowler,S Hegde,Karnataka,12.56,79.53,50.0,43.8,24.61,31.25,28.05,100.0,bowling_middle_overs_bowler_cluster_2,middle_overs_bowler,44.71,MK Lomror,Rajasthan Royals,1,2,1,32,178
Delhi Capitals,bowling,powerplay_bowler,I Sharma,Delhi,75.32,87.48,100.0,100.0,87.18,73.91,96.0,100.0,bowling_powerplay_bowler_cluster_0,powerplay_bowler,88.89,BW Hilfenhaus,Chennai Super Kings,0,2,2,1,1
Delhi Capitals,bowling,powerplay_bowler,R Sai Kishore,Tamil Nadu,81.01,80.32,100.0,100.0,45.45,86.96,96.89,100.0,bowling_powerplay_bowler_cluster_0,powerplay_bowler,86.18,A Chandila,Rajasthan Royals,0,2,2,2,2
Delhi Capitals,bowling,powerplay_bowler,Chintan Gaja,Gujarat,64.89,83.79,100.0,100.0,48.41,47.83,99.59,100.0,bowling_powerplay_bowler_cluster_0,powerplay_bowler,80.13,MF Maharoof,Delhi Capitals,0,2,2,3,9
Delhi Capitals,bowling,powerplay_bowler,Sourabh Majumdar,Chhattisgarh,54.19,78.68,100.0,100.0,46.88,82.61,89.23,100.0,bowling_powerplay_bowler_cluster_0,powerplay_bowler,79.51,GD McGrath,Delhi Capitals,0,2,2,4,10
Delhi Capitals,bowling,powerplay_bowler,Mukhtar Hussain,Assam,55.11,96.28,100.0,100.0,44.55,41.3,99.69,100.0,bowling_powerplay_bowler_cluster_0,powerplay_bowler,79.02,A Nehra,Delhi Capitals,0,2,2,5,11
Delhi Capitals,bowling,powerplay_bowler,M Prasidh Krishna,Karnataka,54.23,85.6,100.0,100.0,49.09,58.7,92.22,100.0,bowling_powerplay_bowler_cluster_0,powerplay_bowler,78.69,DW Steyn,Sunrisers Hyderabad,0,2,2,6,12
Delhi Capitals,bowling,powerplay_bowler,Yuvraj Singh,Punjab,55.17,75.33,100.0,100.0,33.25,78.26,80.75,100.0,bowling_powerplay_bowler_cluster_0,powerplay_bowler,76.56,AM Salvi,Delhi Capitals,0,2,2,7,16
Delhi Capitals,bowling,powerplay_bowler,Manisankar Murasingh,Tripura,50.85,88.67,100.0,100.0,25.39,69.57,83.81,100.0,bowling_powerplay_bowler_cluster_0,powerplay_bowler,76.35,P Kumar,Punjab Kings,0,2,2,8,17
Delhi Capitals,bowling,powerplay_bowler,Ajay Sarkar,Tripura,40.25,75.64,100.0,100.0,47.27,95.65,74.15,100.0,bowling_powerplay_bowler_cluster_0,powerplay_bowler,76.1,IK Pathan,Delhi Capitals,0,2,2,9,19
Delhi Capitals,bowling,powerplay_bowler,A Kamboj,Haryana,67.34,81.87,100.0,52.5,51.2,52.17,93.36,100.0,bowling_powerplay_bowler_cluster_0,powerplay_bowler,75.67,KMDN Kulasekara,Chennai Super Kings,0,2,2,10,21
Delhi Capitals,bowling,powerplay_bowler,CV Varun,Tamil Nadu,67.09,65.87,100.0,48.8,72.47,58.7,91.93,100.0,bowling_powerplay_bowler_cluster_0,powerplay_bowler,75.49,MF Maharoof,Delhi Capitals,0,2,2,11,22
Delhi Capitals,bowling,powerplay_bowler,SZ Mulani,Mumbai,74.56,84.0,100.0,100.0,81.79,41.3,97.58,0.0,bowling_middle_overs_bowler_cluster_1,middle_overs_bowler,74.58,Iqbal Abdulla,Kolkata Knight Riders,0,2,2,12,27
Delhi Capitals,bowling,powerplay_bowler,SI Sopariya,Baroda,60.31,55.18,100.0,62.5,64.03,91.3,68.21,100.0,bowling_powerplay_bowler_cluster_0,powerplay_bowler,73.94,AA Chavan,Rajasthan Royals,0,2,2,13,31
Delhi Capitals,bowling,powerplay_bowler,Mrinmoy Dutta,Assam,48.97,70.97,100.0,100.0,40.52,34.78,90.32,100.0,bowling_powerplay_bowler_cluster_0,powerplay_bowler,72.0,JA Morkel,Chennai Super Kings,0,2,2,14,44
Delhi Capitals,bowling,powerplay_bowler,Bishworjit Konthoujam,Manipur,56.27,82.61,100.0,100.0,13.57,26.09,87.21,100.0,bowling_powerplay_bowler_cluster_0,powerplay_bowler,71.33,AB Dinda,Kolkata Knight Riders,0,2,2,15,48
Delhi Capitals,bowling,powerplay_bowler,Mohit Jangra,Mizoram,34.06,77.31,100.0,87.5,45.91,65.22,67.08,100.0,bowling_powerplay_bowler_cluster_0,powerplay_bowler,69.98,DJ Willey,Royal Challengers Bengaluru,0,2,2,16,54
Delhi Capitals,bowling,powerplay_bowler,Rex Rajkumar,Manipur,40.03,91.95,100.0,100.0,25.91,13.04,62.04,100.0,bowling_powerplay_bowler_cluster_0,powerplay_bowler,66.9,S Tyagi,Chennai Super Kings,0,2,2,17,73
Delhi Capitals,bowling,powerplay_bowler,SN Patel,Gujarat,49.58,75.85,100.0,43.8,48.54,30.43,70.83,100.0,bowling_powerplay_bowler_cluster_0,powerplay_bowler,65.65,A Choudhary,Royal Challengers Bengaluru,0,2,2,18,85
Delhi Capitals,bowling,powerplay_bowler,Lalhruai Ralte,Mizoram,24.32,88.63,100.0,100.0,46.66,0.0,2.76,100.0,bowling_powerplay_bowler_cluster_0,powerplay_bowler,58.1,MJ Henry,Lucknow Super Giants,0,2,2,19,127
Delhi Capitals,bowling,powerplay_bowler,Remruatdika Ralte,Mizoram,30.77,87.35,100.0,100.0,26.88,4.35,53.93,0.0,bowling_middle_overs_bowler_cluster_1,middle_overs_bowler,52.77,AL Menaria,Rajasthan Royals,0,2,2,20,159
Delhi Capitals,bowling,powerplay_bowler,AK Sarkar,Tripura,12.93,88.89,100.0,93.8,43.18,17.39,30.49,0.0,bowling_middle_overs_bowler_cluster_2,middle_overs_bowler,49.41,AA Jhunjhunwala,Rajasthan Royals,0,2,2,21,164
Delhi Capitals,bowling,powerplay_bowler,AR Pandey,Railways,18.29,91.62,100.0,100.0,16.43,21.74,3.97,0.0,bowling_middle_overs_bowler_cluster_2,middle_overs_bowler,46.61,Fazalhaq Farooqi,Sunrisers Hyderabad,0,2,2,22,174
Delhi Capitals,bowling,powerplay_bowler,BM Chingakham,Manipur,11.09,92.12,100.0,50.0,16.88,8.7,20.02,0.0,bowling_middle_overs_bowler_cluster_2,middle_overs_bowler,40.6,KJ Abbott,Punjab Kings,0,2,2,23,183
Delhi Capitals,batting,top_order_anchor,RM Patidar,Madhya Pradesh,89.81,78.34,100.0,100.0,96.17,100.0,95.54,0.0,batting_aggressive_opener_cluster_0,aggressive_opener,83.88,C Connolly,Punjab Kings,0,1,1,1,5
Delhi Capitals,batting,top_order_anchor,N Rana,Delhi,83.66,84.24,100.0,100.0,79.7,57.14,92.6,0.0,batting_aggressive_opener_cluster_0,aggressive_opener,77.31,D Brevis,Mumbai Indians,0,1,1,2,13
Delhi Capitals,batting,top_order_anchor,Anmolpreet Singh,Punjab,74.57,74.03,100.0,100.0,98.7,92.86,70.17,0.0,batting_aggressive_opener_cluster_0,aggressive_opener,77.19,AB de Villiers,Royal Challengers Bengaluru,0,1,1,3,15
Delhi Capitals,batting,top_order_anchor,Mandeep Singh,Punjab,80.64,63.68,100.0,100.0,76.96,85.71,93.41,0.0,batting_aggressive_opener_cluster_0,aggressive_opener,76.29,C Green,Mumbai Indians,0,1,1,4,18
Delhi Capitals,batting,top_order_anchor,SS Iyer,Mumbai,85.88,76.28,100.0,100.0,61.68,64.29,96.79,0.0,batting_aggressive_opener_cluster_0,aggressive_opener,75.89,C Connolly,Punjab Kings,0,1,1,5,20
Delhi Capitals,batting,top_order_anchor,R Parag,Assam,81.7,60.81,100.0,100.0,61.33,78.57,93.82,0.0,batting_aggressive_opener_cluster_0,aggressive_opener,73.83,RM Patidar,Royal Challengers Bengaluru,0,1,1,6,33
Delhi Capitals,batting,top_order_anchor,Harpreet Singh,Chhattisgarh,75.28,66.96,100.0,100.0,72.91,50.0,86.1,0.0,batting_aggressive_opener_cluster_0,aggressive_opener,71.0,SE Marsh,Punjab Kings,0,1,1,7,49
Delhi Capitals,batting,top_order_anchor,SA Yadav,Mumbai,84.78,64.84,100.0,100.0,45.87,71.43,74.64,0.0,batting_aggressive_opener_cluster_0,aggressive_opener,70.88,RR Pant,Delhi Capitals,0,1,1,8,50
Delhi Capitals,batting,top_order_anchor,A Badoni,Delhi,51.9,72.69,100.0,100.0,84.81,35.71,65.49,0.0,batting_tailender_cluster_1,tailender,64.88,PD Collingwood,Delhi Capitals,0,1,1,9,89
Delhi Capitals,batting,top_order_anchor,YV Dhull,Delhi,51.42,67.73,100.0,100.0,53.23,42.86,83.35,0.0,batting_aggressive_opener_cluster_0,aggressive_opener,63.39,KS Williamson,Sunrisers Hyderabad,0,1,1,10,98
Delhi Capitals,batting,top_order_anchor,Himanshu Rana,Haryana,57.37,82.74,100.0,100.0,35.3,21.43,70.08,0.0,batting_aggressive_opener_cluster_0,aggressive_opener,61.57,D Padikkal,Royal Challengers Bengaluru,0,1,1,11,110
Delhi Capitals,batting,top_order_anchor,MK Pandey,Karnataka,71.14,60.27,100.0,100.0,23.59,14.29,79.8,0.0,batting_aggressive_opener_cluster_0,aggressive_opener,60.04,PD Collingwood,Delhi Capitals,0,1,1,12,118
Delhi Capitals,batting,top_order_anchor,Amandeep Khare,Chhattisgarh,48.3,87.46,100.0,100.0,27.77,7.14,67.1,0.0,batting_tailender_cluster_1,tailender,57.98,KS Williamson,Sunrisers Hyderabad,0,1,1,13,131
Delhi Capitals,batting,top_order_anchor,N Sindhu,Haryana,58.37,57.15,100.0,60.4,45.27,28.57,80.45,0.0,batting_aggressive_opener_cluster_0,aggressive_opener,56.72,MN van Wyk,Kolkata Knight Riders,0,1,1,14,138
Delhi Capitals,allrounder,utility_player,SZ Mulani,Mumbai,74.05,86.68,100.0,0.0,81.13,86.88,93.74,0.0,allrounder_pure_bowler_cluster_4,pure_bowler,68.99,M Morkel,Delhi Capitals,0,2,2,1,61
Delhi Capitals,allrounder,utility_player,AV Rajput,Baroda,82.04,96.03,100.0,0.0,64.96,63.12,96.07,0.0,allrounder_pure_bowler_cluster_4,pure_bowler,68.23,AB McDonald,Delhi Capitals,0,2,2,2,65
Delhi Capitals,allrounder,utility_player,A Badoni,Delhi,62.34,96.01,100.0,0.0,57.78,57.19,70.31,0.0,allrounder_pure_bowler_cluster_4,pure_bowler,60.4,Sikandar Raza,Punjab Kings,0,2,2,3,116
Delhi Capitals,allrounder,utility_player,Mandeep Singh,Punjab,70.8,87.15,100.0,0.0,38.05,37.5,72.98,0.0,allrounder_pure_bowler_cluster_4,pure_bowler,57.09,A Badoni,Lucknow Super Giants,0,2,2,4,135
Delhi Capitals,allrounder,utility_player,Shivam Chaudhary,Railways,60.75,94.82,100.0,0.0,53.07,58.44,44.43,0.0,allrounder_pure_bowler_cluster_4,pure_bowler,56.97,TM Dilshan,Delhi Capitals,0,2,2,5,136
Delhi Capitals,allrounder,utility_player,Dharmendrasinh Jadeja,Saurashtra,61.8,94.57,100.0,0.0,39.57,40.0,46.56,0.0,allrounder_pure_bowler_cluster_4,pure_bowler,54.16,B Lee,Punjab Kings,0,2,2,6,152
Delhi Capitals,allrounder,utility_player,AR Pandey,Railways,51.9,96.18,100.0,0.0,44.74,42.19,42.09,0.0,allrounder_pure_bowler_cluster_4,pure_bowler,52.71,R Sathish,Mumbai Indians,0,2,2,7,160
Delhi Capitals,allrounder,utility_player,L Kishan Singha,Manipur,50.34,95.06,100.0,0.0,36.25,40.94,17.5,0.0,allrounder_pure_bowler_cluster_1,pure_bowler,48.8,S Nadeem,Delhi Capitals,0,2,2,8,168
Delhi Capitals,allrounder,utility_player,KS Sharma,Uttar Pradesh,65.33,71.08,100.0,0.0,18.35,12.5,63.79,0.0,allrounder_pure_bowler_cluster_4,pure_bowler,48.19,B Lee,Punjab Kings,0,2,2,9,169
Delhi Capitals,allrounder,utility_player,Lalhruai Ralte,Mizoram,40.76,95.09,100.0,0.0,38.71,36.25,3.84,0.0,allrounder_pure_bowler_cluster_1,pure_bowler,45.3,JDS Neesham,Delhi Capitals,0,2,2,10,177
Gujarat Titans,batting,aggressive_opener,AM Rahane,Mumbai,84.08,98.36,50.0,100.0,92.61,82.35,94.69,100.0,batting_aggressive_opener_cluster_0,aggressive_opener,86.04,Shubman Gill,Gujarat Titans,1,2,1,1,1
Gujarat Titans,batting,aggressive_opener,PP Shaw,Mumbai,89.28,94.38,50.0,100.0,64.73,94.12,86.71,100.0,batting_aggressive_opener_cluster_0,aggressive_opener,84.07,P Simran Singh,Punjab Kings,1,2,1,2,2
Gujarat Titans,batting,aggressive_opener,Tarang Gohel,Saurashtra,73.21,87.3,50.0,77.9,82.88,100.0,24.66,100.0,batting_aggressive_opener_cluster_0,aggressive_opener,73.78,JG Bethell,Royal Challengers Bengaluru,1,2,1,3,19
Gujarat Titans,batting,aggressive_opener,HV Patel,Haryana,85.9,75.85,50.0,100.0,65.22,41.18,66.82,100.0,batting_aggressive_opener_cluster_0,aggressive_opener,73.38,J Fraser-McGurk,Delhi Capitals,1,2,1,4,20
Gujarat Titans,batting,aggressive_opener,P Simran Singh,Punjab,79.34,81.01,50.0,100.0,64.1,52.94,48.88,100.0,batting_aggressive_opener_cluster_0,aggressive_opener,72.11,DR Smith,Chennai Super Kings,1,2,1,5,27
Gujarat Titans,batting,aggressive_opener,D Padikkal,Karnataka,85.96,90.4,50.0,100.0,17.17,11.76,94.76,100.0,batting_aggressive_opener_cluster_0,aggressive_opener,70.62,DP Conway,Chennai Super Kings,1,2,1,6,33
Gujarat Titans,batting,aggressive_opener,H Desai,Saurashtra,51.02,91.11,50.0,100.0,75.05,88.24,28.34,100.0,batting_aggressive_opener_cluster_0,aggressive_opener,70.53,S Sohal,Punjab Kings,1,2,1,7,34
Gujarat Titans,batting,aggressive_opener,AD Chopra,Mizoram,83.63,60.9,50.0,47.1,83.04,76.47,57.59,100.0,batting_aggressive_opener_cluster_0,aggressive_opener,69.78,HM Amla,Punjab Kings,1,2,1,8,37
Gujarat Titans,batting,aggressive_opener,Hari Nishaanth,Tamil Nadu,62.19,80.02,50.0,100.0,74.57,64.71,25.86,100.0,batting_aggressive_opener_cluster_0,aggressive_opener,68.45,PA Patel,Mumbai Indians,1,2,1,9,41
Gujarat Titans,batting,aggressive_opener,MA Agarwal,Karnataka,60.67,89.56,50.0,100.0,62.34,35.29,29.63,100.0,batting_aggressive_opener_cluster_0,aggressive_opener,65.79,MA Agarwal,Punjab Kings,1,2,1,10,55
Gujarat Titans,batting,aggressive_opener,Ankit Kumar,Haryana,70.21,53.71,50.0,60.8,73.91,47.06,50.14,100.0,batting_aggressive_opener_cluster_0,aggressive_opener,62.79,AD Hales,Sunrisers Hyderabad,1,2,1,11,73
Gujarat Titans,batting,aggressive_opener,Vivek Singh,Bengal,72.93,85.91,50.0,100.0,27.72,17.65,30.07,100.0,batting_aggressive_opener_cluster_0,aggressive_opener,62.52,WP Saha,Punjab Kings,1,2,1,12,75
Gujarat Titans,batting,aggressive_opener,Rishav Das,Assam,49.31,86.56,50.0,100.0,60.38,23.53,37.66,100.0,batting_aggressive_opener_cluster_0,aggressive_opener,62.5,PA Patel,Mumbai Indians,1,2,1,13,76
Gujarat Titans,batting,aggressive_opener,Jyotsnil Singh,Baroda,59.71,83.02,50.0,61.2,65.0,29.41,44.74,100.0,batting_aggressive_opener_cluster_0,aggressive_opener,61.93,AD Hales,Sunrisers Hyderabad,1,2,1,14,78
Gujarat Titans,batting,aggressive_opener,Abishek Porel,Bengal,56.99,82.9,50.0,34.6,53.15,70.59,25.08,100.0,batting_aggressive_opener_cluster_0,aggressive_opener,59.68,JG Bethell,Royal Challengers Bengaluru,1,2,1,15,86
Gujarat Titans,batting,aggressive_opener,HP Gawli,Madhya Pradesh,54.68,89.88,50.0,32.5,42.23,58.82,27.15,100.0,batting_aggressive_opener_cluster_0,aggressive_opener,57.99,UT Khawaja,Rising Pune Supergiant,1,2,1,16,93
Gujarat Titans,batting,aggressive_opener,Shashank Chandrakar,Chhattisgarh,67.0,75.48,50.0,100.0,10.33,5.88,23.03,100.0,batting_aggressive_opener_cluster_0,aggressive_opener,56.15,PA Patel,Mumbai Indians,1,2,1,17,99
Gujarat Titans,allrounder,batting_allrounder,Chirag Jani,Saurashtra,73.17,85.04,100.0,0.0,87.41,92.31,89.63,0.0,allrounder_pure_bowler_cluster_4,pure_bowler,69.32,SM Pollock,Mumbai Indians,0,2,2,1,38
Gujarat Titans,allrounder,batting_allrounder,HV Patel,Haryana,94.22,95.99,100.0,0.0,38.56,61.54,99.54,0.0,allrounder_pure_bowler_cluster_4,pure_bowler,68.21,MR Marsh,Delhi Capitals,0,2,2,2,42
Gujarat Titans,allrounder,batting_allrounder,Sumit Kumar,Haryana,79.46,96.77,100.0,0.0,79.31,46.15,88.1,0.0,allrounder_pure_bowler_cluster_4,pure_bowler,66.76,Azhar Mahmood,Punjab Kings,0,2,2,3,48
Gujarat Titans,allrounder,batting_allrounder,NA Rathva,Baroda,72.89,87.29,100.0,0.0,52.12,100.0,85.4,0.0,allrounder_pure_bowler_cluster_4,pure_bowler,66.42,Shakib Al Hasan,Kolkata Knight Riders,0,2,2,4,49
Gujarat Titans,allrounder,batting_allrounder,R Parag,Assam,88.15,74.48,100.0,0.0,60.83,65.38,92.52,0.0,allrounder_pure_bowler_cluster_4,pure_bowler,65.67,PD Collingwood,Delhi Capitals,0,2,2,5,56
Gujarat Titans,allrounder,batting_allrounder,N Rana,Delhi,85.62,73.3,100.0,0.0,68.59,61.54,93.81,0.0,allrounder_pure_bowler_cluster_4,pure_bowler,65.51,PD Collingwood,Delhi Capitals,0,2,2,6,58
Gujarat Titans,allrounder,batting_allrounder,KH Pandya,Baroda,76.94,89.33,100.0,0.0,67.7,53.85,88.2,0.0,allrounder_pure_bowler_cluster_4,pure_bowler,64.76,SM Pollock,Mumbai Indians,0,2,2,7,62
Gujarat Titans,allrounder,batting_allrounder,VR Iyer,Madhya Pradesh,80.31,91.26,100.0,0.0,59.28,38.46,89.42,0.0,allrounder_pure_bowler_cluster_4,pure_bowler,63.47,PD Collingwood,Delhi Capitals,0,2,2,8,66
Gujarat Titans,allrounder,batting_allrounder,R Tewatia,Haryana,79.51,79.37,100.0,0.0,55.78,53.85,91.47,0.0,allrounder_pure_bowler_cluster_4,pure_bowler,62.92,ST Jayasuriya,Mumbai Indians,0,2,2,9,70
Gujarat Titans,allrounder,batting_allrounder,KV Sharma,Railways,76.29,88.4,100.0,0.0,44.87,53.85,94.12,0.0,allrounder_pure_bowler_cluster_4,pure_bowler,62.8,SM Pollock,Mumbai Indians,0,2,2,10,72
Gujarat Titans,allrounder,batting_allrounder,Lalit Yadav,Delhi,79.05,61.82,100.0,0.0,69.48,34.62,91.48,0.0,allrounder_pure_bowler_cluster_4,pure_bowler,59.64,MM Ali,Chennai Super Kings,0,2,2,11,87
Gujarat Titans,allrounder,batting_allrounder,S Dube,Mumbai,70.9,82.93,100.0,0.0,61.35,26.92,83.55,0.0,allrounder_pure_bowler_cluster_4,pure_bowler,58.8,BA Stokes,Rajasthan Royals,0,2,2,12,90
Gujarat Titans,allrounder,batting_allrounder,Manisankar Murasingh,Tripura,74.2,79.15,100.0,0.0,37.37,11.54,87.52,0.0,allrounder_pure_bowler_cluster_4,pure_bowler,55.36,SM Pollock,Mumbai Indians,0,2,2,13,102
Gujarat Titans,bowling,death_bowler,JD Unadkat,Saurashtra,81.52,93.8,50.0,100.0,83.64,92.86,98.94,0.0,bowling_powerplay_bowler_cluster_0,powerplay_bowler,75.42,Sohail Tanvir,Rajasthan Royals,1,2,1,1,12
Gujarat Titans,bowling,death_bowler,B Kumar,Uttar Pradesh,88.45,95.2,50.0,100.0,90.97,64.29,98.79,0.0,bowling_powerplay_bowler_cluster_0,powerplay_bowler,74.88,SL Malinga,Mumbai Indians,1,2,1,2,14
Gujarat Titans,bowling,death_bowler,LI Meriwala,Baroda,66.94,85.6,50.0,100.0,74.22,78.57,97.95,0.0,bowling_powerplay_bowler_cluster_0,powerplay_bowler,68.8,SL Malinga,Mumbai Indians,1,2,1,3,40
Gujarat Titans,bowling,death_bowler,V Kaverappa,Karnataka,74.11,90.46,50.0,58.8,59.55,85.71,97.51,0.0,bowling_powerplay_bowler_cluster_0,powerplay_bowler,66.05,T Thushara,Chennai Super Kings,1,2,1,4,52
Gujarat Titans,bowling,death_bowler,DS Kulkarni,Mumbai,65.36,93.01,50.0,100.0,52.73,57.14,99.65,0.0,bowling_powerplay_bowler_cluster_0,powerplay_bowler,65.48,DE Bollinger,Chennai Super Kings,1,2,1,5,59
Gujarat Titans,bowling,death_bowler,TU Deshpande,Mumbai,69.07,92.34,50.0,100.0,46.2,50.0,98.72,0.0,bowling_powerplay_bowler_cluster_0,powerplay_bowler,64.66,CK Langeveldt,Kolkata Knight Riders,1,2,1,6,64
Gujarat Titans,bowling,death_bowler,A Sheth,Baroda,61.22,83.58,50.0,100.0,65.13,42.86,99.59,0.0,bowling_powerplay_bowler_cluster_0,powerplay_bowler,63.04,MA Starc,Royal Challengers Bengaluru,1,2,1,7,69
Gujarat Titans,bowling,death_bowler,N Rana,Delhi,62.2,66.03,50.0,100.0,60.91,71.43,88.95,0.0,bowling_middle_overs_bowler_cluster_1,middle_overs_bowler,61.97,L Balaji,Kolkata Knight Riders,1,2,1,8,77
Gujarat Titans,bowling,death_bowler,A Nagwaswalla,Gujarat,70.08,88.97,50.0,100.0,60.68,3.57,97.33,0.0,bowling_powerplay_bowler_cluster_0,powerplay_bowler,61.02,RJ Harris,Punjab Kings,1,2,1,9,83
Gujarat Titans,bowling,death_bowler,Mohit Avasthi,Mumbai,61.74,79.23,50.0,100.0,63.08,28.57,98.91,0.0,bowling_powerplay_bowler_cluster_0,powerplay_bowler,60.79,A Singh,Rajasthan Royals,1,2,1,10,84
Gujarat Titans,bowling,death_bowler,S Kaul,Punjab,58.4,77.27,50.0,100.0,66.17,14.29,95.6,0.0,bowling_powerplay_bowler_cluster_0,powerplay_bowler,58.38,SL Malinga,Mumbai Indians,1,2,1,11,91
Gujarat Titans,bowling,death_bowler,SN Thakur,Mumbai,53.1,85.15,50.0,100.0,37.56,3.57,98.03,0.0,bowling_powerplay_bowler_cluster_0,powerplay_bowler,54.81,WD Parnell,Pune Warriors,1,2,1,12,104
Gujarat Titans,bowling,death_bowler,T Natarajan,Tamil Nadu,46.67,88.42,50.0,100.0,9.03,21.43,93.79,0.0,bowling_powerplay_bowler_cluster_0,powerplay_bowler,52.52,Mustafizur Rahman,Sunrisers Hyderabad,1,2,1,13,108
Gujarat Titans,bowling,death_bowler,Akash Sengupta,Assam,45.4,78.51,50.0,57.9,67.37,35.71,58.13,0.0,bowling_powerplay_bowler_cluster_0,powerplay_bowler,50.27,Umar Gul,Kolkata Knight Riders,1,2,1,14,111
Gujarat Titans,batting,finisher,RK Singh,Uttar Pradesh,83.26,94.57,100.0,100.0,96.01,94.74,70.13,0.0,batting_aggressive_opener_cluster_0,aggressive_opener,81.93,T Stubbs,Delhi Capitals,0,2,2,1,4
Gujarat Titans,batting,finisher,Sanvir Singh,Punjab,68.97,92.73,100.0,97.9,68.45,89.47,55.59,0.0,batting_aggressive_opener_cluster_0,aggressive_opener,73.84,TH David,Mumbai Indians,0,2,2,2,17
Gujarat Titans,batting,finisher,KH Pandya,Baroda,59.71,95.77,100.0,100.0,76.49,63.16,71.82,0.0,batting_tailender_cluster_1,tailender,72.45,CL White,Sunrisers Hyderabad,0,2,2,3,24
Gujarat Titans,batting,finisher,A Manohar,Karnataka,87.95,79.32,100.0,100.0,47.58,42.11,86.95,0.0,batting_aggressive_opener_cluster_0,aggressive_opener,72.15,H Klaasen,Sunrisers Hyderabad,0,2,2,4,26
Gujarat Titans,batting,finisher,Rajat Dey,Tripura,62.25,78.9,100.0,100.0,78.4,73.68,71.89,0.0,batting_aggressive_opener_cluster_0,aggressive_opener,71.68,JP Duminy,Delhi Capitals,0,2,2,5,28
Gujarat Titans,batting,finisher,N Wadhera,Punjab,80.71,78.95,100.0,57.9,86.3,52.63,87.8,0.0,batting_aggressive_opener_cluster_0,aggressive_opener,71.45,H Klaasen,Sunrisers Hyderabad,0,2,2,6,30
Gujarat Titans,batting,finisher,Jay Gohil,Saurashtra,53.46,76.13,100.0,92.1,72.01,100.0,44.52,0.0,batting_tailender_cluster_1,tailender,67.97,KK Cooper,Rajasthan Royals,0,2,2,7,43
Gujarat Titans,batting,finisher,Vishnu Solanki,Baroda,50.3,73.01,100.0,100.0,65.08,78.95,56.92,0.0,batting_tailender_cluster_1,tailender,66.11,MC Henriques,Sunrisers Hyderabad,0,2,2,8,50
Gujarat Titans,batting,finisher,R Tewatia,Haryana,71.95,83.33,100.0,100.0,47.83,21.05,72.29,0.0,batting_aggressive_opener_cluster_0,aggressive_opener,66.01,Shashank Singh,Punjab Kings,0,2,2,9,53
Gujarat Titans,batting,finisher,Vishvaraj Jadeja,Saurashtra,42.8,86.43,100.0,100.0,58.48,84.21,51.38,0.0,batting_tailender_cluster_1,tailender,65.93,SW Billings,Delhi Capitals,0,2,2,10,54
Gujarat Titans,batting,finisher,VR Iyer,Madhya Pradesh,72.9,74.44,100.0,100.0,59.46,36.84,52.88,0.0,batting_aggressive_opener_cluster_0,aggressive_opener,65.66,KK Nair,Delhi Capitals,0,2,2,11,57
Gujarat Titans,batting,finisher,Subhransu Senapati,Odisha,66.48,93.51,100.0,100.0,50.71,0.0,73.55,0.0,batting_aggressive_opener_cluster_0,aggressive_opener,64.75,KK Nair,Delhi Capitals,0,2,2,12,63
Gujarat Titans,batting,finisher,S Dube,Mumbai,51.04,80.8,100.0,100.0,52.2,68.42,42.76,0.0,batting_tailender_cluster_1,tailender,63.67,Sachin Baby,Royal Challengers Bengaluru,0,2,2,13,65
Gujarat Titans,batting,finisher,Sumit Kumar,Haryana,45.74,90.1,100.0,100.0,52.61,47.37,49.5,0.0,batting_tailender_cluster_1,tailender,62.61,AM Nayar,Mumbai Indians,0,2,2,14,74
Gujarat Titans,batting,finisher,Chirag Gandhi,Gujarat,45.95,85.84,100.0,100.0,37.36,31.58,72.49,0.0,batting_tailender_cluster_1,tailender,61.21,AC Voges,Rajasthan Royals,0,2,2,15,82
Gujarat Titans,batting,finisher,Shubham Pundir,Jammu & Kashmir,43.54,87.81,100.0,100.0,35.0,5.26,57.48,0.0,batting_tailender_cluster_1,tailender,56.65,S Badrinath,Chennai Super Kings,0,2,2,16,98
Gujarat Titans,batting,finisher,BA Roy,Assam,65.3,37.58,100.0,42.1,64.57,57.89,59.73,0.0,batting_aggressive_opener_cluster_0,aggressive_opener,56.13,TR Birt,Delhi Capitals,0,2,2,17,100
Gujarat Titans,batting,finisher,M Shahrukh Khan,Tamil Nadu,57.42,53.43,100.0,100.0,47.69,10.53,49.85,0.0,batting_tailender_cluster_1,tailender,55.31,MP Stoinis,Lucknow Super Giants,0,2,2,18,103
Gujarat Titans,batting,finisher,K L Shrijith,Karnataka,28.58,83.68,100.0,83.8,26.36,15.79,35.49,0.0,batting_tailender_cluster_1,tailender,49.41,AM Nayar,Mumbai Indians,0,2,2,19,112
Gujarat Titans,batting,finisher,Fazil Rashid,Jammu & Kashmir,21.93,89.25,100.0,40.4,41.85,26.32,56.34,0.0,batting_tailender_cluster_2,tailender,49.26,TR Birt,Delhi Capitals,0,2,2,20,113
Gujarat Titans,batting,middle_order,YBK Jaiswal,Mumbai,63.81,88.31,50.0,100.0,68.59,100.0,24.79,0.0,batting_aggressive_opener_cluster_0,aggressive_opener,62.85,RA Tripathi,Sunrisers Hyderabad,1,2,1,1,71
Gujarat Titans,batting,middle_order,SS Sharma,Baroda,58.75,79.22,50.0,67.9,72.36,80.0,82.64,0.0,batting_aggressive_opener_cluster_0,aggressive_opener,61.42,PHKD Mendis,Sunrisers Hyderabad,1,2,1,2,81
Gujarat Titans,batting,middle_order,UR Kumar,Gujarat,68.39,66.97,50.0,52.5,69.32,86.67,70.24,0.0,batting_aggressive_opener_cluster_0,aggressive_opener,59.1,PHKD Mendis,Sunrisers Hyderabad,1,2,1,3,88
Gujarat Titans,batting,middle_order,B Sai Sudharsan,Tamil Nadu,52.85,83.33,50.0,100.0,46.33,40.0,79.55,0.0,batting_aggressive_opener_cluster_0,aggressive_opener,57.16,SS Tiwary,Mumbai Indians,1,2,1,4,96
Gujarat Titans,batting,middle_order,Sudip Chatterjee,Bengal,42.96,92.4,50.0,100.0,14.48,26.67,76.62,0.0,batting_tailender_cluster_1,tailender,51.73,FY Fazal,Rajasthan Royals,1,2,1,5,109
Gujarat Titans,batting,middle_order,Rex Rajkumar,Manipur,23.28,86.29,50.0,100.0,28.91,73.33,52.7,0.0,batting_tailender_cluster_1,tailender,50.59,M Kaif,Rajasthan Royals,1,2,1,6,110
Gujarat Titans,batting,middle_order,Ganesh Satish,Vidarbha,32.31,76.0,50.0,100.0,46.3,46.67,45.36,0.0,batting_tailender_cluster_1,tailender,49.19,MC Juneja,Delhi Capitals,1,2,1,7,114
Gujarat Titans,batting,middle_order,Joseph Lalthankhuma,Mizoram,12.15,89.78,50.0,85.4,24.54,93.33,18.53,0.0,batting_tailender_cluster_1,tailender,45.58,CJ Ferguson,Pune Warriors,1,2,1,8,117
Gujarat Titans,batting,middle_order,Bhanu Pania,Baroda,25.18,84.32,50.0,100.0,29.7,13.33,59.63,0.0,batting_tailender_cluster_1,tailender,45.45,DT Christian,Sunrisers Hyderabad,1,2,1,9,118
Gujarat Titans,batting,middle_order,Karan Lal,Bengal,21.64,60.56,50.0,69.2,45.87,53.33,40.62,0.0,batting_tailender_cluster_1,tailender,41.81,LA Carseldine,Rajasthan Royals,1,2,1,10,120
Gujarat Titans,batting,middle_order,Sanjeet Desai,Chhattisgarh,24.74,49.27,50.0,87.9,24.54,66.67,38.85,0.0,batting_tailender_cluster_1,tailender,41.63,KS Bharat,Royal Challengers Bengaluru,1,2,1,11,121
Gujarat Titans,batting,middle_order,Mohit Jangra,Mizoram,23.79,71.08,50.0,40.0,29.16,60.0,44.8,0.0,batting_tailender_cluster_1,tailender,40.32,AJ Turner,Rajasthan Royals,1,2,1,12,122
Gujarat Titans,batting,middle_order,Kangabam Singh,Manipur,17.65,85.64,50.0,100.0,32.88,6.67,23.69,0.0,batting_tailender_cluster_1,tailender,40.2,CJ Ferguson,Pune Warriors,1,2,1,13,123
Gujarat Titans,batting,middle_order,Henan Nazir,Jammu & Kashmir,19.08,64.23,50.0,52.9,34.4,33.33,35.99,0.0,batting_tailender_cluster_1,tailender,36.61,MC Juneja,Delhi Capitals,1,2,1,14,124
Gujarat Titans,batting,middle_order,Lalhruaizela,Mizoram,13.01,84.73,50.0,100.0,5.98,0.0,19.33,0.0,batting_tailender_cluster_2,tailender,35.34,CJ Ferguson,Pune Warriors,1,2,1,15,125
Gujarat Titans,batting,middle_order,J Anderson,Mizoram,11.85,73.79,50.0,45.8,24.46,20.0,16.98,0.0,batting_tailender_cluster_2,tailender,31.66,MS Wade,Gujarat Titans,1,2,1,16,126
Gujarat Titans,batting,middle_order,SK Gharami,Bengal,1.77,73.29,50.0,22.9,6.9,0.0,14.31,0.0,batting_tailender_cluster_2,tailender,23.26,AA Bilakhia,Sunrisers Hyderabad,1,2,1,17,127
Gujarat Titans,bowling,middle_overs_bowler,Tanush Kotian,Mumbai,73.76,87.25,50.0,100.0,85.52,78.12,96.97,100.0,bowling_middle_overs_bowler_cluster_1,middle_overs_bowler,81.4,PP Chawla,Punjab Kings,1,2,1,1,5
Gujarat Titans,bowling,middle_overs_bowler,K Kartikeya,Madhya Pradesh,72.65,92.06,50.0,100.0,76.79,71.88,97.95,100.0,bowling_middle_overs_bowler_cluster_1,middle_overs_bowler,80.5,R Sharma,Pune Warriors,1,2,1,2,6
Gujarat Titans,bowling,middle_overs_bowler,Abid Mushtaq,Jammu & Kashmir,71.53,85.47,50.0,100.0,55.55,81.25,89.96,100.0,bowling_middle_overs_bowler_cluster_1,middle_overs_bowler,77.3,M Muralitharan,Chennai Super Kings,1,2,1,3,8
Gujarat Titans,bowling,middle_overs_bowler,KH Pandya,Baroda,50.66,96.16,50.0,100.0,62.21,87.5,79.32,100.0,bowling_middle_overs_bowler_cluster_1,middle_overs_bowler,74.96,R Ashwin,Chennai Super Kings,1,2,1,4,13
Gujarat Titans,bowling,middle_overs_bowler,Lalit Yadav,Delhi,48.78,91.15,50.0,100.0,80.52,75.0,83.54,100.0,bowling_middle_overs_bowler_cluster_1,middle_overs_bowler,74.83,J Botha,Rajasthan Royals,1,2,1,5,15
Gujarat Titans,bowling,middle_overs_bowler,K Gowtham,Karnataka,53.74,92.01,50.0,100.0,76.95,46.88,95.04,100.0,bowling_middle_overs_bowler_cluster_1,middle_overs_bowler,73.94,PP Ojha,Sunrisers Hyderabad,1,2,1,6,16
Gujarat Titans,bowling,middle_overs_bowler,R Parag,Assam,56.89,84.34,50.0,100.0,42.73,84.38,89.54,100.0,bowling_middle_overs_bowler_cluster_1,middle_overs_bowler,73.19,A Kumble,Royal Challengers Bengaluru,1,2,1,7,21
Gujarat Titans,bowling,middle_overs_bowler,Chirag Jani,Saurashtra,44.74,90.05,50.0,100.0,83.93,67.19,78.27,100.0,bowling_middle_overs_bowler_cluster_1,middle_overs_bowler,72.89,JH Kallis,Kolkata Knight Riders,1,2,1,8,22
Gujarat Titans,bowling,middle_overs_bowler,KC Cariappa,Karnataka,82.87,98.42,50.0,100.0,43.25,96.88,98.34,0.0,bowling_powerplay_bowler_cluster_0,powerplay_bowler,72.68,SP Narine,Kolkata Knight Riders,1,2,1,9,23
Gujarat Titans,bowling,middle_overs_bowler,YS Chahal,Haryana,44.6,69.85,50.0,100.0,83.77,90.62,79.4,100.0,bowling_middle_overs_bowler_cluster_1,middle_overs_bowler,72.28,MJ Santner,Chennai Super Kings,1,2,1,10,25
Gujarat Titans,bowling,middle_overs_bowler,Saransh Jain,Madhya Pradesh,42.59,76.82,50.0,100.0,71.66,93.75,75.7,100.0,bowling_middle_overs_bowler_cluster_1,middle_overs_bowler,71.65,IS Sodhi,Rajasthan Royals,1,2,1,11,29
Gujarat Titans,bowling,middle_overs_bowler,M Markande,Punjab,47.14,92.92,50.0,100.0,63.9,28.12,97.84,100.0,bowling_middle_overs_bowler_cluster_1,middle_overs_bowler,69.85,RD Chahar,Mumbai Indians,1,2,1,12,35
Gujarat Titans,bowling,middle_overs_bowler,VR Iyer,Madhya Pradesh,49.79,85.89,50.0,100.0,60.52,40.62,93.4,100.0,bowling_middle_overs_bowler_cluster_1,middle_overs_bowler,69.8,J Botha,Rajasthan Royals,1,2,1,13,36
Gujarat Titans,bowling,middle_overs_bowler,SS Agarwal,Chhattisgarh,60.9,93.39,50.0,100.0,32.34,25.0,97.81,100.0,bowling_middle_overs_bowler_cluster_1,middle_overs_bowler,69.2,Rashid Khan,Sunrisers Hyderabad,1,2,1,14,39
Gujarat Titans,bowling,middle_overs_bowler,Dharmendrasinh Jadeja,Saurashtra,43.9,81.92,50.0,100.0,39.19,67.19,86.34,100.0,bowling_middle_overs_bowler_cluster_1,middle_overs_bowler,67.84,MM Ali,Chennai Super Kings,1,2,1,15,44
Gujarat Titans,bowling,middle_overs_bowler,Shiva Singh,Uttar Pradesh,47.29,83.77,50.0,100.0,49.25,57.81,74.11,100.0,bowling_middle_overs_bowler_cluster_1,middle_overs_bowler,67.64,M Kartik,Kolkata Knight Riders,1,2,1,16,45
Gujarat Titans,bowling,middle_overs_bowler,PP Chawla,Gujarat,86.69,94.53,50.0,100.0,52.89,34.38,97.43,0.0,bowling_powerplay_bowler_cluster_0,powerplay_bowler,67.49,PP Ojha,Sunrisers Hyderabad,1,2,1,17,46
Gujarat Titans,bowling,middle_overs_bowler,Jasmer Dhankhar,Uttar Pradesh,50.91,80.72,50.0,55.0,70.91,57.81,89.9,100.0,bowling_middle_overs_bowler_cluster_1,middle_overs_bowler,67.15,MJ Clarke,Pune Warriors,1,2,1,18,47
Gujarat Titans,bowling,middle_overs_bowler,J Yadav,Haryana,53.08,93.99,50.0,100.0,17.66,37.5,83.58,100.0,bowling_middle_overs_bowler_cluster_1,middle_overs_bowler,66.09,AR Patel,Delhi Capitals,1,2,1,19,51
Gujarat Titans,bowling,middle_overs_bowler,NA Rathva,Baroda,58.36,86.42,50.0,100.0,14.71,15.62,98.47,100.0,bowling_middle_overs_bowler_cluster_1,middle_overs_bowler,65.02,PP Ojha,Sunrisers Hyderabad,1,2,1,20,60
Gujarat Titans,bowling,middle_overs_bowler,KV Sharma,Railways,49.69,90.54,50.0,100.0,22.34,12.5,85.97,100.0,bowling_middle_overs_bowler_cluster_1,middle_overs_bowler,63.1,P Negi,Royal Challengers Bengaluru,1,2,1,21,68
Gujarat Titans,bowling,middle_overs_bowler,S Dube,Mumbai,31.7,78.52,50.0,100.0,61.98,50.0,46.41,100.0,bowling_middle_overs_bowler_cluster_1,middle_overs_bowler,61.46,CR Brathwaite,Delhi Capitals,1,2,1,22,80
Gujarat Titans,bowling,middle_overs_bowler,TC Vanlalremruata,Mizoram,42.38,75.45,50.0,43.8,59.16,43.75,70.85,100.0,bowling_middle_overs_bowler_cluster_1,middle_overs_bowler,59.05,Gurkeerat Singh,Punjab Kings,1,2,1,23,89
Gujarat Titans,bowling,middle_overs_bowler,Shivam Chaudhary,Railways,27.84,89.74,50.0,100.0,30.52,21.88,63.0,100.0,bowling_middle_overs_bowler_cluster_2,middle_overs_bowler,58.07,TM Dilshan,Delhi Capitals,1,2,1,24,92
Gujarat Titans,bowling,middle_overs_bowler,Harsh Tyagi,Railways,38.76,85.82,50.0,100.0,15.06,0.0,77.18,100.0,bowling_middle_overs_bowler_cluster_1,middle_overs_bowler,57.35,M Kartik,Kolkata Knight Riders,1,2,1,25,95
Gujarat Titans,bowling,middle_overs_bowler,Sahil Lotra,Jammu & Kashmir,35.65,81.51,50.0,46.2,41.43,62.5,39.99,100.0,bowling_middle_overs_bowler_cluster_2,middle_overs_bowler,55.87,P Dubey,Delhi Capitals,1,2,1,26,101
Gujarat Titans,bowling,middle_overs_bowler,Shivam Shukla,Madhya Pradesh,32.72,68.13,50.0,43.8,47.95,53.12,50.21,100.0,bowling_middle_overs_bowler_cluster_1,middle_overs_bowler,53.77,Gurkeerat Singh,Punjab Kings,1,2,1,27,105
Gujarat Titans,bowling,middle_overs_bowler,AV Rajput,Baroda,29.0,89.22,50.0,60.0,58.7,6.25,41.86,100.0,bowling_middle_overs_bowler_cluster_1,middle_overs_bowler,53.36,V Puthur,Mumbai Indians,1,2,1,28,106
Gujarat Titans,bowling,middle_overs_bowler,L Kishan Singha,Manipur,31.62,62.32,50.0,100.0,33.64,18.75,47.28,100.0,bowling_middle_overs_bowler_cluster_1,middle_overs_bowler,53.14,Harpreet Brar,Punjab Kings,1,2,1,29,107
Gujarat Titans,bowling,middle_overs_bowler,Rahul Batham,Madhya Pradesh,21.37,54.65,50.0,85.0,38.73,9.38,41.07,100.0,bowling_middle_overs_bowler_cluster_1,middle_overs_bowler,47.39,PD Collingwood,Delhi Capitals,1,2,1,30,115
Gujarat Titans,bowling,middle_overs_bowler,Akash Pandey,Railways,44.94,82.3,50.0,50.0,60.13,3.12,67.35,0.0,bowling_powerplay_bowler_cluster_0,powerplay_bowler,46.89,DG Nalkande,Gujarat Titans,1,2,1,31,116
Gujarat Titans,bowling,middle_overs_bowler,S Hegde,Karnataka,12.56,79.53,50.0,43.8,24.61,31.25,28.05,100.0,bowling_middle_overs_bowler_cluster_2,middle_overs_bowler,44.71,MK Lomror,Rajasthan Royals,1,2,1,32,119
Gujarat Titans,batting,top_order_anchor,RM Patidar,Madhya Pradesh,89.81,78.34,100.0,100.0,96.17,100.0,95.54,0.0,batting_aggressive_opener_cluster_0,aggressive_opener,83.88,C Connolly,Punjab Kings,0,1,1,1,3
Gujarat Titans,batting,top_order_anchor,N Rana,Delhi,83.66,84.24,100.0,100.0,79.7,57.14,92.6,0.0,batting_aggressive_opener_cluster_0,aggressive_opener,77.31,D Brevis,Mumbai Indians,0,1,1,2,7
Gujarat Titans,batting,top_order_anchor,Anmolpreet Singh,Punjab,74.57,74.03,100.0,100.0,98.7,92.86,70.17,0.0,batting_aggressive_opener_cluster_0,aggressive_opener,77.19,AB de Villiers,Royal Challengers Bengaluru,0,1,1,3,9
Gujarat Titans,batting,top_order_anchor,Mandeep Singh,Punjab,80.64,63.68,100.0,100.0,76.96,85.71,93.41,0.0,batting_aggressive_opener_cluster_0,aggressive_opener,76.29,C Green,Mumbai Indians,0,1,1,4,10
Gujarat Titans,batting,top_order_anchor,SS Iyer,Mumbai,85.88,76.28,100.0,100.0,61.68,64.29,96.79,0.0,batting_aggressive_opener_cluster_0,aggressive_opener,75.89,C Connolly,Punjab Kings,0,1,1,5,11
Gujarat Titans,batting,top_order_anchor,R Parag,Assam,81.7,60.81,100.0,100.0,61.33,78.57,93.82,0.0,batting_aggressive_opener_cluster_0,aggressive_opener,73.83,RM Patidar,Royal Challengers Bengaluru,0,1,1,6,18
Gujarat Titans,batting,top_order_anchor,Harpreet Singh,Chhattisgarh,75.28,66.96,100.0,100.0,72.91,50.0,86.1,0.0,batting_aggressive_opener_cluster_0,aggressive_opener,71.0,SE Marsh,Punjab Kings,0,1,1,7,31
Gujarat Titans,batting,top_order_anchor,SA Yadav,Mumbai,84.78,64.84,100.0,100.0,45.87,71.43,74.64,0.0,batting_aggressive_opener_cluster_0,aggressive_opener,70.88,RR Pant,Delhi Capitals,0,1,1,8,32
Gujarat Titans,batting,top_order_anchor,A Badoni,Delhi,51.9,72.69,100.0,100.0,84.81,35.71,65.49,0.0,batting_tailender_cluster_1,tailender,64.88,PD Collingwood,Delhi Capitals,0,1,1,9,61
Gujarat Titans,batting,top_order_anchor,YV Dhull,Delhi,51.42,67.73,100.0,100.0,53.23,42.86,83.35,0.0,batting_aggressive_opener_cluster_0,aggressive_opener,63.39,KS Williamson,Sunrisers Hyderabad,0,1,1,10,67
Gujarat Titans,batting,top_order_anchor,Himanshu Rana,Haryana,57.37,82.74,100.0,100.0,35.3,21.43,70.08,0.0,batting_aggressive_opener_cluster_0,aggressive_opener,61.57,D Padikkal,Royal Challengers Bengaluru,0,1,1,11,79
Gujarat Titans,batting,top_order_anchor,MK Pandey,Karnataka,71.14,60.27,100.0,100.0,23.59,14.29,79.8,0.0,batting_aggressive_opener_cluster_0,aggressive_opener,60.04,PD Collingwood,Delhi Capitals,0,1,1,12,85
Gujarat Titans,batting,top_order_anchor,Amandeep Khare,Chhattisgarh,48.3,87.46,100.0,100.0,27.77,7.14,67.1,0.0,batting_tailender_cluster_1,tailender,57.98,KS Williamson,Sunrisers Hyderabad,0,1,1,13,94
Gujarat Titans,batting,top_order_anchor,N Sindhu,Haryana,58.37,57.15,100.0,60.4,45.27,28.57,80.45,0.0,batting_aggressive_opener_cluster_0,aggressive_opener,56.72,MN van Wyk,Kolkata Knight Riders,0,1,1,14,97
Kolkata Knight Riders,batting,aggressive_opener,AM Rahane,Mumbai,84.08,98.36,100.0,100.0,92.61,82.35,94.69,100.0,batting_aggressive_opener_cluster_0,aggressive_opener,93.54,Shubman Gill,Gujarat Titans,0,2,2,1,1
Kolkata Knight Riders,batting,aggressive_opener,PP Shaw,Mumbai,89.28,94.38,100.0,100.0,64.73,94.12,86.71,100.0,batting_aggressive_opener_cluster_0,aggressive_opener,91.57,P Simran Singh,Punjab Kings,0,2,2,2,2
Kolkata Knight Riders,batting,aggressive_opener,Tarang Gohel,Saurashtra,73.21,87.3,100.0,77.9,82.88,100.0,24.66,100.0,batting_aggressive_opener_cluster_0,aggressive_opener,81.28,JG Bethell,Royal Challengers Bengaluru,0,2,2,3,7
Kolkata Knight Riders,batting,aggressive_opener,HV Patel,Haryana,85.9,75.85,100.0,100.0,65.22,41.18,66.82,100.0,batting_aggressive_opener_cluster_0,aggressive_opener,80.88,J Fraser-McGurk,Delhi Capitals,0,2,2,4,8
Kolkata Knight Riders,batting,aggressive_opener,P Simran Singh,Punjab,79.34,81.01,100.0,100.0,64.1,52.94,48.88,100.0,batting_aggressive_opener_cluster_0,aggressive_opener,79.61,DR Smith,Chennai Super Kings,0,2,2,5,10
Kolkata Knight Riders,batting,aggressive_opener,D Padikkal,Karnataka,85.96,90.4,100.0,100.0,17.17,11.76,94.76,100.0,batting_aggressive_opener_cluster_0,aggressive_opener,78.12,DP Conway,Chennai Super Kings,0,2,2,6,11
Kolkata Knight Riders,batting,aggressive_opener,H Desai,Saurashtra,51.02,91.11,100.0,100.0,75.05,88.24,28.34,100.0,batting_aggressive_opener_cluster_0,aggressive_opener,78.03,S Sohal,Punjab Kings,0,2,2,7,12
Kolkata Knight Riders,batting,aggressive_opener,AD Chopra,Mizoram,83.63,60.9,100.0,47.1,83.04,76.47,57.59,100.0,batting_aggressive_opener_cluster_0,aggressive_opener,77.28,HM Amla,Punjab Kings,0,2,2,8,15
Kolkata Knight Riders,batting,aggressive_opener,Hari Nishaanth,Tamil Nadu,62.19,80.02,100.0,100.0,74.57,64.71,25.86,100.0,batting_aggressive_opener_cluster_0,aggressive_opener,75.95,PA Patel,Mumbai Indians,0,2,2,9,19
Kolkata Knight Riders,batting,aggressive_opener,MA Agarwal,Karnataka,60.67,89.56,100.0,100.0,62.34,35.29,29.63,100.0,batting_aggressive_opener_cluster_0,aggressive_opener,73.29,MA Agarwal,Punjab Kings,0,2,2,10,28
Kolkata Knight Riders,batting,aggressive_opener,Ankit Kumar,Haryana,70.21,53.71,100.0,60.8,73.91,47.06,50.14,100.0,batting_aggressive_opener_cluster_0,aggressive_opener,70.29,AD Hales,Sunrisers Hyderabad,0,2,2,11,42
Kolkata Knight Riders,batting,aggressive_opener,Vivek Singh,Bengal,72.93,85.91,100.0,100.0,27.72,17.65,30.07,100.0,batting_aggressive_opener_cluster_0,aggressive_opener,70.02,WP Saha,Punjab Kings,0,2,2,12,43
Kolkata Knight Riders,batting,aggressive_opener,Rishav Das,Assam,49.31,86.56,100.0,100.0,60.38,23.53,37.66,100.0,batting_aggressive_opener_cluster_0,aggressive_opener,70.0,PA Patel,Mumbai Indians,0,2,2,13,44
Kolkata Knight Riders,batting,aggressive_opener,Jyotsnil Singh,Baroda,59.71,83.02,100.0,61.2,65.0,29.41,44.74,100.0,batting_aggressive_opener_cluster_0,aggressive_opener,69.43,AD Hales,Sunrisers Hyderabad,0,2,2,14,47
Kolkata Knight Riders,batting,aggressive_opener,Abishek Porel,Bengal,56.99,82.9,100.0,34.6,53.15,70.59,25.08,100.0,batting_aggressive_opener_cluster_0,aggressive_opener,67.18,JG Bethell,Royal Challengers Bengaluru,0,2,2,15,57
Kolkata Knight Riders,batting,aggressive_opener,HP Gawli,Madhya Pradesh,54.68,89.88,100.0,32.5,42.23,58.82,27.15,100.0,batting_aggressive_opener_cluster_0,aggressive_opener,65.49,UT Khawaja,Rising Pune Supergiant,0,2,2,16,69
Kolkata Knight Riders,batting,aggressive_opener,Shashank Chandrakar,Chhattisgarh,67.0,75.48,100.0,100.0,10.33,5.88,23.03,100.0,batting_aggressive_opener_cluster_0,aggressive_opener,63.65,PA Patel,Mumbai Indians,0,2,2,17,79
Kolkata Knight Riders,batting,anchor_opener,Shivam Chaudhary,Railways,59.39,93.46,100.0,100.0,55.11,100.0,75.67,0.0,batting_aggressive_opener_cluster_0,aggressive_opener,73.98,SR Tendulkar,Mumbai Indians,0,1,1,1,24
Kolkata Knight Riders,batting,anchor_opener,Pratham Singh,Railways,66.51,89.58,100.0,100.0,66.63,88.24,58.51,0.0,batting_aggressive_opener_cluster_0,aggressive_opener,73.08,M Vijay,Chennai Super Kings,0,1,1,2,30
Kolkata Knight Riders,batting,anchor_opener,AV Rajput,Baroda,49.72,82.9,100.0,100.0,70.54,35.29,64.05,0.0,batting_aggressive_opener_cluster_0,aggressive_opener,64.37,RS Bopara,Punjab Kings,0,1,1,3,75
Kolkata Knight Riders,batting,anchor_opener,Saurav Chauhan,Gujarat,44.06,66.09,100.0,100.0,82.61,52.94,67.86,0.0,batting_aggressive_opener_cluster_0,aggressive_opener,64.07,DJM Short,Rajasthan Royals,0,1,1,4,76
Kolkata Knight Riders,batting,anchor_opener,Abhishek Goswami,Uttar Pradesh,46.43,65.56,100.0,100.0,79.27,58.82,46.98,0.0,batting_aggressive_opener_cluster_0,aggressive_opener,62.63,DJM Short,Rajasthan Royals,0,1,1,5,85
Kolkata Knight Riders,batting,anchor_opener,Arpit Gaud,Madhya Pradesh,38.34,78.66,100.0,89.6,40.05,94.12,33.99,0.0,batting_aggressive_opener_cluster_0,aggressive_opener,60.24,RE Levi,Mumbai Indians,0,1,1,6,92
Kolkata Knight Riders,batting,anchor_opener,Qamran Iqbal,Jammu & Kashmir,51.05,51.14,100.0,100.0,64.29,64.71,39.95,0.0,batting_aggressive_opener_cluster_0,aggressive_opener,59.78,LMP Simmons,Mumbai Indians,0,1,1,7,94
Kolkata Knight Riders,batting,anchor_opener,Bikramkumar Das,Tripura,56.02,86.75,100.0,100.0,9.95,5.88,82.86,0.0,batting_aggressive_opener_cluster_0,aggressive_opener,59.09,R Dravid,Rajasthan Royals,0,1,1,8,97
Kolkata Knight Riders,batting,anchor_opener,KS Sharma,Uttar Pradesh,54.32,68.68,100.0,100.0,26.85,29.41,56.33,0.0,batting_aggressive_opener_cluster_0,aggressive_opener,57.43,AJ Finch,Gujarat Lions,0,1,1,9,103
Kolkata Knight Riders,batting,anchor_opener,P Prafullomani,Manipur,20.77,89.25,100.0,100.0,50.52,76.47,20.98,0.0,batting_tailender_cluster_1,tailender,57.34,RT Ponting,Mumbai Indians,0,1,1,10,105
Kolkata Knight Riders,batting,anchor_opener,Aarya Desai,Gujarat,46.12,87.27,100.0,58.3,65.68,23.53,47.89,0.0,batting_aggressive_opener_cluster_0,aggressive_opener,56.85,DJM Short,Rajasthan Royals,0,1,1,11,106
Kolkata Knight Riders,batting,anchor_opener,Shubham Sharma,Madhya Pradesh,42.61,74.18,100.0,100.0,37.07,47.06,30.71,0.0,batting_tailender_cluster_1,tailender,56.13,MJ Clarke,Pune Warriors,0,1,1,12,110
Kolkata Knight Riders,batting,anchor_opener,Shubham Khajuria,Jammu & Kashmir,41.21,54.19,100.0,100.0,63.26,41.18,34.59,0.0,batting_aggressive_opener_cluster_0,aggressive_opener,55.27,M Vijay,Chennai Super Kings,0,1,1,13,115
Kolkata Knight Riders,batting,anchor_opener,Denish Das,Assam,28.86,76.72,100.0,100.0,36.96,70.59,20.22,0.0,batting_tailender_cluster_1,tailender,55.06,SP Goswami,Royal Challengers Bengaluru,0,1,1,14,116
Kolkata Knight Riders,batting,anchor_opener,Eknath Kerkar,Goa,32.64,93.12,100.0,100.0,31.44,11.76,50.34,0.0,batting_tailender_cluster_1,tailender,54.85,JEC Franklin,Mumbai Indians,0,1,1,15,117
Kolkata Knight Riders,batting,anchor_opener,A Raghuvanshi,Mumbai,42.23,62.27,100.0,48.3,46.25,82.35,33.57,0.0,batting_aggressive_opener_cluster_0,aggressive_opener,53.83,MJ Clarke,Pune Warriors,0,1,1,16,118
Kolkata Knight Riders,batting,anchor_opener,G Ajitesh,Tamil Nadu,17.2,59.51,100.0,24.2,20.27,17.65,55.69,0.0,batting_tailender_cluster_2,tailender,39.15,Anuj Rawat,Royal Challengers Bengaluru,0,1,1,17,149
Kolkata Knight Riders,allrounder,batting_allrounder,Chirag Jani,Saurashtra,73.17,85.04,100.0,0.0,87.41,92.31,89.63,0.0,allrounder_pure_bowler_cluster_4,pure_bowler,69.32,SM Pollock,Mumbai Indians,0,2,2,1,48
Kolkata Knight Riders,allrounder,batting_allrounder,HV Patel,Haryana,94.22,95.99,100.0,0.0,38.56,61.54,99.54,0.0,allrounder_pure_bowler_cluster_4,pure_bowler,68.21,MR Marsh,Delhi Capitals,0,2,2,2,52
Kolkata Knight Riders,allrounder,batting_allrounder,Sumit Kumar,Haryana,79.46,96.77,100.0,0.0,79.31,46.15,88.1,0.0,allrounder_pure_bowler_cluster_4,pure_bowler,66.76,Azhar Mahmood,Punjab Kings,0,2,2,3,59
Kolkata Knight Riders,allrounder,batting_allrounder,NA Rathva,Baroda,72.89,87.29,100.0,0.0,52.12,100.0,85.4,0.0,allrounder_pure_bowler_cluster_4,pure_bowler,66.42,Shakib Al Hasan,Kolkata Knight Riders,0,2,2,4,61
Kolkata Knight Riders,allrounder,batting_allrounder,R Parag,Assam,88.15,74.48,100.0,0.0,60.83,65.38,92.52,0.0,allrounder_pure_bowler_cluster_4,pure_bowler,65.67,PD Collingwood,Delhi Capitals,0,2,2,5,66
Kolkata Knight Riders,allrounder,batting_allrounder,N Rana,Delhi,85.62,73.3,100.0,0.0,68.59,61.54,93.81,0.0,allrounder_pure_bowler_cluster_4,pure_bowler,65.51,PD Collingwood,Delhi Capitals,0,2,2,6,68
Kolkata Knight Riders,allrounder,batting_allrounder,KH Pandya,Baroda,76.94,89.33,100.0,0.0,67.7,53.85,88.2,0.0,allrounder_pure_bowler_cluster_4,pure_bowler,64.76,SM Pollock,Mumbai Indians,0,2,2,7,72
Kolkata Knight Riders,allrounder,batting_allrounder,VR Iyer,Madhya Pradesh,80.31,91.26,100.0,0.0,59.28,38.46,89.42,0.0,allrounder_pure_bowler_cluster_4,pure_bowler,63.47,PD Collingwood,Delhi Capitals,0,2,2,8,80
Kolkata Knight Riders,allrounder,batting_allrounder,R Tewatia,Haryana,79.51,79.37,100.0,0.0,55.78,53.85,91.47,0.0,allrounder_pure_bowler_cluster_4,pure_bowler,62.92,ST Jayasuriya,Mumbai Indians,0,2,2,9,83
Kolkata Knight Riders,allrounder,batting_allrounder,KV Sharma,Railways,76.29,88.4,100.0,0.0,44.87,53.85,94.12,0.0,allrounder_pure_bowler_cluster_4,pure_bowler,62.8,SM Pollock,Mumbai Indians,0,2,2,10,84
Kolkata Knight Riders,allrounder,batting_allrounder,Lalit Yadav,Delhi,79.05,61.82,100.0,0.0,69.48,34.62,91.48,0.0,allrounder_pure_bowler_cluster_4,pure_bowler,59.64,MM Ali,Chennai Super Kings,0,2,2,11,95
Kolkata Knight Riders,allrounder,batting_allrounder,S Dube,Mumbai,70.9,82.93,100.0,0.0,61.35,26.92,83.55,0.0,allrounder_pure_bowler_cluster_4,pure_bowler,58.8,BA Stokes,Rajasthan Royals,0,2,2,12,99
Kolkata Knight Riders,allrounder,batting_allrounder,Manisankar Murasingh,Tripura,74.2,79.15,100.0,0.0,37.37,11.54,87.52,0.0,allrounder_pure_bowler_cluster_4,pure_bowler,55.36,SM Pollock,Mumbai Indians,0,2,2,13,113
Kolkata Knight Riders,allrounder,bowling_allrounder,JD Unadkat,Saurashtra,93.38,97.05,100.0,0.0,56.97,81.25,96.87,100.0,allrounder_bowling_allrounder_cluster_2,bowling_allrounder,81.74,MF Maharoof,Delhi Capitals,0,2,2,1,5
Kolkata Knight Riders,allrounder,bowling_allrounder,PP Chawla,Gujarat,86.57,93.92,100.0,0.0,56.98,56.25,92.75,100.0,allrounder_bowling_allrounder_cluster_2,bowling_allrounder,77.0,MF Maharoof,Delhi Capitals,0,2,2,2,17
Kolkata Knight Riders,allrounder,bowling_allrounder,A Sheth,Baroda,78.12,92.04,100.0,0.0,55.25,62.5,94.18,100.0,allrounder_bowling_allrounder_cluster_2,bowling_allrounder,75.62,JC Archer,Rajasthan Royals,0,2,2,3,21
Kolkata Knight Riders,allrounder,bowling_allrounder,K Gowtham,Karnataka,76.86,83.42,100.0,0.0,76.04,87.5,94.49,0.0,allrounder_pure_bowler_cluster_4,pure_bowler,68.69,MF Maharoof,Delhi Capitals,0,2,2,4,51
Kolkata Knight Riders,allrounder,bowling_allrounder,Sanvir Singh,Punjab,80.96,97.86,100.0,0.0,49.31,31.25,98.66,0.0,allrounder_pure_bowler_cluster_4,pure_bowler,63.79,CR Brathwaite,Delhi Capitals,0,2,2,5,77
Kolkata Knight Riders,allrounder,bowling_allrounder,Yuvraj Singh,Punjab,67.97,77.04,100.0,0.0,28.69,40.62,64.11,0.0,allrounder_pure_bowler_cluster_4,pure_bowler,53.49,RS Bopara,Punjab Kings,0,2,2,6,120
Kolkata Knight Riders,allrounder,bowling_allrounder,Harpreet Singh,Chhattisgarh,79.98,66.56,100.0,0.0,36.02,0.0,87.23,0.0,allrounder_pure_bowler_cluster_4,pure_bowler,53.31,R Tewatia,Gujarat Titans,0,2,2,7,122
Kolkata Knight Riders,allrounder,bowling_allrounder,Harsh Tyagi,Railways,64.13,95.29,100.0,0.0,29.96,15.62,46.18,0.0,allrounder_pure_bowler_cluster_4,pure_bowler,51.3,Mohammad Nabi,Sunrisers Hyderabad,0,2,2,8,127
Kolkata Knight Riders,allrounder,bowling_allrounder,Rex Rajkumar,Manipur,51.58,97.5,100.0,0.0,36.21,25.0,22.38,0.0,allrounder_pure_bowler_cluster_4,pure_bowler,48.3,R Dhawan,Punjab Kings,0,2,2,9,134
Kolkata Knight Riders,allrounder,bowling_allrounder,Kangabam Singh,Manipur,48.07,94.36,100.0,0.0,17.68,0.0,10.54,0.0,allrounder_pure_bowler_cluster_1,pure_bowler,41.59,R McLaren,Mumbai Indians,0,2,2,10,144
Kolkata Knight Riders,allrounder,bowling_allrounder,Lalhruaizela,Mizoram,45.83,93.92,100.0,0.0,4.07,0.0,9.24,0.0,allrounder_pure_bowler_cluster_1,pure_bowler,39.59,MN Samuels,Pune Warriors,0,2,2,11,147
Kolkata Knight Riders,batting,finisher,RK Singh,Uttar Pradesh,83.26,94.57,100.0,100.0,96.01,94.74,70.13,0.0,batting_aggressive_opener_cluster_0,aggressive_opener,81.93,T Stubbs,Delhi Capitals,0,2,2,1,4
Kolkata Knight Riders,batting,finisher,Sanvir Singh,Punjab,68.97,92.73,100.0,97.9,68.45,89.47,55.59,0.0,batting_aggressive_opener_cluster_0,aggressive_opener,73.84,TH David,Mumbai Indians,0,2,2,2,26
Kolkata Knight Riders,batting,finisher,KH Pandya,Baroda,59.71,95.77,100.0,100.0,76.49,63.16,71.82,0.0,batting_tailender_cluster_1,tailender,72.45,CL White,Sunrisers Hyderabad,0,2,2,3,33
Kolkata Knight Riders,batting,finisher,A Manohar,Karnataka,87.95,79.32,100.0,100.0,47.58,42.11,86.95,0.0,batting_aggressive_opener_cluster_0,aggressive_opener,72.15,H Klaasen,Sunrisers Hyderabad,0,2,2,4,35
Kolkata Knight Riders,batting,finisher,Rajat Dey,Tripura,62.25,78.9,100.0,100.0,78.4,73.68,71.89,0.0,batting_aggressive_opener_cluster_0,aggressive_opener,71.68,JP Duminy,Delhi Capitals,0,2,2,5,36
Kolkata Knight Riders,batting,finisher,N Wadhera,Punjab,80.71,78.95,100.0,57.9,86.3,52.63,87.8,0.0,batting_aggressive_opener_cluster_0,aggressive_opener,71.45,H Klaasen,Sunrisers Hyderabad,0,2,2,6,38
Kolkata Knight Riders,batting,finisher,Jay Gohil,Saurashtra,53.46,76.13,100.0,92.1,72.01,100.0,44.52,0.0,batting_tailender_cluster_1,tailender,67.97,KK Cooper,Rajasthan Royals,0,2,2,7,53
Kolkata Knight Riders,batting,finisher,Vishnu Solanki,Baroda,50.3,73.01,100.0,100.0,65.08,78.95,56.92,0.0,batting_tailender_cluster_1,tailender,66.11,MC Henriques,Sunrisers Hyderabad,0,2,2,8,62
Kolkata Knight Riders,batting,finisher,R Tewatia,Haryana,71.95,83.33,100.0,100.0,47.83,21.05,72.29,0.0,batting_aggressive_opener_cluster_0,aggressive_opener,66.01,Shashank Singh,Punjab Kings,0,2,2,9,64
Kolkata Knight Riders,batting,finisher,Vishvaraj Jadeja,Saurashtra,42.8,86.43,100.0,100.0,58.48,84.21,51.38,0.0,batting_tailender_cluster_1,tailender,65.93,SW Billings,Delhi Capitals,0,2,2,10,65
Kolkata Knight Riders,batting,finisher,VR Iyer,Madhya Pradesh,72.9,74.44,100.0,100.0,59.46,36.84,52.88,0.0,batting_aggressive_opener_cluster_0,aggressive_opener,65.66,KK Nair,Delhi Capitals,0,2,2,11,67
Kolkata Knight Riders,batting,finisher,Subhransu Senapati,Odisha,66.48,93.51,100.0,100.0,50.71,0.0,73.55,0.0,batting_aggressive_opener_cluster_0,aggressive_opener,64.75,KK Nair,Delhi Capitals,0,2,2,12,73
Kolkata Knight Riders,batting,finisher,S Dube,Mumbai,51.04,80.8,100.0,100.0,52.2,68.42,42.76,0.0,batting_tailender_cluster_1,tailender,63.67,Sachin Baby,Royal Challengers Bengaluru,0,2,2,13,78
Kolkata Knight Riders,batting,finisher,Sumit Kumar,Haryana,45.74,90.1,100.0,100.0,52.61,47.37,49.5,0.0,batting_tailender_cluster_1,tailender,62.61,AM Nayar,Mumbai Indians,0,2,2,14,86
Kolkata Knight Riders,batting,finisher,Chirag Gandhi,Gujarat,45.95,85.84,100.0,100.0,37.36,31.58,72.49,0.0,batting_tailender_cluster_1,tailender,61.21,AC Voges,Rajasthan Royals,0,2,2,15,90
Kolkata Knight Riders,batting,finisher,Shubham Pundir,Jammu & Kashmir,43.54,87.81,100.0,100.0,35.0,5.26,57.48,0.0,batting_tailender_cluster_1,tailender,56.65,S Badrinath,Chennai Super Kings,0,2,2,16,109
Kolkata Knight Riders,batting,finisher,BA Roy,Assam,65.3,37.58,100.0,42.1,64.57,57.89,59.73,0.0,batting_aggressive_opener_cluster_0,aggressive_opener,56.13,TR Birt,Delhi Capitals,0,2,2,17,111
Kolkata Knight Riders,batting,finisher,M Shahrukh Khan,Tamil Nadu,57.42,53.43,100.0,100.0,47.69,10.53,49.85,0.0,batting_tailender_cluster_1,tailender,55.31,MP Stoinis,Lucknow Super Giants,0,2,2,18,114
Kolkata Knight Riders,batting,finisher,K L Shrijith,Karnataka,28.58,83.68,100.0,83.8,26.36,15.79,35.49,0.0,batting_tailender_cluster_1,tailender,49.41,AM Nayar,Mumbai Indians,0,2,2,19,130
Kolkata Knight Riders,batting,finisher,Fazil Rashid,Jammu & Kashmir,21.93,89.25,100.0,40.4,41.85,26.32,56.34,0.0,batting_tailender_cluster_2,tailender,49.26,TR Birt,Delhi Capitals,0,2,2,20,132
Kolkata Knight Riders,batting,middle_order,YBK Jaiswal,Mumbai,63.81,88.31,100.0,100.0,68.59,100.0,24.79,0.0,batting_aggressive_opener_cluster_0,aggressive_opener,70.35,RA Tripathi,Sunrisers Hyderabad,0,2,2,1,41
Kolkata Knight Riders,batting,middle_order,SS Sharma,Baroda,58.75,79.22,100.0,67.9,72.36,80.0,82.64,0.0,batting_aggressive_opener_cluster_0,aggressive_opener,68.92,PHKD Mendis,Sunrisers Hyderabad,0,2,2,2,50
Kolkata Knight Riders,batting,middle_order,UR Kumar,Gujarat,68.39,66.97,100.0,52.5,69.32,86.67,70.24,0.0,batting_aggressive_opener_cluster_0,aggressive_opener,66.6,PHKD Mendis,Sunrisers Hyderabad,0,2,2,3,60
Kolkata Knight Riders,batting,middle_order,B Sai Sudharsan,Tamil Nadu,52.85,83.33,100.0,100.0,46.33,40.0,79.55,0.0,batting_aggressive_opener_cluster_0,aggressive_opener,64.66,SS Tiwary,Mumbai Indians,0,2,2,4,74
Kolkata Knight Riders,batting,middle_order,Sudip Chatterjee,Bengal,42.96,92.4,100.0,100.0,14.48,26.67,76.62,0.0,batting_tailender_cluster_1,tailender,59.23,FY Fazal,Rajasthan Royals,0,2,2,5,96
Kolkata Knight Riders,batting,middle_order,Rex Rajkumar,Manipur,23.28,86.29,100.0,100.0,28.91,73.33,52.7,0.0,batting_tailender_cluster_1,tailender,58.09,M Kaif,Rajasthan Royals,0,2,2,6,100
Kolkata Knight Riders,batting,middle_order,Ganesh Satish,Vidarbha,32.31,76.0,100.0,100.0,46.3,46.67,45.36,0.0,batting_tailender_cluster_1,tailender,56.69,MC Juneja,Delhi Capitals,0,2,2,7,108
Kolkata Knight Riders,batting,middle_order,Joseph Lalthankhuma,Mizoram,12.15,89.78,100.0,85.4,24.54,93.33,18.53,0.0,batting_tailender_cluster_1,tailender,53.08,CJ Ferguson,Pune Warriors,0,2,2,8,124
Kolkata Knight Riders,batting,middle_order,Bhanu Pania,Baroda,25.18,84.32,100.0,100.0,29.7,13.33,59.63,0.0,batting_tailender_cluster_1,tailender,52.95,DT Christian,Sunrisers Hyderabad,0,2,2,9,125
Kolkata Knight Riders,batting,middle_order,Karan Lal,Bengal,21.64,60.56,100.0,69.2,45.87,53.33,40.62,0.0,batting_tailender_cluster_1,tailender,49.31,LA Carseldine,Rajasthan Royals,0,2,2,10,131
Kolkata Knight Riders,batting,middle_order,Sanjeet Desai,Chhattisgarh,24.74,49.27,100.0,87.9,24.54,66.67,38.85,0.0,batting_tailender_cluster_1,tailender,49.13,KS Bharat,Royal Challengers Bengaluru,0,2,2,11,133
Kolkata Knight Riders,batting,middle_order,Mohit Jangra,Mizoram,23.79,71.08,100.0,40.0,29.16,60.0,44.8,0.0,batting_tailender_cluster_1,tailender,47.82,AJ Turner,Rajasthan Royals,0,2,2,12,135
Kolkata Knight Riders,batting,middle_order,Kangabam Singh,Manipur,17.65,85.64,100.0,100.0,32.88,6.67,23.69,0.0,batting_tailender_cluster_1,tailender,47.7,CJ Ferguson,Pune Warriors,0,2,2,13,136
Kolkata Knight Riders,batting,middle_order,Henan Nazir,Jammu & Kashmir,19.08,64.23,100.0,52.9,34.4,33.33,35.99,0.0,batting_tailender_cluster_1,tailender,44.11,MC Juneja,Delhi Capitals,0,2,2,14,142
Kolkata Knight Riders,batting,middle_order,Lalhruaizela,Mizoram,13.01,84.73,100.0,100.0,5.98,0.0,19.33,0.0,batting_tailender_cluster_2,tailender,42.84,CJ Ferguson,Pune Warriors,0,2,2,15,143
Kolkata Knight Riders,batting,middle_order,J Anderson,Mizoram,11.85,73.79,100.0,45.8,24.46,20.0,16.98,0.0,batting_tailender_cluster_2,tailender,39.16,MS Wade,Gujarat Titans,0,2,2,16,148
Kolkata Knight Riders,batting,middle_order,SK Gharami,Bengal,1.77,73.29,100.0,22.9,6.9,0.0,14.31,0.0,batting_tailender_cluster_2,tailender,30.76,AA Bilakhia,Sunrisers Hyderabad,0,2,2,17,151
Kolkata Knight Riders,bowling,middle_overs_bowler,Tanush Kotian,Mumbai,73.76,87.25,50.0,100.0,85.52,78.12,96.97,100.0,bowling_middle_overs_bowler_cluster_1,middle_overs_bowler,81.4,PP Chawla,Punjab Kings,1,2,1,1,6
Kolkata Knight Riders,bowling,middle_overs_bowler,K Kartikeya,Madhya Pradesh,72.65,92.06,50.0,100.0,76.79,71.88,97.95,100.0,bowling_middle_overs_bowler_cluster_1,middle_overs_bowler,80.5,R Sharma,Pune Warriors,1,2,1,2,9
Kolkata Knight Riders,bowling,middle_overs_bowler,Abid Mushtaq,Jammu & Kashmir,71.53,85.47,50.0,100.0,55.55,81.25,89.96,100.0,bowling_middle_overs_bowler_cluster_1,middle_overs_bowler,77.3,M Muralitharan,Chennai Super Kings,1,2,1,3,14
Kolkata Knight Riders,bowling,middle_overs_bowler,KH Pandya,Baroda,50.66,96.16,50.0,100.0,62.21,87.5,79.32,100.0,bowling_middle_overs_bowler_cluster_1,middle_overs_bowler,74.96,R Ashwin,Chennai Super Kings,1,2,1,4,22
Kolkata Knight Riders,bowling,middle_overs_bowler,Lalit Yadav,Delhi,48.78,91.15,50.0,100.0,80.52,75.0,83.54,100.0,bowling_middle_overs_bowler_cluster_1,middle_overs_bowler,74.83,J Botha,Rajasthan Royals,1,2,1,5,23
Kolkata Knight Riders,bowling,middle_overs_bowler,K Gowtham,Karnataka,53.74,92.01,50.0,100.0,76.95,46.88,95.04,100.0,bowling_middle_overs_bowler_cluster_1,middle_overs_bowler,73.94,PP Ojha,Sunrisers Hyderabad,1,2,1,6,25
Kolkata Knight Riders,bowling,middle_overs_bowler,R Parag,Assam,56.89,84.34,50.0,100.0,42.73,84.38,89.54,100.0,bowling_middle_overs_bowler_cluster_1,middle_overs_bowler,73.19,A Kumble,Royal Challengers Bengaluru,1,2,1,7,29
Kolkata Knight Riders,bowling,middle_overs_bowler,Chirag Jani,Saurashtra,44.74,90.05,50.0,100.0,83.93,67.19,78.27,100.0,bowling_middle_overs_bowler_cluster_1,middle_overs_bowler,72.89,JH Kallis,Kolkata Knight Riders,1,2,1,8,31
Kolkata Knight Riders,bowling,middle_overs_bowler,KC Cariappa,Karnataka,82.87,98.42,50.0,100.0,43.25,96.88,98.34,0.0,bowling_powerplay_bowler_cluster_0,powerplay_bowler,72.68,SP Narine,Kolkata Knight Riders,1,2,1,9,32
Kolkata Knight Riders,bowling,middle_overs_bowler,YS Chahal,Haryana,44.6,69.85,50.0,100.0,83.77,90.62,79.4,100.0,bowling_middle_overs_bowler_cluster_1,middle_overs_bowler,72.28,MJ Santner,Chennai Super Kings,1,2,1,10,34
Kolkata Knight Riders,bowling,middle_overs_bowler,Saransh Jain,Madhya Pradesh,42.59,76.82,50.0,100.0,71.66,93.75,75.7,100.0,bowling_middle_overs_bowler_cluster_1,middle_overs_bowler,71.65,IS Sodhi,Rajasthan Royals,1,2,1,11,37
Kolkata Knight Riders,bowling,middle_overs_bowler,M Markande,Punjab,47.14,92.92,50.0,100.0,63.9,28.12,97.84,100.0,bowling_middle_overs_bowler_cluster_1,middle_overs_bowler,69.85,RD Chahar,Mumbai Indians,1,2,1,12,45
Kolkata Knight Riders,bowling,middle_overs_bowler,VR Iyer,Madhya Pradesh,49.79,85.89,50.0,100.0,60.52,40.62,93.4,100.0,bowling_middle_overs_bowler_cluster_1,middle_overs_bowler,69.8,J Botha,Rajasthan Royals,1,2,1,13,46
Kolkata Knight Riders,bowling,middle_overs_bowler,SS Agarwal,Chhattisgarh,60.9,93.39,50.0,100.0,32.34,25.0,97.81,100.0,bowling_middle_overs_bowler_cluster_1,middle_overs_bowler,69.2,Rashid Khan,Sunrisers Hyderabad,1,2,1,14,49
Kolkata Knight Riders,bowling,middle_overs_bowler,Dharmendrasinh Jadeja,Saurashtra,43.9,81.92,50.0,100.0,39.19,67.19,86.34,100.0,bowling_middle_overs_bowler_cluster_1,middle_overs_bowler,67.84,MM Ali,Chennai Super Kings,1,2,1,15,54
Kolkata Knight Riders,bowling,middle_overs_bowler,Shiva Singh,Uttar Pradesh,47.29,83.77,50.0,100.0,49.25,57.81,74.11,100.0,bowling_middle_overs_bowler_cluster_1,middle_overs_bowler,67.64,M Kartik,Kolkata Knight Riders,1,2,1,16,55
Kolkata Knight Riders,bowling,middle_overs_bowler,PP Chawla,Gujarat,86.69,94.53,50.0,100.0,52.89,34.38,97.43,0.0,bowling_powerplay_bowler_cluster_0,powerplay_bowler,67.49,PP Ojha,Sunrisers Hyderabad,1,2,1,17,56
Kolkata Knight Riders,bowling,middle_overs_bowler,Jasmer Dhankhar,Uttar Pradesh,50.91,80.72,50.0,55.0,70.91,57.81,89.9,100.0,bowling_middle_overs_bowler_cluster_1,middle_overs_bowler,67.15,MJ Clarke,Pune Warriors,1,2,1,18,58
Kolkata Knight Riders,bowling,middle_overs_bowler,J Yadav,Haryana,53.08,93.99,50.0,100.0,17.66,37.5,83.58,100.0,bowling_middle_overs_bowler_cluster_1,middle_overs_bowler,66.09,AR Patel,Delhi Capitals,1,2,1,19,63
Kolkata Knight Riders,bowling,middle_overs_bowler,NA Rathva,Baroda,58.36,86.42,50.0,100.0,14.71,15.62,98.47,100.0,bowling_middle_overs_bowler_cluster_1,middle_overs_bowler,65.02,PP Ojha,Sunrisers Hyderabad,1,2,1,20,70
Kolkata Knight Riders,bowling,middle_overs_bowler,KV Sharma,Railways,49.69,90.54,50.0,100.0,22.34,12.5,85.97,100.0,bowling_middle_overs_bowler_cluster_1,middle_overs_bowler,63.1,P Negi,Royal Challengers Bengaluru,1,2,1,21,82
Kolkata Knight Riders,bowling,middle_overs_bowler,S Dube,Mumbai,31.7,78.52,50.0,100.0,61.98,50.0,46.41,100.0,bowling_middle_overs_bowler_cluster_1,middle_overs_bowler,61.46,CR Brathwaite,Delhi Capitals,1,2,1,22,89
Kolkata Knight Riders,bowling,middle_overs_bowler,TC Vanlalremruata,Mizoram,42.38,75.45,50.0,43.8,59.16,43.75,70.85,100.0,bowling_middle_overs_bowler_cluster_1,middle_overs_bowler,59.05,Gurkeerat Singh,Punjab Kings,1,2,1,23,98
Kolkata Knight Riders,bowling,middle_overs_bowler,Shivam Chaudhary,Railways,27.84,89.74,50.0,100.0,30.52,21.88,63.0,100.0,bowling_middle_overs_bowler_cluster_2,middle_overs_bowler,58.07,TM Dilshan,Delhi Capitals,1,2,1,24,101
Kolkata Knight Riders,bowling,middle_overs_bowler,Harsh Tyagi,Railways,38.76,85.82,50.0,100.0,15.06,0.0,77.18,100.0,bowling_middle_overs_bowler_cluster_1,middle_overs_bowler,57.35,M Kartik,Kolkata Knight Riders,1,2,1,25,104
Kolkata Knight Riders,bowling,middle_overs_bowler,Sahil Lotra,Jammu & Kashmir,35.65,81.51,50.0,46.2,41.43,62.5,39.99,100.0,bowling_middle_overs_bowler_cluster_2,middle_overs_bowler,55.87,P Dubey,Delhi Capitals,1,2,1,26,112
Kolkata Knight Riders,bowling,middle_overs_bowler,Shivam Shukla,Madhya Pradesh,32.72,68.13,50.0,43.8,47.95,53.12,50.21,100.0,bowling_middle_overs_bowler_cluster_1,middle_overs_bowler,53.77,Gurkeerat Singh,Punjab Kings,1,2,1,27,119
Kolkata Knight Riders,bowling,middle_overs_bowler,AV Rajput,Baroda,29.0,89.22,50.0,60.0,58.7,6.25,41.86,100.0,bowling_middle_overs_bowler_cluster_1,middle_overs_bowler,53.36,V Puthur,Mumbai Indians,1,2,1,28,121
Kolkata Knight Riders,bowling,middle_overs_bowler,L Kishan Singha,Manipur,31.62,62.32,50.0,100.0,33.64,18.75,47.28,100.0,bowling_middle_overs_bowler_cluster_1,middle_overs_bowler,53.14,Harpreet Brar,Punjab Kings,1,2,1,29,123
Kolkata Knight Riders,bowling,middle_overs_bowler,Rahul Batham,Madhya Pradesh,21.37,54.65,50.0,85.0,38.73,9.38,41.07,100.0,bowling_middle_overs_bowler_cluster_1,middle_overs_bowler,47.39,PD Collingwood,Delhi Capitals,1,2,1,30,137
Kolkata Knight Riders,bowling,middle_overs_bowler,Akash Pandey,Railways,44.94,82.3,50.0,50.0,60.13,3.12,67.35,0.0,bowling_powerplay_bowler_cluster_0,powerplay_bowler,46.89,DG Nalkande,Gujarat Titans,1,2,1,31,138
Kolkata Knight Riders,bowling,middle_overs_bowler,S Hegde,Karnataka,12.56,79.53,50.0,43.8,24.61,31.25,28.05,100.0,bowling_middle_overs_bowler_cluster_2,middle_overs_bowler,44.71,MK Lomror,Rajasthan Royals,1,2,1,32,141
Kolkata Knight Riders,batting,top_order_anchor,RM Patidar,Madhya Pradesh,89.81,78.34,100.0,100.0,96.17,100.0,95.54,0.0,batting_aggressive_opener_cluster_0,aggressive_opener,83.88,C Connolly,Punjab Kings,0,1,1,1,3
Kolkata Knight Riders,batting,top_order_anchor,N Rana,Delhi,83.66,84.24,100.0,100.0,79.7,57.14,92.6,0.0,batting_aggressive_opener_cluster_0,aggressive_opener,77.31,D Brevis,Mumbai Indians,0,1,1,2,13
Kolkata Knight Riders,batting,top_order_anchor,Anmolpreet Singh,Punjab,74.57,74.03,100.0,100.0,98.7,92.86,70.17,0.0,batting_aggressive_opener_cluster_0,aggressive_opener,77.19,AB de Villiers,Royal Challengers Bengaluru,0,1,1,3,16
Kolkata Knight Riders,batting,top_order_anchor,Mandeep Singh,Punjab,80.64,63.68,100.0,100.0,76.96,85.71,93.41,0.0,batting_aggressive_opener_cluster_0,aggressive_opener,76.29,C Green,Mumbai Indians,0,1,1,4,18
Kolkata Knight Riders,batting,top_order_anchor,SS Iyer,Mumbai,85.88,76.28,100.0,100.0,61.68,64.29,96.79,0.0,batting_aggressive_opener_cluster_0,aggressive_opener,75.89,C Connolly,Punjab Kings,0,1,1,5,20
Kolkata Knight Riders,batting,top_order_anchor,R Parag,Assam,81.7,60.81,100.0,100.0,61.33,78.57,93.82,0.0,batting_aggressive_opener_cluster_0,aggressive_opener,73.83,RM Patidar,Royal Challengers Bengaluru,0,1,1,6,27
Kolkata Knight Riders,batting,top_order_anchor,Harpreet Singh,Chhattisgarh,75.28,66.96,100.0,100.0,72.91,50.0,86.1,0.0,batting_aggressive_opener_cluster_0,aggressive_opener,71.0,SE Marsh,Punjab Kings,0,1,1,7,39
Kolkata Knight Riders,batting,top_order_anchor,SA Yadav,Mumbai,84.78,64.84,100.0,100.0,45.87,71.43,74.64,0.0,batting_aggressive_opener_cluster_0,aggressive_opener,70.88,RR Pant,Delhi Capitals,0,1,1,8,40
Kolkata Knight Riders,batting,top_order_anchor,A Badoni,Delhi,51.9,72.69,100.0,100.0,84.81,35.71,65.49,0.0,batting_tailender_cluster_1,tailender,64.88,PD Collingwood,Delhi Capitals,0,1,1,9,71
Kolkata Knight Riders,batting,top_order_anchor,YV Dhull,Delhi,51.42,67.73,100.0,100.0,53.23,42.86,83.35,0.0,batting_aggressive_opener_cluster_0,aggressive_opener,63.39,KS Williamson,Sunrisers Hyderabad,0,1,1,10,81
Kolkata Knight Riders,batting,top_order_anchor,Himanshu Rana,Haryana,57.37,82.74,100.0,100.0,35.3,21.43,70.08,0.0,batting_aggressive_opener_cluster_0,aggressive_opener,61.57,D Padikkal,Royal Challengers Bengaluru,0,1,1,11,87
Kolkata Knight Riders,batting,top_order_anchor,MK Pandey,Karnataka,71.14,60.27,100.0,100.0,23.59,14.29,79.8,0.0,batting_aggressive_opener_cluster_0,aggressive_opener,60.04,PD Collingwood,Delhi Capitals,0,1,1,12,93
Kolkata Knight Riders,batting,top_order_anchor,Amandeep Khare,Chhattisgarh,48.3,87.46,100.0,100.0,27.77,7.14,67.1,0.0,batting_tailender_cluster_1,tailender,57.98,KS Williamson,Sunrisers Hyderabad,0,1,1,13,102
Kolkata Knight Riders,batting,top_order_anchor,N Sindhu,Haryana,58.37,57.15,100.0,60.4,45.27,28.57,80.45,0.0,batting_aggressive_opener_cluster_0,aggressive_opener,56.72,MN van Wyk,Kolkata Knight Riders,0,1,1,14,107
Kolkata Knight Riders,allrounder,utility_player,SZ Mulani,Mumbai,74.05,86.68,50.0,0.0,81.13,86.88,93.74,0.0,allrounder_pure_bowler_cluster_4,pure_bowler,61.49,M Morkel,Delhi Capitals,1,2,1,1,88
Kolkata Knight Riders,allrounder,utility_player,AV Rajput,Baroda,82.04,96.03,50.0,0.0,64.96,63.12,96.07,0.0,allrounder_pure_bowler_cluster_4,pure_bowler,60.73,AB McDonald,Delhi Capitals,1,2,1,2,91
Kolkata Knight Riders,allrounder,utility_player,A Badoni,Delhi,62.34,96.01,50.0,0.0,57.78,57.19,70.31,0.0,allrounder_pure_bowler_cluster_4,pure_bowler,52.9,Sikandar Raza,Punjab Kings,1,2,1,3,126
Kolkata Knight Riders,allrounder,utility_player,Mandeep Singh,Punjab,70.8,87.15,50.0,0.0,38.05,37.5,72.98,0.0,allrounder_pure_bowler_cluster_4,pure_bowler,49.59,A Badoni,Lucknow Super Giants,1,2,1,4,128
Kolkata Knight Riders,allrounder,utility_player,Shivam Chaudhary,Railways,60.75,94.82,50.0,0.0,53.07,58.44,44.43,0.0,allrounder_pure_bowler_cluster_4,pure_bowler,49.47,TM Dilshan,Delhi Capitals,1,2,1,5,129
Kolkata Knight Riders,allrounder,utility_player,Dharmendrasinh Jadeja,Saurashtra,61.8,94.57,50.0,0.0,39.57,40.0,46.56,0.0,allrounder_pure_bowler_cluster_4,pure_bowler,46.66,B Lee,Punjab Kings,1,2,1,6,139
Kolkata Knight Riders,allrounder,utility_player,AR Pandey,Railways,51.9,96.18,50.0,0.0,44.74,42.19,42.09,0.0,allrounder_pure_bowler_cluster_4,pure_bowler,45.21,R Sathish,Mumbai Indians,1,2,1,7,140
Kolkata Knight Riders,allrounder,utility_player,L Kishan Singha,Manipur,50.34,95.06,50.0,0.0,36.25,40.94,17.5,0.0,allrounder_pure_bowler_cluster_1,pure_bowler,41.3,S Nadeem,Delhi Capitals,1,2,1,8,145
Kolkata Knight Riders,allrounder,utility_player,KS Sharma,Uttar Pradesh,65.33,71.08,50.0,0.0,18.35,12.5,63.79,0.0,allrounder_pure_bowler_cluster_4,pure_bowler,40.69,B Lee,Punjab Kings,1,2,1,9,146
Kolkata Knight Riders,allrounder,utility_player,Lalhruai Ralte,Mizoram,40.76,95.09,50.0,0.0,38.71,36.25,3.84,0.0,allrounder_pure_bowler_cluster_1,pure_bowler,37.8,JDS Neesham,Delhi Capitals,1,2,1,10,150
Lucknow Super Giants,batting,aggressive_opener,AM Rahane,Mumbai,84.08,98.36,100.0,100.0,92.61,82.35,94.69,100.0,batting_aggressive_opener_cluster_0,aggressive_opener,93.54,Shubman Gill,Gujarat Titans,0,2,2,1,1
Lucknow Super Giants,batting,aggressive_opener,PP Shaw,Mumbai,89.28,94.38,100.0,100.0,64.73,94.12,86.71,100.0,batting_aggressive_opener_cluster_0,aggressive_opener,91.57,P Simran Singh,Punjab Kings,0,2,2,2,2
Lucknow Super Giants,batting,aggressive_opener,Tarang Gohel,Saurashtra,73.21,87.3,100.0,77.9,82.88,100.0,24.66,100.0,batting_aggressive_opener_cluster_0,aggressive_opener,81.28,JG Bethell,Royal Challengers Bengaluru,0,2,2,3,7
Lucknow Super Giants,batting,aggressive_opener,HV Patel,Haryana,85.9,75.85,100.0,100.0,65.22,41.18,66.82,100.0,batting_aggressive_opener_cluster_0,aggressive_opener,80.88,J Fraser-McGurk,Delhi Capitals,0,2,2,4,8
Lucknow Super Giants,batting,aggressive_opener,P Simran Singh,Punjab,79.34,81.01,100.0,100.0,64.1,52.94,48.88,100.0,batting_aggressive_opener_cluster_0,aggressive_opener,79.61,DR Smith,Chennai Super Kings,0,2,2,5,10
Lucknow Super Giants,batting,aggressive_opener,D Padikkal,Karnataka,85.96,90.4,100.0,100.0,17.17,11.76,94.76,100.0,batting_aggressive_opener_cluster_0,aggressive_opener,78.12,DP Conway,Chennai Super Kings,0,2,2,6,11
Lucknow Super Giants,batting,aggressive_opener,H Desai,Saurashtra,51.02,91.11,100.0,100.0,75.05,88.24,28.34,100.0,batting_aggressive_opener_cluster_0,aggressive_opener,78.03,S Sohal,Punjab Kings,0,2,2,7,12
Lucknow Super Giants,batting,aggressive_opener,AD Chopra,Mizoram,83.63,60.9,100.0,47.1,83.04,76.47,57.59,100.0,batting_aggressive_opener_cluster_0,aggressive_opener,77.28,HM Amla,Punjab Kings,0,2,2,8,15
Lucknow Super Giants,batting,aggressive_opener,Hari Nishaanth,Tamil Nadu,62.19,80.02,100.0,100.0,74.57,64.71,25.86,100.0,batting_aggressive_opener_cluster_0,aggressive_opener,75.95,PA Patel,Mumbai Indians,0,2,2,9,19
Lucknow Super Giants,batting,aggressive_opener,MA Agarwal,Karnataka,60.67,89.56,100.0,100.0,62.34,35.29,29.63,100.0,batting_aggressive_opener_cluster_0,aggressive_opener,73.29,MA Agarwal,Punjab Kings,0,2,2,10,28
Lucknow Super Giants,batting,aggressive_opener,Ankit Kumar,Haryana,70.21,53.71,100.0,60.8,73.91,47.06,50.14,100.0,batting_aggressive_opener_cluster_0,aggressive_opener,70.29,AD Hales,Sunrisers Hyderabad,0,2,2,11,41
Lucknow Super Giants,batting,aggressive_opener,Vivek Singh,Bengal,72.93,85.91,100.0,100.0,27.72,17.65,30.07,100.0,batting_aggressive_opener_cluster_0,aggressive_opener,70.02,WP Saha,Punjab Kings,0,2,2,12,42
Lucknow Super Giants,batting,aggressive_opener,Rishav Das,Assam,49.31,86.56,100.0,100.0,60.38,23.53,37.66,100.0,batting_aggressive_opener_cluster_0,aggressive_opener,70.0,PA Patel,Mumbai Indians,0,2,2,13,43
Lucknow Super Giants,batting,aggressive_opener,Jyotsnil Singh,Baroda,59.71,83.02,100.0,61.2,65.0,29.41,44.74,100.0,batting_aggressive_opener_cluster_0,aggressive_opener,69.43,AD Hales,Sunrisers Hyderabad,0,2,2,14,46
Lucknow Super Giants,batting,aggressive_opener,Abishek Porel,Bengal,56.99,82.9,100.0,34.6,53.15,70.59,25.08,100.0,batting_aggressive_opener_cluster_0,aggressive_opener,67.18,JG Bethell,Royal Challengers Bengaluru,0,2,2,15,55
Lucknow Super Giants,batting,aggressive_opener,HP Gawli,Madhya Pradesh,54.68,89.88,100.0,32.5,42.23,58.82,27.15,100.0,batting_aggressive_opener_cluster_0,aggressive_opener,65.49,UT Khawaja,Rising Pune Supergiant,0,2,2,16,66
Lucknow Super Giants,batting,aggressive_opener,Shashank Chandrakar,Chhattisgarh,67.0,75.48,100.0,100.0,10.33,5.88,23.03,100.0,batting_aggressive_opener_cluster_0,aggressive_opener,63.65,PA Patel,Mumbai Indians,0,2,2,17,75
Lucknow Super Giants,batting,anchor_opener,Shivam Chaudhary,Railways,59.39,93.46,100.0,100.0,55.11,100.0,75.67,0.0,batting_aggressive_opener_cluster_0,aggressive_opener,73.98,SR Tendulkar,Mumbai Indians,0,1,1,1,24
Lucknow Super Giants,batting,anchor_opener,Pratham Singh,Railways,66.51,89.58,100.0,100.0,66.63,88.24,58.51,0.0,batting_aggressive_opener_cluster_0,aggressive_opener,73.08,M Vijay,Chennai Super Kings,0,1,1,2,30
Lucknow Super Giants,batting,anchor_opener,AV Rajput,Baroda,49.72,82.9,100.0,100.0,70.54,35.29,64.05,0.0,batting_aggressive_opener_cluster_0,aggressive_opener,64.37,RS Bopara,Punjab Kings,0,1,1,3,71
Lucknow Super Giants,batting,anchor_opener,Saurav Chauhan,Gujarat,44.06,66.09,100.0,100.0,82.61,52.94,67.86,0.0,batting_aggressive_opener_cluster_0,aggressive_opener,64.07,DJM Short,Rajasthan Royals,0,1,1,4,72
Lucknow Super Giants,batting,anchor_opener,Abhishek Goswami,Uttar Pradesh,46.43,65.56,100.0,100.0,79.27,58.82,46.98,0.0,batting_aggressive_opener_cluster_0,aggressive_opener,62.63,DJM Short,Rajasthan Royals,0,1,1,5,82
Lucknow Super Giants,batting,anchor_opener,Arpit Gaud,Madhya Pradesh,38.34,78.66,100.0,89.6,40.05,94.12,33.99,0.0,batting_aggressive_opener_cluster_0,aggressive_opener,60.24,RE Levi,Mumbai Indians,0,1,1,6,88
Lucknow Super Giants,batting,anchor_opener,Qamran Iqbal,Jammu & Kashmir,51.05,51.14,100.0,100.0,64.29,64.71,39.95,0.0,batting_aggressive_opener_cluster_0,aggressive_opener,59.78,LMP Simmons,Mumbai Indians,0,1,1,7,90
Lucknow Super Giants,batting,anchor_opener,Bikramkumar Das,Tripura,56.02,86.75,100.0,100.0,9.95,5.88,82.86,0.0,batting_aggressive_opener_cluster_0,aggressive_opener,59.09,R Dravid,Rajasthan Royals,0,1,1,8,93
Lucknow Super Giants,batting,anchor_opener,KS Sharma,Uttar Pradesh,54.32,68.68,100.0,100.0,26.85,29.41,56.33,0.0,batting_aggressive_opener_cluster_0,aggressive_opener,57.43,AJ Finch,Gujarat Lions,0,1,1,9,98
Lucknow Super Giants,batting,anchor_opener,P Prafullomani,Manipur,20.77,89.25,100.0,100.0,50.52,76.47,20.98,0.0,batting_tailender_cluster_1,tailender,57.34,RT Ponting,Mumbai Indians,0,1,1,10,100
Lucknow Super Giants,batting,anchor_opener,Aarya Desai,Gujarat,46.12,87.27,100.0,58.3,65.68,23.53,47.89,0.0,batting_aggressive_opener_cluster_0,aggressive_opener,56.85,DJM Short,Rajasthan Royals,0,1,1,11,102
Lucknow Super Giants,batting,anchor_opener,Shubham Sharma,Madhya Pradesh,42.61,74.18,100.0,100.0,37.07,47.06,30.71,0.0,batting_tailender_cluster_1,tailender,56.13,MJ Clarke,Pune Warriors,0,1,1,12,105
Lucknow Super Giants,batting,anchor_opener,Shubham Khajuria,Jammu & Kashmir,41.21,54.19,100.0,100.0,63.26,41.18,34.59,0.0,batting_aggressive_opener_cluster_0,aggressive_opener,55.27,M Vijay,Chennai Super Kings,0,1,1,13,110
Lucknow Super Giants,batting,anchor_opener,Denish Das,Assam,28.86,76.72,100.0,100.0,36.96,70.59,20.22,0.0,batting_tailender_cluster_1,tailender,55.06,SP Goswami,Royal Challengers Bengaluru,0,1,1,14,111
Lucknow Super Giants,batting,anchor_opener,Eknath Kerkar,Goa,32.64,93.12,100.0,100.0,31.44,11.76,50.34,0.0,batting_tailender_cluster_1,tailender,54.85,JEC Franklin,Mumbai Indians,0,1,1,15,112
Lucknow Super Giants,batting,anchor_opener,A Raghuvanshi,Mumbai,42.23,62.27,100.0,48.3,46.25,82.35,33.57,0.0,batting_aggressive_opener_cluster_0,aggressive_opener,53.83,MJ Clarke,Pune Warriors,0,1,1,16,113
Lucknow Super Giants,batting,anchor_opener,G Ajitesh,Tamil Nadu,17.2,59.51,100.0,24.2,20.27,17.65,55.69,0.0,batting_tailender_cluster_2,tailender,39.15,Anuj Rawat,Royal Challengers Bengaluru,0,1,1,17,137
Lucknow Super Giants,allrounder,batting_allrounder,Chirag Jani,Saurashtra,73.17,85.04,100.0,0.0,87.41,92.31,89.63,0.0,allrounder_pure_bowler_cluster_4,pure_bowler,69.32,SM Pollock,Mumbai Indians,0,2,2,1,47
Lucknow Super Giants,allrounder,batting_allrounder,HV Patel,Haryana,94.22,95.99,100.0,0.0,38.56,61.54,99.54,0.0,allrounder_pure_bowler_cluster_4,pure_bowler,68.21,MR Marsh,Delhi Capitals,0,2,2,2,50
Lucknow Super Giants,allrounder,batting_allrounder,Sumit Kumar,Haryana,79.46,96.77,100.0,0.0,79.31,46.15,88.1,0.0,allrounder_pure_bowler_cluster_4,pure_bowler,66.76,Azhar Mahmood,Punjab Kings,0,2,2,3,57
Lucknow Super Giants,allrounder,batting_allrounder,NA Rathva,Baroda,72.89,87.29,100.0,0.0,52.12,100.0,85.4,0.0,allrounder_pure_bowler_cluster_4,pure_bowler,66.42,Shakib Al Hasan,Kolkata Knight Riders,0,2,2,4,58
Lucknow Super Giants,allrounder,batting_allrounder,R Parag,Assam,88.15,74.48,100.0,0.0,60.83,65.38,92.52,0.0,allrounder_pure_bowler_cluster_4,pure_bowler,65.67,PD Collingwood,Delhi Capitals,0,2,2,5,63
Lucknow Super Giants,allrounder,batting_allrounder,N Rana,Delhi,85.62,73.3,100.0,0.0,68.59,61.54,93.81,0.0,allrounder_pure_bowler_cluster_4,pure_bowler,65.51,PD Collingwood,Delhi Capitals,0,2,2,6,65
Lucknow Super Giants,allrounder,batting_allrounder,KH Pandya,Baroda,76.94,89.33,100.0,0.0,67.7,53.85,88.2,0.0,allrounder_pure_bowler_cluster_4,pure_bowler,64.76,SM Pollock,Mumbai Indians,0,2,2,7,69
Lucknow Super Giants,allrounder,batting_allrounder,VR Iyer,Madhya Pradesh,80.31,91.26,100.0,0.0,59.28,38.46,89.42,0.0,allrounder_pure_bowler_cluster_4,pure_bowler,63.47,PD Collingwood,Delhi Capitals,0,2,2,8,76
Lucknow Super Giants,allrounder,batting_allrounder,R Tewatia,Haryana,79.51,79.37,100.0,0.0,55.78,53.85,91.47,0.0,allrounder_pure_bowler_cluster_4,pure_bowler,62.92,ST Jayasuriya,Mumbai Indians,0,2,2,9,79
Lucknow Super Giants,allrounder,batting_allrounder,KV Sharma,Railways,76.29,88.4,100.0,0.0,44.87,53.85,94.12,0.0,allrounder_pure_bowler_cluster_4,pure_bowler,62.8,SM Pollock,Mumbai Indians,0,2,2,10,81
Lucknow Super Giants,allrounder,batting_allrounder,Lalit Yadav,Delhi,79.05,61.82,100.0,0.0,69.48,34.62,91.48,0.0,allrounder_pure_bowler_cluster_4,pure_bowler,59.64,MM Ali,Chennai Super Kings,0,2,2,11,91
Lucknow Super Giants,allrounder,batting_allrounder,S Dube,Mumbai,70.9,82.93,100.0,0.0,61.35,26.92,83.55,0.0,allrounder_pure_bowler_cluster_4,pure_bowler,58.8,BA Stokes,Rajasthan Royals,0,2,2,12,95
Lucknow Super Giants,allrounder,batting_allrounder,Manisankar Murasingh,Tripura,74.2,79.15,100.0,0.0,37.37,11.54,87.52,0.0,allrounder_pure_bowler_cluster_4,pure_bowler,55.36,SM Pollock,Mumbai Indians,0,2,2,13,108
Lucknow Super Giants,allrounder,bowling_allrounder,JD Unadkat,Saurashtra,93.38,97.05,100.0,0.0,56.97,81.25,96.87,100.0,allrounder_bowling_allrounder_cluster_2,bowling_allrounder,81.74,MF Maharoof,Delhi Capitals,0,2,2,1,5
Lucknow Super Giants,allrounder,bowling_allrounder,PP Chawla,Gujarat,86.57,93.92,100.0,0.0,56.98,56.25,92.75,100.0,allrounder_bowling_allrounder_cluster_2,bowling_allrounder,77.0,MF Maharoof,Delhi Capitals,0,2,2,2,17
Lucknow Super Giants,allrounder,bowling_allrounder,A Sheth,Baroda,78.12,92.04,100.0,0.0,55.25,62.5,94.18,100.0,allrounder_bowling_allrounder_cluster_2,bowling_allrounder,75.62,JC Archer,Rajasthan Royals,0,2,2,3,21
Lucknow Super Giants,allrounder,bowling_allrounder,K Gowtham,Karnataka,76.86,83.42,100.0,0.0,76.04,87.5,94.49,0.0,allrounder_pure_bowler_cluster_4,pure_bowler,68.69,MF Maharoof,Delhi Capitals,0,2,2,4,49
Lucknow Super Giants,allrounder,bowling_allrounder,Sanvir Singh,Punjab,80.96,97.86,100.0,0.0,49.31,31.25,98.66,0.0,allrounder_pure_bowler_cluster_4,pure_bowler,63.79,CR Brathwaite,Delhi Capitals,0,2,2,5,73
Lucknow Super Giants,allrounder,bowling_allrounder,Yuvraj Singh,Punjab,67.97,77.04,100.0,0.0,28.69,40.62,64.11,0.0,allrounder_pure_bowler_cluster_4,pure_bowler,53.49,RS Bopara,Punjab Kings,0,2,2,6,115
Lucknow Super Giants,allrounder,bowling_allrounder,Harpreet Singh,Chhattisgarh,79.98,66.56,100.0,0.0,36.02,0.0,87.23,0.0,allrounder_pure_bowler_cluster_4,pure_bowler,53.31,R Tewatia,Gujarat Titans,0,2,2,7,117
Lucknow Super Giants,allrounder,bowling_allrounder,Harsh Tyagi,Railways,64.13,95.29,100.0,0.0,29.96,15.62,46.18,0.0,allrounder_pure_bowler_cluster_4,pure_bowler,51.3,Mohammad Nabi,Sunrisers Hyderabad,0,2,2,8,120
Lucknow Super Giants,allrounder,bowling_allrounder,Rex Rajkumar,Manipur,51.58,97.5,100.0,0.0,36.21,25.0,22.38,0.0,allrounder_pure_bowler_cluster_4,pure_bowler,48.3,R Dhawan,Punjab Kings,0,2,2,9,125
Lucknow Super Giants,allrounder,bowling_allrounder,Kangabam Singh,Manipur,48.07,94.36,100.0,0.0,17.68,0.0,10.54,0.0,allrounder_pure_bowler_cluster_1,pure_bowler,41.59,R McLaren,Mumbai Indians,0,2,2,10,133
Lucknow Super Giants,allrounder,bowling_allrounder,Lalhruaizela,Mizoram,45.83,93.92,100.0,0.0,4.07,0.0,9.24,0.0,allrounder_pure_bowler_cluster_1,pure_bowler,39.59,MN Samuels,Pune Warriors,0,2,2,11,136
Lucknow Super Giants,batting,finisher,RK Singh,Uttar Pradesh,83.26,94.57,100.0,100.0,96.01,94.74,70.13,0.0,batting_aggressive_opener_cluster_0,aggressive_opener,81.93,T Stubbs,Delhi Capitals,0,2,2,1,4
Lucknow Super Giants,batting,finisher,Sanvir Singh,Punjab,68.97,92.73,100.0,97.9,68.45,89.47,55.59,0.0,batting_aggressive_opener_cluster_0,aggressive_opener,73.84,TH David,Mumbai Indians,0,2,2,2,26
Lucknow Super Giants,batting,finisher,KH Pandya,Baroda,59.71,95.77,100.0,100.0,76.49,63.16,71.82,0.0,batting_tailender_cluster_1,tailender,72.45,CL White,Sunrisers Hyderabad,0,2,2,3,33
Lucknow Super Giants,batting,finisher,A Manohar,Karnataka,87.95,79.32,100.0,100.0,47.58,42.11,86.95,0.0,batting_aggressive_opener_cluster_0,aggressive_opener,72.15,H Klaasen,Sunrisers Hyderabad,0,2,2,4,35
Lucknow Super Giants,batting,finisher,Rajat Dey,Tripura,62.25,78.9,100.0,100.0,78.4,73.68,71.89,0.0,batting_aggressive_opener_cluster_0,aggressive_opener,71.68,JP Duminy,Delhi Capitals,0,2,2,5,36
Lucknow Super Giants,batting,finisher,N Wadhera,Punjab,80.71,78.95,100.0,57.9,86.3,52.63,87.8,0.0,batting_aggressive_opener_cluster_0,aggressive_opener,71.45,H Klaasen,Sunrisers Hyderabad,0,2,2,6,38
Lucknow Super Giants,batting,finisher,Jay Gohil,Saurashtra,53.46,76.13,100.0,92.1,72.01,100.0,44.52,0.0,batting_tailender_cluster_1,tailender,67.97,KK Cooper,Rajasthan Royals,0,2,2,7,51
Lucknow Super Giants,batting,finisher,Vishnu Solanki,Baroda,50.3,73.01,100.0,100.0,65.08,78.95,56.92,0.0,batting_tailender_cluster_1,tailender,66.11,MC Henriques,Sunrisers Hyderabad,0,2,2,8,59
Lucknow Super Giants,batting,finisher,R Tewatia,Haryana,71.95,83.33,100.0,100.0,47.83,21.05,72.29,0.0,batting_aggressive_opener_cluster_0,aggressive_opener,66.01,Shashank Singh,Punjab Kings,0,2,2,9,61
Lucknow Super Giants,batting,finisher,Vishvaraj Jadeja,Saurashtra,42.8,86.43,100.0,100.0,58.48,84.21,51.38,0.0,batting_tailender_cluster_1,tailender,65.93,SW Billings,Delhi Capitals,0,2,2,10,62
Lucknow Super Giants,batting,finisher,VR Iyer,Madhya Pradesh,72.9,74.44,100.0,100.0,59.46,36.84,52.88,0.0,batting_aggressive_opener_cluster_0,aggressive_opener,65.66,KK Nair,Delhi Capitals,0,2,2,11,64
Lucknow Super Giants,batting,finisher,Subhransu Senapati,Odisha,66.48,93.51,100.0,100.0,50.71,0.0,73.55,0.0,batting_aggressive_opener_cluster_0,aggressive_opener,64.75,KK Nair,Delhi Capitals,0,2,2,12,70
Lucknow Super Giants,batting,finisher,S Dube,Mumbai,51.04,80.8,100.0,100.0,52.2,68.42,42.76,0.0,batting_tailender_cluster_1,tailender,63.67,Sachin Baby,Royal Challengers Bengaluru,0,2,2,13,74
Lucknow Super Giants,batting,finisher,Sumit Kumar,Haryana,45.74,90.1,100.0,100.0,52.61,47.37,49.5,0.0,batting_tailender_cluster_1,tailender,62.61,AM Nayar,Mumbai Indians,0,2,2,14,83
Lucknow Super Giants,batting,finisher,Chirag Gandhi,Gujarat,45.95,85.84,100.0,100.0,37.36,31.58,72.49,0.0,batting_tailender_cluster_1,tailender,61.21,AC Voges,Rajasthan Royals,0,2,2,15,87
Lucknow Super Giants,batting,finisher,Shubham Pundir,Jammu & Kashmir,43.54,87.81,100.0,100.0,35.0,5.26,57.48,0.0,batting_tailender_cluster_1,tailender,56.65,S Badrinath,Chennai Super Kings,0,2,2,16,104
Lucknow Super Giants,batting,finisher,BA Roy,Assam,65.3,37.58,100.0,42.1,64.57,57.89,59.73,0.0,batting_aggressive_opener_cluster_0,aggressive_opener,56.13,TR Birt,Delhi Capitals,0,2,2,17,106
Lucknow Super Giants,batting,finisher,M Shahrukh Khan,Tamil Nadu,57.42,53.43,100.0,100.0,47.69,10.53,49.85,0.0,batting_tailender_cluster_1,tailender,55.31,MP Stoinis,Lucknow Super Giants,0,2,2,18,109
Lucknow Super Giants,batting,finisher,K L Shrijith,Karnataka,28.58,83.68,100.0,83.8,26.36,15.79,35.49,0.0,batting_tailender_cluster_1,tailender,49.41,AM Nayar,Mumbai Indians,0,2,2,19,122
Lucknow Super Giants,batting,finisher,Fazil Rashid,Jammu & Kashmir,21.93,89.25,100.0,40.4,41.85,26.32,56.34,0.0,batting_tailender_cluster_2,tailender,49.26,TR Birt,Delhi Capitals,0,2,2,20,123
Lucknow Super Giants,batting,middle_order,YBK Jaiswal,Mumbai,63.81,88.31,50.0,100.0,68.59,100.0,24.79,0.0,batting_aggressive_opener_cluster_0,aggressive_opener,62.85,RA Tripathi,Sunrisers Hyderabad,1,2,1,1,80
Lucknow Super Giants,batting,middle_order,SS Sharma,Baroda,58.75,79.22,50.0,67.9,72.36,80.0,82.64,0.0,batting_aggressive_opener_cluster_0,aggressive_opener,61.42,PHKD Mendis,Sunrisers Hyderabad,1,2,1,2,86
Lucknow Super Giants,batting,middle_order,UR Kumar,Gujarat,68.39,66.97,50.0,52.5,69.32,86.67,70.24,0.0,batting_aggressive_opener_cluster_0,aggressive_opener,59.1,PHKD Mendis,Sunrisers Hyderabad,1,2,1,3,92
Lucknow Super Giants,batting,middle_order,B Sai Sudharsan,Tamil Nadu,52.85,83.33,50.0,100.0,46.33,40.0,79.55,0.0,batting_aggressive_opener_cluster_0,aggressive_opener,57.16,SS Tiwary,Mumbai Indians,1,2,1,4,101
Lucknow Super Giants,batting,middle_order,Sudip Chatterjee,Bengal,42.96,92.4,50.0,100.0,14.48,26.67,76.62,0.0,batting_tailender_cluster_1,tailender,51.73,FY Fazal,Rajasthan Royals,1,2,1,5,119
Lucknow Super Giants,batting,middle_order,Rex Rajkumar,Manipur,23.28,86.29,50.0,100.0,28.91,73.33,52.7,0.0,batting_tailender_cluster_1,tailender,50.59,M Kaif,Rajasthan Royals,1,2,1,6,121
Lucknow Super Giants,batting,middle_order,Ganesh Satish,Vidarbha,32.31,76.0,50.0,100.0,46.3,46.67,45.36,0.0,batting_tailender_cluster_1,tailender,49.19,MC Juneja,Delhi Capitals,1,2,1,7,124
Lucknow Super Giants,batting,middle_order,Joseph Lalthankhuma,Mizoram,12.15,89.78,50.0,85.4,24.54,93.33,18.53,0.0,batting_tailender_cluster_1,tailender,45.58,CJ Ferguson,Pune Warriors,1,2,1,8,128
Lucknow Super Giants,batting,middle_order,Bhanu Pania,Baroda,25.18,84.32,50.0,100.0,29.7,13.33,59.63,0.0,batting_tailender_cluster_1,tailender,45.45,DT Christian,Sunrisers Hyderabad,1,2,1,9,129
Lucknow Super Giants,batting,middle_order,Karan Lal,Bengal,21.64,60.56,50.0,69.2,45.87,53.33,40.62,0.0,batting_tailender_cluster_1,tailender,41.81,LA Carseldine,Rajasthan Royals,1,2,1,10,131
Lucknow Super Giants,batting,middle_order,Sanjeet Desai,Chhattisgarh,24.74,49.27,50.0,87.9,24.54,66.67,38.85,0.0,batting_tailender_cluster_1,tailender,41.63,KS Bharat,Royal Challengers Bengaluru,1,2,1,11,132
Lucknow Super Giants,batting,middle_order,Mohit Jangra,Mizoram,23.79,71.08,50.0,40.0,29.16,60.0,44.8,0.0,batting_tailender_cluster_1,tailender,40.32,AJ Turner,Rajasthan Royals,1,2,1,12,134
Lucknow Super Giants,batting,middle_order,Kangabam Singh,Manipur,17.65,85.64,50.0,100.0,32.88,6.67,23.69,0.0,batting_tailender_cluster_1,tailender,40.2,CJ Ferguson,Pune Warriors,1,2,1,13,135
Lucknow Super Giants,batting,middle_order,Henan Nazir,Jammu & Kashmir,19.08,64.23,50.0,52.9,34.4,33.33,35.99,0.0,batting_tailender_cluster_1,tailender,36.61,MC Juneja,Delhi Capitals,1,2,1,14,138
Lucknow Super Giants,batting,middle_order,Lalhruaizela,Mizoram,13.01,84.73,50.0,100.0,5.98,0.0,19.33,0.0,batting_tailender_cluster_2,tailender,35.34,CJ Ferguson,Pune Warriors,1,2,1,15,139
Lucknow Super Giants,batting,middle_order,J Anderson,Mizoram,11.85,73.79,50.0,45.8,24.46,20.0,16.98,0.0,batting_tailender_cluster_2,tailender,31.66,MS Wade,Gujarat Titans,1,2,1,16,140
Lucknow Super Giants,batting,middle_order,SK Gharami,Bengal,1.77,73.29,50.0,22.9,6.9,0.0,14.31,0.0,batting_tailender_cluster_2,tailender,23.26,AA Bilakhia,Sunrisers Hyderabad,1,2,1,17,141
Lucknow Super Giants,bowling,middle_overs_bowler,Tanush Kotian,Mumbai,73.76,87.25,50.0,100.0,85.52,78.12,96.97,100.0,bowling_middle_overs_bowler_cluster_1,middle_overs_bowler,81.4,PP Chawla,Punjab Kings,1,2,1,1,6
Lucknow Super Giants,bowling,middle_overs_bowler,K Kartikeya,Madhya Pradesh,72.65,92.06,50.0,100.0,76.79,71.88,97.95,100.0,bowling_middle_overs_bowler_cluster_1,middle_overs_bowler,80.5,R Sharma,Pune Warriors,1,2,1,2,9
Lucknow Super Giants,bowling,middle_overs_bowler,Abid Mushtaq,Jammu & Kashmir,71.53,85.47,50.0,100.0,55.55,81.25,89.96,100.0,bowling_middle_overs_bowler_cluster_1,middle_overs_bowler,77.3,M Muralitharan,Chennai Super Kings,1,2,1,3,14
Lucknow Super Giants,bowling,middle_overs_bowler,KH Pandya,Baroda,50.66,96.16,50.0,100.0,62.21,87.5,79.32,100.0,bowling_middle_overs_bowler_cluster_1,middle_overs_bowler,74.96,R Ashwin,Chennai Super Kings,1,2,1,4,22
Lucknow Super Giants,bowling,middle_overs_bowler,Lalit Yadav,Delhi,48.78,91.15,50.0,100.0,80.52,75.0,83.54,100.0,bowling_middle_overs_bowler_cluster_1,middle_overs_bowler,74.83,J Botha,Rajasthan Royals,1,2,1,5,23
Lucknow Super Giants,bowling,middle_overs_bowler,K Gowtham,Karnataka,53.74,92.01,50.0,100.0,76.95,46.88,95.04,100.0,bowling_middle_overs_bowler_cluster_1,middle_overs_bowler,73.94,PP Ojha,Sunrisers Hyderabad,1,2,1,6,25
Lucknow Super Giants,bowling,middle_overs_bowler,R Parag,Assam,56.89,84.34,50.0,100.0,42.73,84.38,89.54,100.0,bowling_middle_overs_bowler_cluster_1,middle_overs_bowler,73.19,A Kumble,Royal Challengers Bengaluru,1,2,1,7,29
Lucknow Super Giants,bowling,middle_overs_bowler,Chirag Jani,Saurashtra,44.74,90.05,50.0,100.0,83.93,67.19,78.27,100.0,bowling_middle_overs_bowler_cluster_1,middle_overs_bowler,72.89,JH Kallis,Kolkata Knight Riders,1,2,1,8,31
Lucknow Super Giants,bowling,middle_overs_bowler,KC Cariappa,Karnataka,82.87,98.42,50.0,100.0,43.25,96.88,98.34,0.0,bowling_powerplay_bowler_cluster_0,powerplay_bowler,72.68,SP Narine,Kolkata Knight Riders,1,2,1,9,32
Lucknow Super Giants,bowling,middle_overs_bowler,YS Chahal,Haryana,44.6,69.85,50.0,100.0,83.77,90.62,79.4,100.0,bowling_middle_overs_bowler_cluster_1,middle_overs_bowler,72.28,MJ Santner,Chennai Super Kings,1,2,1,10,34
Lucknow Super Giants,bowling,middle_overs_bowler,Saransh Jain,Madhya Pradesh,42.59,76.82,50.0,100.0,71.66,93.75,75.7,100.0,bowling_middle_overs_bowler_cluster_1,middle_overs_bowler,71.65,IS Sodhi,Rajasthan Royals,1,2,1,11,37
Lucknow Super Giants,bowling,middle_overs_bowler,M Markande,Punjab,47.14,92.92,50.0,100.0,63.9,28.12,97.84,100.0,bowling_middle_overs_bowler_cluster_1,middle_overs_bowler,69.85,RD Chahar,Mumbai Indians,1,2,1,12,44
Lucknow Super Giants,bowling,middle_overs_bowler,VR Iyer,Madhya Pradesh,49.79,85.89,50.0,100.0,60.52,40.62,93.4,100.0,bowling_middle_overs_bowler_cluster_1,middle_overs_bowler,69.8,J Botha,Rajasthan Royals,1,2,1,13,45
Lucknow Super Giants,bowling,middle_overs_bowler,SS Agarwal,Chhattisgarh,60.9,93.39,50.0,100.0,32.34,25.0,97.81,100.0,bowling_middle_overs_bowler_cluster_1,middle_overs_bowler,69.2,Rashid Khan,Sunrisers Hyderabad,1,2,1,14,48
Lucknow Super Giants,bowling,middle_overs_bowler,Dharmendrasinh Jadeja,Saurashtra,43.9,81.92,50.0,100.0,39.19,67.19,86.34,100.0,bowling_middle_overs_bowler_cluster_1,middle_overs_bowler,67.84,MM Ali,Chennai Super Kings,1,2,1,15,52
Lucknow Super Giants,bowling,middle_overs_bowler,Shiva Singh,Uttar Pradesh,47.29,83.77,50.0,100.0,49.25,57.81,74.11,100.0,bowling_middle_overs_bowler_cluster_1,middle_overs_bowler,67.64,M Kartik,Kolkata Knight Riders,1,2,1,16,53
Lucknow Super Giants,bowling,middle_overs_bowler,PP Chawla,Gujarat,86.69,94.53,50.0,100.0,52.89,34.38,97.43,0.0,bowling_powerplay_bowler_cluster_0,powerplay_bowler,67.49,PP Ojha,Sunrisers Hyderabad,1,2,1,17,54
Lucknow Super Giants,bowling,middle_overs_bowler,Jasmer Dhankhar,Uttar Pradesh,50.91,80.72,50.0,55.0,70.91,57.81,89.9,100.0,bowling_middle_overs_bowler_cluster_1,middle_overs_bowler,67.15,MJ Clarke,Pune Warriors,1,2,1,18,56
Lucknow Super Giants,bowling,middle_overs_bowler,J Yadav,Haryana,53.08,93.99,50.0,100.0,17.66,37.5,83.58,100.0,bowling_middle_overs_bowler_cluster_1,middle_overs_bowler,66.09,AR Patel,Delhi Capitals,1,2,1,19,60
Lucknow Super Giants,bowling,middle_overs_bowler,NA Rathva,Baroda,58.36,86.42,50.0,100.0,14.71,15.62,98.47,100.0,bowling_middle_overs_bowler_cluster_1,middle_overs_bowler,65.02,PP Ojha,Sunrisers Hyderabad,1,2,1,20,67
Lucknow Super Giants,bowling,middle_overs_bowler,KV Sharma,Railways,49.69,90.54,50.0,100.0,22.34,12.5,85.97,100.0,bowling_middle_overs_bowler_cluster_1,middle_overs_bowler,63.1,P Negi,Royal Challengers Bengaluru,1,2,1,21,78
Lucknow Super Giants,bowling,middle_overs_bowler,S Dube,Mumbai,31.7,78.52,50.0,100.0,61.98,50.0,46.41,100.0,bowling_middle_overs_bowler_cluster_1,middle_overs_bowler,61.46,CR Brathwaite,Delhi Capitals,1,2,1,22,85
Lucknow Super Giants,bowling,middle_overs_bowler,TC Vanlalremruata,Mizoram,42.38,75.45,50.0,43.8,59.16,43.75,70.85,100.0,bowling_middle_overs_bowler_cluster_1,middle_overs_bowler,59.05,Gurkeerat Singh,Punjab Kings,1,2,1,23,94
Lucknow Super Giants,bowling,middle_overs_bowler,Shivam Chaudhary,Railways,27.84,89.74,50.0,100.0,30.52,21.88,63.0,100.0,bowling_middle_overs_bowler_cluster_2,middle_overs_bowler,58.07,TM Dilshan,Delhi Capitals,1,2,1,24,96
Lucknow Super Giants,bowling,middle_overs_bowler,Harsh Tyagi,Railways,38.76,85.82,50.0,100.0,15.06,0.0,77.18,100.0,bowling_middle_overs_bowler_cluster_1,middle_overs_bowler,57.35,M Kartik,Kolkata Knight Riders,1,2,1,25,99
Lucknow Super Giants,bowling,middle_overs_bowler,Sahil Lotra,Jammu & Kashmir,35.65,81.51,50.0,46.2,41.43,62.5,39.99,100.0,bowling_middle_overs_bowler_cluster_2,middle_overs_bowler,55.87,P Dubey,Delhi Capitals,1,2,1,26,107
Lucknow Super Giants,bowling,middle_overs_bowler,Shivam Shukla,Madhya Pradesh,32.72,68.13,50.0,43.8,47.95,53.12,50.21,100.0,bowling_middle_overs_bowler_cluster_1,middle_overs_bowler,53.77,Gurkeerat Singh,Punjab Kings,1,2,1,27,114
Lucknow Super Giants,bowling,middle_overs_bowler,AV Rajput,Baroda,29.0,89.22,50.0,60.0,58.7,6.25,41.86,100.0,bowling_middle_overs_bowler_cluster_1,middle_overs_bowler,53.36,V Puthur,Mumbai Indians,1,2,1,28,116
Lucknow Super Giants,bowling,middle_overs_bowler,L Kishan Singha,Manipur,31.62,62.32,50.0,100.0,33.64,18.75,47.28,100.0,bowling_middle_overs_bowler_cluster_1,middle_overs_bowler,53.14,Harpreet Brar,Punjab Kings,1,2,1,29,118
Lucknow Super Giants,bowling,middle_overs_bowler,Rahul Batham,Madhya Pradesh,21.37,54.65,50.0,85.0,38.73,9.38,41.07,100.0,bowling_middle_overs_bowler_cluster_1,middle_overs_bowler,47.39,PD Collingwood,Delhi Capitals,1,2,1,30,126
Lucknow Super Giants,bowling,middle_overs_bowler,Akash Pandey,Railways,44.94,82.3,50.0,50.0,60.13,3.12,67.35,0.0,bowling_powerplay_bowler_cluster_0,powerplay_bowler,46.89,DG Nalkande,Gujarat Titans,1,2,1,31,127
Lucknow Super Giants,bowling,middle_overs_bowler,S Hegde,Karnataka,12.56,79.53,50.0,43.8,24.61,31.25,28.05,100.0,bowling_middle_overs_bowler_cluster_2,middle_overs_bowler,44.71,MK Lomror,Rajasthan Royals,1,2,1,32,130
Lucknow Super Giants,batting,top_order_anchor,RM Patidar,Madhya Pradesh,89.81,78.34,100.0,100.0,96.17,100.0,95.54,0.0,batting_aggressive_opener_cluster_0,aggressive_opener,83.88,C Connolly,Punjab Kings,0,1,1,1,3
Lucknow Super Giants,batting,top_order_anchor,N Rana,Delhi,83.66,84.24,100.0,100.0,79.7,57.14,92.6,0.0,batting_aggressive_opener_cluster_0,aggressive_opener,77.31,D Brevis,Mumbai Indians,0,1,1,2,13
Lucknow Super Giants,batting,top_order_anchor,Anmolpreet Singh,Punjab,74.57,74.03,100.0,100.0,98.7,92.86,70.17,0.0,batting_aggressive_opener_cluster_0,aggressive_opener,77.19,AB de Villiers,Royal Challengers Bengaluru,0,1,1,3,16
Lucknow Super Giants,batting,top_order_anchor,Mandeep Singh,Punjab,80.64,63.68,100.0,100.0,76.96,85.71,93.41,0.0,batting_aggressive_opener_cluster_0,aggressive_opener,76.29,C Green,Mumbai Indians,0,1,1,4,18
Lucknow Super Giants,batting,top_order_anchor,SS Iyer,Mumbai,85.88,76.28,100.0,100.0,61.68,64.29,96.79,0.0,batting_aggressive_opener_cluster_0,aggressive_opener,75.89,C Connolly,Punjab Kings,0,1,1,5,20
Lucknow Super Giants,batting,top_order_anchor,R Parag,Assam,81.7,60.81,100.0,100.0,61.33,78.57,93.82,0.0,batting_aggressive_opener_cluster_0,aggressive_opener,73.83,RM Patidar,Royal Challengers Bengaluru,0,1,1,6,27
Lucknow Super Giants,batting,top_order_anchor,Harpreet Singh,Chhattisgarh,75.28,66.96,100.0,100.0,72.91,50.0,86.1,0.0,batting_aggressive_opener_cluster_0,aggressive_opener,71.0,SE Marsh,Punjab Kings,0,1,1,7,39
Lucknow Super Giants,batting,top_order_anchor,SA Yadav,Mumbai,84.78,64.84,100.0,100.0,45.87,71.43,74.64,0.0,batting_aggressive_opener_cluster_0,aggressive_opener,70.88,RR Pant,Delhi Capitals,0,1,1,8,40
Lucknow Super Giants,batting,top_order_anchor,A Badoni,Delhi,51.9,72.69,100.0,100.0,84.81,35.71,65.49,0.0,batting_tailender_cluster_1,tailender,64.88,PD Collingwood,Delhi Capitals,0,1,1,9,68
Lucknow Super Giants,batting,top_order_anchor,YV Dhull,Delhi,51.42,67.73,100.0,100.0,53.23,42.86,83.35,0.0,batting_aggressive_opener_cluster_0,aggressive_opener,63.39,KS Williamson,Sunrisers Hyderabad,0,1,1,10,77
Lucknow Super Giants,batting,top_order_anchor,Himanshu Rana,Haryana,57.37,82.74,100.0,100.0,35.3,21.43,70.08,0.0,batting_aggressive_opener_cluster_0,aggressive_opener,61.57,D Padikkal,Royal Challengers Bengaluru,0,1,1,11,84
Lucknow Super Giants,batting,top_order_anchor,MK Pandey,Karnataka,71.14,60.27,100.0,100.0,23.59,14.29,79.8,0.0,batting_aggressive_opener_cluster_0,aggressive_opener,60.04,PD Collingwood,Delhi Capitals,0,1,1,12,89
Lucknow Super Giants,batting,top_order_anchor,Amandeep Khare,Chhattisgarh,48.3,87.46,100.0,100.0,27.77,7.14,67.1,0.0,batting_tailender_cluster_1,tailender,57.98,KS Williamson,Sunrisers Hyderabad,0,1,1,13,97
Lucknow Super Giants,batting,top_order_anchor,N Sindhu,Haryana,58.37,57.15,100.0,60.4,45.27,28.57,80.45,0.0,batting_aggressive_opener_cluster_0,aggressive_opener,56.72,MN van Wyk,Kolkata Knight Riders,0,1,1,14,103
Mumbai Indians,batting,aggressive_opener,AM Rahane,Mumbai,84.08,98.36,100.0,100.0,92.61,82.35,94.69,100.0,batting_aggressive_opener_cluster_0,aggressive_opener,93.54,Shubman Gill,Gujarat Titans,0,2,2,1,1
Mumbai Indians,batting,aggressive_opener,PP Shaw,Mumbai,89.28,94.38,100.0,100.0,64.73,94.12,86.71,100.0,batting_aggressive_opener_cluster_0,aggressive_opener,91.57,P Simran Singh,Punjab Kings,0,2,2,2,2
Mumbai Indians,batting,aggressive_opener,Tarang Gohel,Saurashtra,73.21,87.3,100.0,77.9,82.88,100.0,24.66,100.0,batting_aggressive_opener_cluster_0,aggressive_opener,81.28,JG Bethell,Royal Challengers Bengaluru,0,2,2,3,9
Mumbai Indians,batting,aggressive_opener,HV Patel,Haryana,85.9,75.85,100.0,100.0,65.22,41.18,66.82,100.0,batting_aggressive_opener_cluster_0,aggressive_opener,80.88,J Fraser-McGurk,Delhi Capitals,0,2,2,4,10
Mumbai Indians,batting,aggressive_opener,P Simran Singh,Punjab,79.34,81.01,100.0,100.0,64.1,52.94,48.88,100.0,batting_aggressive_opener_cluster_0,aggressive_opener,79.61,DR Smith,Chennai Super Kings,0,2,2,5,12
Mumbai Indians,batting,aggressive_opener,D Padikkal,Karnataka,85.96,90.4,100.0,100.0,17.17,11.76,94.76,100.0,batting_aggressive_opener_cluster_0,aggressive_opener,78.12,DP Conway,Chennai Super Kings,0,2,2,6,16
Mumbai Indians,batting,aggressive_opener,H Desai,Saurashtra,51.02,91.11,100.0,100.0,75.05,88.24,28.34,100.0,batting_aggressive_opener_cluster_0,aggressive_opener,78.03,S Sohal,Punjab Kings,0,2,2,7,17
Mumbai Indians,batting,aggressive_opener,AD Chopra,Mizoram,83.63,60.9,100.0,47.1,83.04,76.47,57.59,100.0,batting_aggressive_opener_cluster_0,aggressive_opener,77.28,HM Amla,Punjab Kings,0,2,2,8,19
Mumbai Indians,batting,aggressive_opener,Hari Nishaanth,Tamil Nadu,62.19,80.02,100.0,100.0,74.57,64.71,25.86,100.0,batting_aggressive_opener_cluster_0,aggressive_opener,75.95,PA Patel,Mumbai Indians,0,2,2,9,27
Mumbai Indians,batting,aggressive_opener,MA Agarwal,Karnataka,60.67,89.56,100.0,100.0,62.34,35.29,29.63,100.0,batting_aggressive_opener_cluster_0,aggressive_opener,73.29,MA Agarwal,Punjab Kings,0,2,2,10,38
Mumbai Indians,batting,aggressive_opener,Ankit Kumar,Haryana,70.21,53.71,100.0,60.8,73.91,47.06,50.14,100.0,batting_aggressive_opener_cluster_0,aggressive_opener,70.29,AD Hales,Sunrisers Hyderabad,0,2,2,11,48
Mumbai Indians,batting,aggressive_opener,Vivek Singh,Bengal,72.93,85.91,100.0,100.0,27.72,17.65,30.07,100.0,batting_aggressive_opener_cluster_0,aggressive_opener,70.02,WP Saha,Punjab Kings,0,2,2,12,49
Mumbai Indians,batting,aggressive_opener,Rishav Das,Assam,49.31,86.56,100.0,100.0,60.38,23.53,37.66,100.0,batting_aggressive_opener_cluster_0,aggressive_opener,70.0,PA Patel,Mumbai Indians,0,2,2,13,50
Mumbai Indians,batting,aggressive_opener,Jyotsnil Singh,Baroda,59.71,83.02,100.0,61.2,65.0,29.41,44.74,100.0,batting_aggressive_opener_cluster_0,aggressive_opener,69.43,AD Hales,Sunrisers Hyderabad,0,2,2,14,53
Mumbai Indians,batting,aggressive_opener,Abishek Porel,Bengal,56.99,82.9,100.0,34.6,53.15,70.59,25.08,100.0,batting_aggressive_opener_cluster_0,aggressive_opener,67.18,JG Bethell,Royal Challengers Bengaluru,0,2,2,15,62
Mumbai Indians,batting,aggressive_opener,HP Gawli,Madhya Pradesh,54.68,89.88,100.0,32.5,42.23,58.82,27.15,100.0,batting_aggressive_opener_cluster_0,aggressive_opener,65.49,UT Khawaja,Rising Pune Supergiant,0,2,2,16,72
Mumbai Indians,batting,aggressive_opener,Shashank Chandrakar,Chhattisgarh,67.0,75.48,100.0,100.0,10.33,5.88,23.03,100.0,batting_aggressive_opener_cluster_0,aggressive_opener,63.65,PA Patel,Mumbai Indians,0,2,2,17,83
Mumbai Indians,batting,anchor_opener,Shivam Chaudhary,Railways,59.39,93.46,100.0,100.0,55.11,100.0,75.67,0.0,batting_aggressive_opener_cluster_0,aggressive_opener,73.98,SR Tendulkar,Mumbai Indians,0,1,1,1,34
Mumbai Indians,batting,anchor_opener,Pratham Singh,Railways,66.51,89.58,100.0,100.0,66.63,88.24,58.51,0.0,batting_aggressive_opener_cluster_0,aggressive_opener,73.08,M Vijay,Chennai Super Kings,0,1,1,2,39
Mumbai Indians,batting,anchor_opener,AV Rajput,Baroda,49.72,82.9,100.0,100.0,70.54,35.29,64.05,0.0,batting_aggressive_opener_cluster_0,aggressive_opener,64.37,RS Bopara,Punjab Kings,0,1,1,3,78
Mumbai Indians,batting,anchor_opener,Saurav Chauhan,Gujarat,44.06,66.09,100.0,100.0,82.61,52.94,67.86,0.0,batting_aggressive_opener_cluster_0,aggressive_opener,64.07,DJM Short,Rajasthan Royals,0,1,1,4,80
Mumbai Indians,batting,anchor_opener,Abhishek Goswami,Uttar Pradesh,46.43,65.56,100.0,100.0,79.27,58.82,46.98,0.0,batting_aggressive_opener_cluster_0,aggressive_opener,62.63,DJM Short,Rajasthan Royals,0,1,1,5,88
Mumbai Indians,batting,anchor_opener,Arpit Gaud,Madhya Pradesh,38.34,78.66,100.0,89.6,40.05,94.12,33.99,0.0,batting_aggressive_opener_cluster_0,aggressive_opener,60.24,RE Levi,Mumbai Indians,0,1,1,6,93
Mumbai Indians,batting,anchor_opener,Qamran Iqbal,Jammu & Kashmir,51.05,51.14,100.0,100.0,64.29,64.71,39.95,0.0,batting_aggressive_opener_cluster_0,aggressive_opener,59.78,LMP Simmons,Mumbai Indians,0,1,1,7,96
Mumbai Indians,batting,anchor_opener,Bikramkumar Das,Tripura,56.02,86.75,100.0,100.0,9.95,5.88,82.86,0.0,batting_aggressive_opener_cluster_0,aggressive_opener,59.09,R Dravid,Rajasthan Royals,0,1,1,8,99
Mumbai Indians,batting,anchor_opener,KS Sharma,Uttar Pradesh,54.32,68.68,100.0,100.0,26.85,29.41,56.33,0.0,batting_aggressive_opener_cluster_0,aggressive_opener,57.43,AJ Finch,Gujarat Lions,0,1,1,9,109
Mumbai Indians,batting,anchor_opener,P Prafullomani,Manipur,20.77,89.25,100.0,100.0,50.52,76.47,20.98,0.0,batting_tailender_cluster_1,tailender,57.34,RT Ponting,Mumbai Indians,0,1,1,10,110
Mumbai Indians,batting,anchor_opener,Aarya Desai,Gujarat,46.12,87.27,100.0,58.3,65.68,23.53,47.89,0.0,batting_aggressive_opener_cluster_0,aggressive_opener,56.85,DJM Short,Rajasthan Royals,0,1,1,11,114
Mumbai Indians,batting,anchor_opener,Shubham Sharma,Madhya Pradesh,42.61,74.18,100.0,100.0,37.07,47.06,30.71,0.0,batting_tailender_cluster_1,tailender,56.13,MJ Clarke,Pune Warriors,0,1,1,12,118
Mumbai Indians,batting,anchor_opener,Shubham Khajuria,Jammu & Kashmir,41.21,54.19,100.0,100.0,63.26,41.18,34.59,0.0,batting_aggressive_opener_cluster_0,aggressive_opener,55.27,M Vijay,Chennai Super Kings,0,1,1,13,120
Mumbai Indians,batting,anchor_opener,Denish Das,Assam,28.86,76.72,100.0,100.0,36.96,70.59,20.22,0.0,batting_tailender_cluster_1,tailender,55.06,SP Goswami,Royal Challengers Bengaluru,0,1,1,14,122
Mumbai Indians,batting,anchor_opener,Eknath Kerkar,Goa,32.64,93.12,100.0,100.0,31.44,11.76,50.34,0.0,batting_tailender_cluster_1,tailender,54.85,JEC Franklin,Mumbai Indians,0,1,1,15,123
Mumbai Indians,batting,anchor_opener,A Raghuvanshi,Mumbai,42.23,62.27,100.0,48.3,46.25,82.35,33.57,0.0,batting_aggressive_opener_cluster_0,aggressive_opener,53.83,MJ Clarke,Pune Warriors,0,1,1,16,125
Mumbai Indians,batting,anchor_opener,G Ajitesh,Tamil Nadu,17.2,59.51,100.0,24.2,20.27,17.65,55.69,0.0,batting_tailender_cluster_2,tailender,39.15,Anuj Rawat,Royal Challengers Bengaluru,0,1,1,17,155
Mumbai Indians,allrounder,batting_allrounder,Chirag Jani,Saurashtra,73.17,85.04,100.0,0.0,87.41,92.31,89.63,0.0,allrounder_pure_bowler_cluster_4,pure_bowler,69.32,SM Pollock,Mumbai Indians,0,2,2,1,54
Mumbai Indians,allrounder,batting_allrounder,HV Patel,Haryana,94.22,95.99,100.0,0.0,38.56,61.54,99.54,0.0,allrounder_pure_bowler_cluster_4,pure_bowler,68.21,MR Marsh,Delhi Capitals,0,2,2,2,61
Mumbai Indians,allrounder,batting_allrounder,Sumit Kumar,Haryana,79.46,96.77,100.0,0.0,79.31,46.15,88.1,0.0,allrounder_pure_bowler_cluster_4,pure_bowler,66.76,Azhar Mahmood,Punjab Kings,0,2,2,3,64
Mumbai Indians,allrounder,batting_allrounder,NA Rathva,Baroda,72.89,87.29,100.0,0.0,52.12,100.0,85.4,0.0,allrounder_pure_bowler_cluster_4,pure_bowler,66.42,Shakib Al Hasan,Kolkata Knight Riders,0,2,2,4,66
Mumbai Indians,allrounder,batting_allrounder,R Parag,Assam,88.15,74.48,100.0,0.0,60.83,65.38,92.52,0.0,allrounder_pure_bowler_cluster_4,pure_bowler,65.67,PD Collingwood,Delhi Capitals,0,2,2,5,69
Mumbai Indians,allrounder,batting_allrounder,N Rana,Delhi,85.62,73.3,100.0,0.0,68.59,61.54,93.81,0.0,allrounder_pure_bowler_cluster_4,pure_bowler,65.51,PD Collingwood,Delhi Capitals,0,2,2,6,71
Mumbai Indians,allrounder,batting_allrounder,KH Pandya,Baroda,76.94,89.33,100.0,0.0,67.7,53.85,88.2,0.0,allrounder_pure_bowler_cluster_4,pure_bowler,64.76,SM Pollock,Mumbai Indians,0,2,2,7,75
Mumbai Indians,allrounder,batting_allrounder,VR Iyer,Madhya Pradesh,80.31,91.26,100.0,0.0,59.28,38.46,89.42,0.0,allrounder_pure_bowler_cluster_4,pure_bowler,63.47,PD Collingwood,Delhi Capitals,0,2,2,8,84
Mumbai Indians,allrounder,batting_allrounder,R Tewatia,Haryana,79.51,79.37,100.0,0.0,55.78,53.85,91.47,0.0,allrounder_pure_bowler_cluster_4,pure_bowler,62.92,ST Jayasuriya,Mumbai Indians,0,2,2,9,86
Mumbai Indians,allrounder,batting_allrounder,KV Sharma,Railways,76.29,88.4,100.0,0.0,44.87,53.85,94.12,0.0,allrounder_pure_bowler_cluster_4,pure_bowler,62.8,SM Pollock,Mumbai Indians,0,2,2,10,87
Mumbai Indians,allrounder,batting_allrounder,Lalit Yadav,Delhi,79.05,61.82,100.0,0.0,69.48,34.62,91.48,0.0,allrounder_pure_bowler_cluster_4,pure_bowler,59.64,MM Ali,Chennai Super Kings,0,2,2,11,97
Mumbai Indians,allrounder,batting_allrounder,S Dube,Mumbai,70.9,82.93,100.0,0.0,61.35,26.92,83.55,0.0,allrounder_pure_bowler_cluster_4,pure_bowler,58.8,BA Stokes,Rajasthan Royals,0,2,2,12,100
Mumbai Indians,allrounder,batting_allrounder,Manisankar Murasingh,Tripura,74.2,79.15,100.0,0.0,37.37,11.54,87.52,0.0,allrounder_pure_bowler_cluster_4,pure_bowler,55.36,SM Pollock,Mumbai Indians,0,2,2,13,119
Mumbai Indians,allrounder,bowling_allrounder,JD Unadkat,Saurashtra,93.38,97.05,100.0,0.0,56.97,81.25,96.87,100.0,allrounder_bowling_allrounder_cluster_2,bowling_allrounder,81.74,MF Maharoof,Delhi Capitals,0,2,2,1,8
Mumbai Indians,allrounder,bowling_allrounder,PP Chawla,Gujarat,86.57,93.92,100.0,0.0,56.98,56.25,92.75,100.0,allrounder_bowling_allrounder_cluster_2,bowling_allrounder,77.0,MF Maharoof,Delhi Capitals,0,2,2,2,21
Mumbai Indians,allrounder,bowling_allrounder,A Sheth,Baroda,78.12,92.04,100.0,0.0,55.25,62.5,94.18,100.0,allrounder_bowling_allrounder_cluster_2,bowling_allrounder,75.62,JC Archer,Rajasthan Royals,0,2,2,3,30
Mumbai Indians,allrounder,bowling_allrounder,K Gowtham,Karnataka,76.86,83.42,100.0,0.0,76.04,87.5,94.49,0.0,allrounder_pure_bowler_cluster_4,pure_bowler,68.69,MF Maharoof,Delhi Capitals,0,2,2,4,57
Mumbai Indians,allrounder,bowling_allrounder,Sanvir Singh,Punjab,80.96,97.86,100.0,0.0,49.31,31.25,98.66,0.0,allrounder_pure_bowler_cluster_4,pure_bowler,63.79,CR Brathwaite,Delhi Capitals,0,2,2,5,82
Mumbai Indians,allrounder,bowling_allrounder,Yuvraj Singh,Punjab,67.97,77.04,100.0,0.0,28.69,40.62,64.11,0.0,allrounder_pure_bowler_cluster_4,pure_bowler,53.49,RS Bopara,Punjab Kings,0,2,2,6,127
Mumbai Indians,allrounder,bowling_allrounder,Harpreet Singh,Chhattisgarh,79.98,66.56,100.0,0.0,36.02,0.0,87.23,0.0,allrounder_pure_bowler_cluster_4,pure_bowler,53.31,R Tewatia,Gujarat Titans,0,2,2,7,128
Mumbai Indians,allrounder,bowling_allrounder,Harsh Tyagi,Railways,64.13,95.29,100.0,0.0,29.96,15.62,46.18,0.0,allrounder_pure_bowler_cluster_4,pure_bowler,51.3,Mohammad Nabi,Sunrisers Hyderabad,0,2,2,8,133
Mumbai Indians,allrounder,bowling_allrounder,Rex Rajkumar,Manipur,51.58,97.5,100.0,0.0,36.21,25.0,22.38,0.0,allrounder_pure_bowler_cluster_4,pure_bowler,48.3,R Dhawan,Punjab Kings,0,2,2,9,140
Mumbai Indians,allrounder,bowling_allrounder,Kangabam Singh,Manipur,48.07,94.36,100.0,0.0,17.68,0.0,10.54,0.0,allrounder_pure_bowler_cluster_1,pure_bowler,41.59,R McLaren,Mumbai Indians,0,2,2,10,151
Mumbai Indians,allrounder,bowling_allrounder,Lalhruaizela,Mizoram,45.83,93.92,100.0,0.0,4.07,0.0,9.24,0.0,allrounder_pure_bowler_cluster_1,pure_bowler,39.59,MN Samuels,Pune Warriors,0,2,2,11,153
Mumbai Indians,bowling,death_bowler,JD Unadkat,Saurashtra,81.52,93.8,100.0,100.0,83.64,92.86,98.94,0.0,bowling_powerplay_bowler_cluster_0,powerplay_bowler,82.92,Sohail Tanvir,Rajasthan Royals,0,2,2,1,6
Mumbai Indians,bowling,death_bowler,B Kumar,Uttar Pradesh,88.45,95.2,100.0,100.0,90.97,64.29,98.79,0.0,bowling_powerplay_bowler_cluster_0,powerplay_bowler,82.38,SL Malinga,Mumbai Indians,0,2,2,2,7
Mumbai Indians,bowling,death_bowler,LI Meriwala,Baroda,66.94,85.6,100.0,100.0,74.22,78.57,97.95,0.0,bowling_powerplay_bowler_cluster_0,powerplay_bowler,76.3,SL Malinga,Mumbai Indians,0,2,2,3,24
Mumbai Indians,bowling,death_bowler,V Kaverappa,Karnataka,74.11,90.46,100.0,58.8,59.55,85.71,97.51,0.0,bowling_powerplay_bowler_cluster_0,powerplay_bowler,73.55,T Thushara,Chennai Super Kings,0,2,2,4,37
Mumbai Indians,bowling,death_bowler,DS Kulkarni,Mumbai,65.36,93.01,100.0,100.0,52.73,57.14,99.65,0.0,bowling_powerplay_bowler_cluster_0,powerplay_bowler,72.98,DE Bollinger,Chennai Super Kings,0,2,2,5,40
Mumbai Indians,bowling,death_bowler,TU Deshpande,Mumbai,69.07,92.34,100.0,100.0,46.2,50.0,98.72,0.0,bowling_powerplay_bowler_cluster_0,powerplay_bowler,72.16,CK Langeveldt,Kolkata Knight Riders,0,2,2,6,41
Mumbai Indians,bowling,death_bowler,A Sheth,Baroda,61.22,83.58,100.0,100.0,65.13,42.86,99.59,0.0,bowling_powerplay_bowler_cluster_0,powerplay_bowler,70.54,MA Starc,Royal Challengers Bengaluru,0,2,2,7,46
Mumbai Indians,bowling,death_bowler,N Rana,Delhi,62.2,66.03,100.0,100.0,60.91,71.43,88.95,0.0,bowling_middle_overs_bowler_cluster_1,middle_overs_bowler,69.47,L Balaji,Kolkata Knight Riders,0,2,2,8,52
Mumbai Indians,bowling,death_bowler,A Nagwaswalla,Gujarat,70.08,88.97,100.0,100.0,60.68,3.57,97.33,0.0,bowling_powerplay_bowler_cluster_0,powerplay_bowler,68.52,RJ Harris,Punjab Kings,0,2,2,9,58
Mumbai Indians,bowling,death_bowler,Mohit Avasthi,Mumbai,61.74,79.23,100.0,100.0,63.08,28.57,98.91,0.0,bowling_powerplay_bowler_cluster_0,powerplay_bowler,68.29,A Singh,Rajasthan Royals,0,2,2,10,59
Mumbai Indians,bowling,death_bowler,S Kaul,Punjab,58.4,77.27,100.0,100.0,66.17,14.29,95.6,0.0,bowling_powerplay_bowler_cluster_0,powerplay_bowler,65.88,SL Malinga,Mumbai Indians,0,2,2,11,68
Mumbai Indians,bowling,death_bowler,SN Thakur,Mumbai,53.1,85.15,100.0,100.0,37.56,3.57,98.03,0.0,bowling_powerplay_bowler_cluster_0,powerplay_bowler,62.31,WD Parnell,Pune Warriors,0,2,2,12,89
Mumbai Indians,bowling,death_bowler,T Natarajan,Tamil Nadu,46.67,88.42,100.0,100.0,9.03,21.43,93.79,0.0,bowling_powerplay_bowler_cluster_0,powerplay_bowler,60.02,Mustafizur Rahman,Sunrisers Hyderabad,0,2,2,13,95
Mumbai Indians,bowling,death_bowler,Akash Sengupta,Assam,45.4,78.51,100.0,57.9,67.37,35.71,58.13,0.0,bowling_powerplay_bowler_cluster_0,powerplay_bowler,57.77,Umar Gul,Kolkata Knight Riders,0,2,2,14,108
Mumbai Indians,batting,finisher,RK Singh,Uttar Pradesh,83.26,94.57,50.0,100.0,96.01,94.74,70.13,0.0,batting_aggressive_opener_cluster_0,aggressive_opener,74.43,T Stubbs,Delhi Capitals,1,2,1,1,33
Mumbai Indians,batting,finisher,Sanvir Singh,Punjab,68.97,92.73,50.0,97.9,68.45,89.47,55.59,0.0,batting_aggressive_opener_cluster_0,aggressive_opener,66.34,TH David,Mumbai Indians,1,2,1,2,67
Mumbai Indians,batting,finisher,KH Pandya,Baroda,59.71,95.77,50.0,100.0,76.49,63.16,71.82,0.0,batting_tailender_cluster_1,tailender,64.95,CL White,Sunrisers Hyderabad,1,2,1,3,73
Mumbai Indians,batting,finisher,A Manohar,Karnataka,87.95,79.32,50.0,100.0,47.58,42.11,86.95,0.0,batting_aggressive_opener_cluster_0,aggressive_opener,64.65,H Klaasen,Sunrisers Hyderabad,1,2,1,4,77
Mumbai Indians,batting,finisher,Rajat Dey,Tripura,62.25,78.9,50.0,100.0,78.4,73.68,71.89,0.0,batting_aggressive_opener_cluster_0,aggressive_opener,64.18,JP Duminy,Delhi Capitals,1,2,1,5,79
Mumbai Indians,batting,finisher,N Wadhera,Punjab,80.71,78.95,50.0,57.9,86.3,52.63,87.8,0.0,batting_aggressive_opener_cluster_0,aggressive_opener,63.95,H Klaasen,Sunrisers Hyderabad,1,2,1,6,81
Mumbai Indians,batting,finisher,Jay Gohil,Saurashtra,53.46,76.13,50.0,92.1,72.01,100.0,44.52,0.0,batting_tailender_cluster_1,tailender,60.47,KK Cooper,Rajasthan Royals,1,2,1,7,91
Mumbai Indians,batting,finisher,Vishnu Solanki,Baroda,50.3,73.01,50.0,100.0,65.08,78.95,56.92,0.0,batting_tailender_cluster_1,tailender,58.61,MC Henriques,Sunrisers Hyderabad,1,2,1,8,101
Mumbai Indians,batting,finisher,R Tewatia,Haryana,71.95,83.33,50.0,100.0,47.83,21.05,72.29,0.0,batting_aggressive_opener_cluster_0,aggressive_opener,58.51,Shashank Singh,Punjab Kings,1,2,1,9,102
Mumbai Indians,batting,finisher,Vishvaraj Jadeja,Saurashtra,42.8,86.43,50.0,100.0,58.48,84.21,51.38,0.0,batting_tailender_cluster_1,tailender,58.43,SW Billings,Delhi Capitals,1,2,1,10,103
Mumbai Indians,batting,finisher,VR Iyer,Madhya Pradesh,72.9,74.44,50.0,100.0,59.46,36.84,52.88,0.0,batting_aggressive_opener_cluster_0,aggressive_opener,58.16,KK Nair,Delhi Capitals,1,2,1,11,104
Mumbai Indians,batting,finisher,Subhransu Senapati,Odisha,66.48,93.51,50.0,100.0,50.71,0.0,73.55,0.0,batting_aggressive_opener_cluster_0,aggressive_opener,57.25,KK Nair,Delhi Capitals,1,2,1,12,111
Mumbai Indians,batting,finisher,S Dube,Mumbai,51.04,80.8,50.0,100.0,52.2,68.42,42.76,0.0,batting_tailender_cluster_1,tailender,56.17,Sachin Baby,Royal Challengers Bengaluru,1,2,1,13,117
Mumbai Indians,batting,finisher,Sumit Kumar,Haryana,45.74,90.1,50.0,100.0,52.61,47.37,49.5,0.0,batting_tailender_cluster_1,tailender,55.11,AM Nayar,Mumbai Indians,1,2,1,14,121
Mumbai Indians,batting,finisher,Chirag Gandhi,Gujarat,45.95,85.84,50.0,100.0,37.36,31.58,72.49,0.0,batting_tailender_cluster_1,tailender,53.71,AC Voges,Rajasthan Royals,1,2,1,15,126
Mumbai Indians,batting,finisher,Shubham Pundir,Jammu & Kashmir,43.54,87.81,50.0,100.0,35.0,5.26,57.48,0.0,batting_tailender_cluster_1,tailender,49.15,S Badrinath,Chennai Super Kings,1,2,1,16,136
Mumbai Indians,batting,finisher,BA Roy,Assam,65.3,37.58,50.0,42.1,64.57,57.89,59.73,0.0,batting_aggressive_opener_cluster_0,aggressive_opener,48.63,TR Birt,Delhi Capitals,1,2,1,17,139
Mumbai Indians,batting,finisher,M Shahrukh Khan,Tamil Nadu,57.42,53.43,50.0,100.0,47.69,10.53,49.85,0.0,batting_tailender_cluster_1,tailender,47.81,MP Stoinis,Lucknow Super Giants,1,2,1,18,143
Mumbai Indians,batting,finisher,K L Shrijith,Karnataka,28.58,83.68,50.0,83.8,26.36,15.79,35.49,0.0,batting_tailender_cluster_1,tailender,41.91,AM Nayar,Mumbai Indians,1,2,1,19,149
Mumbai Indians,batting,finisher,Fazil Rashid,Jammu & Kashmir,21.93,89.25,50.0,40.4,41.85,26.32,56.34,0.0,batting_tailender_cluster_2,tailender,41.76,TR Birt,Delhi Capitals,1,2,1,20,150
Mumbai Indians,batting,middle_order,YBK Jaiswal,Mumbai,63.81,88.31,100.0,100.0,68.59,100.0,24.79,0.0,batting_aggressive_opener_cluster_0,aggressive_opener,70.35,RA Tripathi,Sunrisers Hyderabad,0,2,2,1,47
Mumbai Indians,batting,middle_order,SS Sharma,Baroda,58.75,79.22,100.0,67.9,72.36,80.0,82.64,0.0,batting_aggressive_opener_cluster_0,aggressive_opener,68.92,PHKD Mendis,Sunrisers Hyderabad,0,2,2,2,56
Mumbai Indians,batting,middle_order,UR Kumar,Gujarat,68.39,66.97,100.0,52.5,69.32,86.67,70.24,0.0,batting_aggressive_opener_cluster_0,aggressive_opener,66.6,PHKD Mendis,Sunrisers Hyderabad,0,2,2,3,65
Mumbai Indians,batting,middle_order,B Sai Sudharsan,Tamil Nadu,52.85,83.33,100.0,100.0,46.33,40.0,79.55,0.0,batting_aggressive_opener_cluster_0,aggressive_opener,64.66,SS Tiwary,Mumbai Indians,0,2,2,4,76
Mumbai Indians,batting,middle_order,Sudip Chatterjee,Bengal,42.96,92.4,100.0,100.0,14.48,26.67,76.62,0.0,batting_tailender_cluster_1,tailender,59.23,FY Fazal,Rajasthan Royals,0,2,2,5,98
Mumbai Indians,batting,middle_order,Rex Rajkumar,Manipur,23.28,86.29,100.0,100.0,28.91,73.33,52.7,0.0,batting_tailender_cluster_1,tailender,58.09,M Kaif,Rajasthan Royals,0,2,2,6,106
Mumbai Indians,batting,middle_order,Ganesh Satish,Vidarbha,32.31,76.0,100.0,100.0,46.3,46.67,45.36,0.0,batting_tailender_cluster_1,tailender,56.69,MC Juneja,Delhi Capitals,0,2,2,7,116
Mumbai Indians,batting,middle_order,Joseph Lalthankhuma,Mizoram,12.15,89.78,100.0,85.4,24.54,93.33,18.53,0.0,batting_tailender_cluster_1,tailender,53.08,CJ Ferguson,Pune Warriors,0,2,2,8,129
Mumbai Indians,batting,middle_order,Bhanu Pania,Baroda,25.18,84.32,100.0,100.0,29.7,13.33,59.63,0.0,batting_tailender_cluster_1,tailender,52.95,DT Christian,Sunrisers Hyderabad,0,2,2,9,130
Mumbai Indians,batting,middle_order,Karan Lal,Bengal,21.64,60.56,100.0,69.2,45.87,53.33,40.62,0.0,batting_tailender_cluster_1,tailender,49.31,LA Carseldine,Rajasthan Royals,0,2,2,10,135
Mumbai Indians,batting,middle_order,Sanjeet Desai,Chhattisgarh,24.74,49.27,100.0,87.9,24.54,66.67,38.85,0.0,batting_tailender_cluster_1,tailender,49.13,KS Bharat,Royal Challengers Bengaluru,0,2,2,11,137
Mumbai Indians,batting,middle_order,Mohit Jangra,Mizoram,23.79,71.08,100.0,40.0,29.16,60.0,44.8,0.0,batting_tailender_cluster_1,tailender,47.82,AJ Turner,Rajasthan Royals,0,2,2,12,142
Mumbai Indians,batting,middle_order,Kangabam Singh,Manipur,17.65,85.64,100.0,100.0,32.88,6.67,23.69,0.0,batting_tailender_cluster_1,tailender,47.7,CJ Ferguson,Pune Warriors,0,2,2,13,144
Mumbai Indians,batting,middle_order,Henan Nazir,Jammu & Kashmir,19.08,64.23,100.0,52.9,34.4,33.33,35.99,0.0,batting_tailender_cluster_1,tailender,44.11,MC Juneja,Delhi Capitals,0,2,2,14,147
Mumbai Indians,batting,middle_order,Lalhruaizela,Mizoram,13.01,84.73,100.0,100.0,5.98,0.0,19.33,0.0,batting_tailender_cluster_2,tailender,42.84,CJ Ferguson,Pune Warriors,0,2,2,15,148
Mumbai Indians,batting,middle_order,J Anderson,Mizoram,11.85,73.79,100.0,45.8,24.46,20.0,16.98,0.0,batting_tailender_cluster_2,tailender,39.16,MS Wade,Gujarat Titans,0,2,2,16,154
Mumbai Indians,batting,middle_order,SK Gharami,Bengal,1.77,73.29,100.0,22.9,6.9,0.0,14.31,0.0,batting_tailender_cluster_2,tailender,30.76,AA Bilakhia,Sunrisers Hyderabad,0,2,2,17,156
Mumbai Indians,bowling,powerplay_bowler,I Sharma,Delhi,75.32,87.48,100.0,100.0,87.18,73.91,96.0,100.0,bowling_powerplay_bowler_cluster_0,powerplay_bowler,88.89,BW Hilfenhaus,Chennai Super Kings,0,2,2,1,3
Mumbai Indians,bowling,powerplay_bowler,R Sai Kishore,Tamil Nadu,81.01,80.32,100.0,100.0,45.45,86.96,96.89,100.0,bowling_powerplay_bowler_cluster_0,powerplay_bowler,86.18,A Chandila,Rajasthan Royals,0,2,2,2,4
Mumbai Indians,bowling,powerplay_bowler,Chintan Gaja,Gujarat,64.89,83.79,100.0,100.0,48.41,47.83,99.59,100.0,bowling_powerplay_bowler_cluster_0,powerplay_bowler,80.13,MF Maharoof,Delhi Capitals,0,2,2,3,11
Mumbai Indians,bowling,powerplay_bowler,Sourabh Majumdar,Chhattisgarh,54.19,78.68,100.0,100.0,46.88,82.61,89.23,100.0,bowling_powerplay_bowler_cluster_0,powerplay_bowler,79.51,GD McGrath,Delhi Capitals,0,2,2,4,13
Mumbai Indians,bowling,powerplay_bowler,Mukhtar Hussain,Assam,55.11,96.28,100.0,100.0,44.55,41.3,99.69,100.0,bowling_powerplay_bowler_cluster_0,powerplay_bowler,79.02,A Nehra,Delhi Capitals,0,2,2,5,14
Mumbai Indians,bowling,powerplay_bowler,M Prasidh Krishna,Karnataka,54.23,85.6,100.0,100.0,49.09,58.7,92.22,100.0,bowling_powerplay_bowler_cluster_0,powerplay_bowler,78.69,DW Steyn,Sunrisers Hyderabad,0,2,2,6,15
Mumbai Indians,bowling,powerplay_bowler,Yuvraj Singh,Punjab,55.17,75.33,100.0,100.0,33.25,78.26,80.75,100.0,bowling_powerplay_bowler_cluster_0,powerplay_bowler,76.56,AM Salvi,Delhi Capitals,0,2,2,7,22
Mumbai Indians,bowling,powerplay_bowler,Manisankar Murasingh,Tripura,50.85,88.67,100.0,100.0,25.39,69.57,83.81,100.0,bowling_powerplay_bowler_cluster_0,powerplay_bowler,76.35,P Kumar,Punjab Kings,0,2,2,8,23
Mumbai Indians,bowling,powerplay_bowler,Ajay Sarkar,Tripura,40.25,75.64,100.0,100.0,47.27,95.65,74.15,100.0,bowling_powerplay_bowler_cluster_0,powerplay_bowler,76.1,IK Pathan,Delhi Capitals,0,2,2,9,26
Mumbai Indians,bowling,powerplay_bowler,A Kamboj,Haryana,67.34,81.87,100.0,52.5,51.2,52.17,93.36,100.0,bowling_powerplay_bowler_cluster_0,powerplay_bowler,75.67,KMDN Kulasekara,Chennai Super Kings,0,2,2,10,29
Mumbai Indians,bowling,powerplay_bowler,CV Varun,Tamil Nadu,67.09,65.87,100.0,48.8,72.47,58.7,91.93,100.0,bowling_powerplay_bowler_cluster_0,powerplay_bowler,75.49,MF Maharoof,Delhi Capitals,0,2,2,11,31
Mumbai Indians,bowling,powerplay_bowler,SZ Mulani,Mumbai,74.56,84.0,100.0,100.0,81.79,41.3,97.58,0.0,bowling_middle_overs_bowler_cluster_1,middle_overs_bowler,74.58,Iqbal Abdulla,Kolkata Knight Riders,0,2,2,12,32
Mumbai Indians,bowling,powerplay_bowler,SI Sopariya,Baroda,60.31,55.18,100.0,62.5,64.03,91.3,68.21,100.0,bowling_powerplay_bowler_cluster_0,powerplay_bowler,73.94,AA Chavan,Rajasthan Royals,0,2,2,13,35
Mumbai Indians,bowling,powerplay_bowler,Mrinmoy Dutta,Assam,48.97,70.97,100.0,100.0,40.52,34.78,90.32,100.0,bowling_powerplay_bowler_cluster_0,powerplay_bowler,72.0,JA Morkel,Chennai Super Kings,0,2,2,14,42
Mumbai Indians,bowling,powerplay_bowler,Bishworjit Konthoujam,Manipur,56.27,82.61,100.0,100.0,13.57,26.09,87.21,100.0,bowling_powerplay_bowler_cluster_0,powerplay_bowler,71.33,AB Dinda,Kolkata Knight Riders,0,2,2,15,43
Mumbai Indians,bowling,powerplay_bowler,Mohit Jangra,Mizoram,34.06,77.31,100.0,87.5,45.91,65.22,67.08,100.0,bowling_powerplay_bowler_cluster_0,powerplay_bowler,69.98,DJ Willey,Royal Challengers Bengaluru,0,2,2,16,51
Mumbai Indians,bowling,powerplay_bowler,Rex Rajkumar,Manipur,40.03,91.95,100.0,100.0,25.91,13.04,62.04,100.0,bowling_powerplay_bowler_cluster_0,powerplay_bowler,66.9,S Tyagi,Chennai Super Kings,0,2,2,17,63
Mumbai Indians,bowling,powerplay_bowler,SN Patel,Gujarat,49.58,75.85,100.0,43.8,48.54,30.43,70.83,100.0,bowling_powerplay_bowler_cluster_0,powerplay_bowler,65.65,A Choudhary,Royal Challengers Bengaluru,0,2,2,18,70
Mumbai Indians,bowling,powerplay_bowler,Lalhruai Ralte,Mizoram,24.32,88.63,100.0,100.0,46.66,0.0,2.76,100.0,bowling_powerplay_bowler_cluster_0,powerplay_bowler,58.1,MJ Henry,Lucknow Super Giants,0,2,2,19,105
Mumbai Indians,bowling,powerplay_bowler,Remruatdika Ralte,Mizoram,30.77,87.35,100.0,100.0,26.88,4.35,53.93,0.0,bowling_middle_overs_bowler_cluster_1,middle_overs_bowler,52.77,AL Menaria,Rajasthan Royals,0,2,2,20,131
Mumbai Indians,bowling,powerplay_bowler,AK Sarkar,Tripura,12.93,88.89,100.0,93.8,43.18,17.39,30.49,0.0,bowling_middle_overs_bowler_cluster_2,middle_overs_bowler,49.41,AA Jhunjhunwala,Rajasthan Royals,0,2,2,21,134
Mumbai Indians,bowling,powerplay_bowler,AR Pandey,Railways,18.29,91.62,100.0,100.0,16.43,21.74,3.97,0.0,bowling_middle_overs_bowler_cluster_2,middle_overs_bowler,46.61,Fazalhaq Farooqi,Sunrisers Hyderabad,0,2,2,22,145
Mumbai Indians,bowling,powerplay_bowler,BM Chingakham,Manipur,11.09,92.12,100.0,50.0,16.88,8.7,20.02,0.0,bowling_middle_overs_bowler_cluster_2,middle_overs_bowler,40.6,KJ Abbott,Punjab Kings,0,2,2,23,152
Mumbai Indians,batting,top_order_anchor,RM Patidar,Madhya Pradesh,89.81,78.34,100.0,100.0,96.17,100.0,95.54,0.0,batting_aggressive_opener_cluster_0,aggressive_opener,83.88,C Connolly,Punjab Kings,0,1,1,1,5
Mumbai Indians,batting,top_order_anchor,N Rana,Delhi,83.66,84.24,100.0,100.0,79.7,57.14,92.6,0.0,batting_aggressive_opener_cluster_0,aggressive_opener,77.31,D Brevis,Mumbai Indians,0,1,1,2,18
Mumbai Indians,batting,top_order_anchor,Anmolpreet Singh,Punjab,74.57,74.03,100.0,100.0,98.7,92.86,70.17,0.0,batting_aggressive_opener_cluster_0,aggressive_opener,77.19,AB de Villiers,Royal Challengers Bengaluru,0,1,1,3,20
Mumbai Indians,batting,top_order_anchor,Mandeep Singh,Punjab,80.64,63.68,100.0,100.0,76.96,85.71,93.41,0.0,batting_aggressive_opener_cluster_0,aggressive_opener,76.29,C Green,Mumbai Indians,0,1,1,4,25
Mumbai Indians,batting,top_order_anchor,SS Iyer,Mumbai,85.88,76.28,100.0,100.0,61.68,64.29,96.79,0.0,batting_aggressive_opener_cluster_0,aggressive_opener,75.89,C Connolly,Punjab Kings,0,1,1,5,28
Mumbai Indians,batting,top_order_anchor,R Parag,Assam,81.7,60.81,100.0,100.0,61.33,78.57,93.82,0.0,batting_aggressive_opener_cluster_0,aggressive_opener,73.83,RM Patidar,Royal Challengers Bengaluru,0,1,1,6,36
Mumbai Indians,batting,top_order_anchor,Harpreet Singh,Chhattisgarh,75.28,66.96,100.0,100.0,72.91,50.0,86.1,0.0,batting_aggressive_opener_cluster_0,aggressive_opener,71.0,SE Marsh,Punjab Kings,0,1,1,7,44
Mumbai Indians,batting,top_order_anchor,SA Yadav,Mumbai,84.78,64.84,100.0,100.0,45.87,71.43,74.64,0.0,batting_aggressive_opener_cluster_0,aggressive_opener,70.88,RR Pant,Delhi Capitals,0,1,1,8,45
Mumbai Indians,batting,top_order_anchor,A Badoni,Delhi,51.9,72.69,100.0,100.0,84.81,35.71,65.49,0.0,batting_tailender_cluster_1,tailender,64.88,PD Collingwood,Delhi Capitals,0,1,1,9,74
Mumbai Indians,batting,top_order_anchor,YV Dhull,Delhi,51.42,67.73,100.0,100.0,53.23,42.86,83.35,0.0,batting_aggressive_opener_cluster_0,aggressive_opener,63.39,KS Williamson,Sunrisers Hyderabad,0,1,1,10,85
Mumbai Indians,batting,top_order_anchor,Himanshu Rana,Haryana,57.37,82.74,100.0,100.0,35.3,21.43,70.08,0.0,batting_aggressive_opener_cluster_0,aggressive_opener,61.57,D Padikkal,Royal Challengers Bengaluru,0,1,1,11,90
Mumbai Indians,batting,top_order_anchor,MK Pandey,Karnataka,71.14,60.27,100.0,100.0,23.59,14.29,79.8,0.0,batting_aggressive_opener_cluster_0,aggressive_opener,60.04,PD Collingwood,Delhi Capitals,0,1,1,12,94
Mumbai Indians,batting,top_order_anchor,Amandeep Khare,Chhattisgarh,48.3,87.46,100.0,100.0,27.77,7.14,67.1,0.0,batting_tailender_cluster_1,tailender,57.98,KS Williamson,Sunrisers Hyderabad,0,1,1,13,107
Mumbai Indians,batting,top_order_anchor,N Sindhu,Haryana,58.37,57.15,100.0,60.4,45.27,28.57,80.45,0.0,batting_aggressive_opener_cluster_0,aggressive_opener,56.72,MN van Wyk,Kolkata Knight Riders,0,1,1,14,115
Mumbai Indians,allrounder,utility_player,SZ Mulani,Mumbai,74.05,86.68,100.0,0.0,81.13,86.88,93.74,0.0,allrounder_pure_bowler_cluster_4,pure_bowler,68.99,M Morkel,Delhi Capitals,0,2,2,1,55
Mumbai Indians,allrounder,utility_player,AV Rajput,Baroda,82.04,96.03,100.0,0.0,64.96,63.12,96.07,0.0,allrounder_pure_bowler_cluster_4,pure_bowler,68.23,AB McDonald,Delhi Capitals,0,2,2,2,60
Mumbai Indians,allrounder,utility_player,A Badoni,Delhi,62.34,96.01,100.0,0.0,57.78,57.19,70.31,0.0,allrounder_pure_bowler_cluster_4,pure_bowler,60.4,Sikandar Raza,Punjab Kings,0,2,2,3,92
Mumbai Indians,allrounder,utility_player,Mandeep Singh,Punjab,70.8,87.15,100.0,0.0,38.05,37.5,72.98,0.0,allrounder_pure_bowler_cluster_4,pure_bowler,57.09,A Badoni,Lucknow Super Giants,0,2,2,4,112
Mumbai Indians,allrounder,utility_player,Shivam Chaudhary,Railways,60.75,94.82,100.0,0.0,53.07,58.44,44.43,0.0,allrounder_pure_bowler_cluster_4,pure_bowler,56.97,TM Dilshan,Delhi Capitals,0,2,2,5,113
Mumbai Indians,allrounder,utility_player,Dharmendrasinh Jadeja,Saurashtra,61.8,94.57,100.0,0.0,39.57,40.0,46.56,0.0,allrounder_pure_bowler_cluster_4,pure_bowler,54.16,B Lee,Punjab Kings,0,2,2,6,124
Mumbai Indians,allrounder,utility_player,AR Pandey,Railways,51.9,96.18,100.0,0.0,44.74,42.19,42.09,0.0,allrounder_pure_bowler_cluster_4,pure_bowler,52.71,R Sathish,Mumbai Indians,0,2,2,7,132
Mumbai Indians,allrounder,utility_player,L Kishan Singha,Manipur,50.34,95.06,100.0,0.0,36.25,40.94,17.5,0.0,allrounder_pure_bowler_cluster_1,pure_bowler,48.8,S Nadeem,Delhi Capitals,0,2,2,8,138
Mumbai Indians,allrounder,utility_player,KS Sharma,Uttar Pradesh,65.33,71.08,100.0,0.0,18.35,12.5,63.79,0.0,allrounder_pure_bowler_cluster_4,pure_bowler,48.19,B Lee,Punjab Kings,0,2,2,9,141
Mumbai Indians,allrounder,utility_player,Lalhruai Ralte,Mizoram,40.76,95.09,100.0,0.0,38.71,36.25,3.84,0.0,allrounder_pure_bowler_cluster_1,pure_bowler,45.3,JDS Neesham,Delhi Capitals,0,2,2,10,146
Punjab Kings,batting,aggressive_opener,AM Rahane,Mumbai,84.08,98.36,50.0,100.0,92.61,82.35,94.69,100.0,batting_aggressive_opener_cluster_0,aggressive_opener,86.04,Shubman Gill,Gujarat Titans,1,2,1,1,1
Punjab Kings,batting,aggressive_opener,PP Shaw,Mumbai,89.28,94.38,50.0,100.0,64.73,94.12,86.71,100.0,batting_aggressive_opener_cluster_0,aggressive_opener,84.07,P Simran Singh,Punjab Kings,1,2,1,2,2
Punjab Kings,batting,aggressive_opener,Tarang Gohel,Saurashtra,73.21,87.3,50.0,77.9,82.88,100.0,24.66,100.0,batting_aggressive_opener_cluster_0,aggressive_opener,73.78,JG Bethell,Royal Challengers Bengaluru,1,2,1,3,14
Punjab Kings,batting,aggressive_opener,HV Patel,Haryana,85.9,75.85,50.0,100.0,65.22,41.18,66.82,100.0,batting_aggressive_opener_cluster_0,aggressive_opener,73.38,J Fraser-McGurk,Delhi Capitals,1,2,1,4,15
Punjab Kings,batting,aggressive_opener,P Simran Singh,Punjab,79.34,81.01,50.0,100.0,64.1,52.94,48.88,100.0,batting_aggressive_opener_cluster_0,aggressive_opener,72.11,DR Smith,Chennai Super Kings,1,2,1,5,18
Punjab Kings,batting,aggressive_opener,D Padikkal,Karnataka,85.96,90.4,50.0,100.0,17.17,11.76,94.76,100.0,batting_aggressive_opener_cluster_0,aggressive_opener,70.62,DP Conway,Chennai Super Kings,1,2,1,6,24
Punjab Kings,batting,aggressive_opener,H Desai,Saurashtra,51.02,91.11,50.0,100.0,75.05,88.24,28.34,100.0,batting_aggressive_opener_cluster_0,aggressive_opener,70.53,S Sohal,Punjab Kings,1,2,1,7,25
Punjab Kings,batting,aggressive_opener,AD Chopra,Mizoram,83.63,60.9,50.0,47.1,83.04,76.47,57.59,100.0,batting_aggressive_opener_cluster_0,aggressive_opener,69.78,HM Amla,Punjab Kings,1,2,1,8,26
Punjab Kings,batting,aggressive_opener,Hari Nishaanth,Tamil Nadu,62.19,80.02,50.0,100.0,74.57,64.71,25.86,100.0,batting_aggressive_opener_cluster_0,aggressive_opener,68.45,PA Patel,Mumbai Indians,1,2,1,9,32
Punjab Kings,batting,aggressive_opener,MA Agarwal,Karnataka,60.67,89.56,50.0,100.0,62.34,35.29,29.63,100.0,batting_aggressive_opener_cluster_0,aggressive_opener,65.79,MA Agarwal,Punjab Kings,1,2,1,10,42
Punjab Kings,batting,aggressive_opener,Ankit Kumar,Haryana,70.21,53.71,50.0,60.8,73.91,47.06,50.14,100.0,batting_aggressive_opener_cluster_0,aggressive_opener,62.79,AD Hales,Sunrisers Hyderabad,1,2,1,11,59
Punjab Kings,batting,aggressive_opener,Vivek Singh,Bengal,72.93,85.91,50.0,100.0,27.72,17.65,30.07,100.0,batting_aggressive_opener_cluster_0,aggressive_opener,62.52,WP Saha,Punjab Kings,1,2,1,12,61
Punjab Kings,batting,aggressive_opener,Rishav Das,Assam,49.31,86.56,50.0,100.0,60.38,23.53,37.66,100.0,batting_aggressive_opener_cluster_0,aggressive_opener,62.5,PA Patel,Mumbai Indians,1,2,1,13,62
Punjab Kings,batting,aggressive_opener,Jyotsnil Singh,Baroda,59.71,83.02,50.0,61.2,65.0,29.41,44.74,100.0,batting_aggressive_opener_cluster_0,aggressive_opener,61.93,AD Hales,Sunrisers Hyderabad,1,2,1,14,64
Punjab Kings,batting,aggressive_opener,Abishek Porel,Bengal,56.99,82.9,50.0,34.6,53.15,70.59,25.08,100.0,batting_aggressive_opener_cluster_0,aggressive_opener,59.68,JG Bethell,Royal Challengers Bengaluru,1,2,1,15,73
Punjab Kings,batting,aggressive_opener,HP Gawli,Madhya Pradesh,54.68,89.88,50.0,32.5,42.23,58.82,27.15,100.0,batting_aggressive_opener_cluster_0,aggressive_opener,57.99,UT Khawaja,Rising Pune Supergiant,1,2,1,16,83
Punjab Kings,batting,aggressive_opener,Shashank Chandrakar,Chhattisgarh,67.0,75.48,50.0,100.0,10.33,5.88,23.03,100.0,batting_aggressive_opener_cluster_0,aggressive_opener,56.15,PA Patel,Mumbai Indians,1,2,1,17,92
Punjab Kings,batting,anchor_opener,Shivam Chaudhary,Railways,59.39,93.46,100.0,100.0,55.11,100.0,75.67,0.0,batting_aggressive_opener_cluster_0,aggressive_opener,73.98,SR Tendulkar,Mumbai Indians,0,1,1,1,12
Punjab Kings,batting,anchor_opener,Pratham Singh,Railways,66.51,89.58,100.0,100.0,66.63,88.24,58.51,0.0,batting_aggressive_opener_cluster_0,aggressive_opener,73.08,M Vijay,Chennai Super Kings,0,1,1,2,16
Punjab Kings,batting,anchor_opener,AV Rajput,Baroda,49.72,82.9,100.0,100.0,70.54,35.29,64.05,0.0,batting_aggressive_opener_cluster_0,aggressive_opener,64.37,RS Bopara,Punjab Kings,0,1,1,3,50
Punjab Kings,batting,anchor_opener,Saurav Chauhan,Gujarat,44.06,66.09,100.0,100.0,82.61,52.94,67.86,0.0,batting_aggressive_opener_cluster_0,aggressive_opener,64.07,DJM Short,Rajasthan Royals,0,1,1,4,52
Punjab Kings,batting,anchor_opener,Abhishek Goswami,Uttar Pradesh,46.43,65.56,100.0,100.0,79.27,58.82,46.98,0.0,batting_aggressive_opener_cluster_0,aggressive_opener,62.63,DJM Short,Rajasthan Royals,0,1,1,5,60
Punjab Kings,batting,anchor_opener,Arpit Gaud,Madhya Pradesh,38.34,78.66,100.0,89.6,40.05,94.12,33.99,0.0,batting_aggressive_opener_cluster_0,aggressive_opener,60.24,RE Levi,Mumbai Indians,0,1,1,6,70
Punjab Kings,batting,anchor_opener,Qamran Iqbal,Jammu & Kashmir,51.05,51.14,100.0,100.0,64.29,64.71,39.95,0.0,batting_aggressive_opener_cluster_0,aggressive_opener,59.78,LMP Simmons,Mumbai Indians,0,1,1,7,72
Punjab Kings,batting,anchor_opener,Bikramkumar Das,Tripura,56.02,86.75,100.0,100.0,9.95,5.88,82.86,0.0,batting_aggressive_opener_cluster_0,aggressive_opener,59.09,R Dravid,Rajasthan Royals,0,1,1,8,76
Punjab Kings,batting,anchor_opener,KS Sharma,Uttar Pradesh,54.32,68.68,100.0,100.0,26.85,29.41,56.33,0.0,batting_aggressive_opener_cluster_0,aggressive_opener,57.43,AJ Finch,Gujarat Lions,0,1,1,9,85
Punjab Kings,batting,anchor_opener,P Prafullomani,Manipur,20.77,89.25,100.0,100.0,50.52,76.47,20.98,0.0,batting_tailender_cluster_1,tailender,57.34,RT Ponting,Mumbai Indians,0,1,1,10,86
Punjab Kings,batting,anchor_opener,Aarya Desai,Gujarat,46.12,87.27,100.0,58.3,65.68,23.53,47.89,0.0,batting_aggressive_opener_cluster_0,aggressive_opener,56.85,DJM Short,Rajasthan Royals,0,1,1,11,88
Punjab Kings,batting,anchor_opener,Shubham Sharma,Madhya Pradesh,42.61,74.18,100.0,100.0,37.07,47.06,30.71,0.0,batting_tailender_cluster_1,tailender,56.13,MJ Clarke,Pune Warriors,0,1,1,12,93
Punjab Kings,batting,anchor_opener,Shubham Khajuria,Jammu & Kashmir,41.21,54.19,100.0,100.0,63.26,41.18,34.59,0.0,batting_aggressive_opener_cluster_0,aggressive_opener,55.27,M Vijay,Chennai Super Kings,0,1,1,13,95
Punjab Kings,batting,anchor_opener,Denish Das,Assam,28.86,76.72,100.0,100.0,36.96,70.59,20.22,0.0,batting_tailender_cluster_1,tailender,55.06,SP Goswami,Royal Challengers Bengaluru,0,1,1,14,97
Punjab Kings,batting,anchor_opener,Eknath Kerkar,Goa,32.64,93.12,100.0,100.0,31.44,11.76,50.34,0.0,batting_tailender_cluster_1,tailender,54.85,JEC Franklin,Mumbai Indians,0,1,1,15,98
Punjab Kings,batting,anchor_opener,A Raghuvanshi,Mumbai,42.23,62.27,100.0,48.3,46.25,82.35,33.57,0.0,batting_aggressive_opener_cluster_0,aggressive_opener,53.83,MJ Clarke,Pune Warriors,0,1,1,16,99
Punjab Kings,batting,anchor_opener,G Ajitesh,Tamil Nadu,17.2,59.51,100.0,24.2,20.27,17.65,55.69,0.0,batting_tailender_cluster_2,tailender,39.15,Anuj Rawat,Royal Challengers Bengaluru,0,1,1,17,120
Punjab Kings,allrounder,batting_allrounder,Chirag Jani,Saurashtra,73.17,85.04,100.0,0.0,87.41,92.31,89.63,0.0,allrounder_pure_bowler_cluster_4,pure_bowler,69.32,SM Pollock,Mumbai Indians,0,2,2,1,28
Punjab Kings,allrounder,batting_allrounder,HV Patel,Haryana,94.22,95.99,100.0,0.0,38.56,61.54,99.54,0.0,allrounder_pure_bowler_cluster_4,pure_bowler,68.21,MR Marsh,Delhi Capitals,0,2,2,2,33
Punjab Kings,allrounder,batting_allrounder,Sumit Kumar,Haryana,79.46,96.77,100.0,0.0,79.31,46.15,88.1,0.0,allrounder_pure_bowler_cluster_4,pure_bowler,66.76,Azhar Mahmood,Punjab Kings,0,2,2,3,38
Punjab Kings,allrounder,batting_allrounder,NA Rathva,Baroda,72.89,87.29,100.0,0.0,52.12,100.0,85.4,0.0,allrounder_pure_bowler_cluster_4,pure_bowler,66.42,Shakib Al Hasan,Kolkata Knight Riders,0,2,2,4,40
Punjab Kings,allrounder,batting_allrounder,R Parag,Assam,88.15,74.48,100.0,0.0,60.83,65.38,92.52,0.0,allrounder_pure_bowler_cluster_4,pure_bowler,65.67,PD Collingwood,Delhi Capitals,0,2,2,5,43
Punjab Kings,allrounder,batting_allrounder,N Rana,Delhi,85.62,73.3,100.0,0.0,68.59,61.54,93.81,0.0,allrounder_pure_bowler_cluster_4,pure_bowler,65.51,PD Collingwood,Delhi Capitals,0,2,2,6,44
Punjab Kings,allrounder,batting_allrounder,KH Pandya,Baroda,76.94,89.33,100.0,0.0,67.7,53.85,88.2,0.0,allrounder_pure_bowler_cluster_4,pure_bowler,64.76,SM Pollock,Mumbai Indians,0,2,2,7,47
Punjab Kings,allrounder,batting_allrounder,VR Iyer,Madhya Pradesh,80.31,91.26,100.0,0.0,59.28,38.46,89.42,0.0,allrounder_pure_bowler_cluster_4,pure_bowler,63.47,PD Collingwood,Delhi Capitals,0,2,2,8,55
Punjab Kings,allrounder,batting_allrounder,R Tewatia,Haryana,79.51,79.37,100.0,0.0,55.78,53.85,91.47,0.0,allrounder_pure_bowler_cluster_4,pure_bowler,62.92,ST Jayasuriya,Mumbai Indians,0,2,2,9,57
Punjab Kings,allrounder,batting_allrounder,KV Sharma,Railways,76.29,88.4,100.0,0.0,44.87,53.85,94.12,0.0,allrounder_pure_bowler_cluster_4,pure_bowler,62.8,SM Pollock,Mumbai Indians,0,2,2,10,58
Punjab Kings,allrounder,batting_allrounder,Lalit Yadav,Delhi,79.05,61.82,100.0,0.0,69.48,34.62,91.48,0.0,allrounder_pure_bowler_cluster_4,pure_bowler,59.64,MM Ali,Chennai Super Kings,0,2,2,11,74
Punjab Kings,allrounder,batting_allrounder,S Dube,Mumbai,70.9,82.93,100.0,0.0,61.35,26.92,83.55,0.0,allrounder_pure_bowler_cluster_4,pure_bowler,58.8,BA Stokes,Rajasthan Royals,0,2,2,12,77
Punjab Kings,allrounder,batting_allrounder,Manisankar Murasingh,Tripura,74.2,79.15,100.0,0.0,37.37,11.54,87.52,0.0,allrounder_pure_bowler_cluster_4,pure_bowler,55.36,SM Pollock,Mumbai Indians,0,2,2,13,94
Punjab Kings,allrounder,bowling_allrounder,JD Unadkat,Saurashtra,93.38,97.05,50.0,0.0,56.97,81.25,96.87,100.0,allrounder_bowling_allrounder_cluster_2,bowling_allrounder,74.24,MF Maharoof,Delhi Capitals,1,2,1,1,11
Punjab Kings,allrounder,bowling_allrounder,PP Chawla,Gujarat,86.57,93.92,50.0,0.0,56.98,56.25,92.75,100.0,allrounder_bowling_allrounder_cluster_2,bowling_allrounder,69.5,MF Maharoof,Delhi Capitals,1,2,1,2,27
Punjab Kings,allrounder,bowling_allrounder,A Sheth,Baroda,78.12,92.04,50.0,0.0,55.25,62.5,94.18,100.0,allrounder_bowling_allrounder_cluster_2,bowling_allrounder,68.12,JC Archer,Rajasthan Royals,1,2,1,3,35
Punjab Kings,allrounder,bowling_allrounder,K Gowtham,Karnataka,76.86,83.42,50.0,0.0,76.04,87.5,94.49,0.0,allrounder_pure_bowler_cluster_4,pure_bowler,61.19,MF Maharoof,Delhi Capitals,1,2,1,4,67
Punjab Kings,allrounder,bowling_allrounder,Sanvir Singh,Punjab,80.96,97.86,50.0,0.0,49.31,31.25,98.66,0.0,allrounder_pure_bowler_cluster_4,pure_bowler,56.29,CR Brathwaite,Delhi Capitals,1,2,1,5,90
Punjab Kings,allrounder,bowling_allrounder,Yuvraj Singh,Punjab,67.97,77.04,50.0,0.0,28.69,40.62,64.11,0.0,allrounder_pure_bowler_cluster_4,pure_bowler,45.99,RS Bopara,Punjab Kings,1,2,1,6,109
Punjab Kings,allrounder,bowling_allrounder,Harpreet Singh,Chhattisgarh,79.98,66.56,50.0,0.0,36.02,0.0,87.23,0.0,allrounder_pure_bowler_cluster_4,pure_bowler,45.81,R Tewatia,Gujarat Titans,1,2,1,7,110
Punjab Kings,allrounder,bowling_allrounder,Harsh Tyagi,Railways,64.13,95.29,50.0,0.0,29.96,15.62,46.18,0.0,allrounder_pure_bowler_cluster_4,pure_bowler,43.8,Mohammad Nabi,Sunrisers Hyderabad,1,2,1,8,113
Punjab Kings,allrounder,bowling_allrounder,Rex Rajkumar,Manipur,51.58,97.5,50.0,0.0,36.21,25.0,22.38,0.0,allrounder_pure_bowler_cluster_4,pure_bowler,40.8,R Dhawan,Punjab Kings,1,2,1,9,118
Punjab Kings,allrounder,bowling_allrounder,Kangabam Singh,Manipur,48.07,94.36,50.0,0.0,17.68,0.0,10.54,0.0,allrounder_pure_bowler_cluster_1,pure_bowler,34.09,R McLaren,Mumbai Indians,1,2,1,10,123
Punjab Kings,allrounder,bowling_allrounder,Lalhruaizela,Mizoram,45.83,93.92,50.0,0.0,4.07,0.0,9.24,0.0,allrounder_pure_bowler_cluster_1,pure_bowler,32.09,MN Samuels,Pune Warriors,1,2,1,11,125
Punjab Kings,batting,finisher,RK Singh,Uttar Pradesh,83.26,94.57,50.0,100.0,96.01,94.74,70.13,0.0,batting_aggressive_opener_cluster_0,aggressive_opener,74.43,T Stubbs,Delhi Capitals,1,2,1,1,10
Punjab Kings,batting,finisher,Sanvir Singh,Punjab,68.97,92.73,50.0,97.9,68.45,89.47,55.59,0.0,batting_aggressive_opener_cluster_0,aggressive_opener,66.34,TH David,Mumbai Indians,1,2,1,2,41
Punjab Kings,batting,finisher,KH Pandya,Baroda,59.71,95.77,50.0,100.0,76.49,63.16,71.82,0.0,batting_tailender_cluster_1,tailender,64.95,CL White,Sunrisers Hyderabad,1,2,1,3,45
Punjab Kings,batting,finisher,A Manohar,Karnataka,87.95,79.32,50.0,100.0,47.58,42.11,86.95,0.0,batting_aggressive_opener_cluster_0,aggressive_opener,64.65,H Klaasen,Sunrisers Hyderabad,1,2,1,4,48
Punjab Kings,batting,finisher,Rajat Dey,Tripura,62.25,78.9,50.0,100.0,78.4,73.68,71.89,0.0,batting_aggressive_opener_cluster_0,aggressive_opener,64.18,JP Duminy,Delhi Capitals,1,2,1,5,51
Punjab Kings,batting,finisher,N Wadhera,Punjab,80.71,78.95,50.0,57.9,86.3,52.63,87.8,0.0,batting_aggressive_opener_cluster_0,aggressive_opener,63.95,H Klaasen,Sunrisers Hyderabad,1,2,1,6,53
Punjab Kings,batting,finisher,Jay Gohil,Saurashtra,53.46,76.13,50.0,92.1,72.01,100.0,44.52,0.0,batting_tailender_cluster_1,tailender,60.47,KK Cooper,Rajasthan Royals,1,2,1,7,69
Punjab Kings,batting,finisher,Vishnu Solanki,Baroda,50.3,73.01,50.0,100.0,65.08,78.95,56.92,0.0,batting_tailender_cluster_1,tailender,58.61,MC Henriques,Sunrisers Hyderabad,1,2,1,8,78
Punjab Kings,batting,finisher,R Tewatia,Haryana,71.95,83.33,50.0,100.0,47.83,21.05,72.29,0.0,batting_aggressive_opener_cluster_0,aggressive_opener,58.51,Shashank Singh,Punjab Kings,1,2,1,9,79
Punjab Kings,batting,finisher,Vishvaraj Jadeja,Saurashtra,42.8,86.43,50.0,100.0,58.48,84.21,51.38,0.0,batting_tailender_cluster_1,tailender,58.43,SW Billings,Delhi Capitals,1,2,1,10,80
Punjab Kings,batting,finisher,VR Iyer,Madhya Pradesh,72.9,74.44,50.0,100.0,59.46,36.84,52.88,0.0,batting_aggressive_opener_cluster_0,aggressive_opener,58.16,KK Nair,Delhi Capitals,1,2,1,11,81
Punjab Kings,batting,finisher,Subhransu Senapati,Odisha,66.48,93.51,50.0,100.0,50.71,0.0,73.55,0.0,batting_aggressive_opener_cluster_0,aggressive_opener,57.25,KK Nair,Delhi Capitals,1,2,1,12,87
Punjab Kings,batting,finisher,S Dube,Mumbai,51.04,80.8,50.0,100.0,52.2,68.42,42.76,0.0,batting_tailender_cluster_1,tailender,56.17,Sachin Baby,Royal Challengers Bengaluru,1,2,1,13,91
Punjab Kings,batting,finisher,Sumit Kumar,Haryana,45.74,90.1,50.0,100.0,52.61,47.37,49.5,0.0,batting_tailender_cluster_1,tailender,55.11,AM Nayar,Mumbai Indians,1,2,1,14,96
Punjab Kings,batting,finisher,Chirag Gandhi,Gujarat,45.95,85.84,50.0,100.0,37.36,31.58,72.49,0.0,batting_tailender_cluster_1,tailender,53.71,AC Voges,Rajasthan Royals,1,2,1,15,100
Punjab Kings,batting,finisher,Shubham Pundir,Jammu & Kashmir,43.54,87.81,50.0,100.0,35.0,5.26,57.48,0.0,batting_tailender_cluster_1,tailender,49.15,S Badrinath,Chennai Super Kings,1,2,1,16,105
Punjab Kings,batting,finisher,BA Roy,Assam,65.3,37.58,50.0,42.1,64.57,57.89,59.73,0.0,batting_aggressive_opener_cluster_0,aggressive_opener,48.63,TR Birt,Delhi Capitals,1,2,1,17,106
Punjab Kings,batting,finisher,M Shahrukh Khan,Tamil Nadu,57.42,53.43,50.0,100.0,47.69,10.53,49.85,0.0,batting_tailender_cluster_1,tailender,47.81,MP Stoinis,Lucknow Super Giants,1,2,1,18,107
Punjab Kings,batting,finisher,K L Shrijith,Karnataka,28.58,83.68,50.0,83.8,26.36,15.79,35.49,0.0,batting_tailender_cluster_1,tailender,41.91,AM Nayar,Mumbai Indians,1,2,1,19,114
Punjab Kings,batting,finisher,Fazil Rashid,Jammu & Kashmir,21.93,89.25,50.0,40.4,41.85,26.32,56.34,0.0,batting_tailender_cluster_2,tailender,41.76,TR Birt,Delhi Capitals,1,2,1,20,116
Punjab Kings,bowling,powerplay_bowler,I Sharma,Delhi,75.32,87.48,50.0,100.0,87.18,73.91,96.0,100.0,bowling_powerplay_bowler_cluster_0,powerplay_bowler,81.39,BW Hilfenhaus,Chennai Super Kings,1,2,1,1,4
Punjab Kings,bowling,powerplay_bowler,R Sai Kishore,Tamil Nadu,81.01,80.32,50.0,100.0,45.45,86.96,96.89,100.0,bowling_powerplay_bowler_cluster_0,powerplay_bowler,78.68,A Chandila,Rajasthan Royals,1,2,1,2,5
Punjab Kings,bowling,powerplay_bowler,Chintan Gaja,Gujarat,64.89,83.79,50.0,100.0,48.41,47.83,99.59,100.0,bowling_powerplay_bowler_cluster_0,powerplay_bowler,72.63,MF Maharoof,Delhi Capitals,1,2,1,3,17
Punjab Kings,bowling,powerplay_bowler,Sourabh Majumdar,Chhattisgarh,54.19,78.68,50.0,100.0,46.88,82.61,89.23,100.0,bowling_powerplay_bowler_cluster_0,powerplay_bowler,72.01,GD McGrath,Delhi Capitals,1,2,1,4,19
Punjab Kings,bowling,powerplay_bowler,Mukhtar Hussain,Assam,55.11,96.28,50.0,100.0,44.55,41.3,99.69,100.0,bowling_powerplay_bowler_cluster_0,powerplay_bowler,71.52,A Nehra,Delhi Capitals,1,2,1,5,20
Punjab Kings,bowling,powerplay_bowler,M Prasidh Krishna,Karnataka,54.23,85.6,50.0,100.0,49.09,58.7,92.22,100.0,bowling_powerplay_bowler_cluster_0,powerplay_bowler,71.19,DW Steyn,Sunrisers Hyderabad,1,2,1,6,21
Punjab Kings,bowling,powerplay_bowler,Yuvraj Singh,Punjab,55.17,75.33,50.0,100.0,33.25,78.26,80.75,100.0,bowling_powerplay_bowler_cluster_0,powerplay_bowler,69.06,AM Salvi,Delhi Capitals,1,2,1,7,29
Punjab Kings,bowling,powerplay_bowler,Manisankar Murasingh,Tripura,50.85,88.67,50.0,100.0,25.39,69.57,83.81,100.0,bowling_powerplay_bowler_cluster_0,powerplay_bowler,68.85,P Kumar,Punjab Kings,1,2,1,8,30
Punjab Kings,bowling,powerplay_bowler,Ajay Sarkar,Tripura,40.25,75.64,50.0,100.0,47.27,95.65,74.15,100.0,bowling_powerplay_bowler_cluster_0,powerplay_bowler,68.6,IK Pathan,Delhi Capitals,1,2,1,9,31
Punjab Kings,bowling,powerplay_bowler,A Kamboj,Haryana,67.34,81.87,50.0,52.5,51.2,52.17,93.36,100.0,bowling_powerplay_bowler_cluster_0,powerplay_bowler,68.17,KMDN Kulasekara,Chennai Super Kings,1,2,1,10,34
Punjab Kings,bowling,powerplay_bowler,CV Varun,Tamil Nadu,67.09,65.87,50.0,48.8,72.47,58.7,91.93,100.0,bowling_powerplay_bowler_cluster_0,powerplay_bowler,67.99,MF Maharoof,Delhi Capitals,1,2,1,11,36
Punjab Kings,bowling,powerplay_bowler,SZ Mulani,Mumbai,74.56,84.0,50.0,100.0,81.79,41.3,97.58,0.0,bowling_middle_overs_bowler_cluster_1,middle_overs_bowler,67.08,Iqbal Abdulla,Kolkata Knight Riders,1,2,1,12,37
Punjab Kings,bowling,powerplay_bowler,SI Sopariya,Baroda,60.31,55.18,50.0,62.5,64.03,91.3,68.21,100.0,bowling_powerplay_bowler_cluster_0,powerplay_bowler,66.44,AA Chavan,Rajasthan Royals,1,2,1,13,39
Punjab Kings,bowling,powerplay_bowler,Mrinmoy Dutta,Assam,48.97,70.97,50.0,100.0,40.52,34.78,90.32,100.0,bowling_powerplay_bowler_cluster_0,powerplay_bowler,64.5,JA Morkel,Chennai Super Kings,1,2,1,14,49
Punjab Kings,bowling,powerplay_bowler,Bishworjit Konthoujam,Manipur,56.27,82.61,50.0,100.0,13.57,26.09,87.21,100.0,bowling_powerplay_bowler_cluster_0,powerplay_bowler,63.83,AB Dinda,Kolkata Knight Riders,1,2,1,15,54
Punjab Kings,bowling,powerplay_bowler,Mohit Jangra,Mizoram,34.06,77.31,50.0,87.5,45.91,65.22,67.08,100.0,bowling_powerplay_bowler_cluster_0,powerplay_bowler,62.48,DJ Willey,Royal Challengers Bengaluru,1,2,1,16,63
Punjab Kings,bowling,powerplay_bowler,Rex Rajkumar,Manipur,40.03,91.95,50.0,100.0,25.91,13.04,62.04,100.0,bowling_powerplay_bowler_cluster_0,powerplay_bowler,59.4,S Tyagi,Chennai Super Kings,1,2,1,17,75
Punjab Kings,bowling,powerplay_bowler,SN Patel,Gujarat,49.58,75.85,50.0,43.8,48.54,30.43,70.83,100.0,bowling_powerplay_bowler_cluster_0,powerplay_bowler,58.15,A Choudhary,Royal Challengers Bengaluru,1,2,1,18,82
Punjab Kings,bowling,powerplay_bowler,Lalhruai Ralte,Mizoram,24.32,88.63,50.0,100.0,46.66,0.0,2.76,100.0,bowling_powerplay_bowler_cluster_0,powerplay_bowler,50.6,MJ Henry,Lucknow Super Giants,1,2,1,19,102
Punjab Kings,bowling,powerplay_bowler,Remruatdika Ralte,Mizoram,30.77,87.35,50.0,100.0,26.88,4.35,53.93,0.0,bowling_middle_overs_bowler_cluster_1,middle_overs_bowler,45.27,AL Menaria,Rajasthan Royals,1,2,1,20,111
Punjab Kings,bowling,powerplay_bowler,AK Sarkar,Tripura,12.93,88.89,50.0,93.8,43.18,17.39,30.49,0.0,bowling_middle_overs_bowler_cluster_2,middle_overs_bowler,41.91,AA Jhunjhunwala,Rajasthan Royals,1,2,1,21,115
Punjab Kings,bowling,powerplay_bowler,AR Pandey,Railways,18.29,91.62,50.0,100.0,16.43,21.74,3.97,0.0,bowling_middle_overs_bowler_cluster_2,middle_overs_bowler,39.11,Fazalhaq Farooqi,Sunrisers Hyderabad,1,2,1,22,121
Punjab Kings,bowling,powerplay_bowler,BM Chingakham,Manipur,11.09,92.12,50.0,50.0,16.88,8.7,20.02,0.0,bowling_middle_overs_bowler_cluster_2,middle_overs_bowler,33.1,KJ Abbott,Punjab Kings,1,2,1,23,124
Punjab Kings,batting,top_order_anchor,RM Patidar,Madhya Pradesh,89.81,78.34,100.0,100.0,96.17,100.0,95.54,0.0,batting_aggressive_opener_cluster_0,aggressive_opener,83.88,C Connolly,Punjab Kings,0,1,1,1,3
Punjab Kings,batting,top_order_anchor,N Rana,Delhi,83.66,84.24,100.0,100.0,79.7,57.14,92.6,0.0,batting_aggressive_opener_cluster_0,aggressive_opener,77.31,D Brevis,Mumbai Indians,0,1,1,2,6
Punjab Kings,batting,top_order_anchor,Anmolpreet Singh,Punjab,74.57,74.03,100.0,100.0,98.7,92.86,70.17,0.0,batting_aggressive_opener_cluster_0,aggressive_opener,77.19,AB de Villiers,Royal Challengers Bengaluru,0,1,1,3,7
Punjab Kings,batting,top_order_anchor,Mandeep Singh,Punjab,80.64,63.68,100.0,100.0,76.96,85.71,93.41,0.0,batting_aggressive_opener_cluster_0,aggressive_opener,76.29,C Green,Mumbai Indians,0,1,1,4,8
Punjab Kings,batting,top_order_anchor,SS Iyer,Mumbai,85.88,76.28,100.0,100.0,61.68,64.29,96.79,0.0,batting_aggressive_opener_cluster_0,aggressive_opener,75.89,C Connolly,Punjab Kings,0,1,1,5,9
Punjab Kings,batting,top_order_anchor,R Parag,Assam,81.7,60.81,100.0,100.0,61.33,78.57,93.82,0.0,batting_aggressive_opener_cluster_0,aggressive_opener,73.83,RM Patidar,Royal Challengers Bengaluru,0,1,1,6,13
Punjab Kings,batting,top_order_anchor,Harpreet Singh,Chhattisgarh,75.28,66.96,100.0,100.0,72.91,50.0,86.1,0.0,batting_aggressive_opener_cluster_0,aggressive_opener,71.0,SE Marsh,Punjab Kings,0,1,1,7,22
Punjab Kings,batting,top_order_anchor,SA Yadav,Mumbai,84.78,64.84,100.0,100.0,45.87,71.43,74.64,0.0,batting_aggressive_opener_cluster_0,aggressive_opener,70.88,RR Pant,Delhi Capitals,0,1,1,8,23
Punjab Kings,batting,top_order_anchor,A Badoni,Delhi,51.9,72.69,100.0,100.0,84.81,35.71,65.49,0.0,batting_tailender_cluster_1,tailender,64.88,PD Collingwood,Delhi Capitals,0,1,1,9,46
Punjab Kings,batting,top_order_anchor,YV Dhull,Delhi,51.42,67.73,100.0,100.0,53.23,42.86,83.35,0.0,batting_aggressive_opener_cluster_0,aggressive_opener,63.39,KS Williamson,Sunrisers Hyderabad,0,1,1,10,56
Punjab Kings,batting,top_order_anchor,Himanshu Rana,Haryana,57.37,82.74,100.0,100.0,35.3,21.43,70.08,0.0,batting_aggressive_opener_cluster_0,aggressive_opener,61.57,D Padikkal,Royal Challengers Bengaluru,0,1,1,11,65
Punjab Kings,batting,top_order_anchor,MK Pandey,Karnataka,71.14,60.27,100.0,100.0,23.59,14.29,79.8,0.0,batting_aggressive_opener_cluster_0,aggressive_opener,60.04,PD Collingwood,Delhi Capitals,0,1,1,12,71
Punjab Kings,batting,top_order_anchor,Amandeep Khare,Chhattisgarh,48.3,87.46,100.0,100.0,27.77,7.14,67.1,0.0,batting_tailender_cluster_1,tailender,57.98,KS Williamson,Sunrisers Hyderabad,0,1,1,13,84
Punjab Kings,batting,top_order_anchor,N Sindhu,Haryana,58.37,57.15,100.0,60.4,45.27,28.57,80.45,0.0,batting_aggressive_opener_cluster_0,aggressive_opener,56.72,MN van Wyk,Kolkata Knight Riders,0,1,1,14,89
Punjab Kings,allrounder,utility_player,SZ Mulani,Mumbai,74.05,86.68,50.0,0.0,81.13,86.88,93.74,0.0,allrounder_pure_bowler_cluster_4,pure_bowler,61.49,M Morkel,Delhi Capitals,1,2,1,1,66
Punjab Kings,allrounder,utility_player,AV Rajput,Baroda,82.04,96.03,50.0,0.0,64.96,63.12,96.07,0.0,allrounder_pure_bowler_cluster_4,pure_bowler,60.73,AB McDonald,Delhi Capitals,1,2,1,2,68
Punjab Kings,allrounder,utility_player,A Badoni,Delhi,62.34,96.01,50.0,0.0,57.78,57.19,70.31,0.0,allrounder_pure_bowler_cluster_4,pure_bowler,52.9,Sikandar Raza,Punjab Kings,1,2,1,3,101
Punjab Kings,allrounder,utility_player,Mandeep Singh,Punjab,70.8,87.15,50.0,0.0,38.05,37.5,72.98,0.0,allrounder_pure_bowler_cluster_4,pure_bowler,49.59,A Badoni,Lucknow Super Giants,1,2,1,4,103
Punjab Kings,allrounder,utility_player,Shivam Chaudhary,Railways,60.75,94.82,50.0,0.0,53.07,58.44,44.43,0.0,allrounder_pure_bowler_cluster_4,pure_bowler,49.47,TM Dilshan,Delhi Capitals,1,2,1,5,104
Punjab Kings,allrounder,utility_player,Dharmendrasinh Jadeja,Saurashtra,61.8,94.57,50.0,0.0,39.57,40.0,46.56,0.0,allrounder_pure_bowler_cluster_4,pure_bowler,46.66,B Lee,Punjab Kings,1,2,1,6,108
Punjab Kings,allrounder,utility_player,AR Pandey,Railways,51.9,96.18,50.0,0.0,44.74,42.19,42.09,0.0,allrounder_pure_bowler_cluster_4,pure_bowler,45.21,R Sathish,Mumbai Indians,1,2,1,7,112
Punjab Kings,allrounder,utility_player,L Kishan Singha,Manipur,50.34,95.06,50.0,0.0,36.25,40.94,17.5,0.0,allrounder_pure_bowler_cluster_1,pure_bowler,41.3,S Nadeem,Delhi Capitals,1,2,1,8,117
Punjab Kings,allrounder,utility_player,KS Sharma,Uttar Pradesh,65.33,71.08,50.0,0.0,18.35,12.5,63.79,0.0,allrounder_pure_bowler_cluster_4,pure_bowler,40.69,B Lee,Punjab Kings,1,2,1,9,119
Punjab Kings,allrounder,utility_player,Lalhruai Ralte,Mizoram,40.76,95.09,50.0,0.0,38.71,36.25,3.84,0.0,allrounder_pure_bowler_cluster_1,pure_bowler,37.8,JDS Neesham,Delhi Capitals,1,2,1,10,122
Rajasthan Royals,batting,aggressive_opener,AM Rahane,Mumbai,84.08,98.36,100.0,100.0,92.61,82.35,94.69,100.0,batting_aggressive_opener_cluster_0,aggressive_opener,93.54,Shubman Gill,Gujarat Titans,0,2,2,1,1
Rajasthan Royals,batting,aggressive_opener,PP Shaw,Mumbai,89.28,94.38,100.0,100.0,64.73,94.12,86.71,100.0,batting_aggressive_opener_cluster_0,aggressive_opener,91.57,P Simran Singh,Punjab Kings,0,2,2,2,2
Rajasthan Royals,batting,aggressive_opener,Tarang Gohel,Saurashtra,73.21,87.3,100.0,77.9,82.88,100.0,24.66,100.0,batting_aggressive_opener_cluster_0,aggressive_opener,81.28,JG Bethell,Royal Challengers Bengaluru,0,2,2,3,6
Rajasthan Royals,batting,aggressive_opener,HV Patel,Haryana,85.9,75.85,100.0,100.0,65.22,41.18,66.82,100.0,batting_aggressive_opener_cluster_0,aggressive_opener,80.88,J Fraser-McGurk,Delhi Capitals,0,2,2,4,7
Rajasthan Royals,batting,aggressive_opener,P Simran Singh,Punjab,79.34,81.01,100.0,100.0,64.1,52.94,48.88,100.0,batting_aggressive_opener_cluster_0,aggressive_opener,79.61,DR Smith,Chennai Super Kings,0,2,2,5,9
Rajasthan Royals,batting,aggressive_opener,D Padikkal,Karnataka,85.96,90.4,100.0,100.0,17.17,11.76,94.76,100.0,batting_aggressive_opener_cluster_0,aggressive_opener,78.12,DP Conway,Chennai Super Kings,0,2,2,6,10
Rajasthan Royals,batting,aggressive_opener,H Desai,Saurashtra,51.02,91.11,100.0,100.0,75.05,88.24,28.34,100.0,batting_aggressive_opener_cluster_0,aggressive_opener,78.03,S Sohal,Punjab Kings,0,2,2,7,11
Rajasthan Royals,batting,aggressive_opener,AD Chopra,Mizoram,83.63,60.9,100.0,47.1,83.04,76.47,57.59,100.0,batting_aggressive_opener_cluster_0,aggressive_opener,77.28,HM Amla,Punjab Kings,0,2,2,8,14
Rajasthan Royals,batting,aggressive_opener,Hari Nishaanth,Tamil Nadu,62.19,80.02,100.0,100.0,74.57,64.71,25.86,100.0,batting_aggressive_opener_cluster_0,aggressive_opener,75.95,PA Patel,Mumbai Indians,0,2,2,9,18
Rajasthan Royals,batting,aggressive_opener,MA Agarwal,Karnataka,60.67,89.56,100.0,100.0,62.34,35.29,29.63,100.0,batting_aggressive_opener_cluster_0,aggressive_opener,73.29,MA Agarwal,Punjab Kings,0,2,2,10,29
Rajasthan Royals,batting,aggressive_opener,Ankit Kumar,Haryana,70.21,53.71,100.0,60.8,73.91,47.06,50.14,100.0,batting_aggressive_opener_cluster_0,aggressive_opener,70.29,AD Hales,Sunrisers Hyderabad,0,2,2,11,39
Rajasthan Royals,batting,aggressive_opener,Vivek Singh,Bengal,72.93,85.91,100.0,100.0,27.72,17.65,30.07,100.0,batting_aggressive_opener_cluster_0,aggressive_opener,70.02,WP Saha,Punjab Kings,0,2,2,12,40
Rajasthan Royals,batting,aggressive_opener,Rishav Das,Assam,49.31,86.56,100.0,100.0,60.38,23.53,37.66,100.0,batting_aggressive_opener_cluster_0,aggressive_opener,70.0,PA Patel,Mumbai Indians,0,2,2,13,41
Rajasthan Royals,batting,aggressive_opener,Jyotsnil Singh,Baroda,59.71,83.02,100.0,61.2,65.0,29.41,44.74,100.0,batting_aggressive_opener_cluster_0,aggressive_opener,69.43,AD Hales,Sunrisers Hyderabad,0,2,2,14,44
Rajasthan Royals,batting,aggressive_opener,Abishek Porel,Bengal,56.99,82.9,100.0,34.6,53.15,70.59,25.08,100.0,batting_aggressive_opener_cluster_0,aggressive_opener,67.18,JG Bethell,Royal Challengers Bengaluru,0,2,2,15,56
Rajasthan Royals,batting,aggressive_opener,HP Gawli,Madhya Pradesh,54.68,89.88,100.0,32.5,42.23,58.82,27.15,100.0,batting_aggressive_opener_cluster_0,aggressive_opener,65.49,UT Khawaja,Rising Pune Supergiant,0,2,2,16,66
Rajasthan Royals,batting,aggressive_opener,Shashank Chandrakar,Chhattisgarh,67.0,75.48,100.0,100.0,10.33,5.88,23.03,100.0,batting_aggressive_opener_cluster_0,aggressive_opener,63.65,PA Patel,Mumbai Indians,0,2,2,17,80
Rajasthan Royals,batting,anchor_opener,Shivam Chaudhary,Railways,59.39,93.46,100.0,100.0,55.11,100.0,75.67,0.0,batting_aggressive_opener_cluster_0,aggressive_opener,73.98,SR Tendulkar,Mumbai Indians,0,1,1,1,26
Rajasthan Royals,batting,anchor_opener,Pratham Singh,Railways,66.51,89.58,100.0,100.0,66.63,88.24,58.51,0.0,batting_aggressive_opener_cluster_0,aggressive_opener,73.08,M Vijay,Chennai Super Kings,0,1,1,2,31
Rajasthan Royals,batting,anchor_opener,AV Rajput,Baroda,49.72,82.9,100.0,100.0,70.54,35.29,64.05,0.0,batting_aggressive_opener_cluster_0,aggressive_opener,64.37,RS Bopara,Punjab Kings,0,1,1,3,75
Rajasthan Royals,batting,anchor_opener,Saurav Chauhan,Gujarat,44.06,66.09,100.0,100.0,82.61,52.94,67.86,0.0,batting_aggressive_opener_cluster_0,aggressive_opener,64.07,DJM Short,Rajasthan Royals,0,1,1,4,77
Rajasthan Royals,batting,anchor_opener,Abhishek Goswami,Uttar Pradesh,46.43,65.56,100.0,100.0,79.27,58.82,46.98,0.0,batting_aggressive_opener_cluster_0,aggressive_opener,62.63,DJM Short,Rajasthan Royals,0,1,1,5,87
Rajasthan Royals,batting,anchor_opener,Arpit Gaud,Madhya Pradesh,38.34,78.66,100.0,89.6,40.05,94.12,33.99,0.0,batting_aggressive_opener_cluster_0,aggressive_opener,60.24,RE Levi,Mumbai Indians,0,1,1,6,95
Rajasthan Royals,batting,anchor_opener,Qamran Iqbal,Jammu & Kashmir,51.05,51.14,100.0,100.0,64.29,64.71,39.95,0.0,batting_aggressive_opener_cluster_0,aggressive_opener,59.78,LMP Simmons,Mumbai Indians,0,1,1,7,97
Rajasthan Royals,batting,anchor_opener,Bikramkumar Das,Tripura,56.02,86.75,100.0,100.0,9.95,5.88,82.86,0.0,batting_aggressive_opener_cluster_0,aggressive_opener,59.09,R Dravid,Rajasthan Royals,0,1,1,8,100
Rajasthan Royals,batting,anchor_opener,KS Sharma,Uttar Pradesh,54.32,68.68,100.0,100.0,26.85,29.41,56.33,0.0,batting_aggressive_opener_cluster_0,aggressive_opener,57.43,AJ Finch,Gujarat Lions,0,1,1,9,111
Rajasthan Royals,batting,anchor_opener,P Prafullomani,Manipur,20.77,89.25,100.0,100.0,50.52,76.47,20.98,0.0,batting_tailender_cluster_1,tailender,57.34,RT Ponting,Mumbai Indians,0,1,1,10,113
Rajasthan Royals,batting,anchor_opener,Aarya Desai,Gujarat,46.12,87.27,100.0,58.3,65.68,23.53,47.89,0.0,batting_aggressive_opener_cluster_0,aggressive_opener,56.85,DJM Short,Rajasthan Royals,0,1,1,11,117
Rajasthan Royals,batting,anchor_opener,Shubham Sharma,Madhya Pradesh,42.61,74.18,100.0,100.0,37.07,47.06,30.71,0.0,batting_tailender_cluster_1,tailender,56.13,MJ Clarke,Pune Warriors,0,1,1,12,121
Rajasthan Royals,batting,anchor_opener,Shubham Khajuria,Jammu & Kashmir,41.21,54.19,100.0,100.0,63.26,41.18,34.59,0.0,batting_aggressive_opener_cluster_0,aggressive_opener,55.27,M Vijay,Chennai Super Kings,0,1,1,13,124
Rajasthan Royals,batting,anchor_opener,Denish Das,Assam,28.86,76.72,100.0,100.0,36.96,70.59,20.22,0.0,batting_tailender_cluster_1,tailender,55.06,SP Goswami,Royal Challengers Bengaluru,0,1,1,14,126
Rajasthan Royals,batting,anchor_opener,Eknath Kerkar,Goa,32.64,93.12,100.0,100.0,31.44,11.76,50.34,0.0,batting_tailender_cluster_1,tailender,54.85,JEC Franklin,Mumbai Indians,0,1,1,15,127
Rajasthan Royals,batting,anchor_opener,A Raghuvanshi,Mumbai,42.23,62.27,100.0,48.3,46.25,82.35,33.57,0.0,batting_aggressive_opener_cluster_0,aggressive_opener,53.83,MJ Clarke,Pune Warriors,0,1,1,16,130
Rajasthan Royals,batting,anchor_opener,G Ajitesh,Tamil Nadu,17.2,59.51,100.0,24.2,20.27,17.65,55.69,0.0,batting_tailender_cluster_2,tailender,39.15,Anuj Rawat,Royal Challengers Bengaluru,0,1,1,17,164
Rajasthan Royals,allrounder,batting_allrounder,Chirag Jani,Saurashtra,73.17,85.04,100.0,0.0,87.41,92.31,89.63,0.0,allrounder_pure_bowler_cluster_4,pure_bowler,69.32,SM Pollock,Mumbai Indians,0,2,2,1,45
Rajasthan Royals,allrounder,batting_allrounder,HV Patel,Haryana,94.22,95.99,100.0,0.0,38.56,61.54,99.54,0.0,allrounder_pure_bowler_cluster_4,pure_bowler,68.21,MR Marsh,Delhi Capitals,0,2,2,2,52
Rajasthan Royals,allrounder,batting_allrounder,Sumit Kumar,Haryana,79.46,96.77,100.0,0.0,79.31,46.15,88.1,0.0,allrounder_pure_bowler_cluster_4,pure_bowler,66.76,Azhar Mahmood,Punjab Kings,0,2,2,3,58
Rajasthan Royals,allrounder,batting_allrounder,NA Rathva,Baroda,72.89,87.29,100.0,0.0,52.12,100.0,85.4,0.0,allrounder_pure_bowler_cluster_4,pure_bowler,66.42,Shakib Al Hasan,Kolkata Knight Riders,0,2,2,4,60
Rajasthan Royals,allrounder,batting_allrounder,R Parag,Assam,88.15,74.48,100.0,0.0,60.83,65.38,92.52,0.0,allrounder_pure_bowler_cluster_4,pure_bowler,65.67,PD Collingwood,Delhi Capitals,0,2,2,5,64
Rajasthan Royals,allrounder,batting_allrounder,N Rana,Delhi,85.62,73.3,100.0,0.0,68.59,61.54,93.81,0.0,allrounder_pure_bowler_cluster_4,pure_bowler,65.51,PD Collingwood,Delhi Capitals,0,2,2,6,65
Rajasthan Royals,allrounder,batting_allrounder,KH Pandya,Baroda,76.94,89.33,100.0,0.0,67.7,53.85,88.2,0.0,allrounder_pure_bowler_cluster_4,pure_bowler,64.76,SM Pollock,Mumbai Indians,0,2,2,7,71
Rajasthan Royals,allrounder,batting_allrounder,VR Iyer,Madhya Pradesh,80.31,91.26,100.0,0.0,59.28,38.46,89.42,0.0,allrounder_pure_bowler_cluster_4,pure_bowler,63.47,PD Collingwood,Delhi Capitals,0,2,2,8,81
Rajasthan Royals,allrounder,batting_allrounder,R Tewatia,Haryana,79.51,79.37,100.0,0.0,55.78,53.85,91.47,0.0,allrounder_pure_bowler_cluster_4,pure_bowler,62.92,ST Jayasuriya,Mumbai Indians,0,2,2,9,85
Rajasthan Royals,allrounder,batting_allrounder,KV Sharma,Railways,76.29,88.4,100.0,0.0,44.87,53.85,94.12,0.0,allrounder_pure_bowler_cluster_4,pure_bowler,62.8,SM Pollock,Mumbai Indians,0,2,2,10,86
Rajasthan Royals,allrounder,batting_allrounder,Lalit Yadav,Delhi,79.05,61.82,100.0,0.0,69.48,34.62,91.48,0.0,allrounder_pure_bowler_cluster_4,pure_bowler,59.64,MM Ali,Chennai Super Kings,0,2,2,11,98
Rajasthan Royals,allrounder,batting_allrounder,S Dube,Mumbai,70.9,82.93,100.0,0.0,61.35,26.92,83.55,0.0,allrounder_pure_bowler_cluster_4,pure_bowler,58.8,BA Stokes,Rajasthan Royals,0,2,2,12,102
Rajasthan Royals,allrounder,batting_allrounder,Manisankar Murasingh,Tripura,74.2,79.15,100.0,0.0,37.37,11.54,87.52,0.0,allrounder_pure_bowler_cluster_4,pure_bowler,55.36,SM Pollock,Mumbai Indians,0,2,2,13,123
Rajasthan Royals,allrounder,bowling_allrounder,JD Unadkat,Saurashtra,93.38,97.05,100.0,0.0,56.97,81.25,96.87,100.0,allrounder_bowling_allrounder_cluster_2,bowling_allrounder,81.74,MF Maharoof,Delhi Capitals,0,2,2,1,4
Rajasthan Royals,allrounder,bowling_allrounder,PP Chawla,Gujarat,86.57,93.92,100.0,0.0,56.98,56.25,92.75,100.0,allrounder_bowling_allrounder_cluster_2,bowling_allrounder,77.0,MF Maharoof,Delhi Capitals,0,2,2,2,16
Rajasthan Royals,allrounder,bowling_allrounder,A Sheth,Baroda,78.12,92.04,100.0,0.0,55.25,62.5,94.18,100.0,allrounder_bowling_allrounder_cluster_2,bowling_allrounder,75.62,JC Archer,Rajasthan Royals,0,2,2,3,20
Rajasthan Royals,allrounder,bowling_allrounder,K Gowtham,Karnataka,76.86,83.42,100.0,0.0,76.04,87.5,94.49,0.0,allrounder_pure_bowler_cluster_4,pure_bowler,68.69,MF Maharoof,Delhi Capitals,0,2,2,4,50
Rajasthan Royals,allrounder,bowling_allrounder,Sanvir Singh,Punjab,80.96,97.86,100.0,0.0,49.31,31.25,98.66,0.0,allrounder_pure_bowler_cluster_4,pure_bowler,63.79,CR Brathwaite,Delhi Capitals,0,2,2,5,79
Rajasthan Royals,allrounder,bowling_allrounder,Yuvraj Singh,Punjab,67.97,77.04,100.0,0.0,28.69,40.62,64.11,0.0,allrounder_pure_bowler_cluster_4,pure_bowler,53.49,RS Bopara,Punjab Kings,0,2,2,6,133
Rajasthan Royals,allrounder,bowling_allrounder,Harpreet Singh,Chhattisgarh,79.98,66.56,100.0,0.0,36.02,0.0,87.23,0.0,allrounder_pure_bowler_cluster_4,pure_bowler,53.31,R Tewatia,Gujarat Titans,0,2,2,7,135
Rajasthan Royals,allrounder,bowling_allrounder,Harsh Tyagi,Railways,64.13,95.29,100.0,0.0,29.96,15.62,46.18,0.0,allrounder_pure_bowler_cluster_4,pure_bowler,51.3,Mohammad Nabi,Sunrisers Hyderabad,0,2,2,8,141
Rajasthan Royals,allrounder,bowling_allrounder,Rex Rajkumar,Manipur,51.58,97.5,100.0,0.0,36.21,25.0,22.38,0.0,allrounder_pure_bowler_cluster_4,pure_bowler,48.3,R Dhawan,Punjab Kings,0,2,2,9,148
Rajasthan Royals,allrounder,bowling_allrounder,Kangabam Singh,Manipur,48.07,94.36,100.0,0.0,17.68,0.0,10.54,0.0,allrounder_pure_bowler_cluster_1,pure_bowler,41.59,R McLaren,Mumbai Indians,0,2,2,10,161
Rajasthan Royals,allrounder,bowling_allrounder,Lalhruaizela,Mizoram,45.83,93.92,100.0,0.0,4.07,0.0,9.24,0.0,allrounder_pure_bowler_cluster_1,pure_bowler,39.59,MN Samuels,Pune Warriors,0,2,2,11,162
Rajasthan Royals,bowling,death_bowler,JD Unadkat,Saurashtra,81.52,93.8,50.0,100.0,83.64,92.86,98.94,0.0,bowling_powerplay_bowler_cluster_0,powerplay_bowler,75.42,Sohail Tanvir,Rajasthan Royals,1,2,1,1,21
Rajasthan Royals,bowling,death_bowler,B Kumar,Uttar Pradesh,88.45,95.2,50.0,100.0,90.97,64.29,98.79,0.0,bowling_powerplay_bowler_cluster_0,powerplay_bowler,74.88,SL Malinga,Mumbai Indians,1,2,1,2,23
Rajasthan Royals,bowling,death_bowler,LI Meriwala,Baroda,66.94,85.6,50.0,100.0,74.22,78.57,97.95,0.0,bowling_powerplay_bowler_cluster_0,powerplay_bowler,68.8,SL Malinga,Mumbai Indians,1,2,1,3,49
Rajasthan Royals,bowling,death_bowler,V Kaverappa,Karnataka,74.11,90.46,50.0,58.8,59.55,85.71,97.51,0.0,bowling_powerplay_bowler_cluster_0,powerplay_bowler,66.05,T Thushara,Chennai Super Kings,1,2,1,4,63
Rajasthan Royals,bowling,death_bowler,DS Kulkarni,Mumbai,65.36,93.01,50.0,100.0,52.73,57.14,99.65,0.0,bowling_powerplay_bowler_cluster_0,powerplay_bowler,65.48,DE Bollinger,Chennai Super Kings,1,2,1,5,67
Rajasthan Royals,bowling,death_bowler,TU Deshpande,Mumbai,69.07,92.34,50.0,100.0,46.2,50.0,98.72,0.0,bowling_powerplay_bowler_cluster_0,powerplay_bowler,64.66,CK Langeveldt,Kolkata Knight Riders,1,2,1,6,72
Rajasthan Royals,bowling,death_bowler,A Sheth,Baroda,61.22,83.58,50.0,100.0,65.13,42.86,99.59,0.0,bowling_powerplay_bowler_cluster_0,powerplay_bowler,63.04,MA Starc,Royal Challengers Bengaluru,1,2,1,7,84
Rajasthan Royals,bowling,death_bowler,N Rana,Delhi,62.2,66.03,50.0,100.0,60.91,71.43,88.95,0.0,bowling_middle_overs_bowler_cluster_1,middle_overs_bowler,61.97,L Balaji,Kolkata Knight Riders,1,2,1,8,88
Rajasthan Royals,bowling,death_bowler,A Nagwaswalla,Gujarat,70.08,88.97,50.0,100.0,60.68,3.57,97.33,0.0,bowling_powerplay_bowler_cluster_0,powerplay_bowler,61.02,RJ Harris,Punjab Kings,1,2,1,9,91
Rajasthan Royals,bowling,death_bowler,Mohit Avasthi,Mumbai,61.74,79.23,50.0,100.0,63.08,28.57,98.91,0.0,bowling_powerplay_bowler_cluster_0,powerplay_bowler,60.79,A Singh,Rajasthan Royals,1,2,1,10,92
Rajasthan Royals,bowling,death_bowler,S Kaul,Punjab,58.4,77.27,50.0,100.0,66.17,14.29,95.6,0.0,bowling_powerplay_bowler_cluster_0,powerplay_bowler,58.38,SL Malinga,Mumbai Indians,1,2,1,11,106
Rajasthan Royals,bowling,death_bowler,SN Thakur,Mumbai,53.1,85.15,50.0,100.0,37.56,3.57,98.03,0.0,bowling_powerplay_bowler_cluster_0,powerplay_bowler,54.81,WD Parnell,Pune Warriors,1,2,1,12,128
Rajasthan Royals,bowling,death_bowler,T Natarajan,Tamil Nadu,46.67,88.42,50.0,100.0,9.03,21.43,93.79,0.0,bowling_powerplay_bowler_cluster_0,powerplay_bowler,52.52,Mustafizur Rahman,Sunrisers Hyderabad,1,2,1,13,140
Rajasthan Royals,bowling,death_bowler,Akash Sengupta,Assam,45.4,78.51,50.0,57.9,67.37,35.71,58.13,0.0,bowling_powerplay_bowler_cluster_0,powerplay_bowler,50.27,Umar Gul,Kolkata Knight Riders,1,2,1,14,142
Rajasthan Royals,batting,finisher,RK Singh,Uttar Pradesh,83.26,94.57,50.0,100.0,96.01,94.74,70.13,0.0,batting_aggressive_opener_cluster_0,aggressive_opener,74.43,T Stubbs,Delhi Capitals,1,2,1,1,25
Rajasthan Royals,batting,finisher,Sanvir Singh,Punjab,68.97,92.73,50.0,97.9,68.45,89.47,55.59,0.0,batting_aggressive_opener_cluster_0,aggressive_opener,66.34,TH David,Mumbai Indians,1,2,1,2,61
Rajasthan Royals,batting,finisher,KH Pandya,Baroda,59.71,95.77,50.0,100.0,76.49,63.16,71.82,0.0,batting_tailender_cluster_1,tailender,64.95,CL White,Sunrisers Hyderabad,1,2,1,3,69
Rajasthan Royals,batting,finisher,A Manohar,Karnataka,87.95,79.32,50.0,100.0,47.58,42.11,86.95,0.0,batting_aggressive_opener_cluster_0,aggressive_opener,64.65,H Klaasen,Sunrisers Hyderabad,1,2,1,4,74
Rajasthan Royals,batting,finisher,Rajat Dey,Tripura,62.25,78.9,50.0,100.0,78.4,73.68,71.89,0.0,batting_aggressive_opener_cluster_0,aggressive_opener,64.18,JP Duminy,Delhi Capitals,1,2,1,5,76
Rajasthan Royals,batting,finisher,N Wadhera,Punjab,80.71,78.95,50.0,57.9,86.3,52.63,87.8,0.0,batting_aggressive_opener_cluster_0,aggressive_opener,63.95,H Klaasen,Sunrisers Hyderabad,1,2,1,6,78
Rajasthan Royals,batting,finisher,Jay Gohil,Saurashtra,53.46,76.13,50.0,92.1,72.01,100.0,44.52,0.0,batting_tailender_cluster_1,tailender,60.47,KK Cooper,Rajasthan Royals,1,2,1,7,93
Rajasthan Royals,batting,finisher,Vishnu Solanki,Baroda,50.3,73.01,50.0,100.0,65.08,78.95,56.92,0.0,batting_tailender_cluster_1,tailender,58.61,MC Henriques,Sunrisers Hyderabad,1,2,1,8,103
Rajasthan Royals,batting,finisher,R Tewatia,Haryana,71.95,83.33,50.0,100.0,47.83,21.05,72.29,0.0,batting_aggressive_opener_cluster_0,aggressive_opener,58.51,Shashank Singh,Punjab Kings,1,2,1,9,104
Rajasthan Royals,batting,finisher,Vishvaraj Jadeja,Saurashtra,42.8,86.43,50.0,100.0,58.48,84.21,51.38,0.0,batting_tailender_cluster_1,tailender,58.43,SW Billings,Delhi Capitals,1,2,1,10,105
Rajasthan Royals,batting,finisher,VR Iyer,Madhya Pradesh,72.9,74.44,50.0,100.0,59.46,36.84,52.88,0.0,batting_aggressive_opener_cluster_0,aggressive_opener,58.16,KK Nair,Delhi Capitals,1,2,1,11,107
Rajasthan Royals,batting,finisher,Subhransu Senapati,Odisha,66.48,93.51,50.0,100.0,50.71,0.0,73.55,0.0,batting_aggressive_opener_cluster_0,aggressive_opener,57.25,KK Nair,Delhi Capitals,1,2,1,12,114
Rajasthan Royals,batting,finisher,S Dube,Mumbai,51.04,80.8,50.0,100.0,52.2,68.42,42.76,0.0,batting_tailender_cluster_1,tailender,56.17,Sachin Baby,Royal Challengers Bengaluru,1,2,1,13,120
Rajasthan Royals,batting,finisher,Sumit Kumar,Haryana,45.74,90.1,50.0,100.0,52.61,47.37,49.5,0.0,batting_tailender_cluster_1,tailender,55.11,AM Nayar,Mumbai Indians,1,2,1,14,125
Rajasthan Royals,batting,finisher,Chirag Gandhi,Gujarat,45.95,85.84,50.0,100.0,37.36,31.58,72.49,0.0,batting_tailender_cluster_1,tailender,53.71,AC Voges,Rajasthan Royals,1,2,1,15,132
Rajasthan Royals,batting,finisher,Shubham Pundir,Jammu & Kashmir,43.54,87.81,50.0,100.0,35.0,5.26,57.48,0.0,batting_tailender_cluster_1,tailender,49.15,S Badrinath,Chennai Super Kings,1,2,1,16,144
Rajasthan Royals,batting,finisher,BA Roy,Assam,65.3,37.58,50.0,42.1,64.57,57.89,59.73,0.0,batting_aggressive_opener_cluster_0,aggressive_opener,48.63,TR Birt,Delhi Capitals,1,2,1,17,147
Rajasthan Royals,batting,finisher,M Shahrukh Khan,Tamil Nadu,57.42,53.43,50.0,100.0,47.69,10.53,49.85,0.0,batting_tailender_cluster_1,tailender,47.81,MP Stoinis,Lucknow Super Giants,1,2,1,18,151
Rajasthan Royals,batting,finisher,K L Shrijith,Karnataka,28.58,83.68,50.0,83.8,26.36,15.79,35.49,0.0,batting_tailender_cluster_1,tailender,41.91,AM Nayar,Mumbai Indians,1,2,1,19,159
Rajasthan Royals,batting,finisher,Fazil Rashid,Jammu & Kashmir,21.93,89.25,50.0,40.4,41.85,26.32,56.34,0.0,batting_tailender_cluster_2,tailender,41.76,TR Birt,Delhi Capitals,1,2,1,20,160
Rajasthan Royals,batting,middle_order,YBK Jaiswal,Mumbai,63.81,88.31,100.0,100.0,68.59,100.0,24.79,0.0,batting_aggressive_opener_cluster_0,aggressive_opener,70.35,RA Tripathi,Sunrisers Hyderabad,0,2,2,1,38
Rajasthan Royals,batting,middle_order,SS Sharma,Baroda,58.75,79.22,100.0,67.9,72.36,80.0,82.64,0.0,batting_aggressive_opener_cluster_0,aggressive_opener,68.92,PHKD Mendis,Sunrisers Hyderabad,0,2,2,2,48
Rajasthan Royals,batting,middle_order,UR Kumar,Gujarat,68.39,66.97,100.0,52.5,69.32,86.67,70.24,0.0,batting_aggressive_opener_cluster_0,aggressive_opener,66.6,PHKD Mendis,Sunrisers Hyderabad,0,2,2,3,59
Rajasthan Royals,batting,middle_order,B Sai Sudharsan,Tamil Nadu,52.85,83.33,100.0,100.0,46.33,40.0,79.55,0.0,batting_aggressive_opener_cluster_0,aggressive_opener,64.66,SS Tiwary,Mumbai Indians,0,2,2,4,73
Rajasthan Royals,batting,middle_order,Sudip Chatterjee,Bengal,42.96,92.4,100.0,100.0,14.48,26.67,76.62,0.0,batting_tailender_cluster_1,tailender,59.23,FY Fazal,Rajasthan Royals,0,2,2,5,99
Rajasthan Royals,batting,middle_order,Rex Rajkumar,Manipur,23.28,86.29,100.0,100.0,28.91,73.33,52.7,0.0,batting_tailender_cluster_1,tailender,58.09,M Kaif,Rajasthan Royals,0,2,2,6,108
Rajasthan Royals,batting,middle_order,Ganesh Satish,Vidarbha,32.31,76.0,100.0,100.0,46.3,46.67,45.36,0.0,batting_tailender_cluster_1,tailender,56.69,MC Juneja,Delhi Capitals,0,2,2,7,119
Rajasthan Royals,batting,middle_order,Joseph Lalthankhuma,Mizoram,12.15,89.78,100.0,85.4,24.54,93.33,18.53,0.0,batting_tailender_cluster_1,tailender,53.08,CJ Ferguson,Pune Warriors,0,2,2,8,137
Rajasthan Royals,batting,middle_order,Bhanu Pania,Baroda,25.18,84.32,100.0,100.0,29.7,13.33,59.63,0.0,batting_tailender_cluster_1,tailender,52.95,DT Christian,Sunrisers Hyderabad,0,2,2,9,138
Rajasthan Royals,batting,middle_order,Karan Lal,Bengal,21.64,60.56,100.0,69.2,45.87,53.33,40.62,0.0,batting_tailender_cluster_1,tailender,49.31,LA Carseldine,Rajasthan Royals,0,2,2,10,143
Rajasthan Royals,batting,middle_order,Sanjeet Desai,Chhattisgarh,24.74,49.27,100.0,87.9,24.54,66.67,38.85,0.0,batting_tailender_cluster_1,tailender,49.13,KS Bharat,Royal Challengers Bengaluru,0,2,2,11,145
Rajasthan Royals,batting,middle_order,Mohit Jangra,Mizoram,23.79,71.08,100.0,40.0,29.16,60.0,44.8,0.0,batting_tailender_cluster_1,tailender,47.82,AJ Turner,Rajasthan Royals,0,2,2,12,150
Rajasthan Royals,batting,middle_order,Kangabam Singh,Manipur,17.65,85.64,100.0,100.0,32.88,6.67,23.69,0.0,batting_tailender_cluster_1,tailender,47.7,CJ Ferguson,Pune Warriors,0,2,2,13,152
Rajasthan Royals,batting,middle_order,Henan Nazir,Jammu & Kashmir,19.08,64.23,100.0,52.9,34.4,33.33,35.99,0.0,batting_tailender_cluster_1,tailender,44.11,MC Juneja,Delhi Capitals,0,2,2,14,157
Rajasthan Royals,batting,middle_order,Lalhruaizela,Mizoram,13.01,84.73,100.0,100.0,5.98,0.0,19.33,0.0,batting_tailender_cluster_2,tailender,42.84,CJ Ferguson,Pune Warriors,0,2,2,15,158
Rajasthan Royals,batting,middle_order,J Anderson,Mizoram,11.85,73.79,100.0,45.8,24.46,20.0,16.98,0.0,batting_tailender_cluster_2,tailender,39.16,MS Wade,Gujarat Titans,0,2,2,16,163
Rajasthan Royals,batting,middle_order,SK Gharami,Bengal,1.77,73.29,100.0,22.9,6.9,0.0,14.31,0.0,batting_tailender_cluster_2,tailender,30.76,AA Bilakhia,Sunrisers Hyderabad,0,2,2,17,165
Rajasthan Royals,bowling,middle_overs_bowler,Tanush Kotian,Mumbai,73.76,87.25,50.0,100.0,85.52,78.12,96.97,100.0,bowling_middle_overs_bowler_cluster_1,middle_overs_bowler,81.4,PP Chawla,Punjab Kings,1,2,1,1,5
Rajasthan Royals,bowling,middle_overs_bowler,K Kartikeya,Madhya Pradesh,72.65,92.06,50.0,100.0,76.79,71.88,97.95,100.0,bowling_middle_overs_bowler_cluster_1,middle_overs_bowler,80.5,R Sharma,Pune Warriors,1,2,1,2,8
Rajasthan Royals,bowling,middle_overs_bowler,Abid Mushtaq,Jammu & Kashmir,71.53,85.47,50.0,100.0,55.55,81.25,89.96,100.0,bowling_middle_overs_bowler_cluster_1,middle_overs_bowler,77.3,M Muralitharan,Chennai Super Kings,1,2,1,3,13
Rajasthan Royals,bowling,middle_overs_bowler,KH Pandya,Baroda,50.66,96.16,50.0,100.0,62.21,87.5,79.32,100.0,bowling_middle_overs_bowler_cluster_1,middle_overs_bowler,74.96,R Ashwin,Chennai Super Kings,1,2,1,4,22
Rajasthan Royals,bowling,middle_overs_bowler,Lalit Yadav,Delhi,48.78,91.15,50.0,100.0,80.52,75.0,83.54,100.0,bowling_middle_overs_bowler_cluster_1,middle_overs_bowler,74.83,J Botha,Rajasthan Royals,1,2,1,5,24
Rajasthan Royals,bowling,middle_overs_bowler,K Gowtham,Karnataka,53.74,92.01,50.0,100.0,76.95,46.88,95.04,100.0,bowling_middle_overs_bowler_cluster_1,middle_overs_bowler,73.94,PP Ojha,Sunrisers Hyderabad,1,2,1,6,27
Rajasthan Royals,bowling,middle_overs_bowler,R Parag,Assam,56.89,84.34,50.0,100.0,42.73,84.38,89.54,100.0,bowling_middle_overs_bowler_cluster_1,middle_overs_bowler,73.19,A Kumble,Royal Challengers Bengaluru,1,2,1,7,30
Rajasthan Royals,bowling,middle_overs_bowler,Chirag Jani,Saurashtra,44.74,90.05,50.0,100.0,83.93,67.19,78.27,100.0,bowling_middle_overs_bowler_cluster_1,middle_overs_bowler,72.89,JH Kallis,Kolkata Knight Riders,1,2,1,8,32
Rajasthan Royals,bowling,middle_overs_bowler,KC Cariappa,Karnataka,82.87,98.42,50.0,100.0,43.25,96.88,98.34,0.0,bowling_powerplay_bowler_cluster_0,powerplay_bowler,72.68,SP Narine,Kolkata Knight Riders,1,2,1,9,33
Rajasthan Royals,bowling,middle_overs_bowler,YS Chahal,Haryana,44.6,69.85,50.0,100.0,83.77,90.62,79.4,100.0,bowling_middle_overs_bowler_cluster_1,middle_overs_bowler,72.28,MJ Santner,Chennai Super Kings,1,2,1,10,34
Rajasthan Royals,bowling,middle_overs_bowler,Saransh Jain,Madhya Pradesh,42.59,76.82,50.0,100.0,71.66,93.75,75.7,100.0,bowling_middle_overs_bowler_cluster_1,middle_overs_bowler,71.65,IS Sodhi,Rajasthan Royals,1,2,1,11,35
Rajasthan Royals,bowling,middle_overs_bowler,M Markande,Punjab,47.14,92.92,50.0,100.0,63.9,28.12,97.84,100.0,bowling_middle_overs_bowler_cluster_1,middle_overs_bowler,69.85,RD Chahar,Mumbai Indians,1,2,1,12,42
Rajasthan Royals,bowling,middle_overs_bowler,VR Iyer,Madhya Pradesh,49.79,85.89,50.0,100.0,60.52,40.62,93.4,100.0,bowling_middle_overs_bowler_cluster_1,middle_overs_bowler,69.8,J Botha,Rajasthan Royals,1,2,1,13,43
Rajasthan Royals,bowling,middle_overs_bowler,SS Agarwal,Chhattisgarh,60.9,93.39,50.0,100.0,32.34,25.0,97.81,100.0,bowling_middle_overs_bowler_cluster_1,middle_overs_bowler,69.2,Rashid Khan,Sunrisers Hyderabad,1,2,1,14,46
Rajasthan Royals,bowling,middle_overs_bowler,Dharmendrasinh Jadeja,Saurashtra,43.9,81.92,50.0,100.0,39.19,67.19,86.34,100.0,bowling_middle_overs_bowler_cluster_1,middle_overs_bowler,67.84,MM Ali,Chennai Super Kings,1,2,1,15,53
Rajasthan Royals,bowling,middle_overs_bowler,Shiva Singh,Uttar Pradesh,47.29,83.77,50.0,100.0,49.25,57.81,74.11,100.0,bowling_middle_overs_bowler_cluster_1,middle_overs_bowler,67.64,M Kartik,Kolkata Knight Riders,1,2,1,16,54
Rajasthan Royals,bowling,middle_overs_bowler,PP Chawla,Gujarat,86.69,94.53,50.0,100.0,52.89,34.38,97.43,0.0,bowling_powerplay_bowler_cluster_0,powerplay_bowler,67.49,PP Ojha,Sunrisers Hyderabad,1,2,1,17,55
Rajasthan Royals,bowling,middle_overs_bowler,Jasmer Dhankhar,Uttar Pradesh,50.91,80.72,50.0,55.0,70.91,57.81,89.9,100.0,bowling_middle_overs_bowler_cluster_1,middle_overs_bowler,67.15,MJ Clarke,Pune Warriors,1,2,1,18,57
Rajasthan Royals,bowling,middle_overs_bowler,J Yadav,Haryana,53.08,93.99,50.0,100.0,17.66,37.5,83.58,100.0,bowling_middle_overs_bowler_cluster_1,middle_overs_bowler,66.09,AR Patel,Delhi Capitals,1,2,1,19,62
Rajasthan Royals,bowling,middle_overs_bowler,NA Rathva,Baroda,58.36,86.42,50.0,100.0,14.71,15.62,98.47,100.0,bowling_middle_overs_bowler_cluster_1,middle_overs_bowler,65.02,PP Ojha,Sunrisers Hyderabad,1,2,1,20,68
Rajasthan Royals,bowling,middle_overs_bowler,KV Sharma,Railways,49.69,90.54,50.0,100.0,22.34,12.5,85.97,100.0,bowling_middle_overs_bowler_cluster_1,middle_overs_bowler,63.1,P Negi,Royal Challengers Bengaluru,1,2,1,21,83
Rajasthan Royals,bowling,middle_overs_bowler,S Dube,Mumbai,31.7,78.52,50.0,100.0,61.98,50.0,46.41,100.0,bowling_middle_overs_bowler_cluster_1,middle_overs_bowler,61.46,CR Brathwaite,Delhi Capitals,1,2,1,22,90
Rajasthan Royals,bowling,middle_overs_bowler,TC Vanlalremruata,Mizoram,42.38,75.45,50.0,43.8,59.16,43.75,70.85,100.0,bowling_middle_overs_bowler_cluster_1,middle_overs_bowler,59.05,Gurkeerat Singh,Punjab Kings,1,2,1,23,101
Rajasthan Royals,bowling,middle_overs_bowler,Shivam Chaudhary,Railways,27.84,89.74,50.0,100.0,30.52,21.88,63.0,100.0,bowling_middle_overs_bowler_cluster_2,middle_overs_bowler,58.07,TM Dilshan,Delhi Capitals,1,2,1,24,109
Rajasthan Royals,bowling,middle_overs_bowler,Harsh Tyagi,Railways,38.76,85.82,50.0,100.0,15.06,0.0,77.18,100.0,bowling_middle_overs_bowler_cluster_1,middle_overs_bowler,57.35,M Kartik,Kolkata Knight Riders,1,2,1,25,112
Rajasthan Royals,bowling,middle_overs_bowler,Sahil Lotra,Jammu & Kashmir,35.65,81.51,50.0,46.2,41.43,62.5,39.99,100.0,bowling_middle_overs_bowler_cluster_2,middle_overs_bowler,55.87,P Dubey,Delhi Capitals,1,2,1,26,122
Rajasthan Royals,bowling,middle_overs_bowler,Shivam Shukla,Madhya Pradesh,32.72,68.13,50.0,43.8,47.95,53.12,50.21,100.0,bowling_middle_overs_bowler_cluster_1,middle_overs_bowler,53.77,Gurkeerat Singh,Punjab Kings,1,2,1,27,131
Rajasthan Royals,bowling,middle_overs_bowler,AV Rajput,Baroda,29.0,89.22,50.0,60.0,58.7,6.25,41.86,100.0,bowling_middle_overs_bowler_cluster_1,middle_overs_bowler,53.36,V Puthur,Mumbai Indians,1,2,1,28,134
Rajasthan Royals,bowling,middle_overs_bowler,L Kishan Singha,Manipur,31.62,62.32,50.0,100.0,33.64,18.75,47.28,100.0,bowling_middle_overs_bowler_cluster_1,middle_overs_bowler,53.14,Harpreet Brar,Punjab Kings,1,2,1,29,136
Rajasthan Royals,bowling,middle_overs_bowler,Rahul Batham,Madhya Pradesh,21.37,54.65,50.0,85.0,38.73,9.38,41.07,100.0,bowling_middle_overs_bowler_cluster_1,middle_overs_bowler,47.39,PD Collingwood,Delhi Capitals,1,2,1,30,153
Rajasthan Royals,bowling,middle_overs_bowler,Akash Pandey,Railways,44.94,82.3,50.0,50.0,60.13,3.12,67.35,0.0,bowling_powerplay_bowler_cluster_0,powerplay_bowler,46.89,DG Nalkande,Gujarat Titans,1,2,1,31,154
Rajasthan Royals,bowling,middle_overs_bowler,S Hegde,Karnataka,12.56,79.53,50.0,43.8,24.61,31.25,28.05,100.0,bowling_middle_overs_bowler_cluster_2,middle_overs_bowler,44.71,MK Lomror,Rajasthan Royals,1,2,1,32,156
Rajasthan Royals,batting,top_order_anchor,RM Patidar,Madhya Pradesh,89.81,78.34,100.0,100.0,96.17,100.0,95.54,0.0,batting_aggressive_opener_cluster_0,aggressive_opener,83.88,C Connolly,Punjab Kings,0,1,1,1,3
Rajasthan Royals,batting,top_order_anchor,N Rana,Delhi,83.66,84.24,100.0,100.0,79.7,57.14,92.6,0.0,batting_aggressive_opener_cluster_0,aggressive_opener,77.31,D Brevis,Mumbai Indians,0,1,1,2,12
Rajasthan Royals,batting,top_order_anchor,Anmolpreet Singh,Punjab,74.57,74.03,100.0,100.0,98.7,92.86,70.17,0.0,batting_aggressive_opener_cluster_0,aggressive_opener,77.19,AB de Villiers,Royal Challengers Bengaluru,0,1,1,3,15
Rajasthan Royals,batting,top_order_anchor,Mandeep Singh,Punjab,80.64,63.68,100.0,100.0,76.96,85.71,93.41,0.0,batting_aggressive_opener_cluster_0,aggressive_opener,76.29,C Green,Mumbai Indians,0,1,1,4,17
Rajasthan Royals,batting,top_order_anchor,SS Iyer,Mumbai,85.88,76.28,100.0,100.0,61.68,64.29,96.79,0.0,batting_aggressive_opener_cluster_0,aggressive_opener,75.89,C Connolly,Punjab Kings,0,1,1,5,19
Rajasthan Royals,batting,top_order_anchor,R Parag,Assam,81.7,60.81,100.0,100.0,61.33,78.57,93.82,0.0,batting_aggressive_opener_cluster_0,aggressive_opener,73.83,RM Patidar,Royal Challengers Bengaluru,0,1,1,6,28
Rajasthan Royals,batting,top_order_anchor,Harpreet Singh,Chhattisgarh,75.28,66.96,100.0,100.0,72.91,50.0,86.1,0.0,batting_aggressive_opener_cluster_0,aggressive_opener,71.0,SE Marsh,Punjab Kings,0,1,1,7,36
Rajasthan Royals,batting,top_order_anchor,SA Yadav,Mumbai,84.78,64.84,100.0,100.0,45.87,71.43,74.64,0.0,batting_aggressive_opener_cluster_0,aggressive_opener,70.88,RR Pant,Delhi Capitals,0,1,1,8,37
Rajasthan Royals,batting,top_order_anchor,A Badoni,Delhi,51.9,72.69,100.0,100.0,84.81,35.71,65.49,0.0,batting_tailender_cluster_1,tailender,64.88,PD Collingwood,Delhi Capitals,0,1,1,9,70
Rajasthan Royals,batting,top_order_anchor,YV Dhull,Delhi,51.42,67.73,100.0,100.0,53.23,42.86,83.35,0.0,batting_aggressive_opener_cluster_0,aggressive_opener,63.39,KS Williamson,Sunrisers Hyderabad,0,1,1,10,82
Rajasthan Royals,batting,top_order_anchor,Himanshu Rana,Haryana,57.37,82.74,100.0,100.0,35.3,21.43,70.08,0.0,batting_aggressive_opener_cluster_0,aggressive_opener,61.57,D Padikkal,Royal Challengers Bengaluru,0,1,1,11,89
Rajasthan Royals,batting,top_order_anchor,MK Pandey,Karnataka,71.14,60.27,100.0,100.0,23.59,14.29,79.8,0.0,batting_aggressive_opener_cluster_0,aggressive_opener,60.04,PD Collingwood,Delhi Capitals,0,1,1,12,96
Rajasthan Royals,batting,top_order_anchor,Amandeep Khare,Chhattisgarh,48.3,87.46,100.0,100.0,27.77,7.14,67.1,0.0,batting_tailender_cluster_1,tailender,57.98,KS Williamson,Sunrisers Hyderabad,0,1,1,13,110
Rajasthan Royals,batting,top_order_anchor,N Sindhu,Haryana,58.37,57.15,100.0,60.4,45.27,28.57,80.45,0.0,batting_aggressive_opener_cluster_0,aggressive_opener,56.72,MN van Wyk,Kolkata Knight Riders,0,1,1,14,118
Rajasthan Royals,allrounder,utility_player,SZ Mulani,Mumbai,74.05,86.68,100.0,0.0,81.13,86.88,93.74,0.0,allrounder_pure_bowler_cluster_4,pure_bowler,68.99,M Morkel,Delhi Capitals,0,2,2,1,47
Rajasthan Royals,allrounder,utility_player,AV Rajput,Baroda,82.04,96.03,100.0,0.0,64.96,63.12,96.07,0.0,allrounder_pure_bowler_cluster_4,pure_bowler,68.23,AB McDonald,Delhi Capitals,0,2,2,2,51
Rajasthan Royals,allrounder,utility_player,A Badoni,Delhi,62.34,96.01,100.0,0.0,57.78,57.19,70.31,0.0,allrounder_pure_bowler_cluster_4,pure_bowler,60.4,Sikandar Raza,Punjab Kings,0,2,2,3,94
Rajasthan Royals,allrounder,utility_player,Mandeep Singh,Punjab,70.8,87.15,100.0,0.0,38.05,37.5,72.98,0.0,allrounder_pure_bowler_cluster_4,pure_bowler,57.09,A Badoni,Lucknow Super Giants,0,2,2,4,115
Rajasthan Royals,allrounder,utility_player,Shivam Chaudhary,Railways,60.75,94.82,100.0,0.0,53.07,58.44,44.43,0.0,allrounder_pure_bowler_cluster_4,pure_bowler,56.97,TM Dilshan,Delhi Capitals,0,2,2,5,116
Rajasthan Royals,allrounder,utility_player,Dharmendrasinh Jadeja,Saurashtra,61.8,94.57,100.0,0.0,39.57,40.0,46.56,0.0,allrounder_pure_bowler_cluster_4,pure_bowler,54.16,B Lee,Punjab Kings,0,2,2,6,129
Rajasthan Royals,allrounder,utility_player,AR Pandey,Railways,51.9,96.18,100.0,0.0,44.74,42.19,42.09,0.0,allrounder_pure_bowler_cluster_4,pure_bowler,52.71,R Sathish,Mumbai Indians,0,2,2,7,139
Rajasthan Royals,allrounder,utility_player,L Kishan Singha,Manipur,50.34,95.06,100.0,0.0,36.25,40.94,17.5,0.0,allrounder_pure_bowler_cluster_1,pure_bowler,48.8,S Nadeem,Delhi Capitals,0,2,2,8,146
Rajasthan Royals,allrounder,utility_player,KS Sharma,Uttar Pradesh,65.33,71.08,100.0,0.0,18.35,12.5,63.79,0.0,allrounder_pure_bowler_cluster_4,pure_bowler,48.19,B Lee,Punjab Kings,0,2,2,9,149
Rajasthan Royals,allrounder,utility_player,Lalhruai Ralte,Mizoram,40.76,95.09,100.0,0.0,38.71,36.25,3.84,0.0,allrounder_pure_bowler_cluster_1,pure_bowler,45.3,JDS Neesham,Delhi Capitals,0,2,2,10,155
Royal Challengers Bengaluru,batting,aggressive_opener,AM Rahane,Mumbai,84.08,98.36,100.0,100.0,92.61,82.35,94.69,100.0,batting_aggressive_opener_cluster_0,aggressive_opener,93.54,Shubman Gill,Gujarat Titans,0,2,2,1,1
Royal Challengers Bengaluru,batting,aggressive_opener,PP Shaw,Mumbai,89.28,94.38,100.0,100.0,64.73,94.12,86.71,100.0,batting_aggressive_opener_cluster_0,aggressive_opener,91.57,P Simran Singh,Punjab Kings,0,2,2,2,2
Royal Challengers Bengaluru,batting,aggressive_opener,Tarang Gohel,Saurashtra,73.21,87.3,100.0,77.9,82.88,100.0,24.66,100.0,batting_aggressive_opener_cluster_0,aggressive_opener,81.28,JG Bethell,Royal Challengers Bengaluru,0,2,2,3,8
Royal Challengers Bengaluru,batting,aggressive_opener,HV Patel,Haryana,85.9,75.85,100.0,100.0,65.22,41.18,66.82,100.0,batting_aggressive_opener_cluster_0,aggressive_opener,80.88,J Fraser-McGurk,Delhi Capitals,0,2,2,4,9
Royal Challengers Bengaluru,batting,aggressive_opener,P Simran Singh,Punjab,79.34,81.01,100.0,100.0,64.1,52.94,48.88,100.0,batting_aggressive_opener_cluster_0,aggressive_opener,79.61,DR Smith,Chennai Super Kings,0,2,2,5,10
Royal Challengers Bengaluru,batting,aggressive_opener,D Padikkal,Karnataka,85.96,90.4,100.0,100.0,17.17,11.76,94.76,100.0,batting_aggressive_opener_cluster_0,aggressive_opener,78.12,DP Conway,Chennai Super Kings,0,2,2,6,11
Royal Challengers Bengaluru,batting,aggressive_opener,H Desai,Saurashtra,51.02,91.11,100.0,100.0,75.05,88.24,28.34,100.0,batting_aggressive_opener_cluster_0,aggressive_opener,78.03,S Sohal,Punjab Kings,0,2,2,7,12
Royal Challengers Bengaluru,batting,aggressive_opener,AD Chopra,Mizoram,83.63,60.9,100.0,47.1,83.04,76.47,57.59,100.0,batting_aggressive_opener_cluster_0,aggressive_opener,77.28,HM Amla,Punjab Kings,0,2,2,8,14
Royal Challengers Bengaluru,batting,aggressive_opener,Hari Nishaanth,Tamil Nadu,62.19,80.02,100.0,100.0,74.57,64.71,25.86,100.0,batting_aggressive_opener_cluster_0,aggressive_opener,75.95,PA Patel,Mumbai Indians,0,2,2,9,19
Royal Challengers Bengaluru,batting,aggressive_opener,MA Agarwal,Karnataka,60.67,89.56,100.0,100.0,62.34,35.29,29.63,100.0,batting_aggressive_opener_cluster_0,aggressive_opener,73.29,MA Agarwal,Punjab Kings,0,2,2,10,26
Royal Challengers Bengaluru,batting,aggressive_opener,Ankit Kumar,Haryana,70.21,53.71,100.0,60.8,73.91,47.06,50.14,100.0,batting_aggressive_opener_cluster_0,aggressive_opener,70.29,AD Hales,Sunrisers Hyderabad,0,2,2,11,38
Royal Challengers Bengaluru,batting,aggressive_opener,Vivek Singh,Bengal,72.93,85.91,100.0,100.0,27.72,17.65,30.07,100.0,batting_aggressive_opener_cluster_0,aggressive_opener,70.02,WP Saha,Punjab Kings,0,2,2,12,39
Royal Challengers Bengaluru,batting,aggressive_opener,Rishav Das,Assam,49.31,86.56,100.0,100.0,60.38,23.53,37.66,100.0,batting_aggressive_opener_cluster_0,aggressive_opener,70.0,PA Patel,Mumbai Indians,0,2,2,13,40
Royal Challengers Bengaluru,batting,aggressive_opener,Jyotsnil Singh,Baroda,59.71,83.02,100.0,61.2,65.0,29.41,44.74,100.0,batting_aggressive_opener_cluster_0,aggressive_opener,69.43,AD Hales,Sunrisers Hyderabad,0,2,2,14,42
Royal Challengers Bengaluru,batting,aggressive_opener,Abishek Porel,Bengal,56.99,82.9,100.0,34.6,53.15,70.59,25.08,100.0,batting_aggressive_opener_cluster_0,aggressive_opener,67.18,JG Bethell,Royal Challengers Bengaluru,0,2,2,15,52
Royal Challengers Bengaluru,batting,aggressive_opener,HP Gawli,Madhya Pradesh,54.68,89.88,100.0,32.5,42.23,58.82,27.15,100.0,batting_aggressive_opener_cluster_0,aggressive_opener,65.49,UT Khawaja,Rising Pune Supergiant,0,2,2,16,63
Royal Challengers Bengaluru,batting,aggressive_opener,Shashank Chandrakar,Chhattisgarh,67.0,75.48,100.0,100.0,10.33,5.88,23.03,100.0,batting_aggressive_opener_cluster_0,aggressive_opener,63.65,PA Patel,Mumbai Indians,0,2,2,17,72
Royal Challengers Bengaluru,batting,anchor_opener,Shivam Chaudhary,Railways,59.39,93.46,100.0,100.0,55.11,100.0,75.67,0.0,batting_aggressive_opener_cluster_0,aggressive_opener,73.98,SR Tendulkar,Mumbai Indians,0,1,1,1,22
Royal Challengers Bengaluru,batting,anchor_opener,Pratham Singh,Railways,66.51,89.58,100.0,100.0,66.63,88.24,58.51,0.0,batting_aggressive_opener_cluster_0,aggressive_opener,73.08,M Vijay,Chennai Super Kings,0,1,1,2,27
Royal Challengers Bengaluru,batting,anchor_opener,AV Rajput,Baroda,49.72,82.9,100.0,100.0,70.54,35.29,64.05,0.0,batting_aggressive_opener_cluster_0,aggressive_opener,64.37,RS Bopara,Punjab Kings,0,1,1,3,68
Royal Challengers Bengaluru,batting,anchor_opener,Saurav Chauhan,Gujarat,44.06,66.09,100.0,100.0,82.61,52.94,67.86,0.0,batting_aggressive_opener_cluster_0,aggressive_opener,64.07,DJM Short,Rajasthan Royals,0,1,1,4,69
Royal Challengers Bengaluru,batting,anchor_opener,Abhishek Goswami,Uttar Pradesh,46.43,65.56,100.0,100.0,79.27,58.82,46.98,0.0,batting_aggressive_opener_cluster_0,aggressive_opener,62.63,DJM Short,Rajasthan Royals,0,1,1,5,77
Royal Challengers Bengaluru,batting,anchor_opener,Arpit Gaud,Madhya Pradesh,38.34,78.66,100.0,89.6,40.05,94.12,33.99,0.0,batting_aggressive_opener_cluster_0,aggressive_opener,60.24,RE Levi,Mumbai Indians,0,1,1,6,83
Royal Challengers Bengaluru,batting,anchor_opener,Qamran Iqbal,Jammu & Kashmir,51.05,51.14,100.0,100.0,64.29,64.71,39.95,0.0,batting_aggressive_opener_cluster_0,aggressive_opener,59.78,LMP Simmons,Mumbai Indians,0,1,1,7,86
Royal Challengers Bengaluru,batting,anchor_opener,Bikramkumar Das,Tripura,56.02,86.75,100.0,100.0,9.95,5.88,82.86,0.0,batting_aggressive_opener_cluster_0,aggressive_opener,59.09,R Dravid,Rajasthan Royals,0,1,1,8,89
Royal Challengers Bengaluru,batting,anchor_opener,KS Sharma,Uttar Pradesh,54.32,68.68,100.0,100.0,26.85,29.41,56.33,0.0,batting_aggressive_opener_cluster_0,aggressive_opener,57.43,AJ Finch,Gujarat Lions,0,1,1,9,94
Royal Challengers Bengaluru,batting,anchor_opener,P Prafullomani,Manipur,20.77,89.25,100.0,100.0,50.52,76.47,20.98,0.0,batting_tailender_cluster_1,tailender,57.34,RT Ponting,Mumbai Indians,0,1,1,10,95
Royal Challengers Bengaluru,batting,anchor_opener,Aarya Desai,Gujarat,46.12,87.27,100.0,58.3,65.68,23.53,47.89,0.0,batting_aggressive_opener_cluster_0,aggressive_opener,56.85,DJM Short,Rajasthan Royals,0,1,1,11,98
Royal Challengers Bengaluru,batting,anchor_opener,Shubham Sharma,Madhya Pradesh,42.61,74.18,100.0,100.0,37.07,47.06,30.71,0.0,batting_tailender_cluster_1,tailender,56.13,MJ Clarke,Pune Warriors,0,1,1,12,102
Royal Challengers Bengaluru,batting,anchor_opener,Shubham Khajuria,Jammu & Kashmir,41.21,54.19,100.0,100.0,63.26,41.18,34.59,0.0,batting_aggressive_opener_cluster_0,aggressive_opener,55.27,M Vijay,Chennai Super Kings,0,1,1,13,106
Royal Challengers Bengaluru,batting,anchor_opener,Denish Das,Assam,28.86,76.72,100.0,100.0,36.96,70.59,20.22,0.0,batting_tailender_cluster_1,tailender,55.06,SP Goswami,Royal Challengers Bengaluru,0,1,1,14,107
Royal Challengers Bengaluru,batting,anchor_opener,Eknath Kerkar,Goa,32.64,93.12,100.0,100.0,31.44,11.76,50.34,0.0,batting_tailender_cluster_1,tailender,54.85,JEC Franklin,Mumbai Indians,0,1,1,15,108
Royal Challengers Bengaluru,batting,anchor_opener,A Raghuvanshi,Mumbai,42.23,62.27,100.0,48.3,46.25,82.35,33.57,0.0,batting_aggressive_opener_cluster_0,aggressive_opener,53.83,MJ Clarke,Pune Warriors,0,1,1,16,110
Royal Challengers Bengaluru,batting,anchor_opener,G Ajitesh,Tamil Nadu,17.2,59.51,100.0,24.2,20.27,17.65,55.69,0.0,batting_tailender_cluster_2,tailender,39.15,Anuj Rawat,Royal Challengers Bengaluru,0,1,1,17,132
Royal Challengers Bengaluru,allrounder,batting_allrounder,Chirag Jani,Saurashtra,73.17,85.04,100.0,0.0,87.41,92.31,89.63,0.0,allrounder_pure_bowler_cluster_4,pure_bowler,69.32,SM Pollock,Mumbai Indians,0,2,2,1,43
Royal Challengers Bengaluru,allrounder,batting_allrounder,HV Patel,Haryana,94.22,95.99,100.0,0.0,38.56,61.54,99.54,0.0,allrounder_pure_bowler_cluster_4,pure_bowler,68.21,MR Marsh,Delhi Capitals,0,2,2,2,50
Royal Challengers Bengaluru,allrounder,batting_allrounder,Sumit Kumar,Haryana,79.46,96.77,100.0,0.0,79.31,46.15,88.1,0.0,allrounder_pure_bowler_cluster_4,pure_bowler,66.76,Azhar Mahmood,Punjab Kings,0,2,2,3,53
Royal Challengers Bengaluru,allrounder,batting_allrounder,NA Rathva,Baroda,72.89,87.29,100.0,0.0,52.12,100.0,85.4,0.0,allrounder_pure_bowler_cluster_4,pure_bowler,66.42,Shakib Al Hasan,Kolkata Knight Riders,0,2,2,4,55
Royal Challengers Bengaluru,allrounder,batting_allrounder,R Parag,Assam,88.15,74.48,100.0,0.0,60.83,65.38,92.52,0.0,allrounder_pure_bowler_cluster_4,pure_bowler,65.67,PD Collingwood,Delhi Capitals,0,2,2,5,60
Royal Challengers Bengaluru,allrounder,batting_allrounder,N Rana,Delhi,85.62,73.3,100.0,0.0,68.59,61.54,93.81,0.0,allrounder_pure_bowler_cluster_4,pure_bowler,65.51,PD Collingwood,Delhi Capitals,0,2,2,6,62
Royal Challengers Bengaluru,allrounder,batting_allrounder,KH Pandya,Baroda,76.94,89.33,100.0,0.0,67.7,53.85,88.2,0.0,allrounder_pure_bowler_cluster_4,pure_bowler,64.76,SM Pollock,Mumbai Indians,0,2,2,7,65
Royal Challengers Bengaluru,allrounder,batting_allrounder,VR Iyer,Madhya Pradesh,80.31,91.26,100.0,0.0,59.28,38.46,89.42,0.0,allrounder_pure_bowler_cluster_4,pure_bowler,63.47,PD Collingwood,Delhi Capitals,0,2,2,8,73
Royal Challengers Bengaluru,allrounder,batting_allrounder,R Tewatia,Haryana,79.51,79.37,100.0,0.0,55.78,53.85,91.47,0.0,allrounder_pure_bowler_cluster_4,pure_bowler,62.92,ST Jayasuriya,Mumbai Indians,0,2,2,9,75
Royal Challengers Bengaluru,allrounder,batting_allrounder,KV Sharma,Railways,76.29,88.4,100.0,0.0,44.87,53.85,94.12,0.0,allrounder_pure_bowler_cluster_4,pure_bowler,62.8,SM Pollock,Mumbai Indians,0,2,2,10,76
Royal Challengers Bengaluru,allrounder,batting_allrounder,Lalit Yadav,Delhi,79.05,61.82,100.0,0.0,69.48,34.62,91.48,0.0,allrounder_pure_bowler_cluster_4,pure_bowler,59.64,MM Ali,Chennai Super Kings,0,2,2,11,87
Royal Challengers Bengaluru,allrounder,batting_allrounder,S Dube,Mumbai,70.9,82.93,100.0,0.0,61.35,26.92,83.55,0.0,allrounder_pure_bowler_cluster_4,pure_bowler,58.8,BA Stokes,Rajasthan Royals,0,2,2,12,90
Royal Challengers Bengaluru,allrounder,batting_allrounder,Manisankar Murasingh,Tripura,74.2,79.15,100.0,0.0,37.37,11.54,87.52,0.0,allrounder_pure_bowler_cluster_4,pure_bowler,55.36,SM Pollock,Mumbai Indians,0,2,2,13,104
Royal Challengers Bengaluru,allrounder,bowling_allrounder,JD Unadkat,Saurashtra,93.38,97.05,100.0,0.0,56.97,81.25,96.87,100.0,allrounder_bowling_allrounder_cluster_2,bowling_allrounder,81.74,MF Maharoof,Delhi Capitals,0,2,2,1,7
Royal Challengers Bengaluru,allrounder,bowling_allrounder,PP Chawla,Gujarat,86.57,93.92,100.0,0.0,56.98,56.25,92.75,100.0,allrounder_bowling_allrounder_cluster_2,bowling_allrounder,77.0,MF Maharoof,Delhi Capitals,0,2,2,2,16
Royal Challengers Bengaluru,allrounder,bowling_allrounder,A Sheth,Baroda,78.12,92.04,100.0,0.0,55.25,62.5,94.18,100.0,allrounder_bowling_allrounder_cluster_2,bowling_allrounder,75.62,JC Archer,Rajasthan Royals,0,2,2,3,21
Royal Challengers Bengaluru,allrounder,bowling_allrounder,K Gowtham,Karnataka,76.86,83.42,100.0,0.0,76.04,87.5,94.49,0.0,allrounder_pure_bowler_cluster_4,pure_bowler,68.69,MF Maharoof,Delhi Capitals,0,2,2,4,46
Royal Challengers Bengaluru,allrounder,bowling_allrounder,Sanvir Singh,Punjab,80.96,97.86,100.0,0.0,49.31,31.25,98.66,0.0,allrounder_pure_bowler_cluster_4,pure_bowler,63.79,CR Brathwaite,Delhi Capitals,0,2,2,5,70
Royal Challengers Bengaluru,allrounder,bowling_allrounder,Yuvraj Singh,Punjab,67.97,77.04,100.0,0.0,28.69,40.62,64.11,0.0,allrounder_pure_bowler_cluster_4,pure_bowler,53.49,RS Bopara,Punjab Kings,0,2,2,6,111
Royal Challengers Bengaluru,allrounder,bowling_allrounder,Harpreet Singh,Chhattisgarh,79.98,66.56,100.0,0.0,36.02,0.0,87.23,0.0,allrounder_pure_bowler_cluster_4,pure_bowler,53.31,R Tewatia,Gujarat Titans,0,2,2,7,112
Royal Challengers Bengaluru,allrounder,bowling_allrounder,Harsh Tyagi,Railways,64.13,95.29,100.0,0.0,29.96,15.62,46.18,0.0,allrounder_pure_bowler_cluster_4,pure_bowler,51.3,Mohammad Nabi,Sunrisers Hyderabad,0,2,2,8,116
Royal Challengers Bengaluru,allrounder,bowling_allrounder,Rex Rajkumar,Manipur,51.58,97.5,100.0,0.0,36.21,25.0,22.38,0.0,allrounder_pure_bowler_cluster_4,pure_bowler,48.3,R Dhawan,Punjab Kings,0,2,2,9,122
Royal Challengers Bengaluru,allrounder,bowling_allrounder,Kangabam Singh,Manipur,48.07,94.36,100.0,0.0,17.68,0.0,10.54,0.0,allrounder_pure_bowler_cluster_1,pure_bowler,41.59,R McLaren,Mumbai Indians,0,2,2,10,129
Royal Challengers Bengaluru,allrounder,bowling_allrounder,Lalhruaizela,Mizoram,45.83,93.92,100.0,0.0,4.07,0.0,9.24,0.0,allrounder_pure_bowler_cluster_1,pure_bowler,39.59,MN Samuels,Pune Warriors,0,2,2,11,130
Royal Challengers Bengaluru,bowling,death_bowler,JD Unadkat,Saurashtra,81.52,93.8,100.0,100.0,83.64,92.86,98.94,0.0,bowling_powerplay_bowler_cluster_0,powerplay_bowler,82.92,Sohail Tanvir,Rajasthan Royals,0,2,2,1,4
Royal Challengers Bengaluru,bowling,death_bowler,B Kumar,Uttar Pradesh,88.45,95.2,100.0,100.0,90.97,64.29,98.79,0.0,bowling_powerplay_bowler_cluster_0,powerplay_bowler,82.38,SL Malinga,Mumbai Indians,0,2,2,2,5
Royal Challengers Bengaluru,bowling,death_bowler,LI Meriwala,Baroda,66.94,85.6,100.0,100.0,74.22,78.57,97.95,0.0,bowling_powerplay_bowler_cluster_0,powerplay_bowler,76.3,SL Malinga,Mumbai Indians,0,2,2,3,17
Royal Challengers Bengaluru,bowling,death_bowler,V Kaverappa,Karnataka,74.11,90.46,100.0,58.8,59.55,85.71,97.51,0.0,bowling_powerplay_bowler_cluster_0,powerplay_bowler,73.55,T Thushara,Chennai Super Kings,0,2,2,4,25
Royal Challengers Bengaluru,bowling,death_bowler,DS Kulkarni,Mumbai,65.36,93.01,100.0,100.0,52.73,57.14,99.65,0.0,bowling_powerplay_bowler_cluster_0,powerplay_bowler,72.98,DE Bollinger,Chennai Super Kings,0,2,2,5,28
Royal Challengers Bengaluru,bowling,death_bowler,TU Deshpande,Mumbai,69.07,92.34,100.0,100.0,46.2,50.0,98.72,0.0,bowling_powerplay_bowler_cluster_0,powerplay_bowler,72.16,CK Langeveldt,Kolkata Knight Riders,0,2,2,6,30
Royal Challengers Bengaluru,bowling,death_bowler,A Sheth,Baroda,61.22,83.58,100.0,100.0,65.13,42.86,99.59,0.0,bowling_powerplay_bowler_cluster_0,powerplay_bowler,70.54,MA Starc,Royal Challengers Bengaluru,0,2,2,7,36
Royal Challengers Bengaluru,bowling,death_bowler,N Rana,Delhi,62.2,66.03,100.0,100.0,60.91,71.43,88.95,0.0,bowling_middle_overs_bowler_cluster_1,middle_overs_bowler,69.47,L Balaji,Kolkata Knight Riders,0,2,2,8,41
Royal Challengers Bengaluru,bowling,death_bowler,A Nagwaswalla,Gujarat,70.08,88.97,100.0,100.0,60.68,3.57,97.33,0.0,bowling_powerplay_bowler_cluster_0,powerplay_bowler,68.52,RJ Harris,Punjab Kings,0,2,2,9,47
Royal Challengers Bengaluru,bowling,death_bowler,Mohit Avasthi,Mumbai,61.74,79.23,100.0,100.0,63.08,28.57,98.91,0.0,bowling_powerplay_bowler_cluster_0,powerplay_bowler,68.29,A Singh,Rajasthan Royals,0,2,2,10,48
Royal Challengers Bengaluru,bowling,death_bowler,S Kaul,Punjab,58.4,77.27,100.0,100.0,66.17,14.29,95.6,0.0,bowling_powerplay_bowler_cluster_0,powerplay_bowler,65.88,SL Malinga,Mumbai Indians,0,2,2,11,59
Royal Challengers Bengaluru,bowling,death_bowler,SN Thakur,Mumbai,53.1,85.15,100.0,100.0,37.56,3.57,98.03,0.0,bowling_powerplay_bowler_cluster_0,powerplay_bowler,62.31,WD Parnell,Pune Warriors,0,2,2,12,79
Royal Challengers Bengaluru,bowling,death_bowler,T Natarajan,Tamil Nadu,46.67,88.42,100.0,100.0,9.03,21.43,93.79,0.0,bowling_powerplay_bowler_cluster_0,powerplay_bowler,60.02,Mustafizur Rahman,Sunrisers Hyderabad,0,2,2,13,85
Royal Challengers Bengaluru,bowling,death_bowler,Akash Sengupta,Assam,45.4,78.51,100.0,57.9,67.37,35.71,58.13,0.0,bowling_powerplay_bowler_cluster_0,powerplay_bowler,57.77,Umar Gul,Kolkata Knight Riders,0,2,2,14,93
Royal Challengers Bengaluru,batting,finisher,RK Singh,Uttar Pradesh,83.26,94.57,100.0,100.0,96.01,94.74,70.13,0.0,batting_aggressive_opener_cluster_0,aggressive_opener,81.93,T Stubbs,Delhi Capitals,0,2,2,1,6
Royal Challengers Bengaluru,batting,finisher,Sanvir Singh,Punjab,68.97,92.73,100.0,97.9,68.45,89.47,55.59,0.0,batting_aggressive_opener_cluster_0,aggressive_opener,73.84,TH David,Mumbai Indians,0,2,2,2,23
Royal Challengers Bengaluru,batting,finisher,KH Pandya,Baroda,59.71,95.77,100.0,100.0,76.49,63.16,71.82,0.0,batting_tailender_cluster_1,tailender,72.45,CL White,Sunrisers Hyderabad,0,2,2,3,29
Royal Challengers Bengaluru,batting,finisher,A Manohar,Karnataka,87.95,79.32,100.0,100.0,47.58,42.11,86.95,0.0,batting_aggressive_opener_cluster_0,aggressive_opener,72.15,H Klaasen,Sunrisers Hyderabad,0,2,2,4,31
Royal Challengers Bengaluru,batting,finisher,Rajat Dey,Tripura,62.25,78.9,100.0,100.0,78.4,73.68,71.89,0.0,batting_aggressive_opener_cluster_0,aggressive_opener,71.68,JP Duminy,Delhi Capitals,0,2,2,5,32
Royal Challengers Bengaluru,batting,finisher,N Wadhera,Punjab,80.71,78.95,100.0,57.9,86.3,52.63,87.8,0.0,batting_aggressive_opener_cluster_0,aggressive_opener,71.45,H Klaasen,Sunrisers Hyderabad,0,2,2,6,33
Royal Challengers Bengaluru,batting,finisher,Jay Gohil,Saurashtra,53.46,76.13,100.0,92.1,72.01,100.0,44.52,0.0,batting_tailender_cluster_1,tailender,67.97,KK Cooper,Rajasthan Royals,0,2,2,7,51
Royal Challengers Bengaluru,batting,finisher,Vishnu Solanki,Baroda,50.3,73.01,100.0,100.0,65.08,78.95,56.92,0.0,batting_tailender_cluster_1,tailender,66.11,MC Henriques,Sunrisers Hyderabad,0,2,2,8,56
Royal Challengers Bengaluru,batting,finisher,R Tewatia,Haryana,71.95,83.33,100.0,100.0,47.83,21.05,72.29,0.0,batting_aggressive_opener_cluster_0,aggressive_opener,66.01,Shashank Singh,Punjab Kings,0,2,2,9,57
Royal Challengers Bengaluru,batting,finisher,Vishvaraj Jadeja,Saurashtra,42.8,86.43,100.0,100.0,58.48,84.21,51.38,0.0,batting_tailender_cluster_1,tailender,65.93,SW Billings,Delhi Capitals,0,2,2,10,58
Royal Challengers Bengaluru,batting,finisher,VR Iyer,Madhya Pradesh,72.9,74.44,100.0,100.0,59.46,36.84,52.88,0.0,batting_aggressive_opener_cluster_0,aggressive_opener,65.66,KK Nair,Delhi Capitals,0,2,2,11,61
Royal Challengers Bengaluru,batting,finisher,Subhransu Senapati,Odisha,66.48,93.51,100.0,100.0,50.71,0.0,73.55,0.0,batting_aggressive_opener_cluster_0,aggressive_opener,64.75,KK Nair,Delhi Capitals,0,2,2,12,66
Royal Challengers Bengaluru,batting,finisher,S Dube,Mumbai,51.04,80.8,100.0,100.0,52.2,68.42,42.76,0.0,batting_tailender_cluster_1,tailender,63.67,Sachin Baby,Royal Challengers Bengaluru,0,2,2,13,71
Royal Challengers Bengaluru,batting,finisher,Sumit Kumar,Haryana,45.74,90.1,100.0,100.0,52.61,47.37,49.5,0.0,batting_tailender_cluster_1,tailender,62.61,AM Nayar,Mumbai Indians,0,2,2,14,78
Royal Challengers Bengaluru,batting,finisher,Chirag Gandhi,Gujarat,45.95,85.84,100.0,100.0,37.36,31.58,72.49,0.0,batting_tailender_cluster_1,tailender,61.21,AC Voges,Rajasthan Royals,0,2,2,15,81
Royal Challengers Bengaluru,batting,finisher,Shubham Pundir,Jammu & Kashmir,43.54,87.81,100.0,100.0,35.0,5.26,57.48,0.0,batting_tailender_cluster_1,tailender,56.65,S Badrinath,Chennai Super Kings,0,2,2,16,101
Royal Challengers Bengaluru,batting,finisher,BA Roy,Assam,65.3,37.58,100.0,42.1,64.57,57.89,59.73,0.0,batting_aggressive_opener_cluster_0,aggressive_opener,56.13,TR Birt,Delhi Capitals,0,2,2,17,103
Royal Challengers Bengaluru,batting,finisher,M Shahrukh Khan,Tamil Nadu,57.42,53.43,100.0,100.0,47.69,10.53,49.85,0.0,batting_tailender_cluster_1,tailender,55.31,MP Stoinis,Lucknow Super Giants,0,2,2,18,105
Royal Challengers Bengaluru,batting,finisher,K L Shrijith,Karnataka,28.58,83.68,100.0,83.8,26.36,15.79,35.49,0.0,batting_tailender_cluster_1,tailender,49.41,AM Nayar,Mumbai Indians,0,2,2,19,117
Royal Challengers Bengaluru,batting,finisher,Fazil Rashid,Jammu & Kashmir,21.93,89.25,100.0,40.4,41.85,26.32,56.34,0.0,batting_tailender_cluster_2,tailender,49.26,TR Birt,Delhi Capitals,0,2,2,20,119
Royal Challengers Bengaluru,batting,middle_order,YBK Jaiswal,Mumbai,63.81,88.31,100.0,100.0,68.59,100.0,24.79,0.0,batting_aggressive_opener_cluster_0,aggressive_opener,70.35,RA Tripathi,Sunrisers Hyderabad,0,2,2,1,37
Royal Challengers Bengaluru,batting,middle_order,SS Sharma,Baroda,58.75,79.22,100.0,67.9,72.36,80.0,82.64,0.0,batting_aggressive_opener_cluster_0,aggressive_opener,68.92,PHKD Mendis,Sunrisers Hyderabad,0,2,2,2,45
Royal Challengers Bengaluru,batting,middle_order,UR Kumar,Gujarat,68.39,66.97,100.0,52.5,69.32,86.67,70.24,0.0,batting_aggressive_opener_cluster_0,aggressive_opener,66.6,PHKD Mendis,Sunrisers Hyderabad,0,2,2,3,54
Royal Challengers Bengaluru,batting,middle_order,B Sai Sudharsan,Tamil Nadu,52.85,83.33,100.0,100.0,46.33,40.0,79.55,0.0,batting_aggressive_opener_cluster_0,aggressive_opener,64.66,SS Tiwary,Mumbai Indians,0,2,2,4,67
Royal Challengers Bengaluru,batting,middle_order,Sudip Chatterjee,Bengal,42.96,92.4,100.0,100.0,14.48,26.67,76.62,0.0,batting_tailender_cluster_1,tailender,59.23,FY Fazal,Rajasthan Royals,0,2,2,5,88
Royal Challengers Bengaluru,batting,middle_order,Rex Rajkumar,Manipur,23.28,86.29,100.0,100.0,28.91,73.33,52.7,0.0,batting_tailender_cluster_1,tailender,58.09,M Kaif,Rajasthan Royals,0,2,2,6,91
Royal Challengers Bengaluru,batting,middle_order,Ganesh Satish,Vidarbha,32.31,76.0,100.0,100.0,46.3,46.67,45.36,0.0,batting_tailender_cluster_1,tailender,56.69,MC Juneja,Delhi Capitals,0,2,2,7,100
Royal Challengers Bengaluru,batting,middle_order,Joseph Lalthankhuma,Mizoram,12.15,89.78,100.0,85.4,24.54,93.33,18.53,0.0,batting_tailender_cluster_1,tailender,53.08,CJ Ferguson,Pune Warriors,0,2,2,8,113
Royal Challengers Bengaluru,batting,middle_order,Bhanu Pania,Baroda,25.18,84.32,100.0,100.0,29.7,13.33,59.63,0.0,batting_tailender_cluster_1,tailender,52.95,DT Christian,Sunrisers Hyderabad,0,2,2,9,114
Royal Challengers Bengaluru,batting,middle_order,Karan Lal,Bengal,21.64,60.56,100.0,69.2,45.87,53.33,40.62,0.0,batting_tailender_cluster_1,tailender,49.31,LA Carseldine,Rajasthan Royals,0,2,2,10,118
Royal Challengers Bengaluru,batting,middle_order,Sanjeet Desai,Chhattisgarh,24.74,49.27,100.0,87.9,24.54,66.67,38.85,0.0,batting_tailender_cluster_1,tailender,49.13,KS Bharat,Royal Challengers Bengaluru,0,2,2,11,120
Royal Challengers Bengaluru,batting,middle_order,Mohit Jangra,Mizoram,23.79,71.08,100.0,40.0,29.16,60.0,44.8,0.0,batting_tailender_cluster_1,tailender,47.82,AJ Turner,Rajasthan Royals,0,2,2,12,124
Royal Challengers Bengaluru,batting,middle_order,Kangabam Singh,Manipur,17.65,85.64,100.0,100.0,32.88,6.67,23.69,0.0,batting_tailender_cluster_1,tailender,47.7,CJ Ferguson,Pune Warriors,0,2,2,13,125
Royal Challengers Bengaluru,batting,middle_order,Henan Nazir,Jammu & Kashmir,19.08,64.23,100.0,52.9,34.4,33.33,35.99,0.0,batting_tailender_cluster_1,tailender,44.11,MC Juneja,Delhi Capitals,0,2,2,14,127
Royal Challengers Bengaluru,batting,middle_order,Lalhruaizela,Mizoram,13.01,84.73,100.0,100.0,5.98,0.0,19.33,0.0,batting_tailender_cluster_2,tailender,42.84,CJ Ferguson,Pune Warriors,0,2,2,15,128
Royal Challengers Bengaluru,batting,middle_order,J Anderson,Mizoram,11.85,73.79,100.0,45.8,24.46,20.0,16.98,0.0,batting_tailender_cluster_2,tailender,39.16,MS Wade,Gujarat Titans,0,2,2,16,131
Royal Challengers Bengaluru,batting,middle_order,SK Gharami,Bengal,1.77,73.29,100.0,22.9,6.9,0.0,14.31,0.0,batting_tailender_cluster_2,tailender,30.76,AA Bilakhia,Sunrisers Hyderabad,0,2,2,17,133
Royal Challengers Bengaluru,batting,top_order_anchor,RM Patidar,Madhya Pradesh,89.81,78.34,100.0,100.0,96.17,100.0,95.54,0.0,batting_aggressive_opener_cluster_0,aggressive_opener,83.88,C Connolly,Punjab Kings,0,1,1,1,3
Royal Challengers Bengaluru,batting,top_order_anchor,N Rana,Delhi,83.66,84.24,100.0,100.0,79.7,57.14,92.6,0.0,batting_aggressive_opener_cluster_0,aggressive_opener,77.31,D Brevis,Mumbai Indians,0,1,1,2,13
Royal Challengers Bengaluru,batting,top_order_anchor,Anmolpreet Singh,Punjab,74.57,74.03,100.0,100.0,98.7,92.86,70.17,0.0,batting_aggressive_opener_cluster_0,aggressive_opener,77.19,AB de Villiers,Royal Challengers Bengaluru,0,1,1,3,15
Royal Challengers Bengaluru,batting,top_order_anchor,Mandeep Singh,Punjab,80.64,63.68,100.0,100.0,76.96,85.71,93.41,0.0,batting_aggressive_opener_cluster_0,aggressive_opener,76.29,C Green,Mumbai Indians,0,1,1,4,18
Royal Challengers Bengaluru,batting,top_order_anchor,SS Iyer,Mumbai,85.88,76.28,100.0,100.0,61.68,64.29,96.79,0.0,batting_aggressive_opener_cluster_0,aggressive_opener,75.89,C Connolly,Punjab Kings,0,1,1,5,20
Royal Challengers Bengaluru,batting,top_order_anchor,R Parag,Assam,81.7,60.81,100.0,100.0,61.33,78.57,93.82,0.0,batting_aggressive_opener_cluster_0,aggressive_opener,73.83,RM Patidar,Royal Challengers Bengaluru,0,1,1,6,24
Royal Challengers Bengaluru,batting,top_order_anchor,Harpreet Singh,Chhattisgarh,75.28,66.96,100.0,100.0,72.91,50.0,86.1,0.0,batting_aggressive_opener_cluster_0,aggressive_opener,71.0,SE Marsh,Punjab Kings,0,1,1,7,34
Royal Challengers Bengaluru,batting,top_order_anchor,SA Yadav,Mumbai,84.78,64.84,100.0,100.0,45.87,71.43,74.64,0.0,batting_aggressive_opener_cluster_0,aggressive_opener,70.88,RR Pant,Delhi Capitals,0,1,1,8,35
Royal Challengers Bengaluru,batting,top_order_anchor,A Badoni,Delhi,51.9,72.69,100.0,100.0,84.81,35.71,65.49,0.0,batting_tailender_cluster_1,tailender,64.88,PD Collingwood,Delhi Capitals,0,1,1,9,64
Royal Challengers Bengaluru,batting,top_order_anchor,YV Dhull,Delhi,51.42,67.73,100.0,100.0,53.23,42.86,83.35,0.0,batting_aggressive_opener_cluster_0,aggressive_opener,63.39,KS Williamson,Sunrisers Hyderabad,0,1,1,10,74
Royal Challengers Bengaluru,batting,top_order_anchor,Himanshu Rana,Haryana,57.37,82.74,100.0,100.0,35.3,21.43,70.08,0.0,batting_aggressive_opener_cluster_0,aggressive_opener,61.57,D Padikkal,Royal Challengers Bengaluru,0,1,1,11,80
Royal Challengers Bengaluru,batting,top_order_anchor,MK Pandey,Karnataka,71.14,60.27,100.0,100.0,23.59,14.29,79.8,0.0,batting_aggressive_opener_cluster_0,aggressive_opener,60.04,PD Collingwood,Delhi Capitals,0,1,1,12,84
Royal Challengers Bengaluru,batting,top_order_anchor,Amandeep Khare,Chhattisgarh,48.3,87.46,100.0,100.0,27.77,7.14,67.1,0.0,batting_tailender_cluster_1,tailender,57.98,KS Williamson,Sunrisers Hyderabad,0,1,1,13,92
Royal Challengers Bengaluru,batting,top_order_anchor,N Sindhu,Haryana,58.37,57.15,100.0,60.4,45.27,28.57,80.45,0.0,batting_aggressive_opener_cluster_0,aggressive_opener,56.72,MN van Wyk,Kolkata Knight Riders,0,1,1,14,99
Royal Challengers Bengaluru,allrounder,utility_player,SZ Mulani,Mumbai,74.05,86.68,100.0,0.0,81.13,86.88,93.74,0.0,allrounder_pure_bowler_cluster_4,pure_bowler,68.99,M Morkel,Delhi Capitals,0,2,2,1,44
Royal Challengers Bengaluru,allrounder,utility_player,AV Rajput,Baroda,82.04,96.03,100.0,0.0,64.96,63.12,96.07,0.0,allrounder_pure_bowler_cluster_4,pure_bowler,68.23,AB McDonald,Delhi Capitals,0,2,2,2,49
Royal Challengers Bengaluru,allrounder,utility_player,A Badoni,Delhi,62.34,96.01,100.0,0.0,57.78,57.19,70.31,0.0,allrounder_pure_bowler_cluster_4,pure_bowler,60.4,Sikandar Raza,Punjab Kings,0,2,2,3,82
Royal Challengers Bengaluru,allrounder,utility_player,Mandeep Singh,Punjab,70.8,87.15,100.0,0.0,38.05,37.5,72.98,0.0,allrounder_pure_bowler_cluster_4,pure_bowler,57.09,A Badoni,Lucknow Super Giants,0,2,2,4,96
Royal Challengers Bengaluru,allrounder,utility_player,Shivam Chaudhary,Railways,60.75,94.82,100.0,0.0,53.07,58.44,44.43,0.0,allrounder_pure_bowler_cluster_4,pure_bowler,56.97,TM Dilshan,Delhi Capitals,0,2,2,5,97
Royal Challengers Bengaluru,allrounder,utility_player,Dharmendrasinh Jadeja,Saurashtra,61.8,94.57,100.0,0.0,39.57,40.0,46.56,0.0,allrounder_pure_bowler_cluster_4,pure_bowler,54.16,B Lee,Punjab Kings,0,2,2,6,109
Royal Challengers Bengaluru,allrounder,utility_player,AR Pandey,Railways,51.9,96.18,100.0,0.0,44.74,42.19,42.09,0.0,allrounder_pure_bowler_cluster_4,pure_bowler,52.71,R Sathish,Mumbai Indians,0,2,2,7,115
Royal Challengers Bengaluru,allrounder,utility_player,L Kishan Singha,Manipur,50.34,95.06,100.0,0.0,36.25,40.94,17.5,0.0,allrounder_pure_bowler_cluster_1,pure_bowler,48.8,S Nadeem,Delhi Capitals,0,2,2,8,121
Royal Challengers Bengaluru,allrounder,utility_player,KS Sharma,Uttar Pradesh,65.33,71.08,100.0,0.0,18.35,12.5,63.79,0.0,allrounder_pure_bowler_cluster_4,pure_bowler,48.19,B Lee,Punjab Kings,0,2,2,9,123
Royal Challengers Bengaluru,allrounder,utility_player,Lalhruai Ralte,Mizoram,40.76,95.09,100.0,0.0,38.71,36.25,3.84,0.0,allrounder_pure_bowler_cluster_1,pure_bowler,45.3,JDS Neesham,Delhi Capitals,0,2,2,10,126
Sunrisers Hyderabad,batting,anchor_opener,Shivam Chaudhary,Railways,59.39,93.46,100.0,100.0,55.11,100.0,75.67,0.0,batting_aggressive_opener_cluster_0,aggressive_opener,73.98,SR Tendulkar,Mumbai Indians,0,1,1,1,13
Sunrisers Hyderabad,batting,anchor_opener,Pratham Singh,Railways,66.51,89.58,100.0,100.0,66.63,88.24,58.51,0.0,batting_aggressive_opener_cluster_0,aggressive_opener,73.08,M Vijay,Chennai Super Kings,0,1,1,2,16
Sunrisers Hyderabad,batting,anchor_opener,AV Rajput,Baroda,49.72,82.9,100.0,100.0,70.54,35.29,64.05,0.0,batting_aggressive_opener_cluster_0,aggressive_opener,64.37,RS Bopara,Punjab Kings,0,1,1,3,37
Sunrisers Hyderabad,batting,anchor_opener,Saurav Chauhan,Gujarat,44.06,66.09,100.0,100.0,82.61,52.94,67.86,0.0,batting_aggressive_opener_cluster_0,aggressive_opener,64.07,DJM Short,Rajasthan Royals,0,1,1,4,39
Sunrisers Hyderabad,batting,anchor_opener,Abhishek Goswami,Uttar Pradesh,46.43,65.56,100.0,100.0,79.27,58.82,46.98,0.0,batting_aggressive_opener_cluster_0,aggressive_opener,62.63,DJM Short,Rajasthan Royals,0,1,1,5,43
Sunrisers Hyderabad,batting,anchor_opener,Arpit Gaud,Madhya Pradesh,38.34,78.66,100.0,89.6,40.05,94.12,33.99,0.0,batting_aggressive_opener_cluster_0,aggressive_opener,60.24,RE Levi,Mumbai Indians,0,1,1,6,50
Sunrisers Hyderabad,batting,anchor_opener,Qamran Iqbal,Jammu & Kashmir,51.05,51.14,100.0,100.0,64.29,64.71,39.95,0.0,batting_aggressive_opener_cluster_0,aggressive_opener,59.78,LMP Simmons,Mumbai Indians,0,1,1,7,53
Sunrisers Hyderabad,batting,anchor_opener,Bikramkumar Das,Tripura,56.02,86.75,100.0,100.0,9.95,5.88,82.86,0.0,batting_aggressive_opener_cluster_0,aggressive_opener,59.09,R Dravid,Rajasthan Royals,0,1,1,8,56
Sunrisers Hyderabad,batting,anchor_opener,KS Sharma,Uttar Pradesh,54.32,68.68,100.0,100.0,26.85,29.41,56.33,0.0,batting_aggressive_opener_cluster_0,aggressive_opener,57.43,AJ Finch,Gujarat Lions,0,1,1,9,67
Sunrisers Hyderabad,batting,anchor_opener,P Prafullomani,Manipur,20.77,89.25,100.0,100.0,50.52,76.47,20.98,0.0,batting_tailender_cluster_1,tailender,57.34,RT Ponting,Mumbai Indians,0,1,1,10,68
Sunrisers Hyderabad,batting,anchor_opener,Aarya Desai,Gujarat,46.12,87.27,100.0,58.3,65.68,23.53,47.89,0.0,batting_aggressive_opener_cluster_0,aggressive_opener,56.85,DJM Short,Rajasthan Royals,0,1,1,11,73
Sunrisers Hyderabad,batting,anchor_opener,Shubham Sharma,Madhya Pradesh,42.61,74.18,100.0,100.0,37.07,47.06,30.71,0.0,batting_tailender_cluster_1,tailender,56.13,MJ Clarke,Pune Warriors,0,1,1,12,77
Sunrisers Hyderabad,batting,anchor_opener,Shubham Khajuria,Jammu & Kashmir,41.21,54.19,100.0,100.0,63.26,41.18,34.59,0.0,batting_aggressive_opener_cluster_0,aggressive_opener,55.27,M Vijay,Chennai Super Kings,0,1,1,13,81
Sunrisers Hyderabad,batting,anchor_opener,Denish Das,Assam,28.86,76.72,100.0,100.0,36.96,70.59,20.22,0.0,batting_tailender_cluster_1,tailender,55.06,SP Goswami,Royal Challengers Bengaluru,0,1,1,14,83
Sunrisers Hyderabad,batting,anchor_opener,Eknath Kerkar,Goa,32.64,93.12,100.0,100.0,31.44,11.76,50.34,0.0,batting_tailender_cluster_1,tailender,54.85,JEC Franklin,Mumbai Indians,0,1,1,15,84
Sunrisers Hyderabad,batting,anchor_opener,A Raghuvanshi,Mumbai,42.23,62.27,100.0,48.3,46.25,82.35,33.57,0.0,batting_aggressive_opener_cluster_0,aggressive_opener,53.83,MJ Clarke,Pune Warriors,0,1,1,16,86
Sunrisers Hyderabad,batting,anchor_opener,G Ajitesh,Tamil Nadu,17.2,59.51,100.0,24.2,20.27,17.65,55.69,0.0,batting_tailender_cluster_2,tailender,39.15,Anuj Rawat,Royal Challengers Bengaluru,0,1,1,17,115
Sunrisers Hyderabad,allrounder,batting_allrounder,Chirag Jani,Saurashtra,73.17,85.04,50.0,0.0,87.41,92.31,89.63,0.0,allrounder_pure_bowler_cluster_4,pure_bowler,61.82,SM Pollock,Mumbai Indians,1,2,1,1,45
Sunrisers Hyderabad,allrounder,batting_allrounder,HV Patel,Haryana,94.22,95.99,50.0,0.0,38.56,61.54,99.54,0.0,allrounder_pure_bowler_cluster_4,pure_bowler,60.71,MR Marsh,Delhi Capitals,1,2,1,2,47
Sunrisers Hyderabad,allrounder,batting_allrounder,Sumit Kumar,Haryana,79.46,96.77,50.0,0.0,79.31,46.15,88.1,0.0,allrounder_pure_bowler_cluster_4,pure_bowler,59.26,Azhar Mahmood,Punjab Kings,1,2,1,3,54
Sunrisers Hyderabad,allrounder,batting_allrounder,NA Rathva,Baroda,72.89,87.29,50.0,0.0,52.12,100.0,85.4,0.0,allrounder_pure_bowler_cluster_4,pure_bowler,58.92,Shakib Al Hasan,Kolkata Knight Riders,1,2,1,4,57
Sunrisers Hyderabad,allrounder,batting_allrounder,R Parag,Assam,88.15,74.48,50.0,0.0,60.83,65.38,92.52,0.0,allrounder_pure_bowler_cluster_4,pure_bowler,58.17,PD Collingwood,Delhi Capitals,1,2,1,5,61
Sunrisers Hyderabad,allrounder,batting_allrounder,N Rana,Delhi,85.62,73.3,50.0,0.0,68.59,61.54,93.81,0.0,allrounder_pure_bowler_cluster_4,pure_bowler,58.01,PD Collingwood,Delhi Capitals,1,2,1,6,64
Sunrisers Hyderabad,allrounder,batting_allrounder,KH Pandya,Baroda,76.94,89.33,50.0,0.0,67.7,53.85,88.2,0.0,allrounder_pure_bowler_cluster_4,pure_bowler,57.26,SM Pollock,Mumbai Indians,1,2,1,7,69
Sunrisers Hyderabad,allrounder,batting_allrounder,VR Iyer,Madhya Pradesh,80.31,91.26,50.0,0.0,59.28,38.46,89.42,0.0,allrounder_pure_bowler_cluster_4,pure_bowler,55.97,PD Collingwood,Delhi Capitals,1,2,1,8,78
Sunrisers Hyderabad,allrounder,batting_allrounder,R Tewatia,Haryana,79.51,79.37,50.0,0.0,55.78,53.85,91.47,0.0,allrounder_pure_bowler_cluster_4,pure_bowler,55.42,ST Jayasuriya,Mumbai Indians,1,2,1,9,79
Sunrisers Hyderabad,allrounder,batting_allrounder,KV Sharma,Railways,76.29,88.4,50.0,0.0,44.87,53.85,94.12,0.0,allrounder_pure_bowler_cluster_4,pure_bowler,55.3,SM Pollock,Mumbai Indians,1,2,1,10,80
Sunrisers Hyderabad,allrounder,batting_allrounder,Lalit Yadav,Delhi,79.05,61.82,50.0,0.0,69.48,34.62,91.48,0.0,allrounder_pure_bowler_cluster_4,pure_bowler,52.14,MM Ali,Chennai Super Kings,1,2,1,11,93
Sunrisers Hyderabad,allrounder,batting_allrounder,S Dube,Mumbai,70.9,82.93,50.0,0.0,61.35,26.92,83.55,0.0,allrounder_pure_bowler_cluster_4,pure_bowler,51.3,BA Stokes,Rajasthan Royals,1,2,1,12,94
Sunrisers Hyderabad,allrounder,batting_allrounder,Manisankar Murasingh,Tripura,74.2,79.15,50.0,0.0,37.37,11.54,87.52,0.0,allrounder_pure_bowler_cluster_4,pure_bowler,47.86,SM Pollock,Mumbai Indians,1,2,1,13,103
Sunrisers Hyderabad,allrounder,bowling_allrounder,JD Unadkat,Saurashtra,93.38,97.05,100.0,0.0,56.97,81.25,96.87,100.0,allrounder_bowling_allrounder_cluster_2,bowling_allrounder,81.74,MF Maharoof,Delhi Capitals,0,2,2,1,4
Sunrisers Hyderabad,allrounder,bowling_allrounder,PP Chawla,Gujarat,86.57,93.92,100.0,0.0,56.98,56.25,92.75,100.0,allrounder_bowling_allrounder_cluster_2,bowling_allrounder,77.0,MF Maharoof,Delhi Capitals,0,2,2,2,7
Sunrisers Hyderabad,allrounder,bowling_allrounder,A Sheth,Baroda,78.12,92.04,100.0,0.0,55.25,62.5,94.18,100.0,allrounder_bowling_allrounder_cluster_2,bowling_allrounder,75.62,JC Archer,Rajasthan Royals,0,2,2,3,11
Sunrisers Hyderabad,allrounder,bowling_allrounder,K Gowtham,Karnataka,76.86,83.42,100.0,0.0,76.04,87.5,94.49,0.0,allrounder_pure_bowler_cluster_4,pure_bowler,68.69,MF Maharoof,Delhi Capitals,0,2,2,4,26
Sunrisers Hyderabad,allrounder,bowling_allrounder,Sanvir Singh,Punjab,80.96,97.86,100.0,0.0,49.31,31.25,98.66,0.0,allrounder_pure_bowler_cluster_4,pure_bowler,63.79,CR Brathwaite,Delhi Capitals,0,2,2,5,41
Sunrisers Hyderabad,allrounder,bowling_allrounder,Yuvraj Singh,Punjab,67.97,77.04,100.0,0.0,28.69,40.62,64.11,0.0,allrounder_pure_bowler_cluster_4,pure_bowler,53.49,RS Bopara,Punjab Kings,0,2,2,6,88
Sunrisers Hyderabad,allrounder,bowling_allrounder,Harpreet Singh,Chhattisgarh,79.98,66.56,100.0,0.0,36.02,0.0,87.23,0.0,allrounder_pure_bowler_cluster_4,pure_bowler,53.31,R Tewatia,Gujarat Titans,0,2,2,7,89
Sunrisers Hyderabad,allrounder,bowling_allrounder,Harsh Tyagi,Railways,64.13,95.29,100.0,0.0,29.96,15.62,46.18,0.0,allrounder_pure_bowler_cluster_4,pure_bowler,51.3,Mohammad Nabi,Sunrisers Hyderabad,0,2,2,8,95
Sunrisers Hyderabad,allrounder,bowling_allrounder,Rex Rajkumar,Manipur,51.58,97.5,100.0,0.0,36.21,25.0,22.38,0.0,allrounder_pure_bowler_cluster_4,pure_bowler,48.3,R Dhawan,Punjab Kings,0,2,2,9,101
Sunrisers Hyderabad,allrounder,bowling_allrounder,Kangabam Singh,Manipur,48.07,94.36,100.0,0.0,17.68,0.0,10.54,0.0,allrounder_pure_bowler_cluster_1,pure_bowler,41.59,R McLaren,Mumbai Indians,0,2,2,10,112
Sunrisers Hyderabad,allrounder,bowling_allrounder,Lalhruaizela,Mizoram,45.83,93.92,100.0,0.0,4.07,0.0,9.24,0.0,allrounder_pure_bowler_cluster_1,pure_bowler,39.59,MN Samuels,Pune Warriors,0,2,2,11,113
Sunrisers Hyderabad,bowling,death_bowler,JD Unadkat,Saurashtra,81.52,93.8,100.0,100.0,83.64,92.86,98.94,0.0,bowling_powerplay_bowler_cluster_0,powerplay_bowler,82.92,Sohail Tanvir,Rajasthan Royals,0,2,2,1,2
Sunrisers Hyderabad,bowling,death_bowler,B Kumar,Uttar Pradesh,88.45,95.2,100.0,100.0,90.97,64.29,98.79,0.0,bowling_powerplay_bowler_cluster_0,powerplay_bowler,82.38,SL Malinga,Mumbai Indians,0,2,2,2,3
Sunrisers Hyderabad,bowling,death_bowler,LI Meriwala,Baroda,66.94,85.6,100.0,100.0,74.22,78.57,97.95,0.0,bowling_powerplay_bowler_cluster_0,powerplay_bowler,76.3,SL Malinga,Mumbai Indians,0,2,2,3,8
Sunrisers Hyderabad,bowling,death_bowler,V Kaverappa,Karnataka,74.11,90.46,100.0,58.8,59.55,85.71,97.51,0.0,bowling_powerplay_bowler_cluster_0,powerplay_bowler,73.55,T Thushara,Chennai Super Kings,0,2,2,4,15
Sunrisers Hyderabad,bowling,death_bowler,DS Kulkarni,Mumbai,65.36,93.01,100.0,100.0,52.73,57.14,99.65,0.0,bowling_powerplay_bowler_cluster_0,powerplay_bowler,72.98,DE Bollinger,Chennai Super Kings,0,2,2,5,17
Sunrisers Hyderabad,bowling,death_bowler,TU Deshpande,Mumbai,69.07,92.34,100.0,100.0,46.2,50.0,98.72,0.0,bowling_powerplay_bowler_cluster_0,powerplay_bowler,72.16,CK Langeveldt,Kolkata Knight Riders,0,2,2,6,18
Sunrisers Hyderabad,bowling,death_bowler,A Sheth,Baroda,61.22,83.58,100.0,100.0,65.13,42.86,99.59,0.0,bowling_powerplay_bowler_cluster_0,powerplay_bowler,70.54,MA Starc,Royal Challengers Bengaluru,0,2,2,7,21
Sunrisers Hyderabad,bowling,death_bowler,N Rana,Delhi,62.2,66.03,100.0,100.0,60.91,71.43,88.95,0.0,bowling_middle_overs_bowler_cluster_1,middle_overs_bowler,69.47,L Balaji,Kolkata Knight Riders,0,2,2,8,23
Sunrisers Hyderabad,bowling,death_bowler,A Nagwaswalla,Gujarat,70.08,88.97,100.0,100.0,60.68,3.57,97.33,0.0,bowling_powerplay_bowler_cluster_0,powerplay_bowler,68.52,RJ Harris,Punjab Kings,0,2,2,9,27
Sunrisers Hyderabad,bowling,death_bowler,Mohit Avasthi,Mumbai,61.74,79.23,100.0,100.0,63.08,28.57,98.91,0.0,bowling_powerplay_bowler_cluster_0,powerplay_bowler,68.29,A Singh,Rajasthan Royals,0,2,2,10,28
Sunrisers Hyderabad,bowling,death_bowler,S Kaul,Punjab,58.4,77.27,100.0,100.0,66.17,14.29,95.6,0.0,bowling_powerplay_bowler_cluster_0,powerplay_bowler,65.88,SL Malinga,Mumbai Indians,0,2,2,11,32
Sunrisers Hyderabad,bowling,death_bowler,SN Thakur,Mumbai,53.1,85.15,100.0,100.0,37.56,3.57,98.03,0.0,bowling_powerplay_bowler_cluster_0,powerplay_bowler,62.31,WD Parnell,Pune Warriors,0,2,2,12,44
Sunrisers Hyderabad,bowling,death_bowler,T Natarajan,Tamil Nadu,46.67,88.42,100.0,100.0,9.03,21.43,93.79,0.0,bowling_powerplay_bowler_cluster_0,powerplay_bowler,60.02,Mustafizur Rahman,Sunrisers Hyderabad,0,2,2,13,52
Sunrisers Hyderabad,bowling,death_bowler,Akash Sengupta,Assam,45.4,78.51,100.0,57.9,67.37,35.71,58.13,0.0,bowling_powerplay_bowler_cluster_0,powerplay_bowler,57.77,Umar Gul,Kolkata Knight Riders,0,2,2,14,66
Sunrisers Hyderabad,batting,finisher,RK Singh,Uttar Pradesh,83.26,94.57,50.0,100.0,96.01,94.74,70.13,0.0,batting_aggressive_opener_cluster_0,aggressive_opener,74.43,T Stubbs,Delhi Capitals,1,2,1,1,12
Sunrisers Hyderabad,batting,finisher,Sanvir Singh,Punjab,68.97,92.73,50.0,97.9,68.45,89.47,55.59,0.0,batting_aggressive_opener_cluster_0,aggressive_opener,66.34,TH David,Mumbai Indians,1,2,1,2,31
Sunrisers Hyderabad,batting,finisher,KH Pandya,Baroda,59.71,95.77,50.0,100.0,76.49,63.16,71.82,0.0,batting_tailender_cluster_1,tailender,64.95,CL White,Sunrisers Hyderabad,1,2,1,3,33
Sunrisers Hyderabad,batting,finisher,A Manohar,Karnataka,87.95,79.32,50.0,100.0,47.58,42.11,86.95,0.0,batting_aggressive_opener_cluster_0,aggressive_opener,64.65,H Klaasen,Sunrisers Hyderabad,1,2,1,4,36
Sunrisers Hyderabad,batting,finisher,Rajat Dey,Tripura,62.25,78.9,50.0,100.0,78.4,73.68,71.89,0.0,batting_aggressive_opener_cluster_0,aggressive_opener,64.18,JP Duminy,Delhi Capitals,1,2,1,5,38
Sunrisers Hyderabad,batting,finisher,N Wadhera,Punjab,80.71,78.95,50.0,57.9,86.3,52.63,87.8,0.0,batting_aggressive_opener_cluster_0,aggressive_opener,63.95,H Klaasen,Sunrisers Hyderabad,1,2,1,6,40
Sunrisers Hyderabad,batting,finisher,Jay Gohil,Saurashtra,53.46,76.13,50.0,92.1,72.01,100.0,44.52,0.0,batting_tailender_cluster_1,tailender,60.47,KK Cooper,Rajasthan Royals,1,2,1,7,48
Sunrisers Hyderabad,batting,finisher,Vishnu Solanki,Baroda,50.3,73.01,50.0,100.0,65.08,78.95,56.92,0.0,batting_tailender_cluster_1,tailender,58.61,MC Henriques,Sunrisers Hyderabad,1,2,1,8,58
Sunrisers Hyderabad,batting,finisher,R Tewatia,Haryana,71.95,83.33,50.0,100.0,47.83,21.05,72.29,0.0,batting_aggressive_opener_cluster_0,aggressive_opener,58.51,Shashank Singh,Punjab Kings,1,2,1,9,59
Sunrisers Hyderabad,batting,finisher,Vishvaraj Jadeja,Saurashtra,42.8,86.43,50.0,100.0,58.48,84.21,51.38,0.0,batting_tailender_cluster_1,tailender,58.43,SW Billings,Delhi Capitals,1,2,1,10,60
Sunrisers Hyderabad,batting,finisher,VR Iyer,Madhya Pradesh,72.9,74.44,50.0,100.0,59.46,36.84,52.88,0.0,batting_aggressive_opener_cluster_0,aggressive_opener,58.16,KK Nair,Delhi Capitals,1,2,1,11,62
Sunrisers Hyderabad,batting,finisher,Subhransu Senapati,Odisha,66.48,93.51,50.0,100.0,50.71,0.0,73.55,0.0,batting_aggressive_opener_cluster_0,aggressive_opener,57.25,KK Nair,Delhi Capitals,1,2,1,12,70
Sunrisers Hyderabad,batting,finisher,S Dube,Mumbai,51.04,80.8,50.0,100.0,52.2,68.42,42.76,0.0,batting_tailender_cluster_1,tailender,56.17,Sachin Baby,Royal Challengers Bengaluru,1,2,1,13,76
Sunrisers Hyderabad,batting,finisher,Sumit Kumar,Haryana,45.74,90.1,50.0,100.0,52.61,47.37,49.5,0.0,batting_tailender_cluster_1,tailender,55.11,AM Nayar,Mumbai Indians,1,2,1,14,82
Sunrisers Hyderabad,batting,finisher,Chirag Gandhi,Gujarat,45.95,85.84,50.0,100.0,37.36,31.58,72.49,0.0,batting_tailender_cluster_1,tailender,53.71,AC Voges,Rajasthan Royals,1,2,1,15,87
Sunrisers Hyderabad,batting,finisher,Shubham Pundir,Jammu & Kashmir,43.54,87.81,50.0,100.0,35.0,5.26,57.48,0.0,batting_tailender_cluster_1,tailender,49.15,S Badrinath,Chennai Super Kings,1,2,1,16,97
Sunrisers Hyderabad,batting,finisher,BA Roy,Assam,65.3,37.58,50.0,42.1,64.57,57.89,59.73,0.0,batting_aggressive_opener_cluster_0,aggressive_opener,48.63,TR Birt,Delhi Capitals,1,2,1,17,100
Sunrisers Hyderabad,batting,finisher,M Shahrukh Khan,Tamil Nadu,57.42,53.43,50.0,100.0,47.69,10.53,49.85,0.0,batting_tailender_cluster_1,tailender,47.81,MP Stoinis,Lucknow Super Giants,1,2,1,18,105
Sunrisers Hyderabad,batting,finisher,K L Shrijith,Karnataka,28.58,83.68,50.0,83.8,26.36,15.79,35.49,0.0,batting_tailender_cluster_1,tailender,41.91,AM Nayar,Mumbai Indians,1,2,1,19,110
Sunrisers Hyderabad,batting,finisher,Fazil Rashid,Jammu & Kashmir,21.93,89.25,50.0,40.4,41.85,26.32,56.34,0.0,batting_tailender_cluster_2,tailender,41.76,TR Birt,Delhi Capitals,1,2,1,20,111
Sunrisers Hyderabad,batting,middle_order,YBK Jaiswal,Mumbai,63.81,88.31,100.0,100.0,68.59,100.0,24.79,0.0,batting_aggressive_opener_cluster_0,aggressive_opener,70.35,RA Tripathi,Sunrisers Hyderabad,0,2,2,1,22
Sunrisers Hyderabad,batting,middle_order,SS Sharma,Baroda,58.75,79.22,100.0,67.9,72.36,80.0,82.64,0.0,batting_aggressive_opener_cluster_0,aggressive_opener,68.92,PHKD Mendis,Sunrisers Hyderabad,0,2,2,2,25
Sunrisers Hyderabad,batting,middle_order,UR Kumar,Gujarat,68.39,66.97,100.0,52.5,69.32,86.67,70.24,0.0,batting_aggressive_opener_cluster_0,aggressive_opener,66.6,PHKD Mendis,Sunrisers Hyderabad,0,2,2,3,30
Sunrisers Hyderabad,batting,middle_order,B Sai Sudharsan,Tamil Nadu,52.85,83.33,100.0,100.0,46.33,40.0,79.55,0.0,batting_aggressive_opener_cluster_0,aggressive_opener,64.66,SS Tiwary,Mumbai Indians,0,2,2,4,35
Sunrisers Hyderabad,batting,middle_order,Sudip Chatterjee,Bengal,42.96,92.4,100.0,100.0,14.48,26.67,76.62,0.0,batting_tailender_cluster_1,tailender,59.23,FY Fazal,Rajasthan Royals,0,2,2,5,55
Sunrisers Hyderabad,batting,middle_order,Rex Rajkumar,Manipur,23.28,86.29,100.0,100.0,28.91,73.33,52.7,0.0,batting_tailender_cluster_1,tailender,58.09,M Kaif,Rajasthan Royals,0,2,2,6,63
Sunrisers Hyderabad,batting,middle_order,Ganesh Satish,Vidarbha,32.31,76.0,100.0,100.0,46.3,46.67,45.36,0.0,batting_tailender_cluster_1,tailender,56.69,MC Juneja,Delhi Capitals,0,2,2,7,75
Sunrisers Hyderabad,batting,middle_order,Joseph Lalthankhuma,Mizoram,12.15,89.78,100.0,85.4,24.54,93.33,18.53,0.0,batting_tailender_cluster_1,tailender,53.08,CJ Ferguson,Pune Warriors,0,2,2,8,90
Sunrisers Hyderabad,batting,middle_order,Bhanu Pania,Baroda,25.18,84.32,100.0,100.0,29.7,13.33,59.63,0.0,batting_tailender_cluster_1,tailender,52.95,DT Christian,Sunrisers Hyderabad,0,2,2,9,91
Sunrisers Hyderabad,batting,middle_order,Karan Lal,Bengal,21.64,60.56,100.0,69.2,45.87,53.33,40.62,0.0,batting_tailender_cluster_1,tailender,49.31,LA Carseldine,Rajasthan Royals,0,2,2,10,96
Sunrisers Hyderabad,batting,middle_order,Sanjeet Desai,Chhattisgarh,24.74,49.27,100.0,87.9,24.54,66.67,38.85,0.0,batting_tailender_cluster_1,tailender,49.13,KS Bharat,Royal Challengers Bengaluru,0,2,2,11,98
Sunrisers Hyderabad,batting,middle_order,Mohit Jangra,Mizoram,23.79,71.08,100.0,40.0,29.16,60.0,44.8,0.0,batting_tailender_cluster_1,tailender,47.82,AJ Turner,Rajasthan Royals,0,2,2,12,104
Sunrisers Hyderabad,batting,middle_order,Kangabam Singh,Manipur,17.65,85.64,100.0,100.0,32.88,6.67,23.69,0.0,batting_tailender_cluster_1,tailender,47.7,CJ Ferguson,Pune Warriors,0,2,2,13,106
Sunrisers Hyderabad,batting,middle_order,Henan Nazir,Jammu & Kashmir,19.08,64.23,100.0,52.9,34.4,33.33,35.99,0.0,batting_tailender_cluster_1,tailender,44.11,MC Juneja,Delhi Capitals,0,2,2,14,108
Sunrisers Hyderabad,batting,middle_order,Lalhruaizela,Mizoram,13.01,84.73,100.0,100.0,5.98,0.0,19.33,0.0,batting_tailender_cluster_2,tailender,42.84,CJ Ferguson,Pune Warriors,0,2,2,15,109
Sunrisers Hyderabad,batting,middle_order,J Anderson,Mizoram,11.85,73.79,100.0,45.8,24.46,20.0,16.98,0.0,batting_tailender_cluster_2,tailender,39.16,MS Wade,Gujarat Titans,0,2,2,16,114
Sunrisers Hyderabad,batting,middle_order,SK Gharami,Bengal,1.77,73.29,100.0,22.9,6.9,0.0,14.31,0.0,batting_tailender_cluster_2,tailender,30.76,AA Bilakhia,Sunrisers Hyderabad,0,2,2,17,116
Sunrisers Hyderabad,batting,top_order_anchor,RM Patidar,Madhya Pradesh,89.81,78.34,100.0,100.0,96.17,100.0,95.54,0.0,batting_aggressive_opener_cluster_0,aggressive_opener,83.88,C Connolly,Punjab Kings,0,1,1,1,1
Sunrisers Hyderabad,batting,top_order_anchor,N Rana,Delhi,83.66,84.24,100.0,100.0,79.7,57.14,92.6,0.0,batting_aggressive_opener_cluster_0,aggressive_opener,77.31,D Brevis,Mumbai Indians,0,1,1,2,5
Sunrisers Hyderabad,batting,top_order_anchor,Anmolpreet Singh,Punjab,74.57,74.03,100.0,100.0,98.7,92.86,70.17,0.0,batting_aggressive_opener_cluster_0,aggressive_opener,77.19,AB de Villiers,Royal Challengers Bengaluru,0,1,1,3,6
Sunrisers Hyderabad,batting,top_order_anchor,Mandeep Singh,Punjab,80.64,63.68,100.0,100.0,76.96,85.71,93.41,0.0,batting_aggressive_opener_cluster_0,aggressive_opener,76.29,C Green,Mumbai Indians,0,1,1,4,9
Sunrisers Hyderabad,batting,top_order_anchor,SS Iyer,Mumbai,85.88,76.28,100.0,100.0,61.68,64.29,96.79,0.0,batting_aggressive_opener_cluster_0,aggressive_opener,75.89,C Connolly,Punjab Kings,0,1,1,5,10
Sunrisers Hyderabad,batting,top_order_anchor,R Parag,Assam,81.7,60.81,100.0,100.0,61.33,78.57,93.82,0.0,batting_aggressive_opener_cluster_0,aggressive_opener,73.83,RM Patidar,Royal Challengers Bengaluru,0,1,1,6,14
Sunrisers Hyderabad,batting,top_order_anchor,Harpreet Singh,Chhattisgarh,75.28,66.96,100.0,100.0,72.91,50.0,86.1,0.0,batting_aggressive_opener_cluster_0,aggressive_opener,71.0,SE Marsh,Punjab Kings,0,1,1,7,19
Sunrisers Hyderabad,batting,top_order_anchor,SA Yadav,Mumbai,84.78,64.84,100.0,100.0,45.87,71.43,74.64,0.0,batting_aggressive_opener_cluster_0,aggressive_opener,70.88,RR Pant,Delhi Capitals,0,1,1,8,20
Sunrisers Hyderabad,batting,top_order_anchor,A Badoni,Delhi,51.9,72.69,100.0,100.0,84.81,35.71,65.49,0.0,batting_tailender_cluster_1,tailender,64.88,PD Collingwood,Delhi Capitals,0,1,1,9,34
Sunrisers Hyderabad,batting,top_order_anchor,YV Dhull,Delhi,51.42,67.73,100.0,100.0,53.23,42.86,83.35,0.0,batting_aggressive_opener_cluster_0,aggressive_opener,63.39,KS Williamson,Sunrisers Hyderabad,0,1,1,10,42
Sunrisers Hyderabad,batting,top_order_anchor,Himanshu Rana,Haryana,57.37,82.74,100.0,100.0,35.3,21.43,70.08,0.0,batting_aggressive_opener_cluster_0,aggressive_opener,61.57,D Padikkal,Royal Challengers Bengaluru,0,1,1,11,46
Sunrisers Hyderabad,batting,top_order_anchor,MK Pandey,Karnataka,71.14,60.27,100.0,100.0,23.59,14.29,79.8,0.0,batting_aggressive_opener_cluster_0,aggressive_opener,60.04,PD Collingwood,Delhi Capitals,0,1,1,12,51
Sunrisers Hyderabad,batting,top_order_anchor,Amandeep Khare,Chhattisgarh,48.3,87.46,100.0,100.0,27.77,7.14,67.1,0.0,batting_tailender_cluster_1,tailender,57.98,KS Williamson,Sunrisers Hyderabad,0,1,1,13,65
Sunrisers Hyderabad,batting,top_order_anchor,N Sindhu,Haryana,58.37,57.15,100.0,60.4,45.27,28.57,80.45,0.0,batting_aggressive_opener_cluster_0,aggressive_opener,56.72,MN van Wyk,Kolkata Knight Riders,0,1,1,14,74
Sunrisers Hyderabad,allrounder,utility_player,SZ Mulani,Mumbai,74.05,86.68,100.0,0.0,81.13,86.88,93.74,0.0,allrounder_pure_bowler_cluster_4,pure_bowler,68.99,M Morkel,Delhi Capitals,0,2,2,1,24
Sunrisers Hyderabad,allrounder,utility_player,AV Rajput,Baroda,82.04,96.03,100.0,0.0,64.96,63.12,96.07,0.0,allrounder_pure_bowler_cluster_4,pure_bowler,68.23,AB McDonald,Delhi Capitals,0,2,2,2,29
Sunrisers Hyderabad,allrounder,utility_player,A Badoni,Delhi,62.34,96.01,100.0,0.0,57.78,57.19,70.31,0.0,allrounder_pure_bowler_cluster_4,pure_bowler,60.4,Sikandar Raza,Punjab Kings,0,2,2,3,49
Sunrisers Hyderabad,allrounder,utility_player,Mandeep Singh,Punjab,70.8,87.15,100.0,0.0,38.05,37.5,72.98,0.0,allrounder_pure_bowler_cluster_4,pure_bowler,57.09,A Badoni,Lucknow Super Giants,0,2,2,4,71
Sunrisers Hyderabad,allrounder,utility_player,Shivam Chaudhary,Railways,60.75,94.82,100.0,0.0,53.07,58.44,44.43,0.0,allrounder_pure_bowler_cluster_4,pure_bowler,56.97,TM Dilshan,Delhi Capitals,0,2,2,5,72
Sunrisers Hyderabad,allrounder,utility_player,Dharmendrasinh Jadeja,Saurashtra,61.8,94.57,100.0,0.0,39.57,40.0,46.56,0.0,allrounder_pure_bowler_cluster_4,pure_bowler,54.16,B Lee,Punjab Kings,0,2,2,6,85
Sunrisers Hyderabad,allrounder,utility_player,AR Pandey,Railways,51.9,96.18,100.0,0.0,44.74,42.19,42.09,0.0,allrounder_pure_bowler_cluster_4,pure_bowler,52.71,R Sathish,Mumbai Indians,0,2,2,7,92
Sunrisers Hyderabad,allrounder,utility_player,L Kishan Singha,Manipur,50.34,95.06,100.0,0.0,36.25,40.94,17.5,0.0,allrounder_pure_bowler_cluster_1,pure_bowler,48.8,S Nadeem,Delhi Capitals,0,2,2,8,99
Sunrisers Hyderabad,allrounder,utility_player,KS Sharma,Uttar Pradesh,65.33,71.08,100.0,0.0,18.35,12.5,63.79,0.0,allrounder_pure_bowler_cluster_4,pure_bowler,48.19,B Lee,Punjab Kings,0,2,2,9,102
Sunrisers Hyderabad,allrounder,utility_player,Lalhruai Ralte,Mizoram,40.76,95.09,100.0,0.0,38.71,36.25,3.84,0.0,allrounder_pure_bowler_cluster_1,pure_bowler,45.3,JDS Neesham,Delhi Capitals,0,2,2,10,107
